# # polarizability field in atomic units, damped with signal_damped = signal * exp(-t/tau) where tau = 200

Timestamps (au),X Values,Y Values,Z Values
0.0,0.0,0.0,0.0
0.1,8.445771908960243e-06,-1.621491929582445e-17,3.262813565976936e-10
0.2,3.246234893369394e-05,-2.175828107674314e-17,1.2558986309626187e-09
0.3,6.306065511262426e-05,6.291754420229887e-19,2.7126098005199837e-09
0.4,9.43774519053294e-05,-2.497172212796766e-18,4.698578884744591e-09
0.5,0.00012592908229339898,-1.645040560134138e-17,7.158612559474007e-09
0.6,0.00015496120083883816,3.33994265459347e-18,1.0134865451415756e-08
0.7,0.00018337236926658373,1.5455653884635663e-17,1.3572737058166329e-08
0.8,0.00021211174846475528,7.812707825702481e-20,1.7362813069507168e-08
0.9,0.00023815865426603602,1.0339994724380378e-17,2.154159219257645e-08
1.0,0.0002622212484829776,3.414088272154847e-17,2.6084355820878596e-08
1.1,0.0002864072618610295,2.5542832918711517e-17,3.0831555109530533e-08
1.2,0.00030815428768863663,2.4042166724141146e-17,3.578501859411572e-08
1.3,0.00032677691959744537,5.181715872490743e-17,4.0975521852507836e-08
1.4,0.00034498315390501665,5.60684839382157e-17,4.6226846248314205e-08
1.5,0.000361282027380413,4.615415911980504e-17,5.147369044805365e-08
1.6,0.00037374615033242234,6.912276265690974e-17,5.680062753791189e-08
1.7,0.0003849833356972454,8.733819354370744e-17,6.20689555329037e-08
1.8,0.0003949242021864043,7.616436769434746e-17,6.713300423349175e-08
1.9,0.000400867990395981,8.778829318719216e-17,7.209693050550198e-08
2.0,0.0004046563476972085,1.1543085629202452e-16,7.691140930204766e-08
2.1,0.00040764278316540243,1.1087918854555979e-16,8.137232963168954e-08
2.2,0.0004070214985889163,1.0962355703240849e-16,8.55498394888733e-08
2.3,0.0004034034633045196,1.3848809696930345e-16,8.950748763025408e-08
2.4,0.0003992187365901915,1.4582738670769603e-16,9.303866818839609e-08
2.5,0.0003922571647778382,1.3562012785100578e-16,9.613232538061935e-08
2.6,0.0003817516544143211,1.5693362602213768e-16,9.894486961007113e-08
2.7,0.0003706024304288736,1.7632372590005217e-16,1.0133744543379241e-07
2.8,0.00035775259576663457,1.646847731332013e-16,1.0320251293457684e-07
2.9,0.00034126231032029116,1.7271886896371995e-16,1.0473030216239687e-07
3.0,0.000323787434072228,1.9902446107652943e-16,1.0590447789158589e-07
3.1,0.00030569930149534463,1.9366291160435232e-16,1.0654957746406223e-07
3.2,0.00028439022838979664,1.878042515147603e-16,1.0681469811964795e-07
3.3,0.00026162712028667565,2.1259858455970473e-16,1.0681956501715543e-07
3.4,0.0002391330209098323,2.1820308784162954e-16,1.0638476235308642e-07
3.5,0.0002143087057739372,2.032569647922916e-16,1.0555891288059882e-07
3.6,0.0001876172364159167,2.1830467485910953e-16,1.045608822971548e-07
3.7,0.00016172427848559184,2.3437803547084236e-16,1.0328107329718137e-07
3.8,0.00013471587323665428,2.1824318014857092e-16,1.0164946789665241e-07
3.9,0.00010566768860870038,2.1869786706389925e-16,9.990881319708227e-08
4.0,7.75481811008368e-05,2.397341088525375e-16,9.807151064668738e-08
4.1,4.9635295657377495e-05,2.302309283210441e-16,9.598005028176679e-08
4.2,1.9883477114249058e-05,2.1679734657326633e-16,9.381598154708219e-08
4.3,-9.14750139606057e-06,2.3456942143796513e-16,9.172103272158749e-08
4.4,-3.6779009771799175e-05,2.359172081781633e-16,8.951797208124168e-08
4.5,-6.563107373442588e-05,2.1424439608445298e-16,8.726504969928148e-08
4.6,-9.415920110362594e-05,2.2107449225377713e-16,8.519082203226357e-08
4.7,-0.00012042598796996761,2.3221373309996323e-16,8.317487248173806e-08
4.8,-0.00014693763204236615,2.1070314069988716e-16,8.113657497872891e-08
4.9,-0.00017351681255798013,2.0292346067061282e-16,7.93142663519199e-08
5.0,-0.00019742489132279926,2.1814273720238381e-16,7.76985584853749e-08
5.1,-0.00022039830190450277,2.0461065870668485e-16,7.610588750124042e-08
5.2,-0.0002436382570791706,1.8414881294241512e-16,7.470188007386995e-08
5.3,-0.00026426406563192096,1.9550055265753727e-16,7.3598451558042e-08
5.4,-0.00028278398154625665,1.937874106395701e-16,7.258159435499415e-08
5.5,-0.0003014479949688332,1.6726833958893539e-16,7.168738434990174e-08
5.6,-0.0003179299718379279,1.6790207105727613e-16,7.111164699578822e-08
5.7,-0.00033136420849531683,1.7642146819187627e-16,7.069053152308235e-08
5.8,-0.00034446310392171063,1.5253221644990365e-16,7.032024393341835e-08
5.9,-0.00035601585707389146,1.397462721536148e-16,7.021058675686239e-08
6.0,-0.00036398609256919526,1.524193517789257e-16,7.030610218511709e-08
6.1,-0.0003708538400992773,1.386688436570431e-16,7.040214348634318e-08
6.2,-0.00037680958155336826,1.1531479386032118e-16,7.064754408735881e-08
6.3,-0.00037914746983677163,1.2426309965370126e-16,7.111041814854339e-08
6.4,-0.0003794866235410143,1.2378032593771102e-16,7.155775054767743e-08
6.5,-0.0003793598391600247,9.711312525024495e-17,7.202618427257394e-08
6.6,-0.000376065219954061,9.609876057977367e-17,7.267631043624045e-08
6.7,-0.00036995600514508293,1.0653724838417757e-16,7.332474588292401e-08
6.8,-0.00036351952676806057,8.521354060791745e-17,7.388703353393865e-08
6.9,-0.0003547348768301073,7.229914916229157e-17,7.455364805910227e-08
7.0,-0.00034260875394039763,8.703484630269992e-17,7.524563622211134e-08
7.1,-0.0003299644421422036,7.792878052700584e-17,7.579207244231639e-08
7.2,-0.0003159734175117559,5.669673783658651e-17,7.634543421742614e-08
7.3,-0.0002985585849311747,6.787791419533971e-17,7.694462613702178e-08
7.4,-0.00028018493583902617,7.317347919518535e-17,7.739443108457981e-08
7.5,-0.0002614344666708506,5.100967644520574e-17,7.776252137063585e-08
7.6,-0.00023968536649143343,5.257994909072352e-17,7.817695670875274e-08
7.7,-0.00021644774082651364,6.884385874724528e-17,7.848202296757644e-08
7.8,-0.00019358477549032236,5.4157413825865565e-17,7.865042591411159e-08
7.9,-0.00016860911334159372,4.490197052347331e-17,7.884446589648108e-08
8.0,-0.00014172512713718285,6.493643092805051e-17,7.898894222264112e-08
8.1,-0.00011563292074365755,6.365343995414075e-17,7.898689232697535e-08
8.2,-8.862771532057968e-05,4.751994567437532e-17,7.897840030694668e-08
8.3,-5.958898825540747e-05,6.320596983220416e-17,7.897454691088807e-08
8.4,-3.14054313807581e-05,7.62702598952333e-17,7.88534775304588e-08
8.5,-3.608790814792263e-06,6.062524986416166e-17,7.869689582787143e-08
8.6,2.5931323450445853e-05,6.62576392314349e-17,7.857669148031703e-08
8.7,5.482870800246852e-05,8.927985055308735e-17,7.838826884192827e-08
8.8,8.216965962804646e-05,8.205403682415707e-17,7.814862063133293e-08
8.9,0.00011052647559621842,7.690189184619569e-17,7.795065074498082e-08
9.0,0.00013857794552973586,1.0202392458810343e-16,7.772950379564144e-08
9.1,0.00016422853824976278,1.0816685462790986e-16,7.745531034570392e-08
9.2,0.0001898159597660761,9.656635395483508e-17,7.720809118726776e-08
9.3,0.00021537938526398258,1.1557178754077013e-16,7.696133732864501e-08
9.4,0.0002381377938054,1.3488975136928484e-16,7.666454459444415e-08
9.5,0.00025958042158043417,1.2424046002610059e-16,7.636989682481859e-08
9.6,0.00028106378929640977,1.3188541519382657e-16,7.607296492018256e-08
9.7,0.00029979068087488526,1.591281177292559e-16,7.57212599003999e-08
9.8,0.0003160055586834215,1.568635910851334e-16,7.534316579912307e-08
9.9,0.000332014237255939,1.530704818736925e-16,7.494055565386396e-08
10.0,0.00034567932676091823,1.7990887895257588e-16,7.446297652731625e-08
10.1,0.00035592173969098146,1.9003964583841522e-16,7.392716159914588e-08
10.2,0.00036539796335926183,1.7955148653051604e-16,7.333767268402402e-08
10.3,0.0003731455476740082,1.9797766472798648e-16,7.264039832652936e-08
10.4,0.00037702062839752514,2.1950022515540705e-16,7.184709676101966e-08
10.5,0.00037935268085844006,2.0996309852171164e-16,7.097447447748065e-08
10.6,0.00038058116734074804,2.1542348068716275e-16,6.996164974227623e-08
10.7,0.00037802899507235707,2.4229394571746157e-16,6.880966725790293e-08
10.8,0.00037311231197033166,2.4056918056888397e-16,6.755999938602469e-08
10.9,0.00036755609352154647,2.336757036748763e-16,6.615489770836114e-08
11.0,0.0003588211423190066,2.5744345882113397e-16,6.457097246942454e-08
11.1,0.0003470619648752864,2.6692890079889125e-16,6.287650877045487e-08
11.2,0.0003348595842079989,2.5313648173538784e-16,6.1040363750253e-08
11.3,0.00032045522961306026,2.662614125641874e-16,5.900591431296825e-08
11.4,0.00030271766660702206,2.8518050534172245e-16,5.685178044418354e-08
11.5,0.000284449420860351,2.7231447335711464e-16,5.459945024602517e-08
11.6,0.0002651250834216678,2.7118985173915525e-16,5.2167829755856093e-08
11.7,0.0002426322196102297,2.932612283467542e-16,4.9615011656821916e-08
11.8,0.0002193136908569751,2.8816407773965174e-16,4.7026967806605416e-08
11.9,0.00019602720381123111,2.7458905580905413e-16,4.43277328347012e-08
12.0,0.00017023412269946122,2.916505310894777e-16,4.152466548203333e-08
12.1,0.00014325907310005348,2.9725373391738866e-16,3.875359563417762e-08
12.2,0.00011715159965609204,2.77508053671852e-16,3.5984103177894604e-08
12.3,8.961139914097081e-05,2.8281208352419495e-16,3.3161223229233635e-08
12.4,6.064661417185278e-05,2.9692022230353026e-16,3.042989626604604e-08
12.5,3.301353206373551e-05,2.7925170595287726e-16,2.7837229452376468e-08
12.6,5.256103479885152e-06,2.703344879891365e-16,2.528336224166686e-08
12.7,-2.3899918754674562e-05,2.8649768752099893e-16,2.2870022704568626e-08
12.8,-5.16500814584346e-05,2.7752957932041247e-16,2.0726776148686406e-08
12.9,-7.821200534641102e-05,2.572227778267322e-16,1.875143350469896e-08
13.0,-0.00010578727313766241,2.6753390126225404e-16,1.6960958070586378e-08
13.1,-0.0001321920395897687,2.6965076598101974e-16,1.5537480911012174e-08
13.2,-0.00015632282756917272,2.4497671391570555e-16,1.4426862440459682e-08
13.3,-0.00018072409272914015,2.4353215476187676e-16,1.3549777895761122e-08
13.4,-0.00020434615694411973,2.5409087316114856e-16,1.3084291166857376e-08
13.5,-0.00022501476458018126,2.3352844466366684e-16,1.305968093360908e-08
13.6,-0.0002449518544747215,2.1900149918698754e-16,1.3325550271325458e-08
13.7,-0.0002644739639898903,2.3146786723838767e-16,1.399341202880284e-08
13.8,-0.0002808573310364056,2.213826419631567e-16,1.5178959191808083e-08
13.9,-0.00029542308243255395,1.9756343203314036e-16,1.6713437427310304e-08
14.0,-0.00030974868988251775,2.043510066846725e-16,1.8597982466281125e-08
14.1,-0.0003212232289554557,2.0651031837319144e-16,2.1001628311096556e-08
14.2,-0.00032992124072213363,1.8093396200114178e-16,2.379658174206302e-08
14.3,-0.00033826685676759235,1.767427443154135e-16,2.686578378006092e-08
14.4,-0.00034440029675654823,1.877334596079257e-16,3.037408307698289e-08
14.5,-0.0003471227647227629,1.6866726068870637e-16,3.427736073954699e-08
14.6,-0.00034908690490952744,1.5293817047405165e-16,3.837169308357491e-08
14.7,-0.00034963936570441353,1.6588626421189788e-16,4.275741934436118e-08
14.8,-0.00034660639811653134,1.5911057842478897e-16,4.748443767924951e-08
14.9,-0.00034220253032826557,1.3637317321201228e-16,5.232074108103964e-08
15.0,-0.0003371399716977441,1.4387176211987592e-16,5.726157675057142e-08
15.1,-0.0003288179890454704,1.5029187392475417e-16,6.242632558377629e-08
15.2,-0.00031846457090813036,1.2829889257090931e-16,6.762008879605688e-08
15.3,-0.00030798136080909433,1.2562571813275126e-16,7.272674040250318e-08
15.4,-0.0002950001457577801,1.4110687627974293e-16,7.788649599363048e-08
15.5,-0.00027946847566743193,1.2783043834144067e-16,8.2991276011744e-08
15.6,-0.0002640105582822272,1.150953103351575e-16,8.784331015054878e-08
15.7,-0.0002470959381390461,1.322654796968268e-16,9.254976636291636e-08
15.8,-0.00022742437032966697,1.3250436354587367e-16,9.710874136285068e-08
15.9,-0.00020770182825505742,1.1450160201508774e-16,1.0129575717390463e-07
16.0,-0.00018763461518677164,1.2580298348036135e-16,1.0514529632287667e-07
16.1,-0.00016502384169809955,1.3928597564249913e-16,1.0874721941533824e-07
16.2,-0.00014200227255120306,1.237178055645111e-16,1.1191184896481033e-07
16.3,-0.00011960560437113525,1.2493712663270395e-16,1.1458877023947663e-07
16.4,-9.531268037237878e-05,1.4672200256182777e-16,1.1691947041206501e-07
16.5,-7.017658936932918e-05,1.4101284430218126e-16,1.187975756711526e-07
16.6,-4.632532619131815e-05,1.327526995857969e-16,1.201057639416104e-07
16.7,-2.1573154516902943e-05,1.5499352661071645e-16,1.2098702692582185e-07
16.8,4.339487819626158e-06,1.6296642811915658e-16,1.214397731592807e-07
16.9,2.870007168097834e-05,1.5037483335903852e-16,1.2132017169961093e-07
17.0,5.2785777398341146e-05,1.656392734527466e-16,1.207300429267718e-07
17.1,7.807210233126748e-05,1.8602339408555943e-16,1.1976276451465362e-07
17.2,0.00010191390224510407,1.7669837091407232e-16,1.1829580677750778e-07
17.3,0.0001243354687717087,1.8113257505219173e-16,1.1636763420016434e-07
17.4,0.0001476282234794827,2.0801345902349198e-16,1.1413163050395239e-07
17.5,0.0001698483101988229,2.0859028389641187e-16,1.1152528354935211e-07
17.6,0.0001897382129799397,2.032275157928478e-16,1.0852650269633432e-07
17.7,0.000209804084300835,2.2830933692830316e-16,1.0530216700301193e-07
17.8,0.0002292620297767274,2.4158801787447627e-16,1.0186731093313593e-07
17.9,0.0002458666836219148,2.318655639682777e-16,9.81622321013428e-08
18.0,0.0002616886002323916,2.4790746970924404e-16,9.43248652114957e-08
18.1,0.0002772742900946933,2.7157470419771784e-16,9.044050645244379e-08
18.2,0.0002899340260521711,2.6487045769902045e-16,8.644350337290169e-08
18.3,0.0003007670886356343,2.6852720233421053e-16,8.241632164162529e-08
18.4,0.00031149189751756065,2.9601004450426974e-16,7.848774218787752e-08
18.5,0.00031963176938510377,2.9845472342934307e-16,7.461382795149212e-08
18.6,0.00032502820211507743,2.915264499972374e-16,7.081522015574561e-08
18.7,0.00033012559456363727,3.1454573183480525e-16,6.722901988174059e-08
18.8,0.00033326779247101,3.282233269707762e-16,6.38479638492321e-08
18.9,0.00033307282610826454,3.167055939967737e-16,6.064116192608777e-08
19.0,0.0003320907593002396,3.2864980849845603e-16,5.772213921709173e-08
19.1,0.0003298924662942987,3.506978874382658e-16,5.5120657781844856e-08
19.2,0.0003242186763597988,3.421582203379759e-16,5.277327070325369e-08
19.3,0.00031708649281455366,3.406489020486165e-16,5.074877274145868e-08
19.4,0.00030939871420247527,3.642364394937643e-16,4.910380592145782e-08
19.5,0.00029858962216592336,3.6446122533044327e-16,4.7762295125609705e-08
19.6,0.00028564632789298796,3.522089770080549e-16,4.673943433849504e-08
19.7,0.0002725816327458874,3.6932290992556685e-16,4.610445109900577e-08
19.8,0.00025717553486164705,3.798456529888198e-16,4.5785522324652314e-08
19.9,0.00023915342902991726,3.634449053833815e-16,4.57449461888063e-08
20.0,0.00022114561315897234,3.681862748170998e-16,4.6050606405719994e-08
20.1,0.00020184766844393243,3.8562011211433164e-16,4.66486772408477e-08
20.2,0.00017981353565298304,3.7280510642547775e-16,4.745560682030213e-08
20.3,0.00015765127673915646,3.6389615966807204e-16,4.8525176306881045e-08
20.4,0.00013531673157873405,3.813329681948664e-16,4.9833361191303377e-08
20.5,0.00011058030825202533,3.77563035722391e-16,5.1263217406627404e-08
20.6,8.540032350323181e-05,3.58647756314304e-16,5.2841484997354884e-08
20.7,6.102585193607058e-05,3.6851657864312423e-16,5.4582849432945044e-08
20.8,3.503035881182027e-05,3.7488221200268555e-16,5.635624057857752e-08
20.9,8.262731843847991e-06,3.532496233244991e-16,5.8148136473521364e-08
21.0,-1.702207226543358e-05,3.5059562189068804e-16,6.001375906634532e-08
21.1,-4.281090915991277e-05,3.6337535895035952e-16,6.183468689887714e-08
21.2,-6.95432530534633e-05,3.468547679348854e-16,6.354744240039505e-08
21.3,-9.449470681509664e-05,3.3145479884376254e-16,6.523732177175288e-08
21.4,-0.00011868669676559502,3.4375977431615283e-16,6.682928276512084e-08
21.5,-0.00014370301144472022,3.3758525928215447e-16,6.821074933201539e-08
21.6,-0.00016700219379173507,3.140853433609995e-16,6.947265325675406e-08
21.7,-0.0001883581773099067,3.1879530962838713e-16,7.060905733135893e-08
21.8,-0.00021007074538665163,3.2340584590256463e-16,7.147575510429519e-08
21.9,-0.00023038800217375723,2.9949797963243426e-16,7.213629611887175e-08
22.0,-0.0002478695091085719,2.9251334731467634e-16,7.266315548490417e-08
22.1,-0.00026492806595522104,3.03800635615312e-16,7.291450440096908e-08
22.2,-0.0002810123434701342,2.872883431789879e-16,7.289697852643331e-08
22.3,-0.0002938082086973482,2.6928428262201743e-16,7.274652227156673e-08
22.4,-0.00030521662639716263,2.8016343815976823e-16,7.236540074353809e-08
22.5,-0.00031600151843590423,2.7556432381048867e-16,7.169104126222854e-08
22.6,-0.0003235385702378351,2.5179717001204496e-16,7.088494013287492e-08
22.7,-0.00032872771429638404,2.5550444463054542e-16,6.992764862658472e-08
22.8,-0.000333439856059921,2.6257203528647797e-16,6.870058918577666e-08
22.9,-0.0003353863424919935,2.4096499463519153e-16,6.734169079518678e-08
23.0,-0.00033423531504628604,2.340515936396952e-16,6.592153479559421e-08
23.1,-0.0003324872388715569,2.4796808224842113e-16,6.430175301191904e-08
23.2,-0.000328756225519776,2.3577172238267313e-16,6.255443919919945e-08
23.3,-0.00032156369385098684,2.1950334841190896e-16,6.08224754205718e-08
23.4,-0.00031341356940807344,2.32963801155077e-16,5.899373969167675e-08
23.5,-0.00030416973933242777,2.3402677110302813e-16,5.705534555375012e-08
23.6,-0.00029158560840569103,2.142053521798934e-16,5.518033247193734e-08
23.7,-0.00027755061816238825,2.2069831145730377e-16,5.332050749940816e-08
23.8,-0.0002632189867354196,2.337378937431564e-16,5.1388863366050844e-08
23.9,-0.00024615248077871076,2.180273917810493e-16,4.953741065696726e-08
24.0,-0.00022717015225979013,2.144647086906885e-16,4.779650146325016e-08
24.1,-0.0002084407284248277,2.338698383842183e-16,4.604030524373746e-08
24.2,-0.0001879628755475536,2.289189889311994e-16,4.435835196906926e-08
24.3,-0.0001653039185214529,2.1711529013735767e-16,4.284646367115555e-08
24.4,-0.0001431237266973572,2.352477841770854e-16,4.1384757784627055e-08
24.5,-0.00012038011858414626,2.4379123505014196e-16,3.998242704347017e-08
24.6,-9.552516903528343e-05,2.2960320707226506e-16,3.8766916099141804e-08
24.7,-7.10692062491212e-05,2.399846104703003e-16,3.766146344797963e-08
24.8,-4.721351940029821e-05,2.597090770061578e-16,3.6604138675691595e-08
24.9,-2.1712682486896904e-05,2.5055383491173317e-16,3.5713695883632794e-08
25.0,3.671528598351569e-06,2.5051752496790197e-16,3.497438370398141e-08
25.1,2.751988733256333e-05,2.749438682529898e-16,3.428242439936337e-08
25.2,5.218315045559024e-05,2.766008270860055e-16,3.371575836968084e-08
25.3,7.705740877828534e-05,2.6835558518918215e-16,3.3315819904757386e-08
25.4,9.983516394924758e-05,2.8964533633133544e-16,3.2973479674568546e-08
25.5,0.0001223560460228399,3.0392461244582727e-16,3.271084042486618e-08
25.6,0.00014529343679110958,2.9356467210917945e-16,3.260682844708169e-08
25.7,0.0001660035701126785,3.0551208759784363e-16,3.257824756431378e-08
25.8,0.000185329865417846,3.2918385946552514e-16,3.259440029604501e-08
25.9,0.0002050249804811228,3.2388623878733073e-16,3.2745724778680756e-08
26.0,0.0002227459462869687,3.2439124153810044e-16,3.299363036982858e-08
26.1,0.00023810844232590773,3.503924947545775e-16,3.327053349739381e-08
26.2,0.00025348064080627007,3.552788614136911e-16,3.365459505310657e-08
26.3,0.00026738415255723243,3.471925229025987e-16,3.4156482068512796e-08
26.4,0.00027828714434368436,3.677324420432182e-16,3.46932194189827e-08
26.5,0.0002885615203042101,3.8372994378001807e-16,3.5313748122384184e-08
26.6,0.00029794416683154437,3.733518426894451e-16,3.6071251094622345e-08
26.7,0.00030412755221768506,3.826832184095885e-16,3.688846034504866e-08
26.8,0.00030888161340224306,4.0587658037691436e-16,3.7776030351618706e-08
26.9,0.0003132097271886013,4.003125739093832e-16,3.881528226388343e-08
27.0,0.00031459878689892826,3.9724424661372956e-16,3.9951982497015965e-08
27.1,0.0003137689903018502,4.2042767203284947e-16,4.115671165078594e-08
27.2,0.00031273039078695536,4.243087828788847e-16,4.251992806028011e-08
27.3,0.00030938989365821386,4.12297227355927e-16,4.4022453523961205e-08
27.4,0.00030323975310928464,4.277859840562059e-16,4.5599771939678474e-08
27.5,0.0002967918298732543,4.413419327443335e-16,4.73301796650279e-08
27.6,0.00028889755078682656,4.271898994594507e-16,4.923507630663064e-08
27.7,0.0002779562580362196,4.3011382482039516e-16,5.122655538634634e-08
27.8,0.00026635848619253584,4.490204565375295e-16,5.334986913755125e-08
27.9,0.00025419257582542796,4.3979553874414713e-16,5.566446927358528e-08
28.0,0.0002391782324439109,4.299135835016248e-16,5.8076921047218675e-08
28.1,0.00022299902308707724,4.470162491694737e-16,6.058288763850067e-08
28.2,0.00020696764386546744,4.471247985651805e-16,6.326802985439601e-08
28.3,0.00018871103786341733,4.2893339865517875e-16,6.605499480531727e-08
28.4,0.0001688033788147157,4.371890775170138e-16,6.888241593045544e-08
28.5,0.00014946764014503255,4.464416147372287e-16,7.184140204484178e-08
28.6,0.00012885056921562625,4.272674965788764e-16,7.489137169026408e-08
28.7,0.00010629705138310716,4.2271251666852716e-16,7.79196060356238e-08
28.8,8.440336848525746e-05,4.3642845492271313e-16,8.09962361286316e-08
28.9,6.232028734016756e-05,4.2326524115758937e-16,8.413115120395564e-08
29.0,3.835427972064592e-05,4.066773683073771e-16,8.718039491010294e-08
29.1,1.4849043452547707e-05,4.1781618948056384e-16,9.016720524761226e-08
29.2,-7.806407093401123e-06,4.147114718397247e-16,9.315311833833086e-08
29.3,-3.189203237902838e-05,3.9144173406783737e-16,9.599472268956836e-08
29.4,-5.5875864226183865e-05,3.935944240287844e-16,9.865081088923193e-08
29.5,-7.820529636123772e-05,3.999077846545217e-16,1.0122042127438156e-07
29.6,-0.00010114852882534422,3.7766403831443525e-16,1.0359712648332301e-07
29.7,-0.0001243393039330334,3.677831708456572e-16,1.0567338595231753e-07
29.8,-0.0001454265595821052,3.785646427012542e-16,1.0755789641570766e-07
29.9,-0.00016607351323066744,3.6426475408004694e-16,1.0921234721704472e-07
30.0,-0.00018714178688804115,3.440625466417499e-16,1.1048073870102531e-07
30.1,-0.0002060465734889016,3.5228291702723146e-16,1.1144650005730653e-07
30.2,-0.00022340738579511294,3.4935274833089175e-16,1.1215494368820714e-07
30.3,-0.00024107067100168374,3.2481165124353977e-16,1.1243782182377651e-07
30.4,-0.00025684165163348144,3.245920029390946e-16,1.123219004330122e-07
30.5,-0.0002701223678237643,3.318029479849954e-16,1.119287150809554e-07
30.6,-0.0002832587173466361,3.1076367014817063e-16,1.1112431084645973e-07
30.7,-0.0002949738913656022,2.9983390709904263e-16,1.0986272114581436e-07
30.8,-0.0003035874684249162,3.1180288674620424e-16,1.0831052191968421e-07
30.9,-0.0003113403053706636,3.008099883391924e-16,1.0641143424715838e-07
31.0,-0.0003181750773850476,2.8159476503310236e-16,1.040546873341266e-07
31.1,-0.0003217390630248331,2.9121555262957996e-16,1.0140443154820712e-07
31.2,-0.0003235969236106556,2.928431280343369e-16,9.850694806777229e-08
31.3,-0.00032491213323168074,2.7156583168841566e-16,9.5219831539429e-08
31.4,-0.0003232424675898968,2.7315506905536957e-16,9.165590281057899e-08
31.5,-0.00031908200943960957,2.8515625209550454e-16,8.79589014857256e-08
31.6,-0.00031451738244016796,2.6932381209119774e-16,8.400452527562795e-08
31.7,-0.00030762665439277063,2.610328754587766e-16,7.982162730057903e-08
31.8,-0.0002977142382179783,2.773608865609982e-16,7.561429200278126e-08
31.9,-0.0002872689461351823,2.7277903055063166e-16,7.132554821826876e-08
32.0,-0.00027537364745438897,2.5751684970574435e-16,6.689745236386035e-08
32.1,-0.00026032834448097054,2.709716533412085e-16,6.253548827380402e-08
32.2,-0.00024441065214523823,2.7939678362773415e-16,5.827907515554288e-08
32.3,-0.0002279465831128654,2.6359700975193744e-16,5.401323170690878e-08
32.4,-0.00020867384685264106,2.687328772723886e-16,4.9884078046196036e-08
32.5,-0.00018810626194443666,2.8689750885786336e-16,4.602250296896834e-08
32.6,-0.00016774578596763685,2.776949023018685e-16,4.230806825393844e-08
32.7,-0.0001453548638599599,2.7318309716701508e-16,3.878745620194424e-08
32.8,-0.00012132887821048498,2.944933909129266e-16,3.564314069688419e-08
32.9,-9.798979999559558e-05,2.968804655366137e-16,3.2801808659025756e-08
33.0,-7.370854526261974e-05,2.8590985549184203e-16,3.020655412313031e-08
33.1,-4.76923049695112e-05,3.0286990668989354e-16,2.8030422380337794e-08
33.2,-2.2526999866407183e-05,3.1741181968482057e-16,2.6278549396753576e-08
33.3,2.3747883718142883e-06,3.063782716027648e-16,2.4823043578555055e-08
33.4,2.8763771322513427e-05,3.138472251326808e-16,2.3768847721381228e-08
33.5,5.440817071107556e-05,3.364811792085159e-16,2.3196226897619814e-08
33.6,7.868049233227788e-05,3.321451639654647e-16,2.2961103374942134e-08
33.7,0.00010381910562171349,3.293231030735107e-16,2.3066997622936243e-08
33.8,0.00012847346501295473,3.529841409979224e-16,2.3633332435483425e-08
33.9,0.00015093209061791554,3.5964297656636366e-16,2.455339312596845e-08
34.0,0.0001733307943775995,3.502177556204784e-16,2.5733456586329543e-08
34.1,0.00019550658125996135,3.6744342230032494e-16,2.728002221893044e-08
34.2,0.00021506715658207732,3.8467801450953977e-16,2.91546036569726e-08
34.3,0.00023348517906229664,3.7505922524849465e-16,3.120380551688283e-08
34.4,0.00025179649187423507,3.8120706010878867e-16,3.347615467562814e-08
34.5,0.0002675034072382845,4.0435176191588043e-16,3.5999905255112636e-08
34.6,0.00028102605094107794,4.010893964259078e-16,3.861519557791755e-08
34.7,0.0002943149000991587,3.9603234022491447e-16,4.129313639295106e-08
34.8,0.0003053715803371634,4.1770332805501897e-16,4.410065011204042e-08
34.9,0.0003134436464853958,4.243333709587379e-16,4.691789692694207e-08
35.0,0.00032088964349229573,4.1234282501213864e-16,4.965030247444368e-08
35.1,0.00032669433873930027,4.2553425491978695e-16,5.236576515773683e-08
35.2,0.0003291121917798356,4.4121286830605226e-16,5.500802878408834e-08
35.3,0.00033030903279617955,4.2914468378793973e-16,5.7450854276013616e-08
35.4,0.0003304958547282273,4.3000306044976444e-16,5.973441670372679e-08
35.5,0.00032736783475669943,4.495705975335346e-16,6.186332245410482e-08
35.6,0.00032235400554821733,4.4369274321410585e-16,6.371856697829971e-08
35.7,0.00031683419326819756,4.329511883638261e-16,6.530373373404301e-08
35.8,0.00030852341236145905,4.491221640124872e-16,6.666426338787645e-08
35.9,0.00029776239441154815,4.52587793061523e-16,6.771587541955442e-08
36.0,0.00028675708213500995,4.3530309588306177e-16,6.843525627375133e-08
36.1,0.0002738213232901472,4.416445201617302e-16,6.888584581593254e-08
36.2,0.0002581355618626167,4.5309014696235e-16,6.902685898080509e-08
36.3,0.00024218986663643118,4.363886297682582e-16,6.88257315378657e-08
36.4,0.00022533046116285382,4.2995167389878204e-16,6.834953842479689e-08
36.5,0.00020580148763075793,4.440519458171383e-16,6.759471718734136e-08
36.6,0.00018577115536288314,4.342156131602601e-16,6.65325955217859e-08
36.7,0.00016579731204835563,4.1686400847266333e-16,6.523040225108453e-08
36.8,0.00014364989243207245,4.2666930287111194e-16,6.37108409860867e-08
36.9,0.00012065587950139936,4.2654643711140796e-16,6.195111734621058e-08
37.0,9.846452232198311e-05,4.041267548089215e-16,6.001990700942587e-08
37.1,7.495433460363693e-05,4.039223380021788e-16,5.7960072338822973e-08
37.2,5.030665843370304e-05,4.117087463847475e-16,5.574794466910233e-08
37.3,2.687212249559194e-05,3.915981583534256e-16,5.345059710086149e-08
37.4,3.193942342478955e-06,3.793554453004914e-16,5.113249088893187e-08
37.5,-2.1707520386622808e-05,3.8951689189412873e-16,4.8762557858680516e-08
37.6,-4.534311646329686e-05,3.777470912079736e-16,4.6393684634872334e-08
37.7,-6.811575785566538e-05,3.56133062529524e-16,4.411561436715491e-08
37.8,-9.189070515387095e-05,3.6181866531493085e-16,4.1892675142646214e-08
37.9,-0.00011463609905935445,3.606121438603056e-16,3.974426532917225e-08
38.0,-0.00013557686327766777,3.359821031770004e-16,3.778207516644976e-08
38.1,-0.0001569688233473845,3.3210722086020513e-16,3.598085755649436e-08
38.2,-0.00017771839638396137,3.391743695962558e-16,3.431033399742955e-08
38.3,-0.00019604491820540923,3.1900600614431267e-16,3.288707118368123e-08
38.4,-0.00021400562432666222,3.043499038308068e-16,3.171775020670591e-08
38.5,-0.00023169262229725594,3.138457277397026e-16,3.072071038461423e-08
38.6,-0.0002467456883261323,3.037587964959529e-16,2.9987625463317274e-08
38.7,-0.0002604888194476186,2.8176723938061175e-16,2.9573218673547473e-08
38.8,-0.00027415349767194664,2.8707102782716903e-16,2.93634409169182e-08
38.9,-0.00028537327246519717,2.8864628614926473e-16,2.939229797988933e-08
39.0,-0.000294393125205939,2.6599632121091614e-16,2.9761490900770572e-08
39.1,-0.00030325714090754754,2.624796972282417e-16,3.0360960931081006e-08
39.2,-0.00031017027190427445,2.727049042432067e-16,3.11457194321381e-08
39.3,-0.0003142281422574168,2.5664418020052504e-16,3.2241071638380373e-08
39.4,-0.00031776336857162405,2.436883999654554e-16,3.3582125658739197e-08
39.5,-0.0003199903884208281,2.563198851332844e-16,3.504752020903346e-08
39.6,-0.000319077821032381,2.5179205941328714e-16,3.6745613634841244e-08
39.7,-0.00031705747558631196,2.3329997584568396e-16,3.868565611717175e-08
39.8,-0.0003143430837962947,2.4165777720958946e-16,4.070056829284137e-08
39.9,-0.0003086351468312853,2.492597040326608e-16,4.2838383563207323e-08
40.0,-0.0003011578112340828,2.318467965690383e-16,4.5185189528371345e-08
40.1,-0.000293419098113892,2.315213507906474e-16,4.757940262701085e-08
40.2,-0.0002832314860356372,2.473325121997096e-16,4.9980693745380385e-08
40.3,-0.00027071356966560956,2.3779984538336724e-16,5.2523829384517385e-08
40.4,-0.000258094928195105,2.2868090111190717e-16,5.51072077346956e-08
40.5,-0.00024385582973071915,2.459648553942414e-16,5.7603773099532176e-08
40.6,-0.00022699404524487984,2.4830081183384795e-16,6.01459780445936e-08
40.7,-0.00020991396944622194,2.344270072380585e-16,6.272900007122138e-08
40.8,-0.00019215598381044083,2.4637031270464905e-16,6.517412530345694e-08
40.9,-0.00017186694212527963,2.6020150945218757e-16,6.755620362911582e-08
41.0,-0.00015104201188137245,2.4817717405223114e-16,6.997010386262615e-08
41.1,-0.00013041238023414256,2.5071415491796584e-16,7.224413943255573e-08
41.2,-0.0001077601085236787,2.712608784754353e-16,7.435834672904723e-08
41.3,-8.419519585173586e-05,2.672876817470586e-16,7.647220796380804e-08
41.4,-6.147602651930564e-05,2.6072247814666727e-16,7.848248890317353e-08
41.5,-3.759918827848858e-05,2.808329861230371e-16,8.027234246784769e-08
41.6,-1.2539398630075024e-05,2.881379229688246e-16,8.200386561767122e-08
41.7,1.1334883894658475e-05,2.769407160657698e-16,8.368210539147965e-08
41.8,3.52861890074198e-05,2.900003969854647e-16,8.513029572072307e-08
41.9,6.043864097130175e-05,3.073212992786274e-16,8.644731640271362e-08
42.0,8.438049241067619e-05,2.9803526479761317e-16,8.774700782770991e-08
42.1,0.00010729265035195925,3.0048455307781086e-16,8.885638892959782e-08
42.2,0.00013108633706885136,3.224523358612799e-16,8.976786852635655e-08
42.3,0.00015388215456980104,3.2087970069913804e-16,9.066249586708157e-08
42.4,0.00017471024451107703,3.136674591871248e-16,9.143692421703829e-08
42.5,0.00019576202150910023,3.330125758517189e-16,9.197500043646644e-08
42.6,0.00021613241160191386,3.41637240781069e-16,9.245602101748633e-08
42.7,0.0002339211368982264,3.2957623620454175e-16,9.288720449435974e-08
42.8,0.0002510264613415965,3.3993049098377847e-16,9.308502122225353e-08
42.9,0.00026771727938849384,3.5679519216014953e-16,9.31577393142091e-08
43.0,0.000281618180964002,3.4653922654693636e-16,9.322147768813935e-08
43.1,0.00029383939916076353,3.450869120012678e-16,9.309363343809057e-08
43.2,0.0003057332712295505,3.6446509255692083e-16,9.276998744240664e-08
43.3,0.00031502626322020636,3.615143037548493e-16,9.243142883909747e-08
43.4,0.0003217488754257008,3.499923976711701e-16,9.19637064664784e-08
43.5,0.00032798086573502123,3.6471745470549703e-16,9.125325504090252e-08
43.6,0.00033210579975314795,3.71068769413086e-16,9.047760032708054e-08
43.7,0.0003330592469181568,3.5493971623117325e-16,8.962988531980231e-08
43.8,0.0003331175817642006,3.5934168578810905e-16,8.853263701950609e-08
43.9,0.00033171699746521293,3.726105179097238e-16,8.729662946986358e-08
44.0,0.000326963118640173,3.5876586716787246e-16,8.601843219162833e-08
44.1,0.00032075715719347695,3.509949029877089e-16,8.452406233005779e-08
44.2,0.00031372584060322656,3.653850873231017e-16,8.282479171222168e-08
44.3,0.00030362328026550096,3.5914542644193293e-16,8.10783059294215e-08
44.4,0.00029150603697551377,3.417985138941618e-16,7.917471372303959e-08
44.5,0.00027903803057510805,3.5040585819505717e-16,7.703491326302602e-08
44.6,0.0002641934364614281,3.533081927203079e-16,7.481809728473657e-08
44.7,0.0002469338228893189,3.324970568282422e-16,7.25085486590687e-08
44.8,0.00022955457878454045,3.3044185216528135e-16,6.997984480402043e-08
44.9,0.0002107710310867791,3.397757681834813e-16,6.734253109612108e-08
45.0,0.00018947987855133798,3.2252147625131133e-16,6.466643360414854e-08
45.1,0.0001680513176658965,3.0881483365106274e-16,6.183260304999953e-08
45.2,0.0001462814549029386,3.186284772918277e-16,5.888166205548368e-08
45.3,0.00012230335925915428,3.09989590289372e-16,5.593142351078659e-08
45.4,9.799295336284165e-05,2.8817245998140463e-16,5.29121583465571e-08
45.5,7.429974457271303e-05,2.920164410948583e-16,4.980573155176171e-08
45.6,4.9088128839155776e-05,2.9310643590981083e-16,4.673261989382178e-08
45.7,2.329918274693049e-05,2.696925261065392e-16,4.368567540158592e-08
45.8,-1.1773646178185172e-06,2.632858449035472e-16,4.061944143331053e-08
45.9,-2.6182927624103288e-05,2.708931571481631e-16,3.762479966563692e-08
46.0,-5.191514066907354e-05,2.529572687102028e-16,3.4742540949729685e-08
46.1,-7.599047514914001e-05,2.362683687680292e-16,3.1931775251386225e-08
46.2,-9.946790970598086e-05,2.443991008606133e-16,2.9244850485477906e-08
46.3,-0.000123602322477841,2.365938784679996e-16,2.6741510488265427e-08
46.4,-0.0001460853844593834,2.137668235437937e-16,2.4401570360233836e-08
46.5,-0.0001669034554424899,2.1620431807141172e-16,2.2249344347650075e-08
46.6,-0.00018802467270071896,2.1897531605462518e-16,2.0338068451601014e-08
46.7,-0.00020776643757066304,1.9687803129435195e-16,1.8664177661645484e-08
46.8,-0.00022502383214244176,1.8999884258755239e-16,1.7240294956186763e-08
46.9,-0.00024195998509122472,1.996192705639413e-16,1.6103092523062196e-08
47.0,-0.00025791391681885713,1.8500219835985898e-16,1.5249352678770983e-08
47.1,-0.0002709474659834256,1.6931351398956174e-16,1.4688198265479514e-08
47.2,-0.00028285751525902785,1.794851303846885e-16,1.4445287797927301e-08
47.3,-0.0002941485942925149,1.763393319510988e-16,1.4503585765178001e-08
47.4,-0.0003025197412902897,1.5650203251701399e-16,1.4862828365204724e-08
47.5,-0.0003089387585354303,1.6117828961791613e-16,1.5548932236809048e-08
47.6,-0.00031493320116226744,1.691064235173253e-16,1.6530289067142554e-08
47.7,-0.0003184046506327777,1.5185981227753067e-16,1.778245177187505e-08
47.8,-0.00031924341949853853,1.4770459911273372e-16,1.933586397828687e-08
47.9,-0.0003196082105094962,1.6215892726299547e-16,2.1158579898051534e-08
48.0,-0.0003181221737976103,1.537188794978767e-16,2.3190722060606435e-08
48.1,-0.00031362587927399557,1.417331369996281e-16,2.5457373860190602e-08
48.2,-0.0003083667781336204,1.5609847249782177e-16,2.7946664669613225e-08
48.3,-0.0003020327430838243,1.5959047738684918e-16,3.056735056511555e-08
48.4,-0.0002927106883108719,1.4458769944795659e-16,3.331821183090439e-08
48.5,-0.0002821797760049042,1.5280103237660805e-16,3.622026661773021e-08
48.6,-0.0002712743727770746,1.6686051313256165e-16,3.917388323857954e-08
48.7,-0.0002578169930947429,1.554733079343531e-16,4.21314361262065e-08
48.8,-0.0002426856857149646,1.5468140159323811e-16,4.51414746599179e-08
48.9,-0.00022766151665526768,1.741105476189893e-16,4.813048535270801e-08
49.0,-0.00021086153941811801,1.7189701127613436e-16,5.099933334312439e-08
49.1,-0.0001920612272615004,1.633591371656452e-16,5.379956521068796e-08
49.2,-0.00017355703085905863,1.810694302738571e-16,5.65146044733898e-08
49.3,-0.00015424842913573747,1.9018741844922256e-16,5.901214489772339e-08
49.4,-0.00013288703146177038,1.7896640070950427e-16,6.131289908293458e-08
49.5,-0.00011172944636402037,1.8917319407665534e-16,6.346869911833662e-08
49.6,-9.075171545077241e-05,2.0740985474953652e-16,6.535333742378604e-08
49.7,-6.80189694952799e-05,1.998453995724426e-16,6.692996573671999e-08
49.8,-4.52069872410708e-05,2.0000069563550235e-16,6.8302715646437e-08
49.9,-2.3394771588635422e-05,2.215464494691098e-16,6.939823091465947e-08
50.0,-4.708568854339388e-07,2.227604534677897e-16,7.011770134159257e-08
50.1,2.2862441479707537e-05,2.1486148588964748e-16,7.057762686663374e-08
50.2,4.467138672675148e-05,2.3270370022124027e-16,7.079263580706415e-08
50.3,6.669073675441485e-05,2.441054417949196e-16,7.062642983417825e-08
50.4,8.933931429273595e-05,2.3339478354455765e-16,7.015903749840533e-08
50.5,0.00011028972893819919,2.420208196408963e-16,6.950005141993987e-08
50.6,0.00013044284751645888,2.607380470731288e-16,6.852302814225354e-08
50.7,0.0001512062558776832,2.535821437372469e-16,6.723400625143454e-08
50.8,0.0001704180257048855,2.5120040373092736e-16,6.580990909474975e-08
50.9,0.00018789913718235402,2.7107673218958206e-16,6.418729806360603e-08
51.0,0.00020566849675504465,2.7201929777814955e-16,6.22891087046077e-08
51.1,0.0002222477614435883,2.6110761339224813e-16,6.030464096978785e-08
51.2,0.00023640509021044935,2.751719803105531e-16,5.827068765148499e-08
51.3,0.00025024427458892955,2.8502178560183916e-16,5.605268898027565e-08
51.4,0.00026331924993140666,2.712829614199284e-16,5.378918489106014e-08
51.5,0.00027363882596142316,2.746678032913661e-16,5.1621038790709096e-08
51.6,0.0002828491911267616,2.9014550801611536e-16,4.940853502512698e-08
51.7,0.0002916300217622722,2.800341998430806e-16,4.719204025894607e-08
51.8,0.00029771731501698767,2.719068750474294e-16,4.518156421267064e-08
51.9,0.0003018775489967591,2.8687842887765157e-16,4.329133476946215e-08
52.0,0.0003057325006851659,2.8474203056503656e-16,4.145093303290827e-08
52.1,0.00030730342831048835,2.684219749478964e-16,3.987593884328745e-08
52.2,0.0003062811506793131,2.763169234724409e-16,3.857605887322797e-08
52.3,0.00030481609866506615,2.8254054118900676e-16,3.739822023424977e-08
52.4,0.00030170517715107136,2.6423765167810644e-16,3.649393029986096e-08
52.5,0.00029564248963729787,2.609804988035179e-16,3.597388678262145e-08
52.6,0.00028876826653910574,2.719530979099724e-16,3.5660749396122694e-08
52.7,0.0002809556543444841,2.58187485213037e-16,3.559268703597579e-08
52.8,0.0002702355220579486,2.4386148614822295e-16,3.594662175096625e-08
52.9,0.00025820883475166027,2.5347341531175515e-16,3.658642248590639e-08
53.0,0.000245861242699397,2.4822189520256304e-16,3.742726710664221e-08
53.1,0.00023106421462837463,2.2689932939020694e-16,3.864990852694656e-08
53.2,0.0002144922516876847,2.2908409257148886e-16,4.0205660082694755e-08
53.3,0.0001980069206873493,2.3239899776813715e-16,4.192021430499697e-08
53.4,0.00017986767952759178,2.1079419451222776e-16,4.391287301304303e-08
53.5,0.0001596731640332687,2.0228277879517417e-16,4.623128191061991e-08
53.6,0.00013971084721521959,2.1020858875537153e-16,4.8674295249409084e-08
53.7,0.00011908152430131209,1.9467740441789437e-16,5.1257866785151213e-08
53.8,9.64322715796763e-05,1.7635275823044686e-16,5.409565993173984e-08
53.9,7.392534926720393e-05,1.828614717847573e-16,5.70259152124809e-08
54.0,5.1748241372077795e-05,1.771644657386938e-16,5.995894101936047e-08
54.1,2.796158760181074e-05,1.5392912206700796e-16,6.301993756062182e-08
54.2,4.0872005984398975e-06,1.5344852145855676e-16,6.613057935533863e-08
54.3,-1.8625258017522074e-05,1.5707040021296302e-16,6.91319215675324e-08
54.4,-4.218886696050286e-05,1.3581434705073485e-16,7.210673069558926e-08
54.5,-6.60742121961986e-05,1.257404513871013e-16,7.506738169378307e-08
54.6,-8.825824052112403e-05,1.3427706162763523e-16,7.784363849074519e-08
54.7,-0.00011029744319362906,1.2099824591260142e-16,8.044508167521927e-08
54.8,-0.00013275741563431736,1.0276091343574137e-16,8.294757409931268e-08
54.9,-0.00015332325622158022,1.0993799576159967e-16,8.522435369001014e-08
55.0,-0.00017268107774388598,1.0762869965221959e-16,8.721472689825528e-08
55.1,-0.00019232134483492777,8.644571831641966e-17,8.901305303718636e-08
55.2,-0.00021019214505193346,8.695713734834398e-17,9.056690455352366e-08
55.3,-0.00022591650484370533,9.431577146529594e-17,9.177631625238633e-08
55.4,-0.00024151166904755713,7.692737522067573e-17,9.271325538234058e-08
55.5,-0.00025567934684902636,6.858545618254527e-17,9.339887730296353e-08
55.6,-0.000267056736445706,8.067821601088915e-17,9.373571906007163e-08
55.7,-0.0002776633370471609,7.268218163399155e-17,9.375276113544642e-08
55.8,-0.0002872596980741173,5.751787861451905e-17,9.351951031299777e-08
55.9,-0.00029382546164345876,6.796668980206972e-17,9.297414594425996e-08
56.0,-0.0002988640013149451,7.15358519859007e-17,9.210602830804692e-08
56.1,-0.0003032397556835365,5.4926255218263227e-17,9.099955392184962e-08
56.2,-0.00030477216742165746,5.856262275241961e-17,8.964121688878221e-08
56.3,-0.0003040665896291734,7.152646895187464e-17,8.79996071681805e-08
56.4,-0.00030286640375170427,5.995662113446257e-17,8.614820907333956e-08
56.5,-0.000299372992875778,5.500261783600417e-17,8.411428978276198e-08
56.6,-0.000293143745728438,7.184993495624954e-17,8.186599555578908e-08
56.7,-0.0002863633653032347,7.027024735346542e-17,7.945543943764475e-08
56.8,-0.00027806658844564225,5.91435011459288e-17,7.693278052081019e-08
56.9,-0.0002668816515706404,7.327926075193705e-17,7.427663074739046e-08
57.0,-0.00025489420231608964,8.290892074152847e-17,7.151989034698393e-08
57.1,-0.0002422202016416615,7.097795150171787e-17,6.871965189604636e-08
57.2,-0.0002269154251045783,7.734937969544164e-17,6.586420345897001e-08
57.3,-0.0002104582296072075,9.510890771372506e-17,6.297291871296699e-08
57.4,-0.00019402816215507464,8.849265022970774e-17,6.010296906809989e-08
57.5,-0.0001756125047909278,8.573257203407047e-17,5.724587116074607e-08
57.6,-0.00015573235103259224,1.055788774876361e-16,5.440833891864282e-08
57.7,-0.00013635196218334387,1.085087870311317e-16,5.1648633775247534e-08
57.8,-0.00011591392699894703,9.933501716592915e-17,4.895850438705816e-08
57.9,-9.387627620019177e-05,1.145545747923873e-16,4.6326044831954326e-08
58.0,-7.251720116455712e-05,1.274381423970469e-16,4.3812117171459383e-08
58.1,-5.1145995455280014e-05,1.1741590499466995e-16,4.1414662278121576e-08
58.2,-2.8320428939489335e-05,1.23406696277983e-16,3.9095685916987834e-08
58.3,-6.086857801486516e-06,1.4258482128395387e-16,3.6913039573308067e-08
58.4,1.5183589734691763e-05,1.3767132529283474e-16,3.488388046876514e-08
58.5,3.7444885727187994e-05,1.3369532691457226e-16,3.2943836486771234e-08
58.6,5.936799371469709e-05,1.5281780708656375e-16,3.1132853822959776e-08
58.7,7.959061380133589e-05,1.566787360848554e-16,2.949907836184261e-08
58.8,0.00010006340683742664,1.4602754237422318e-16,2.7964667761855975e-08
58.9,0.00012048004513980301,1.5864574524441115e-16,2.653278127943223e-08
59.0,0.00013880639107472764,1.7109003849850705e-16,2.5283424066030753e-08
59.1,0.00015647864173177337,1.595693609438195e-16,2.4150199007569518e-08
59.2,0.00017426392920342446,1.6167618499537968e-16,2.3086769536000063e-08
59.3,0.00018994491933786798,1.7863762811364012e-16,2.2189844655524044e-08
59.4,0.00020406501085800614,1.7210849195118412e-16,2.143270200462901e-08
59.5,0.00021825007281974518,1.637657918111563e-16,2.072234637413789e-08
59.6,0.00023063588568222776,1.7888902009804398e-16,2.014394879693206e-08
59.7,0.0002407226595921309,1.8065095897343308e-16,1.9729595011847343e-08
59.8,0.00025057014819102345,1.6580538288982601e-16,1.9361262212830165e-08
59.9,0.0002591178119822482,1.7307625220051224e-16,1.9081466968846764e-08
60.0,0.000264937852311415,1.8251464375030513e-16,1.8980965771220307e-08
60.1,0.0002699963915945356,1.673524319623218e-16,1.8951861034233867e-08
60.2,0.0002742895641724455,1.635226903816755e-16,1.8973093570480803e-08
60.3,0.000275813191115997,1.7629354916743248e-16,1.91717361691083e-08
60.4,0.000275942144980413,1.6667224315456983e-16,1.9486592952185063e-08
60.5,0.00027572230786166054,1.5279270419336517e-16,1.9832403668104574e-08
60.6,0.0002730728127395206,1.6279268459881787e-16,2.0334058914520344e-08
60.7,0.0002684340109954104,1.6171968014249794e-16,2.1000961084334327e-08
60.8,0.0002636372651535686,1.423880072699452e-16,2.170586679602802e-08
60.9,0.0002570474139721947,1.4406157056331177e-16,2.252989181272695e-08
61.0,0.0002480666353218588,1.5050986614543637e-16,2.3553912067666983e-08
61.1,0.00023885685006697793,1.32303395162503e-16,2.464730952086457e-08
61.2,0.0002286428300537263,1.2333170507063366e-16,2.5817898347637847e-08
61.3,0.00021594946376379687,1.3276506473250837e-16,2.7193612791782038e-08
61.4,0.00020273760958056407,1.213314733559665e-16,2.86821825563443e-08
61.5,0.00018929441408733436,1.0345908132907866e-16,3.0212103036374185e-08
61.6,0.0001736514367761445,1.0981944641459517e-16,3.1915818208398124e-08
61.7,0.00015709277559962788,1.0772351059876554e-16,3.3768969137304434e-08
61.8,0.00014090808289853862,8.616352240196122e-17,3.5641480972494834e-08
61.9,0.00012314537433584966,8.448864769911536e-17,3.7623991561457735e-08
62.0,0.00010411031340608387,9.026538641290584e-17,3.976598821518957e-08
62.1,8.578794069425895e-05,7.174758922419973e-17,4.191977483960336e-08
62.2,6.67497940736058e-05,6.047760013776812e-17,4.410068568631048e-08
62.3,4.626957376656947e-05,6.940446990241461e-17,4.641129957956751e-08
62.4,2.6550049587793278e-05,5.936555462661197e-17,4.873315965884396e-08
62.5,7.063038624275084e-06,4.093096369382477e-17,5.0998228635886153e-08
62.6,-1.3743342380374513e-05,4.696273210263731e-17,5.3321766184484237e-08
62.7,-3.397778376859781e-05,4.731087047961247e-17,5.565041003560151e-08
62.8,-5.311646579704045e-05,2.725493550045317e-17,5.785376044180325e-08
62.9,-7.312389507115651e-05,2.5818290717123583e-17,6.001455085260973e-08
63.0,-9.286948271984555e-05,3.4439774734494086e-17,6.21563905345774e-08
63.1,-0.00011088897243240889,1.933959531125095e-17,6.412937063578544e-08
63.2,-0.0001290448236579103,9.356085284140013e-18,6.595089159707452e-08
63.3,-0.00014722546653614976,2.1016758055620437e-17,6.770564085120756e-08
63.4,-0.00016337342899305082,1.565289927217769e-17,6.927330071757942e-08
63.5,-0.00017876275363598143,-7.05811799609642e-20,7.059814018792066e-08
63.6,-0.00019430527896416305,8.552426148644062e-18,7.178934017115498e-08
63.7,-0.00020784673640571533,1.4171192120899154e-17,7.27936726397424e-08
63.8,-0.0002197372207343603,-1.4650472071481683e-18,7.350221433758183e-08
63.9,-0.0002316631492644566,-1.0185376366458828e-19,7.400640673948008e-08
64.0,-0.00024189554059511625,1.3593621423340991e-17,7.43331151926791e-08
64.1,-0.0002497602565438304,4.181645681624457e-18,7.435960876781188e-08
64.2,-0.00025728015781691934,-2.472459363229958e-18,7.41282127533281e-08
64.3,-0.0002635696257906931,1.3541524117460872e-17,7.373163359952528e-08
64.4,-0.0002670904859611658,1.4473465507874443e-17,7.307653203814909e-08
64.5,-0.0002696855144482295,3.025087200124047e-18,7.214651839195944e-08
64.6,-0.0002715230884846445,1.5267393327935707e-17,7.106652824596534e-08
64.7,-0.00027058155084203934,2.684072689087775e-17,6.980355817962106e-08
64.8,-0.0002680586610509743,1.6188302229648683e-17,6.82957410562435e-08
64.9,-0.0002651285065905381,2.0480962520148926e-17,6.666158496250873e-08
65.0,-0.000259791542382839,3.8969866852476826e-17,6.493739505990533e-08
65.1,-0.00025230363290542533,3.496751513348885e-17,6.30436214697389e-08
65.2,-0.00024455051427059443,3.112042535618465e-17,6.106252031648305e-08
65.3,-0.00023505882695341187,5.0455463891370365e-17,5.908669279908963e-08
65.4,-0.00022308752611358655,5.647771514432501e-17,5.7048490291205255e-08
65.5,-0.0002107684017484791,4.7932264828745714e-17,5.498057718419693e-08
65.6,-0.00019753071954942708,6.195944831428457e-17,5.3004992295432414e-08
65.7,-0.00018183618739269554,7.749282169130809e-17,5.108647210563757e-08
65.8,-0.00016554210054472215,6.993884878646017e-17,4.921069544974257e-08
65.9,-0.00014913500382161514,7.494850481596276e-17,4.7499566947319004e-08
66.0,-0.0001306824828380221,9.566001356373699e-17,4.595704710149456e-08
66.1,-0.00011132148310745233,9.447855777945471e-17,4.45340960390567e-08
66.2,-9.248995471005578e-05,9.065420163545123e-17,4.3328773003649456e-08
66.3,-7.236572213341498e-05,1.1011255512197163e-16,4.237958335277492e-08
66.4,-5.1104513195652306e-05,1.1804171946896371e-16,4.16175197713378e-08
66.5,-3.075550304859282e-05,1.092976261827519e-16,4.11020509720429e-08
66.6,-1.0084862380985982e-05,1.2168356945106543e-16,4.089559045142991e-08
66.7,1.174530208487391e-05,1.375990654306594e-16,4.092234877817348e-08
66.8,3.256458228705065e-05,1.2971713686093825e-16,4.1196040182576165e-08
66.9,5.26873489186855e-05,1.3185757091336116e-16,4.179103454342034e-08
67.0,7.370804862204762e-05,1.5099900540121993e-16,4.263633843543785e-08
67.1,9.38532945425948e-05,1.4910367725755233e-16,4.3697930705202974e-08
67.2,0.00011241762628936362,1.419241514405695e-16,4.505015683480992e-08
67.3,0.00013132694448571427,1.580117258258063e-16,4.663841723438159e-08
67.4,0.000149623196907584,1.645047222631959e-16,4.83838514342826e-08
67.5,0.00016573728878776264,1.5246422197946594e-16,5.0347562724335594e-08
67.6,0.00018142168567188288,1.5998379630902839e-16,5.2502876621947385e-08
67.7,0.00019674915656764667,1.7313257830221237e-16,5.47360809357473e-08
67.8,0.00020966126953349091,1.6214509559183957e-16,5.707997111004501e-08
67.9,0.00022128012449101713,1.587215795552955e-16,5.9543820732911076e-08
68.0,0.0002326699498306468,1.735715579133236e-16,6.199834493774314e-08
68.1,0.00024178232391758198,1.6860887689246087e-16,6.443386189145602e-08
68.2,0.00024881518181900413,1.5592726015221071e-16,6.689479483281003e-08
68.3,0.0002555416120844526,1.6637713690345698e-16,6.926353963295686e-08
68.4,0.00026042331547393633,1.6944217093728141e-16,7.148083431634694e-08
68.5,0.0002626771668665715,1.5260549410574745e-16,7.361321494111895e-08
68.6,0.0002643313645009951,1.5387516379745388e-16,7.558348179992872e-08
68.7,0.00026473419287434787,1.6305717074928932e-16,7.728918525464197e-08
68.8,0.00026231548140101557,1.483357276522239e-16,7.879567447548063e-08
68.9,0.00025884795637796574,1.389722966379168e-16,8.00864221287281e-08
69.0,0.00025472582236898744,1.49313953883649e-16,8.103799028503101e-08
69.1,0.00024798768379616837,1.4160867430525998e-16,8.168889120360479e-08
69.2,0.00023971121930040846,1.2420481404249698e-16,8.208632317563176e-08
69.3,0.00023123950214571748,1.299035156581143e-16,8.211921739329826e-08
69.4,0.00022071779274699361,1.3081634415586111e-16,8.178201798753607e-08
69.5,0.00020826952337845442,1.1092637715513289e-16,8.11687076469695e-08
69.6,0.00019585782084574228,1.0773049784562093e-16,8.021433345366491e-08
69.7,0.0001822092734537689,1.148631371669315e-16,7.886887219313893e-08
69.8,0.0001664779030822959,9.874387959204905e-17,7.724145336106177e-08
69.9,0.0001507685195545886,8.592971775329996e-17,7.533487980547079e-08
70.0,0.0001347211501077326,9.415658340308217e-17,7.307269986360573e-08
70.1,0.00011675150133008145,8.637078237474375e-17,7.054436946469632e-08
70.2,9.859727113078276e-05,6.712622525174427e-17,6.782136347724747e-08
70.3,8.091792469452662e-05,7.082497182467361e-17,6.483092462436926e-08
70.4,6.180869466741084e-05,7.244343347122474e-17,6.161756723640845e-08
70.5,4.222718048739633e-05,5.2680062721014156e-17,5.830084554129265e-08
70.6,2.3705272263583973e-05,4.816740138259336e-17,5.484231427748061e-08
70.7,4.516200403439867e-06,5.635329487950595e-17,5.123434444097609e-08
70.8,-1.5377882398957978e-05,4.225422174308628e-17,4.760974776215887e-08
70.9,-3.393630884393609e-05,2.9446987334598384e-17,4.398377048931707e-08
71.0,-5.225473122247046e-05,3.8853202726268544e-17,4.030858359512109e-08
71.1,-7.133204108725675e-05,3.449048136508327e-17,3.669326454873764e-08
71.2,-8.91086397574655e-05,1.7058157706460287e-17,3.320785228947959e-08
71.3,-0.00010575552941815284,2.2167535230299515e-17,2.9789293545241068e-08
71.4,-0.00012295891730206335,2.785424620666334e-17,2.6495635062126582e-08
71.5,-0.00013913453609662254,1.1752880862584056e-17,2.3434558440528726e-08
71.6,-0.00015346870695318732,9.219323079617418e-18,2.055570319144662e-08
71.7,-0.0001678920207596368,2.1480105676285243e-17,1.7855904990957775e-08
71.8,-0.00018167159080222927,1.2522791689345704e-17,1.5451437891165184e-08
71.9,-0.00019319773021902523,2.7021560997303633e-18,1.3325627552683712e-08
72.0,-0.00020414535776667323,1.584538627485645e-17,1.1422126590967739e-08
72.1,-0.0002147979525268627,1.7358979610700587e-17,9.834521184109853e-09
72.2,-0.00022314003685624753,4.127126257774649e-18,8.587641356232891e-09
72.3,-0.00023015955073994377,1.2551376584025651e-17,7.593644900801134e-09
72.4,-0.00023707029419152756,2.3947349505605857e-17,6.89926451931158e-09
72.5,-0.00024194520075201365,1.3113531861367457e-17,6.564272621028907e-09
72.6,-0.00024483082233301426,1.3786956655388152e-17,6.49687173276592e-09
72.7,-0.00024755694738347545,3.090569517412571e-17,6.6861155300725315e-09
72.8,-0.0002487596807464415,2.778169425863211e-17,7.209144019396009e-09
72.9,-0.00024753011151134913,2.137533946627443e-17,7.995333959926604e-09
73.0,-0.00024585097119641516,3.812432268768679e-17,8.980379162192957e-09
73.1,-0.00024325849012501408,4.519168862613728e-17,1.0236385867601855e-08
73.2,-0.00023811755511721702,3.574431851928598e-17,1.1730267467834528e-08
73.3,-0.00023206842630152497,4.6637640923031944e-17,1.3361355886665462e-08
73.4,-0.00022566287878276307,6.258226354992664e-17,1.5176333966656323e-08
73.5,-0.00021695418728392434,5.583719085631218e-17,1.7184157332577244e-08
73.6,-0.0002068362749691433,5.817762757232797e-17,1.9271993684192895e-08
73.7,-0.0001967420778162435,7.823671452286002e-17,2.1448181192088364e-08
73.8,-0.00018490884743044533,7.903059970252574e-17,2.3756898374846546e-08
73.9,-0.00017127234376583192,7.399555398912037e-17,2.6097892187808587e-08
74.0,-0.00015779656696494342,9.192446752197295e-17,2.8438412427022944e-08
74.1,-0.00014335489440148844,1.020439335912256e-16,3.0843158799091204e-08
74.2,-0.0001269571461171481,9.390093844821034e-17,3.324390073270794e-08
74.3,-0.00011062031539235647,1.0441220343844011e-16,3.557375489529807e-08
74.4,-9.414923328308356e-05,1.2186294531388695e-16,3.7900220442034744e-08
74.5,-7.589472601391944e-05,1.1629918108525672e-16,4.0197725678155186e-08
74.6,-5.7440028467320703e-05,1.1725320663809106e-16,4.237892866310758e-08
74.7,-3.9585921762101896e-05,1.3685543952029398e-16,4.449787929513254e-08
74.8,-2.045776321172586e-05,1.3824543839566955e-16,4.657283095860847e-08
74.9,-8.305376803706613e-07,1.312639591012666e-16,4.851244068024109e-08
75.0,1.768160613883914e-05,1.4678638195241686e-16,5.034534463379124e-08
75.1,3.6688413713844174e-05,1.5645534069962783e-16,5.212686028993409e-08
75.2,5.639301614914796e-05,1.4637223823857005e-16,5.377755887307968e-08
75.3,7.475213403681792e-05,1.531355806134245e-16,5.529395980918389e-08
75.4,9.268715843277546e-05,1.6867979831327147e-16,5.675603770589116e-08
75.5,0.00011130376109685286,1.6121404979122779e-16,5.8109779561559783e-08
75.6,0.00012861983379393614,1.5777120377399708e-16,5.9318181697272774e-08
75.7,0.00014461861308146713,1.7390058320021722e-16,6.046968782740984e-08
75.8,0.00016100803593566831,1.7322212736274123e-16,6.154586507894605e-08
75.9,0.00017634177708821173,1.619193460948376e-16,6.248041393303354e-08
76.0,0.0001896518368092837,1.7261396153878732e-16,6.335160693814271e-08
76.1,0.00020280031510949503,1.7962027250078043e-16,6.418221591545498e-08
76.2,0.00021521812607891837,1.6574991158215543e-16,6.488745440215845e-08
76.3,0.00022521334855209413,1.6696030064899148e-16,6.551628559498733e-08
76.4,0.00023431987151250483,1.789082186929619e-16,6.613138059031009e-08
76.5,0.0002429702566422326,1.6827375993253054e-16,6.664734758094008e-08
76.6,0.0002491598562498612,1.5935450287755617e-16,6.706804092574084e-08
76.7,0.0002536993705460547,1.7094712379330444e-16,6.748497796175727e-08
76.8,0.00025790084703781026,1.6760364534614693e-16,6.783500106183891e-08
76.9,0.0002599395107927131,1.5181503130925958e-16,6.807026328154229e-08
77.0,0.00025969456265651446,1.5755405268334143e-16,6.828930044896948e-08
77.1,0.0002590208001278386,1.620177812660875e-16,6.847303574642557e-08
77.2,0.00025672457661415427,1.4496173607087922e-16,6.853016776910145e-08
77.3,0.00025178401039035146,1.4136052576688844e-16,6.85371550338765e-08
77.4,0.0002461306094232531,1.5060671381479232e-16,6.85310205480509e-08
77.5,0.00023949943621216817,1.382202758124615e-16,6.840188252318622e-08
77.6,0.00023022859713633083,1.2551226797322055e-16,6.817654190879792e-08
77.7,0.00021984799239777505,1.3424059385561463e-16,6.79423887603919e-08
77.8,0.00020909139704695367,1.3016631828025268e-16,6.760730312527569e-08
77.9,0.00019608259093994976,1.1212633132437228e-16,6.713399288952105e-08
78.0,0.00018157867763786797,1.1512230466372407e-16,6.66345701505262e-08
78.1,0.00016713744184911083,1.1947814530858206e-16,6.607040186643661e-08
78.2,0.00015115130846708223,1.0210550929557526e-16,6.534798735294356e-08
78.3,0.0001334324622408408,9.65640479500065e-17,6.456528383736443e-08
78.4,0.00011598705630374425,1.0593441886929086e-16,6.375738891914271e-08
78.5,9.789477480015185e-05,9.493790850380978e-17,6.280591024621667e-08
78.6,7.809142402190283e-05,8.169654570911368e-17,6.175690802024893e-08
78.7,5.854852542509114e-05,9.068222254931329e-17,6.07131900435096e-08
78.8,3.928181823341547e-05,8.921153688615823e-17,5.9576760812914216e-08
78.9,1.8640994117829446e-05,7.245987843440261e-17,5.8321506606644076e-08
79.0,-1.90750605199609e-06,7.601861414612057e-17,5.708504933280821e-08
79.1,-2.1395806350856025e-05,8.34515778513564e-17,5.583170971984073e-08
79.2,-4.162282646925403e-05,6.908492112907816e-17,5.447088531277395e-08
79.3,-6.196883776107496e-05,6.476855775879856e-17,5.312656380569223e-08
79.4,-8.073511161844755e-05,7.715066839769533e-17,5.1845995121605425e-08
79.5,-9.939559199986283e-05,7.049638600469714e-17,5.0508561615183726e-08
79.6,-0.00011830641766241216,5.956718101977336e-17,4.9179693469963e-08
79.7,-0.0001354419835961715,7.124715757015268e-17,4.797881674521626e-08
79.8,-0.00015156142461954773,7.472951874353725e-17,4.680325021439136e-08
79.9,-0.00016788309584285244,6.164070723493886e-17,4.5636872390141145e-08
80.0,-0.00018254093917329919,6.781183645724551e-17,4.4632233011416803e-08
80.1,-0.00019537164702768228,8.016654586382947e-17,4.37461803253757e-08
80.2,-0.00020812966806114876,7.070866685810493e-17,4.288914632843087e-08
80.3,-0.00021955665665069753,6.920876697104128e-17,4.219473626134888e-08
80.4,-0.0002285938603458833,8.581271950557186e-17,4.169719959334122e-08
80.5,-0.00023707638678292588,8.468851519410622e-17,4.1268490960961334e-08
80.6,-0.00024465251304951475,7.711860999943102e-17,4.0978799972537645e-08
80.7,-0.0002496230543618259,9.210539021803218e-17,4.092703206870301e-08
80.8,-0.0002534340149023682,1.0098679035787357e-16,4.099303348478044e-08
80.9,-0.00025671632934080375,9.190793116535537e-17,4.116339989992682e-08
81.0,-0.0002575495361627093,1.005442761856435e-16,4.15646950241843e-08
81.1,-0.0002566243818249953,1.1732559822196166e-16,4.2123227131127135e-08
81.2,-0.0002553896421520952,1.1228395390274517e-16,4.275180187022074e-08
81.3,-0.0002521818704940213,1.1284551453582662e-16,4.355949500797479e-08
81.4,-0.00024676539763711673,1.324647375721336e-16,4.453570420114105e-08
81.5,-0.00024104316583240489,1.3560540914653707e-16,4.5552325699435515e-08
81.6,-0.00023402640665930408,1.3001046045628226e-16,4.6665723550278213e-08
81.7,-0.00022461896008007734,1.464729862820073e-16,4.791968204752433e-08
81.8,-0.00021470670496649035,1.587655352673275e-16,4.918601288746295e-08
81.9,-0.00020422807196334306,1.5173972240867325e-16,5.045510726425445e-08
82.0,-0.000191511859158523,1.605920543950332e-16,5.179862741486987e-08
82.1,-0.00017796577330105246,1.7928654925340856e-16,5.3121258665106416e-08
82.2,-0.0001644796774462425,1.7617375252318388e-16,5.43577692264233e-08
82.3,-0.00014923970715888927,1.7610856449914704e-16,5.557700024514183e-08
82.4,-0.00013283900784325328,1.9573268824937056e-16,5.6731897052913366e-08
82.5,-0.00011690875360381191,2.0017254652980082e-16,5.7727735947192725e-08
82.6,-9.996245933987194e-05,1.935934825402806e-16,5.860842839583893e-08
82.7,-8.164997209949589e-05,2.0828309415648665e-16,5.937235840924949e-08
82.8,-6.395170766591649e-05,2.2066936812251926e-16,5.992485963274451e-08
82.9,-4.609779756954915e-05,2.1253368976464744e-16,6.027796365864721e-08
83.0,-2.690438574622228e-05,2.1824339688798182e-16,6.046121754750849e-08
83.1,-8.224765836070171e-06,2.3537641181467077e-16,6.04021997967786e-08
83.2,9.78385823956215e-06,2.309842429804913e-16,6.008796007907078e-08
83.3,2.882015809928272e-05,2.271417837559e-16,5.956292659438827e-08
83.4,4.760022354971675e-05,2.435126293338789e-16,5.878675022800026e-08
83.5,6.50611187317017e-05,2.4624306878795276e-16,5.7735323881958836e-08
83.6,8.296943362516446e-05,2.359139600302961e-16,5.645684530647485e-08
83.7,0.00010090928237019138,2.4595686493263663e-16,5.494201876593892e-08
83.8,0.0001171600342115024,2.557591522077922e-16,5.316818532655993e-08
83.9,0.00013309430880814558,2.442329270001341e-16,5.118340863007424e-08
84.0,0.00014924594753715033,2.445843088514877e-16,4.900315455110045e-08
84.1,0.0001636495659586752,2.5800523107491133e-16,4.6612387648672695e-08
84.2,0.00017692331411683421,2.506190984674604e-16,4.405943196953231e-08
84.3,0.00019039660401587598,2.4152108132010516e-16,4.137873286622811e-08
84.4,0.0002023342521256327,2.5314383583070224e-16,3.8562326231959645e-08
84.5,0.0002124314483967496,2.529732822643517e-16,3.565830156373218e-08
84.6,0.00022246318063830775,2.380780802932345e-16,3.271753826885129e-08
84.7,0.00023134326900421022,2.427085875382307e-16,2.973575869987747e-08
84.8,0.00023790972437416733,2.4936789969525227e-16,2.6755509121378872e-08
84.9,0.0002439260409003953,2.3435235834811074e-16,2.38432675262063e-08
85.0,0.0002492138188497547,2.2937806124832815e-16,2.099748032021193e-08
85.1,0.0002520374084269736,2.3918443646839813e-16,1.8245005639912345e-08
85.2,0.0002536998161006575,2.2931188987199546e-16,1.5664331188195302e-08
85.3,0.0002549654908222934,2.1571357045932889e-16,1.3261254510323296e-08
85.4,0.000253955334096534,2.2335593328939436e-16,1.103633432154344e-08
85.5,0.0002511835954196345,2.2144795367889694e-16,9.069396481993895e-09
85.6,0.00024816121954068603,2.035699215372339e-16,7.382528557585012e-09
85.7,0.00024333490966026478,2.0440207988848122e-16,5.945712648784968e-09
85.8,0.00023630458458802323,2.0968799700927875e-16,4.8214915824290734e-09
85.9,0.00022894989998863062,1.9340816031527946e-16,4.055796640794527e-09
86.0,0.00022043437877750758,1.8546935572335106e-16,3.5955937701856644e-09
86.1,0.00020955159880465735,1.94055402761215e-16,3.4641245945556213e-09
86.2,0.0001980857082478877,1.8447388269276808e-16,3.72981304594131e-09
86.3,0.0001861322692404159,1.6937335759082798e-16,4.33651322333399e-09
86.4,0.00017199225091949768,1.759152239663264e-16,5.251845608596574e-09
86.5,0.0001569197463067858,1.7526760347486375e-16,6.551473175935078e-09
86.6,0.00014192822839173186,1.576250847853398e-16,8.202100085793082e-09
86.7,0.00012526613750392127,1.5774806056555076e-16,1.0115022242407382e-08
86.8,0.00010736074521812644,1.647590900624006e-16,1.2345455953760063e-08
86.9,8.990367232216839e-05,1.5053109595088714e-16,1.490347980543429e-08
87.0,7.154628615994907e-05,1.4285147265255495e-16,1.7664443844049225e-08
87.1,5.180316749133062e-05,1.5321835300780998e-16,2.0632206008089408e-08
87.2,3.263856807449014e-05,1.4703634534402654e-16,2.386353109048024e-08
87.3,1.3462911018148453e-05,1.3354879217450388e-16,2.7236006399505993e-08
87.4,-6.976922466251846e-06,1.4184191045542866e-16,3.068215022641756e-08
87.5,-2.6914387147796657e-05,1.4532378340996606e-16,3.428571714499638e-08
87.6,-4.601292446668819e-05,1.3090431286130905e-16,3.7969872660734186e-08
87.7,-6.59554866290402e-05,1.330147320094141e-16,4.159956571322081e-08
87.8,-8.559172239891284e-05,1.4416131014080896e-16,4.524748225253598e-08
87.9,-0.00010372324866642118,1.3443999105868262e-16,4.891309303130469e-08
88.0,-0.00012201832471366416,1.292491218183088e-16,5.242571083572246e-08
88.1,-0.00014020617807741632,1.4326827573978537e-16,5.5805381050882746e-08
88.2,-0.00015650675904692042,1.4235382938420427e-16,5.9130913015412225e-08
88.3,-0.00017213512780295023,1.3227996669506653e-16,6.224803630743406e-08
88.4,-0.00018774423808121915,1.4370699820316904e-16,6.509835938757943e-08
88.5,-0.00020139893429362276,1.524923283579712e-16,6.781088687015881e-08
88.6,-0.00021353941286541216,1.4241738542818989e-16,7.030107260788483e-08
88.7,-0.00022555808235700815,1.4724971178990753e-16,7.243682263602499e-08
88.8,-0.00023583173940327847,1.6294698669810927e-16,7.434573177189541e-08
88.9,-0.0002439020759805618,1.5816096024286216e-16,7.604542668565606e-08
89.0,-0.0002515360853706966,1.5564376050880206e-16,7.736757705939953e-08
89.1,-0.00025781420742766666,1.7302985224912885e-16,7.8385185848744e-08
89.2,-0.00026148527159954303,1.769651260642525e-16,7.921441221198006e-08
89.3,-0.0002642380067342,1.6971927239006812e-16,7.970803943888244e-08
89.4,-0.00026607591621269756,1.8318544301687247e-16,7.98527352542217e-08
89.5,-0.00026526349241141694,1.9595886432708813e-16,7.982295851110497e-08
89.6,-0.00026298443911450633,1.8893224880884773e-16,7.954674914792487e-08
89.7,-0.00026015863857254665,1.9488230344130727e-16,7.892853267145113e-08
89.8,-0.00025500031788820704,2.132068951952126e-16,7.813962333697765e-08
89.9,-0.00024789437489615353,2.1144556639225644e-16,7.721120807769532e-08
90.0,-0.00024044680674105182,2.0952298009356147e-16,7.600403236024998e-08
90.1,-0.00023127237344751527,2.278618066859499e-16,7.462842970542723e-08
90.2,-0.00021986935977680018,2.34231780039469e-16,7.320812898652905e-08
90.3,-0.00020813410667957995,2.2741953609817597e-16,7.161643814477548e-08
90.4,-0.00019543642164069133,2.4023518936532385e-16,6.987153974240181e-08
90.5,-0.0001805270985245358,2.541590709561747e-16,6.814500192675054e-08
90.6,-0.00016513049226924665,2.474040849718769e-16,6.637221475471834e-08
90.7,-0.00014954077275587536,2.5142699013152054e-16,6.448561384183584e-08
90.8,-0.00013209115857263327,2.690831577192999e-16,6.264473048658681e-08
90.9,-0.00011392013467596312,2.671606011069257e-16,6.086922119513389e-08
91.0,-9.61877269364403e-05,2.6261106633183623e-16,5.904403814358109e-08
91.1,-7.72463167450771e-05,2.784096584978394e-16,5.726615507933592e-08
91.2,-5.7385403172531405e-05,2.838166475354119e-16,5.562676524147948e-08
91.3,-3.8358792744154745e-05,2.742284004169292e-16,5.401469260290661e-08
91.4,-1.8970987493554033e-05,2.830686115424021e-16,5.244207949228083e-08
91.5,1.3856746942358644e-06,2.949126389825007e-16,5.103212076314945e-08
91.6,2.0781780860539697e-05,2.8556800749258253e-16,4.971953620491615e-08
91.7,3.9640957739427573e-05,2.849054834174974e-16,4.844299046357381e-08
91.8,5.9291087100548e-05,2.9919256427466016e-16,4.731022313228112e-08
91.9,7.808767880325877e-05,2.948162014931551e-16,4.6318814503718575e-08
92.0,9.555676344973612e-05,2.856101362066962e-16,4.5369778338928664e-08
92.1,0.00011339050526893135,2.9686237953034433e-16,4.4520160571080183e-08
92.2,0.00013061816661824333,2.996229246163428e-16,4.381950185387147e-08
92.3,0.00014596849817104221,2.8596861675594165e-16,4.317351427525414e-08
92.4,0.00016105366014271028,2.895808026619885e-16,4.2577833122930066e-08
92.5,0.00017579790388182697,2.9823783824424464e-16,4.210477252724151e-08
92.6,0.00018843434647602275,2.8562531765998787e-16,4.1695960617478746e-08
92.7,0.00020007482520607668,2.7972730071549823e-16,4.129948766034387e-08
92.8,0.00021153835166808264,2.9014124661691724e-16,4.097874660360251e-08
92.9,0.00022099024463792492,2.832436510192429e-16,4.072167964208296e-08
93.0,0.00022875146714058207,2.696201343393764e-16,4.045694310803436e-08
93.1,0.00023631554815266965,2.765760958006342e-16,4.0218614499074374e-08
93.2,0.00024222736224916683,2.772307642594531e-16,4.003166775522739e-08
93.3,0.0002459290418456198,2.6045141792294315e-16,3.9833288456415137e-08
93.4,0.00024920460051495763,2.598164569663307e-16,3.962501459141144e-08
93.5,0.00025133388657266095,2.6642810666975034e-16,3.9449233353623e-08
93.6,0.00025101657820581093,2.5214030759477945e-16,3.926823884021944e-08
93.7,0.000249876124109781,2.427736168043429e-16,3.90616574295367e-08
93.8,0.000248102463963498,2.5107340539327924e-16,3.887090662040407e-08
93.9,0.0002439789024835339,2.4369559534327268e-16,3.868502147824428e-08
94.0,0.00023856327536908538,2.279263109718417e-16,3.84770448460413e-08
94.1,0.000232907190092526,2.327914467649005e-16,3.82780912779822e-08
94.2,0.00022531120937732175,2.3372063518840495e-16,3.8094904483615315e-08
94.3,0.00021600948945437224,2.1652187597691773e-16,3.790456858358556e-08
94.4,0.00020665591808393942,2.143291472136094e-16,3.772857110484654e-08
94.5,0.00019600052087568887,2.216030602813599e-16,3.758015993144581e-08
94.6,0.00018340644921774652,2.0863265102906066e-16,3.744162158774279e-08
94.7,0.00017072462870874644,1.9882067214931067e-16,3.7330378664666944e-08
94.8,0.0001574768731368633,2.0791475882557849e-16,3.726040697142479e-08
94.9,0.00014232948197936038,2.0318980636184422e-16,3.721268350459746e-08
95.0,0.00012688055436360171,1.8854763166543344e-16,3.7203607829743665e-08
95.1,0.000111555344098438,1.9438211006535494e-16,3.7250209515749325e-08
95.2,9.467414450668947e-05,1.9862285772404684e-16,3.732469989708869e-08
95.3,7.7199708850331e-05,1.841396463834478e-16,3.743793288125754e-08
95.4,6.036871194819844e-05,1.8327232239323344e-16,3.76170579252719e-08
95.5,4.2594055636022915e-05,1.9384330605974574e-16,3.782470522165587e-08
95.6,2.398267338144053e-05,1.8490724757759185e-16,3.80545940516739e-08
95.7,6.289896627172028e-06,1.772061369628575e-16,3.834852258307738e-08
95.8,-1.1563061359939947e-05,1.892773970191806e-16,3.866933422125602e-08
95.9,-3.0329682785545822e-05,1.8934318123736719e-16,3.898115723516975e-08
96.0,-4.815651996320934e-05,1.7793173768903888e-16,3.933555874202976e-08
96.1,-6.532594189684843e-05,1.8648375430182644e-16,3.971356350998713e-08
96.2,-8.324091481365058e-05,1.9564011132117674e-16,4.0045400904139175e-08
96.3,-0.00010039354869225019,1.8553554862064011e-16,4.037597599637061e-08
96.4,-0.00011618180245617839,1.87380662250546e-16,4.0722298339304353e-08
96.5,-0.00013228592927426002,2.0233104468278183e-16,4.099147165330648e-08
96.6,-0.00014790031932177452,1.9849976406250312e-16,4.1198659616191916e-08
96.7,-0.0001616729370591747,1.9376092275713074e-16,4.1403867867031725e-08
96.8,-0.00017512228196776868,2.0923372956303655e-16,4.151737771139315e-08
96.9,-0.00018832677582273212,2.1438308102830736e-16,4.1505510095544414e-08
97.0,-0.00019950783059282477,2.0637281807599014e-16,4.146010346752162e-08
97.1,-0.0002096271338435878,2.1735148236901293e-16,4.132855977820027e-08
97.2,-0.0002196098677300414,2.308658064147308e-16,4.10249872509141e-08
97.3,-0.00022768277817325483,2.245594788190903e-16,4.0644235822223195e-08
97.4,-0.00023399910337272673,2.2817333185203065e-16,4.019853110534056e-08
97.5,-0.00024008524885699837,2.461538191118526e-16,3.9568789722122505e-08
97.6,-0.00024460608649771835,2.460366448932791e-16,3.881622811530515e-08
97.7,-0.00024686137218991845,2.4273542283945992e-16,3.802530258482521e-08
97.8,-0.0002485875991746811,2.596764043583109e-16,3.708209054679595e-08
97.9,-0.0002492138844387446,2.6786770248163485e-16,3.598548501986026e-08
98.0,-0.0002473592698599223,2.6115036649903057e-16,3.487217779690871e-08
98.1,-0.0002445323121500572,2.7207164192642175e-16,3.3677835245995007e-08
98.2,-0.00024106504851939819,2.8722538549100056e-16,3.2333038942206576e-08
98.3,-0.000235242897878739,2.8204230833907986e-16,3.0983830370316525e-08
98.4,-0.00022797149363613684,2.845499872335629e-16,2.964731805048079e-08
98.5,-0.00022040312978931085,3.024457313518424e-16,2.8208604511016818e-08
98.6,-0.0002109238562937785,3.03044574016836e-16,2.677294342481369e-08
98.7,-0.00019961802766503577,2.9813730970936726e-16,2.5442454240168158e-08
98.8,-0.00018817547589092704,3.1322775319483112e-16,2.410160050269255e-08
98.9,-0.00017549534968868392,3.212020237167435e-16,2.2778117047417846e-08
99.0,-0.0001608328917422641,3.1272115776211646e-16,2.1629583022236572e-08
99.1,-0.00014600365619958452,3.2038703688749916e-16,2.0588772560506844e-08
99.2,-0.00013070712261405932,3.339516855122547e-16,1.959885020236326e-08
99.3,-0.00011357294308168195,3.2696017554856807e-16,1.881972533675124e-08
99.4,-9.610422928048991e-05,3.2547272657092705e-16,1.826409363584895e-08
99.5,-7.889069089459102e-05,3.402926907308292e-16,1.7817071294351112e-08
99.6,-6.0299003004092e-05,3.3886881163074163e-16,1.758479609987422e-08
99.7,-4.116410178682289e-05,3.298234765772856e-16,1.765916070837258e-08
99.8,-2.2835707143379867e-05,3.4048879854502377e-16,1.791633604444837e-08
99.9,-3.84712778114796e-06,3.458730952767383e-16,1.8372376274075187e-08
100.0,1.582053212945579e-05,3.3361842043505943e-16,1.9164206242938494e-08
100.1,3.437575902372144e-05,3.3607997726457574e-16,2.02095421764975e-08
100.2,5.2730734147812006e-05,3.462453670122712e-16,2.1432391175268387e-08
100.3,7.172904025787855e-05,3.359936622309966e-16,2.296086334385393e-08
100.4,8.956467914232456e-05,3.2915738466450607e-16,2.4784452999249262e-08
100.5,0.00010634724492732372,3.3957248358132597e-16,2.6767240055832578e-08
100.6,0.00012351023144338894,3.351575398019335e-16,2.8977439757373103e-08
100.7,0.00013966365707121942,3.2131431632644447e-16,3.147418767251353e-08
100.8,0.00015406908604249467,3.2689998731278733e-16,3.411317462184582e-08
100.9,0.00016837004597040285,3.293028565599987e-16,3.6875237272359094e-08
101.0,0.0001819198384653254,3.1328025000457356e-16,3.985734803953888e-08
101.1,0.00019330110776886146,3.106052790948261e-16,4.2955875781036886e-08
101.2,0.00020393895578729891,3.1756349832406243e-16,4.60703412666376e-08
101.3,0.00021407357007935285,3.047325769006017e-16,4.9289625873172976e-08
101.4,0.0002219504328897324,2.93512787668186e-16,5.257843310654432e-08
101.5,0.00022840737582509308,3.005570997855439e-16,5.578992430875886e-08
101.6,0.0002344969349273404,2.945751119474597e-16,5.8965264908156006e-08
101.7,0.0002385566779119883,2.7770532873137715e-16,6.213588201280537e-08
101.8,0.0002406206671184031,2.8001223899280437e-16,6.515639676136767e-08
101.9,0.0002422810108123333,2.814553616476869e-16,6.800272161582249e-08
102.0,0.00024237705444651896,2.640798992458395e-16,7.074746540666367e-08
102.1,0.0002401290250473705,2.587243678873858e-16,7.328820328830827e-08
102.2,0.00023726669405992393,2.6493571858861247e-16,7.554473897033505e-08
102.3,0.00023341918804027436,2.522570537170732e-16,7.759580442746541e-08
102.4,0.00022719128471823384,2.3945626718759154e-16,7.94033472813441e-08
102.5,0.0002200202531908038,2.4581574654802957e-16,8.085980744196572e-08
102.6,0.00021241960561031267,2.411162356067546e-16,8.202114001107917e-08
102.7,0.00020273511461230527,2.2424119725110704e-16,8.29116133497954e-08
102.8,0.00019176047081275905,2.26116531797385e-16,8.343076759776898e-08
102.9,0.00018077134514961007,2.294210305022869e-16,8.359886999888485e-08
103.0,0.00016827898095886208,2.136895605022626e-16,8.34833694978068e-08
103.1,0.00015424849782467762,2.0852506724147616e-16,8.301761417442998e-08
103.2,0.0001404092639546168,2.1671173671750735e-16,8.219008161079317e-08
103.3,0.0001258235090493786,2.0706495819059667e-16,8.108644701010015e-08
103.4,0.00010965387822265427,1.9552310965305587e-16,7.968540146097383e-08
103.5,9.366560914776717e-05,2.037362704488578e-16,7.7957841206367e-08
103.6,7.77213698980623e-05,2.0286653536932036e-16,7.598697900883447e-08
103.7,6.04104685760698e-05,1.885705724295458e-16,7.379359423241159e-08
103.8,4.311066606108611e-05,1.9229869998980422e-16,7.134646141080723e-08
103.9,2.653554940576547e-05,1.9958827218325647e-16,6.871470759021064e-08
104.0,9.074400929420937e-06,1.8768974571980444e-16,6.594910577582332e-08
104.1,-8.606509337216714e-06,1.8465514767675865e-16,6.302627015046718e-08
104.2,-2.5104191322379637e-05,1.964373046251189e-16,5.999768140280546e-08
104.3,-4.180665929455457e-05,1.9145756346162322e-16,5.69303828772974e-08
104.4,-5.8904115323365804e-05,1.8266259431831144e-16,5.381149344513526e-08
104.5,-7.463765637417334e-05,1.938593489903797e-16,5.06749701331171e-08
104.6,-8.98072402938751e-05,1.9785397223144697e-16,4.7593512807501356e-08
104.7,-0.00010539073470372844,1.8712767170398348e-16,4.456274109978397e-08
104.8,-0.00011969583207427233,1.933064242781927e-16,4.1598730518013277e-08
104.9,-0.00013271851140122685,2.0493355941556277e-16,3.877304286898568e-08
105.0,-0.00014596041370949582,1.9720366615972748e-16,3.6087545140554155e-08
105.1,-0.00015820229298666583,1.963517506394023e-16,3.353822506976044e-08
105.2,-0.00016862397069168932,2.113762519424117e-16,3.119018096490104e-08
105.3,-0.00017885917774248885,2.1061913333181077e-16,2.9052167099877613e-08
105.4,-0.00018845129050080762,2.0397768947628322e-16,2.7097973388768294e-08
105.5,-0.0001959586235633908,2.1709072847501611e-16,2.5379431408341723e-08
105.6,-0.00020272642276389894,2.246676213871678e-16,2.391570835579598e-08
105.7,-0.000209161863882276,2.1616071543791753e-16,2.2660104300306845e-08
105.8,-0.00021355446273279636,2.230849491895283e-16,2.1641859314256705e-08
105.9,-0.0002166171921915756,2.370543631799823e-16,2.0893875262190924e-08
106.0,-0.00021950949945963018,2.315342154668421e-16,2.035744433744794e-08
106.1,-0.00022067458021680808,2.307039830249466e-16,2.0029447089390855e-08
106.2,-0.00022001215019116764,2.465318125164191e-16,1.9955293051950486e-08
106.3,-0.0002191384683881713,2.4762948409186893e-16,2.00794238359783e-08
106.4,-0.0002170370460018637,2.4074330517998423e-16,2.0360808723341458e-08
106.5,-0.0002128210728745384,2.5310524481980697e-16,2.0848600600353152e-08
106.6,-0.00020815874613825132,2.616027534157086e-16,2.150822554998128e-08
106.7,-0.0002028281997103042,2.527831101414758e-16,2.2264448611216004e-08
106.8,-0.00019538324911165148,2.577420992923534e-16,2.3154473598423138e-08
106.9,-0.00018713124042458112,2.712427394384957e-16,2.4178382278005636e-08
107.0,-0.00017870364546290006,2.653006719775565e-16,2.524227391316274e-08
107.1,-0.00016846495668526218,2.6182665423281297e-16,2.635369600577495e-08
107.2,-0.00015704399174306313,2.756068793246761e-16,2.754997022289293e-08
107.3,-0.00014577435783011316,2.7584493987019043e-16,2.87437222812385e-08
107.4,-0.0001332509594732838,2.6613872903553447e-16,2.990092793431006e-08
107.5,-0.00011928031778957814,2.7506239849571704e-16,3.108409076259359e-08
107.6,-0.00010557510284401621,2.8188960349472683e-16,3.223986856720478e-08
107.7,-9.13245494827313e-05,2.7045715879801257e-16,3.3294000965082255e-08
107.8,-7.557796770079307e-05,2.7109728157876143e-16,3.430979145438468e-08
107.9,-6.0012903616878684e-05,2.8178413624415144e-16,3.528742788317838e-08
108.0,-4.462965172035974e-05,2.7341003406847033e-16,3.613014800765234e-08
108.1,-2.79767420451565e-05,2.654244425846799e-16,3.6873819205880174e-08
108.2,-1.1294451002361547e-05,2.7528344280547616e-16,3.757446927149809e-08
108.3,4.590762328325707e-06,2.73121285828358e-16,3.814322617645334e-08
108.4,2.1248785662129884e-05,2.5939237891223755e-16,3.8568147862035326e-08
108.5,3.816700178898686e-05,2.636838829241032e-16,3.894281662972559e-08
108.6,5.388329123354849e-05,2.678837624966261e-16,3.921891810595355e-08
108.7,6.967447181609982e-05,2.5331684278095993e-16,3.933422076836778e-08
108.8,8.586283672083263e-05,2.492967087161334e-16,3.938592343648053e-08
108.9,0.00010069938151288295,2.5696353953855936e-16,3.938794293664117e-08
109.0,0.00011483111348044077,2.463962401985102e-16,3.924646276937904e-08
109.1,0.0001293140251716461,2.344061350140961e-16,3.902499580167172e-08
109.2,0.0001425325626444485,2.408799371812855e-16,3.880003888910195e-08
109.3,0.00015432683956861798,2.371704406781175e-16,3.8480203530491196e-08
109.4,0.00016620375636011546,2.2059992396580842e-16,3.8069509591415644e-08
109.5,0.00017706876633547227,2.2145385213995528e-16,3.768387800110722e-08
109.6,0.00018598239239284983,2.2436127391660873e-16,3.727044315638438e-08
109.7,0.0001945102282404408,2.0833983100219353e-16,3.677033318735779e-08
109.8,0.0002023376257492221,2.013879108973657e-16,3.6299971236597506e-08
109.9,0.00020797063344404825,2.0778378842464436e-16,3.5868206580038415e-08
110.0,0.00021263110112015968,1.9707887509097844e-16,3.5374064460579224e-08
110.1,0.000216850954866346,1.8329092554401413e-16,3.489459223691628e-08
110.2,0.00021894856237408125,1.8852898819669288e-16,3.450072606672348e-08
110.3,0.00021949067466526528,1.8561807500769112e-16,3.4085960586445814e-08
110.4,0.0002197147696714512,1.688072599909953e-16,3.36625820389154e-08
110.5,0.0002181684294748568,1.6875715007049757e-16,3.334091866639222e-08
110.6,0.00021462105877279112,1.729589843014537e-16,3.3046480792273655e-08
110.7,0.00021070322768557817,1.5835912458732429e-16,3.2725129690970755e-08
110.8,0.0002055546661614012,1.5132090434317168e-16,3.249030487181525e-08
110.9,0.00019820955958170766,1.5915465080789487e-16,3.2323562508332826e-08
111.0,0.0001902864200148007,1.51190363875825e-16,3.212558531079788e-08
111.1,0.00018173556447160843,1.3852919947581347e-16,3.197765266878867e-08
111.2,0.0001711062558272208,1.452255430837284e-16,3.192003991460567e-08
111.3,0.00015960850764202235,1.4584895332924413e-16,3.18425717337312e-08
111.4,0.00014802274500742157,1.3164358163544008e-16,3.1773045405656705e-08
111.5,0.00013478829712413416,1.3328585461909686e-16,3.179334790933755e-08
111.6,0.00012041758774723429,1.4119592377327135e-16,3.181609123832046e-08
111.7,0.00010633694293337463,1.3048339029063715e-16,3.181406952607952e-08
111.8,9.128071410732599e-05,1.2563364996315807e-16,3.1882991318810796e-08
111.9,7.495324524004683e-05,1.3687339295202257e-16,3.197987460180177e-08
112.0,5.908471651400231e-05,1.3363261413753262e-16,3.203808515574664e-08
112.1,4.303726295099703e-05,1.2398552986076249e-16,3.214013610155245e-08
112.2,2.5801439752460506e-05,1.3362862542359702e-16,3.2292398115741186e-08
112.3,8.996408943373547e-06,1.390850231676365e-16,3.2412897628677406e-08
112.4,-7.211325222913403e-06,1.2869055277337164e-16,3.255321958498024e-08
112.5,-2.4271164885228164e-05,1.3286107685476518e-16,3.275978090629493e-08
112.6,-4.105982654663167e-05,1.4502934195927666e-16,3.295834491152354e-08
112.7,-5.663081824368945e-05,1.387280336757973e-16,3.316384676954966e-08
112.8,-7.249025125541561e-05,1.36324728295008e-16,3.344573208378416e-08
112.9,-8.827059328937976e-05,1.5083286400425337e-16,3.375327823333064e-08
113.0,-0.00010246515764401365,1.5208004253858264e-16,3.4068694540846777e-08
113.1,-0.0001162413638204251,1.450721964692127e-16,3.446629629349844e-08
113.2,-0.00013005884117907695,1.5690468139898596e-16,3.492575759259456e-08
113.3,-0.0001422114713391287,1.662899962049528e-16,3.540564998407875e-08
113.4,-0.00015322036077950574,1.5883036679139348e-16,3.5969788373424403e-08
113.5,-0.00016423897395082988,1.64321959647782e-16,3.662790829835415e-08
113.6,-0.00017377385106669819,1.792525421677047e-16,3.732564793995587e-08
113.7,-0.00018155748770946913,1.7589564751528103e-16,3.810481207022918e-08
113.8,-0.00018913390812388064,1.742982937324437e-16,3.9000005511271175e-08
113.9,-0.0001955833397269589,1.9009961346689e-16,3.995483341349768e-08
114.0,-0.00019990847684386927,1.9383266331073654e-16,4.098135876873214e-08
114.1,-0.00020364763369308528,1.8742318032662282e-16,4.213027358550837e-08
114.2,-0.00020667514860112256,1.9907039704232622e-16,4.3354041186744655e-08
114.3,-0.00020750900083172857,2.099130017650578e-16,4.4631608444025755e-08
114.4,-0.00020729225824261176,2.029829565337349e-16,4.601761534923947e-08
114.5,-0.00020671881471602654,2.0718700503423587e-16,4.748350526211248e-08
114.6,-0.00020419169473099192,2.2208383942937643e-16,4.897772888166473e-08
114.7,-0.00020017341171602233,2.189879072469327e-16,5.0544102341763406e-08
114.8,-0.00019600216032646182,2.1544680875176608e-16,5.218005417905844e-08
114.9,-0.0001903676140493094,2.295723795092428e-16,5.381358948163233e-08
115.0,-0.00018294155842692481,2.3293940628738437e-16,5.5462914399618317e-08
115.1,-0.00017537476786850777,2.2440571046888316e-16,5.7152098411255314e-08
115.2,-0.000166976273565199,2.3298075172679917e-16,5.880555062215693e-08
115.3,-0.00015671879223792248,2.423757911770606e-16,6.040556006921053e-08
115.4,-0.00014616050029109295,2.333042098296227e-16,6.199502685879624e-08
115.5,-0.00013541019345865828,2.3355690378234473e-16,6.351466660679373e-08
115.6,-0.00012301099598773196,2.45753456765921e-16,6.49097170165711e-08
115.7,-0.0001100508101456133,2.405515350561669e-16,6.622655102765367e-08
115.8,-9.742106596035597e-05,2.328639673397461e-16,6.743910569355673e-08
115.9,-8.361405876344406e-05,2.4307031117615514e-16,6.846602885740595e-08
116.0,-6.899090220508401e-05,2.440618723099943e-16,6.933867982574531e-08
116.1,-5.5015167698634806e-05,2.3168817643653194e-16,7.007212901518402e-08
116.2,-4.052063661999567e-05,2.354965339611928e-16,7.057892452678992e-08
116.3,-2.506929570613524e-05,2.4195193163231455e-16,7.086033529056958e-08
116.4,-1.0345437999939877e-05,2.296540652605293e-16,7.096810966110977e-08
116.5,4.168688711905252e-06,2.2496075793968225e-16,7.083368592605574e-08
116.6,1.9581637806752767e-05,2.335152891124996e-16,7.042261441827507e-08
116.7,3.4393257829280516e-05,2.256461183621294e-16,6.980739968304535e-08
116.8,4.832845940637353e-05,2.1350306831274484e-16,6.896017003953926e-08
116.9,6.287035465105864e-05,2.1948988994646416e-16,6.781759928953422e-08
117.0,7.706065126668272e-05,2.180899581316695e-16,6.645054388480224e-08
117.1,8.98860222005901e-05,2.0224439679993427e-16,6.488329913868813e-08
117.2,0.00010281601203468889,2.0171954720843418e-16,6.304170324477886e-08
117.3,0.00011565622377495418,2.0582308031870417e-16,6.097335819205507e-08
117.4,0.0001268951592071419,1.9126087603965694e-16,5.8751827654561886e-08
117.5,0.00013760653574183056,1.8270809602222446e-16,5.6316096664622004e-08
117.6,0.00014839180027685655,1.887254398263936e-16,5.3676778227371774e-08
117.7,0.0001576069158436176,1.7960790170093464e-16,5.093977631277255e-08
117.8,0.000165649566993055,1.6464496123408011e-16,4.807964176152432e-08
117.9,0.00017375211144726572,1.6802414295137333e-16,4.50686351164743e-08
118.0,0.00018053799166333428,1.6605423949344377e-16,4.201873066272566e-08
118.1,0.0001856210167876571,1.4884272815390452e-16,3.895350677737744e-08
118.2,0.00019054500013336402,1.4605970820402101e-16,3.581836877310553e-08
118.3,0.00019453567681475172,1.4991523421891736e-16,3.270336395154632e-08
118.4,0.00019651441960672207,1.3548847748229985e-16,2.96806817218307e-08
118.5,0.00019794328227147064,1.2555738389404382e-16,2.6689475471311258e-08
118.6,0.00019883680543993087,1.314678442120718e-16,2.3776415799969068e-08
118.7,0.00019769155915177553,1.2377568863248743e-16,2.1047241703522455e-08
118.8,0.00019551970746304405,1.0882899608075144e-16,1.845765087837993e-08
118.9,0.0001931169148764637,1.1230559695221908e-16,1.600237917981631e-08
119.0,0.00018893158827410316,1.1255542203293235e-16,1.379493987766621e-08
119.1,0.00018327510306845126,9.69419192645231e-17,1.1824667348951347e-08
119.2,0.00017752502157511392,9.469854974701167e-17,1.0040942116661855e-08
119.3,0.000170472852146068,1.0098614867184742e-16,8.536210966853168e-09
119.4,0.00016165792830015384,8.952648402572677e-17,7.338725448713858e-09
119.5,0.00015269930793231326,8.093821821989106e-17,6.371430487831813e-09
119.6,0.00014303957460355224,8.920513567377354e-17,5.68275439920285e-09
119.7,0.00013157156504894262,8.54108027012952e-17,5.331386099439832e-09
119.8,0.00011975959126941276,7.290447611178522e-17,5.238140220943955e-09
119.9,0.00010784501767532999,7.855324849328115e-17,5.397420838825417e-09
120.0,9.436425449515681e-05,8.29412173981401e-17,5.879293869038955e-09
120.1,8.027364603830594e-05,7.084103050788149e-17,6.623650245217106e-09
120.2,6.656391001033893e-05,7.077426949158287e-17,7.5762514883753e-09
120.3,5.179613875022862e-05,8.086740064442566e-17,8.796056603125634e-09
120.4,3.6196134419261885e-05,7.373678200528263e-17,1.0253502496226614e-08
120.5,2.1269753558454327e-05,6.76205228091954e-17,1.186342769889131e-08
120.6,5.978718801861406e-06,7.893415720901694e-17,1.3655931713233061e-08
120.7,-1.0219099657174965e-05,7.961270325987883e-17,1.5631557273959398e-08
120.8,-2.5663366892208388e-05,7.003133782937304e-17,1.7697221162072175e-08
120.9,-4.071571539625903e-05,7.799357064871161e-17,1.9846823886955015e-08
121.0,-5.653047275333149e-05,8.643976462494197e-17,2.2101441755086408e-08
121.1,-7.169028699636458e-05,7.775252034668139e-17,2.4380570648799633e-08
121.2,-8.577368901796055e-05,7.944677910231132e-17,2.6645960097534924e-08
121.3,-0.00010023880873881409,9.260719848700572e-17,2.8926286169051298e-08
121.4,-0.00011424704794402087,8.905654875295113e-17,3.11665015983013e-08
121.5,-0.00012668403335967267,8.452498090949013e-17,3.330810609393831e-08
121.6,-0.00013892919197320647,9.769831531421056e-17,3.53766240388665e-08
121.7,-0.00015091401201897545,1.0162167941793081e-16,3.73468533259308e-08
121.8,-0.00016109592964605817,9.369581146502894e-17,3.9154253169042404e-08
121.9,-0.00017041588065740094,1.0233444774144708e-16,4.0815237704158465e-08
122.0,-0.000179575903897235,1.1305730754561773e-16,4.2332867971672264e-08
122.1,-0.00018697871759037525,1.0605877986799293e-16,4.3648692568879064e-08
122.2,-0.00019288047082345773,1.0758862377091544e-16,4.4768008611397034e-08
122.3,-0.00019856466603500756,1.2165667290975516e-16,4.5717829924068676e-08
122.4,-0.00020276866108788017,1.1957917939410502e-16,4.645452423183218e-08
122.5,-0.00020499300075935235,1.1443781040871282e-16,4.697170066760607e-08
122.6,-0.00020677254238478775,1.269870554117154e-16,4.731470734069599e-08
122.7,-0.00020748777198069133,1.3166039873561306e-16,4.746132255276577e-08
122.8,-0.00020600601900967432,1.2296045376437277e-16,4.7392860916549816e-08
122.9,-0.0002037257808567843,1.296650527279863e-16,4.7165100753063395e-08
123.0,-0.00020082180694848688,1.3998505757199109e-16,4.67830602828009e-08
123.1,-0.00019581293642228004,1.3218848239312689e-16,4.621637342493266e-08
123.2,-0.00018961329284903478,1.3098934117571894e-16,4.5519374788169404e-08
123.3,-0.00018314848385119658,1.4327360335722147e-16,4.472851555898877e-08
123.4,-0.00017496428699873551,1.4019454581647194e-16,4.3806713536790065e-08
123.5,-0.00016526895330805022,1.3212398087547292e-16,4.279148615515115e-08
123.6,-0.0001555122799893201,1.4165726785863882e-16,4.1749631608331715e-08
123.7,-0.00014463874660904314,1.4488822385965775e-16,4.064886372781414e-08
123.8,-0.00013211040227370023,1.335222926982786e-16,3.9495260577235954e-08
123.9,-0.000119548089679374,1.3636308858802624e-16,3.837544558391979e-08
124.0,-0.00010656965946272097,1.4444244453255038e-16,3.727827995473998e-08
124.1,-9.20407519939357e-05,1.3434607210588674e-16,3.61714710985165e-08
124.2,-7.73616340207337e-05,1.2906363205144046e-16,3.514044487721832e-08
124.3,-6.293200280105004e-05,1.3824474520776374e-16,3.421002962659961e-08
124.4,-4.732220038284972e-05,1.33162260437901e-16,3.331630789651777e-08
124.5,-3.1378985290298084e-05,1.2138213012369134e-16,3.25165694047353e-08
124.6,-1.6198669371492774e-05,1.2709310573417871e-16,3.187635312275841e-08
124.7,-4.320623997795573e-07,1.2828452591841608e-16,3.132136463503216e-08
124.8,1.5819748621638813e-05,1.13980174080971e-16,3.0857592778760933e-08
124.9,3.102188743632403e-05,1.127653475228327e-16,3.0579925972586867e-08
125.0,4.60878281526501e-05,1.1853636311042628e-16,3.043309192003793e-08
125.1,6.166696066934459e-05,1.0644406254924337e-16,3.036315307591883e-08
125.2,7.61527169422166e-05,9.751887334158135e-17,3.046759042304468e-08
125.3,8.97778924919713e-05,1.0405743649788458e-16,3.073603387956014e-08
125.4,0.0001037601743055982,9.774860683195257e-17,3.106685664036652e-08
125.5,0.00011680595446591066,8.330612586411683e-17,3.152652827942872e-08
125.6,0.00012839454655426337,8.627314779049566e-17,3.2160062746526636e-08
125.7,0.00013998980672756835,8.672561200592975e-17,3.284911495143977e-08
125.8,0.00015091820748064317,7.114387762654522e-17,3.360200891821942e-08
125.9,0.0001600234741106644,6.758507182411648e-17,3.4508007558969317e-08
126.0,0.00016863530661776873,7.284940156788152e-17,3.547114195247513e-08
126.1,0.0001768540582481986,6.089985120598886e-17,3.643300838398797e-08
126.2,0.0001831671114945637,5.059810889842766e-17,3.749734439478466e-08
126.3,0.00018842737324038138,5.6728495993024e-17,3.86228545084039e-08
126.4,0.0001934721459294073,5.165466317950025e-17,3.9699448176038395e-08
126.5,0.000196803289360779,3.7195634468996194e-17,4.0808197729360275e-08
126.6,0.00019857795490405494,3.9940672185681575e-17,4.197529663882544e-08
126.7,0.00020015291487975758,4.2225089595076065e-17,4.307296499673883e-08
126.8,0.00020041424351405289,2.81289515327709e-17,4.4129854913350444e-08
126.9,0.0001987826627772673,2.486963012764706e-17,4.5228093839844383e-08
127.0,0.00019679147684009988,3.211677264750399e-17,4.626260304782566e-08
127.1,0.00019398732322799616,2.291481059060465e-17,4.7199006230817755e-08
127.2,0.00018920179825606415,1.3759069443086694e-17,4.814434478569469e-08
127.3,0.00018376243914251385,2.17383998152381e-17,4.9047943879726555e-08
127.4,0.00017799054087490405,2.020150153565586e-17,4.98247283474146e-08
127.5,0.00017042634826466572,8.081396666563286e-18,5.056853385262885e-08
127.6,0.00016186548172694872,1.2687972501027545e-17,5.129480199462105e-08
127.7,0.00015332747126378841,1.8759995748023727e-17,5.189759521112565e-08
127.8,0.00014343429108275285,8.1633831653422e-18,5.242672352501731e-08
127.9,0.00013226068549503838,7.007304891264968e-18,5.2952319382510036e-08
128.0,0.0001212767911187541,1.781294475402765e-17,5.338296865651972e-08
128.1,0.00010954080662223377,1.299504635658748e-17,5.37115521140964e-08
128.2,9.640121501818434e-05,6.5280047194738184e-18,5.4034026342157226e-08
128.3,8.342186410914104e-05,1.7590727589225208e-17,5.4301166233407596e-08
128.4,7.034401725572382e-05,2.0722552200634762e-17,5.445695385759552e-08
128.5,5.5968344070729024e-05,1.1986235748646348e-17,5.458852812006938e-08
128.6,4.157522094399246e-05,1.9139742291584057e-17,5.4699460078082786e-08
128.7,2.7666190016010673e-05,2.946076420321273e-17,5.47087988238313e-08
128.8,1.281061847832741e-05,2.27973495375481e-17,5.466714166310505e-08
128.9,-2.2983405956868604e-06,2.3871445532249376e-17,5.462225436791186e-08
129.0,-1.6510721266482618e-05,3.798433592505706e-17,5.449780885257253e-08
129.1,-3.1114084797239957e-05,3.720143798395043e-17,5.4295987656236954e-08
129.2,-4.615778991129906e-05,3.2898483099399076e-17,5.408608770528204e-08
129.3,-6.0116534448882894e-05,4.612387301599889e-17,5.3820332970636536e-08
129.4,-7.379703221767265e-05,5.287217952024376e-17,5.345870586300067e-08
129.5,-8.796031458003289e-05,4.6421231255145146e-17,5.3065148787104585e-08
129.6,-0.00010107203043177504,5.46979059318647e-17,5.263095610785843e-08
129.7,-0.00011324191676059162,6.762851291794526e-17,5.209361610585849e-08
129.8,-0.0001257347006772757,6.327470487862688e-17,5.149095716616878e-08
129.9,-0.0001373753486551447,6.476131967238889e-17,5.084872879271709e-08
130.0,-0.00014753652259013485,8.010700641722474e-17,5.010613393587014e-08
130.1,-0.0001576547674879459,8.133410474677266e-17,4.926706567091128e-08
130.2,-0.00016719343124916788,7.710299047961815e-17,4.837634755946396e-08
130.3,-0.00017493422818258471,9.011324913866772e-17,4.7394183569072756e-08
130.4,-0.00018211376117323005,9.805884069892451e-17,4.6296536162039625e-08
130.5,-0.00018895469608207826,9.154073826347071e-17,4.512921832231234e-08
130.6,-0.00019394371437866484,9.83849547310108e-17,4.3881741429023983e-08
130.7,-0.0001977995114546024,1.1126438357746116e-16,4.251714908615729e-08
130.8,-0.00020143771989427397,1.0669078704909813e-16,4.106932883666376e-08
130.9,-0.00020342183549618858,1.0597478277182564e-16,3.955395382993664e-08
131.0,-0.00020376833108066584,1.1975353295572534e-16,3.793726882973657e-08
131.1,-0.00020384980749997442,1.2031686670143191e-16,3.623762081719535e-08
131.2,-0.00020266162299723467,1.1358354062265244e-16,3.448686246345142e-08
131.3,-0.00019951344151003576,1.2367302150852394e-16,3.2664650027648336e-08
131.4,-0.00019588904283252817,1.3021054679098498e-16,3.077821605931762e-08
131.5,-0.00019146549120513748,1.2125303803345071e-16,2.8865576382001618e-08
131.6,-0.00018502163362297427,1.2424365763699682e-16,2.6921337039606283e-08
131.7,-0.00017778379827225815,1.3465598123885042e-16,2.4948611339481553e-08
131.8,-0.0001701933698902964,1.2775764897922832e-16,2.2986579239592756e-08
131.9,-0.00016081046282563784,1.2287067669832823e-16,2.1040188302633578e-08
132.0,-0.0001503046809607716,1.3314869635771303e-16,1.911181860935269e-08
132.1,-0.00013977687333727496,1.3142537953870458e-16,1.7242248682887054e-08
132.2,-0.00012793801279859627,1.2082746720443585e-16,1.544188627355782e-08
132.3,-0.00011474543222400051,1.266371241448174e-16,1.3709205590184997e-08
132.4,-0.00010169358167634539,1.3061123399687598e-16,1.2088184151357705e-08
132.5,-8.797844452785737e-05,1.184163491220746e-16,1.0594757811286274e-08
132.6,-7.287125918955932e-05,1.168594922413033e-16,9.216163538414948e-09
132.7,-5.7899622375438474e-05,1.242419765473512e-16,7.996360899080768e-09
132.8,-4.295922007171238e-05,1.1484424365022254e-16,6.962630002363146e-09
132.9,-2.6835346276413403e-05,1.0580264824608368e-16,6.086041873511965e-09
133.0,-1.0723364226478419e-05,1.1260281047118616e-16,5.39924471904365e-09
133.1,4.740199256780681e-06,1.0888045286073013e-16,4.947676550533255e-09
133.2,2.0933262651931872e-05,9.497678451267547e-17,4.690321279410208e-09
133.3,3.72725353267085e-05,9.706652632929953e-17,4.631808152722011e-09
133.4,5.252375781497299e-05,9.919990453581883e-17,4.835771903896186e-09
133.5,6.786475641581636e-05,8.483802812772863e-17,5.264083431307842e-09
133.6,8.34499087394136e-05,7.986797880979801e-17,5.879556386768501e-09
133.7,9.773926962406044e-05,8.539395778792752e-17,6.751505101400178e-09
133.8,0.00011139867028502337,7.495263291897731e-17,7.865294593184799e-09
133.9,0.00012526161637015296,6.333784590386491e-17,9.140873386078494e-09
134.0,0.0001378510528575333,6.819746314097757e-17,1.0629086279747376e-08
134.1,0.0001491391647132297,6.427013423752739e-17,1.2354340763515198e-08
134.2,0.00016041211389011137,4.9127274020321814e-17,1.4210846625938678e-08
134.3,0.00017060946979985012,4.954263806650953e-17,1.6204045831769667e-08
134.4,0.0001790043549907651,5.200171667411083e-17,1.839726847082289e-08
134.5,0.00018699922657267824,3.792279665212069e-17,2.069095423818694e-08
134.6,0.00019420166899219407,3.20063844959818e-17,2.3028758823048537e-08
134.7,0.00019935821458066399,3.8099984797219904e-17,2.54929681995465e-08
134.8,0.0002036265462389492,2.929554946046966e-17,2.8025095047828544e-08
134.9,0.0002073694780520782,1.791980485050137e-17,3.051222558480048e-08
135.0,0.0002091142989990578,2.3531997141652395e-17,3.302162367262591e-08
135.1,0.00020947903347996478,2.214636589129383e-17,3.5558051363174e-08
135.2,0.000209483934262993,8.597710552292482e-18,3.7981113404510114e-08
135.3,0.0002078024326152389,9.967828733028227e-18,4.0309298953041645e-08
135.4,0.00020435802644264844,1.5244012509884788e-17,4.2608680584679155e-08
135.5,0.00020057083876641438,4.004818330552335e-18,4.475532105885887e-08
135.6,0.00019559249548670694,-4.853064985276589e-19,4.670162400125498e-08
135.7,0.00018867546420584178,8.300454564850552e-18,4.854781493525132e-08
135.8,0.00018128722426274423,3.2465007167981045e-18,5.022811731995752e-08
135.9,0.00017327328925490686,-5.936083425079835e-18,5.163809802484479e-08
136.0,0.00016341034575919068,2.037525330454835e-18,5.28703539690194e-08
136.1,0.0001528538913832251,4.7391534955119105e-18,5.393921638299923e-08
136.2,0.00014218872837436095,-5.6538836201907774e-18,5.4717739672537205e-08
136.3,0.0001300330051919576,-2.0557278794189113e-18,5.525228571504636e-08
136.4,0.00011695341704635812,7.128336038762497e-18,5.5629774362864855e-08
136.5,0.00010413775332357021,-1.5345934073300239e-19,5.5747098447162425e-08
136.6,9.040456040141624e-05,-2.3113151818181446e-18,5.5585770413555034e-08
136.7,7.560569567570992e-05,9.744661933631134e-18,5.527111198677446e-08
136.8,6.124781609360287e-05,8.976909539423123e-18,5.476329897665668e-08
136.9,4.66598690394588e-05,2.432098834136838e-18,5.398842417129821e-08
137.0,3.103386874702136e-05,1.285365078482362e-17,5.306342903505585e-08
137.1,1.5834030155045715e-05,1.9549667793941008e-17,5.202803356058557e-08
137.2,1.0825621670026066e-06,1.2154103299635041e-17,5.07860467954339e-08
137.3,-1.4467507222753793e-05,1.7510534374134745e-17,4.940562656998328e-08
137.4,-2.9743241304130116e-05,2.987033519103172e-17,4.799265360075214e-08
137.5,-4.4019674402874156e-05,2.5785215304557114e-17,4.647102390888359e-08
137.6,-5.8652642459345205e-05,2.494398503242261e-17,4.484154561940424e-08
137.7,-7.321056794343628e-05,3.8911287466372206e-17,4.3239112324437154e-08
137.8,-8.643232281172787e-05,4.1038641861033946e-17,4.1641410631642495e-08
137.9,-9.942692297796564e-05,3.566843500998577e-17,3.999074983460841e-08
138.0,-0.00011249408657122925,4.676200830684474e-17,3.840528128909041e-08
138.1,-0.0001241378383126194,5.557413827954103e-17,3.692803835359719e-08
138.2,-0.00013492889257181025,4.9306224784195127e-17,3.5473187207131014e-08
138.3,-0.0001458067926620862,5.4281926050000485e-17,3.4105347425535656e-08
138.4,-0.00015540172925771205,6.747823095997902e-17,3.2918650256974126e-08
138.5,-0.00016359217297981445,6.438905858885187e-17,3.1836974471506496e-08
138.6,-0.0001717086475652435,6.265275834982135e-17,3.0856283660492955e-08
138.7,-0.00017883837654572663,7.614035347090974e-17,3.008868502645743e-08
138.8,-0.0001841897906374266,7.884312928566188e-17,2.9497508525889805e-08
138.9,-0.00018914134348059822,7.241178317349152e-17,2.9019826187554878e-08
139.0,-0.00019345583704670228,8.179671824833872e-17,2.8747558444135646e-08
139.1,-0.00019586433206587398,9.03912103133554e-17,2.8694370099638928e-08
139.2,-0.00019744234514084422,8.316088246326799e-17,2.876656180432928e-08
139.3,-0.0001986804899158388,8.563640618117053e-17,2.9007237542473863e-08
139.4,-0.0001981471767368895,9.75060562639594e-17,2.9470348272297773e-08
139.5,-0.00019634424645926366,9.340874244452553e-17,3.006527380123955e-08
139.6,-0.00019436365177902346,8.88084148690479e-17,3.0776699073236386e-08
139.7,-0.00019096900287617972,9.975930274005203e-17,3.167434988059318e-08
139.8,-0.00018596536890221437,1.0116423638029735e-16,3.26971880661725e-08
139.9,-0.00018077304507222542,9.196318793755615e-17,3.3782137960725486e-08
140.0,-0.0001746622249737104,9.784416338632235e-17,3.4987176892589996e-08
140.1,-0.0001667960263964595,1.0450209911011719e-16,3.629168630863346e-08
140.2,-0.00015857215103822977,9.486703175273601e-17,3.760911710341456e-08
140.3,-0.00014995445224959118,9.346631928461732e-17,3.8966424778713185e-08
140.4,-0.00013968241471319417,1.0269023725857534e-16,4.037770380357439e-08
140.5,-0.0001287900092494954,9.661012435637413e-17,4.175992077723992e-08
140.6,-0.00011795086249788425,8.834712594115356e-17,4.310437793303759e-08
140.7,-0.00010580727478586717,9.596428064546654e-17,4.444362774140508e-08
140.8,-9.278305376121755e-05,9.555835661432114e-17,4.571755373289777e-08
140.9,-8.010285354275259e-05,8.342364979084538e-17,4.689117139606986e-08
141.0,-6.666402101677356e-05,8.57025397879875e-17,4.7998073589546966e-08
141.1,-5.218933660449324e-05,9.050806407563347e-17,4.90075107249419e-08
141.2,-3.816059078699158e-05,7.89065639664169e-17,4.987490012708302e-08
141.3,-2.4019533261466836e-05,7.416512887463745e-17,5.062442067665886e-08
141.4,-8.874305902088248e-06,8.133552687416891e-17,5.124948645251532e-08
141.5,5.8919263822279786e-06,7.420425637578385e-17,5.171094814220201e-08
141.6,2.013930377696758e-05,6.345910468355031e-17,5.202316730584773e-08
141.7,3.513346768271922e-05,6.895339841861357e-17,5.2193372989585034e-08
141.8,4.991908097641329e-05,6.819538527588477e-17,5.219455526067409e-08
141.9,6.367884713462682e-05,5.4877841082699776e-17,5.203788005375836e-08
142.0,7.771827868356691e-05,5.531180013044494e-17,5.173665055261873e-08
142.1,9.173105315157565e-05,6.01031256914374e-17,5.127330727604328e-08
142.2,0.00010441257755436379,4.8641370919964275e-17,5.066248918667803e-08
142.3,0.00011676580719091972,4.269361341421788e-17,4.9922995326115895e-08
142.4,0.00012919243791788672,4.989212390206455e-17,4.903938686133717e-08
142.5,0.00014021295559420424,4.3995232119320855e-17,4.802992997148015e-08
142.6,0.00015026324845236115,3.3156186950771774e-17,4.692423575726615e-08
142.7,0.0001603363933883159,3.8771750628220696e-17,4.5704542919782275e-08
142.8,0.00016913491014493648,3.9949814426960083e-17,4.4384452022898464e-08
142.9,0.00017640770293736048,2.7862382581069584e-17,4.30093446207347e-08
143.0,0.0001834774020949472,2.8718142996711147e-17,4.15630797518629e-08
143.1,0.0001895414749263143,3.570325564594096e-17,4.00422221916488e-08
143.2,0.00019371677642772802,2.677236079351055e-17,3.8505207846327484e-08
143.3,0.00019731503980795318,2.196298588552368e-17,3.694948480728586e-08
143.4,0.00020022010298004564,3.13102306151876e-17,3.5346660864334015e-08
143.5,0.0002011328977284349,2.8801809293096524e-17,3.3754486217941e-08
143.6,0.00020102107349603216,1.9989356696844243e-17,3.219724335944905e-08
143.7,0.0002004777734531413,2.7577971683173915e-17,3.0625802709246206e-08
143.8,0.00019811124367147373,3.248004352492354e-17,2.9076182936388984e-08
143.9,0.00019430276140998558,2.3462258691527118e-17,2.7604332995116657e-08
144.0,0.00019020429074343974,2.634002443025831e-17,2.615844484473817e-08
144.1,0.0001846808434895609,3.6895961575094934e-17,2.4734319085985382e-08
144.2,0.0001774363811107975,3.185289364722314e-17,2.340913840063582e-08
144.3,0.00016989599736534004,2.93195801962102e-17,2.215381259099806e-08
144.4,0.0001614696965557483,4.1693043821754313e-17,2.091914442907793e-08
144.5,0.00015126672196124144,4.343948460269542e-17,1.97786634315027e-08
144.6,0.0001406360561689063,3.745158657098414e-17,1.8746471781892854e-08
144.7,0.00012968758517365025,4.7478960502449884e-17,1.774330044954755e-08
144.8,0.00011717048046920867,5.637527614191709e-17,1.680913439232839e-08
144.9,0.00010403191370261531,5.0618102804411766e-17,1.600490310109632e-08
145.0,9.106440579353249e-05,5.537411682846534e-17,1.5252462516884513e-08
145.1,7.698408774284795e-05,6.904539258805635e-17,1.4537466286354375e-08
145.2,6.211488871306612e-05,6.740772314030865e-17,1.3949590845724467e-08
145.3,4.7746722956114184e-05,6.651472192090541e-17,1.3446861027428632e-08
145.4,3.2899323101796645e-05,8.091164526818622e-17,1.296063183962619e-08
145.5,1.7210452756473842e-05,8.57950143761043e-17,1.2575163471790866e-08
145.6,2.160143193291788e-06,8.141999544231994e-17,1.2307589612586152e-08
145.7,-1.2667093383949261e-05,9.234898326583355e-17,1.2058658001706967e-08
145.8,-2.820974710650324e-05,1.0356088740591177e-16,1.1871220901125012e-08
145.9,-4.315075930311066e-05,9.943416367606281e-17,1.1820663592843246e-08
146.0,-5.7221166239866016e-05,1.0424186432700076e-16,1.1816146235191794e-08
146.1,-7.168195117386722e-05,1.1901130443366351e-16,1.183762689374708e-08
146.2,-8.569052744125677e-05,1.1881344336411195e-16,1.1992728978531811e-08
146.3,-9.834580340124567e-05,1.1747211890335387e-16,1.2237203568859927e-08
146.4,-0.00011089850115773981,1.3153926026978653e-16,1.249163985571908e-08
146.5,-0.0001231736441726621,1.372199475927485e-16,1.2854819779034057e-08
146.6,-0.00013384968661670274,1.3214651174470954e-16,1.3349820705953213e-08
146.7,-0.00014383967927186295,1.414473521501463e-16,1.3865862452130458e-08
146.8,-0.00015366398870711714,1.5241048934351193e-16,1.4453789971376448e-08
146.9,-0.0001618990862556208,1.475004815823802e-16,1.5198015510765367e-08
147.0,-0.00016888090544721725,1.4986120121592285e-16,1.59974132949029e-08
147.1,-0.00017568178250839382,1.631040856616894e-16,1.683397342501477e-08
147.2,-0.00018112222056699498,1.61886101148335e-16,1.782298537721497e-08
147.3,-0.00018486976141869607,1.5772658555077862e-16,1.890999041002029e-08
147.4,-0.00018827113161960175,1.6900442555330522e-16,2.0013504018843234e-08
147.5,-0.00019067832287609943,1.7317908738810888e-16,2.123731346174528e-08
147.6,-0.00019117016169999132,1.653448652639668e-16,2.2591754426456044e-08
147.7,-0.00019102610445329628,1.7093675768391919e-16,2.396039182812821e-08
147.8,-0.00019028710663654495,1.7962078558658418e-16,2.5398173073337865e-08
147.9,-0.0001876736622478742,1.7215499892940502e-16,2.6973097746954093e-08
148.0,-0.00018407792699527914,1.703656221294618e-16,2.857309354231099e-08
148.1,-0.0001802183754882846,1.804103393647995e-16,3.018591754847468e-08
148.2,-0.00017478018218619856,1.7680158468086952e-16,3.190910927080259e-08
148.3,-0.00016804963509106866,1.6865219921121102e-16,3.36694234377613e-08
148.4,-0.0001612455601927059,1.7597466606873056e-16,3.5393495633060355e-08
148.5,-0.00015335219720044284,1.7769761004480993e-16,3.717152372364149e-08
148.6,-0.00014398690138267114,1.6645006440535212e-16,3.898651611868627e-08
148.7,-0.00013457039226758116,1.6771984721344745e-16,4.073007307797499e-08
148.8,-0.00012464770285497775,1.7367203836630836e-16,4.245388773315906e-08
148.9,-0.00011327453795445721,1.6358733405655196e-16,4.4193339108640786e-08
149.0,-0.00010172823599980054,1.5773988047795753e-16,4.583974952816024e-08
149.1,-9.023794680276425e-05,1.6472602513770116e-16,4.739160675250473e-08
149.2,-7.75474513396477e-05,1.5917556479075113e-16,4.891578022052596e-08
149.3,-6.448446218552488e-05,1.4771966839257208e-16,5.033373339418454e-08
149.4,-5.191611921019235e-05,1.5179105944635585e-16,5.1595844186892973e-08
149.5,-3.8602943067023854e-05,1.5200756346734522e-16,5.277261719768839e-08
149.6,-2.4731571751338847e-05,1.3861808463015358e-16,5.383221347714159e-08
149.7,-1.1602910817646658e-05,1.3688389376829714e-16,5.469747422918478e-08
149.8,1.6812702151561852e-06,1.4148293906465657e-16,5.541877963506691e-08
149.9,1.560524752802087e-05,1.3043460950907977e-16,5.6010608843534064e-08
150.0,2.874585009100595e-05,1.222656314909451e-16,5.639508524061313e-08
150.1,4.14215159026932e-05,1.279181273435896e-16,5.659055905958056e-08
150.2,5.46493894602944e-05,1.2240059311952214e-16,5.664396556426489e-08
150.3,6.72253121198732e-05,1.0981324534778411e-16,5.6499774781503524e-08
150.4,7.879540748230969e-05,1.1273605331184664e-16,5.614631098644337e-08
150.5,9.063943925569108e-05,1.1361723598794373e-16,5.564316315333659e-08
150.6,0.00010205857139364088,1.0045144845849711e-16,5.496950226842686e-08
150.7,0.00011210344458534606,9.802069663001555e-17,5.40960116801091e-08
150.8,0.00012198256490560915,1.0354914546637766e-16,5.3077274924741034e-08
150.9,0.00013166295738536174,9.401119875992691e-17,5.19269541715512e-08
151.0,0.00013982683312024604,8.600547943242718e-17,5.061402862546465e-08
151.1,0.00014729814873097353,9.265843090373298e-17,4.917793660009918e-08
151.2,0.00015470533826376963,8.95746509761152e-17,4.7657126781287654e-08
151.3,0.00016068276041265498,7.82838531106949e-17,4.603148186466432e-08
151.4,0.0001654558551396955,8.22858738672773e-17,4.43237054420105e-08
151.5,0.00017014708714975692,8.603713616813274e-17,4.25836745692963e-08
151.6,0.0001736770741561736,7.539797405403808e-17,4.080741384527459e-08
151.7,0.00017561168535175074,7.437335782004942e-17,3.9004931418427445e-08
151.8,0.0001772798080191025,8.272911624932959e-17,3.7226110641052707e-08
151.9,0.0001781527375931668,7.663352616372229e-17,3.548112669629601e-08
152.0,0.00017724373664570803,7.060512225449375e-17,3.377223283249619e-08
152.1,0.00017575279929514832,7.977435086404538e-17,3.214267971452355e-08
152.2,0.00017383096297448925,8.0585861761184e-17,3.061106550472021e-08
152.3,0.00017018681456024167,7.201394208173461e-17,2.9174080898011042e-08
152.4,0.00016559254776139605,7.819075255756091e-17,2.7865726286005312e-08
152.5,0.00016084090361344442,8.569323395524241e-17,2.670799122119679e-08
152.6,0.00015466235803340402,7.84278008610487e-17,2.5690911990703744e-08
152.7,0.00014721344025305178,7.941512629119499e-17,2.483750419829368e-08
152.8,0.0001397334405947656,9.094014614124192e-17,2.4171405260897254e-08
152.9,0.00013129798287139964,8.860686620249938e-17,2.3674313854118025e-08
153.0,0.00012141762311462764,8.470068483161261e-17,2.3354536408380297e-08
153.1,0.00011147501958414579,9.61847788499482e-17,2.3238054489159505e-08
153.2,0.00010112988242952981,1.0058379568042295e-16,2.32999286985834e-08
153.3,8.938087925444206e-05,9.43410406243438e-17,2.352789953196845e-08
153.4,7.741862373461141e-05,1.0199835353785304e-16,2.394981943836718e-08
153.5,6.558168560900588e-05,1.1236922776098406e-16,2.4541422795515067e-08
153.6,5.262089372163424e-05,1.0758923891656286e-16,2.5265250097513793e-08
153.7,3.925064942592773e-05,1.094588509673382e-16,2.6145636279498593e-08
153.8,2.6415215298795295e-05,1.2272534193226975e-16,2.7170209194913486e-08
153.9,1.2944637608083903e-05,1.2271007981080208e-16,2.8278034511775108e-08
154.0,-1.0855414308992745e-06,1.1939159194288832e-16,2.9478888302323155e-08
154.1,-1.4348328763843052e-05,1.3141227479297276e-16,3.0781885703901006e-08
154.2,-2.7627032533051226e-05,1.3760338665480966e-16,3.211424901992844e-08
154.3,-4.1486525512037066e-05,1.3195065785234776e-16,3.345833172246005e-08
154.4,-5.4534414024600557e-05,1.391356495505107e-16,3.4846156711605134e-08
154.5,-6.695713751269865e-05,1.5033000944591546e-16,3.621345934534294e-08
154.6,-7.980135079317145e-05,1.460996990393728e-16,3.750767312547509e-08
154.7,-9.194217536986901e-05,1.468329552918081e-16,3.877338375730714e-08
154.8,-0.00010290926499906745,1.5969184178135462e-16,3.997727505771253e-08
154.9,-0.00011395321824191561,1.5997378138525138e-16,4.103651196643601e-08
155.0,-0.00012448275510785098,1.5526956089982106e-16,4.1988457741116e-08
155.1,-0.00013347650718477386,1.6567582422212975e-16,4.2845628713050625e-08
155.2,-0.00014206262064013687,1.7153189521344032e-16,4.3513819623466674e-08
155.3,-0.0001503171695130607,1.6448751930494525e-16,4.4002035509111814e-08
155.4,-0.0001569130694726536,1.6913389308331118e-16,4.436802704691038e-08
155.5,-0.0001625635666267899,1.7907184314992629e-16,4.4534526177345627e-08
155.6,-0.00016798121019410335,1.735308050917608e-16,4.447000508105182e-08
155.7,-0.00017185700143363409,1.7131229775488354e-16,4.425963112486915e-08
155.8,-0.00017430443696459338,1.8189188612401626e-16,4.387032981258173e-08
155.9,-0.0001764858333735489,1.8079725867457841e-16,4.323414960381681e-08
156.0,-0.00017743193107026942,1.7319268025552553e-16,4.243468227966079e-08
156.1,-0.00017662558622006243,1.8041624112677368e-16,4.149775401261014e-08
156.2,-0.0001753838937397471,1.8454304602141523e-16,4.03395994788444e-08
156.3,-0.00017331677621211037,1.749888662823283e-16,3.901357242935161e-08
156.4,-0.00016940704284987363,1.760245916570938e-16,3.759954263590939e-08
156.5,-0.00016479755208244974,1.837169209751115e-16,3.602751059659114e-08
156.6,-0.0001597751439873026,1.7618872106037376e-16,3.430397065618584e-08
156.7,-0.0001530815635105957,1.7046766265052495e-16,3.2539440464823384e-08
156.8,-0.0001454046964394164,1.7823648482450629e-16,3.0704244202049274e-08
156.9,-0.0001376401973565675,1.7552826772018196e-16,2.875989454922577e-08
157.0,-0.00012861079278434355,1.6505184682278858e-16,2.681439127056425e-08
157.1,-0.00011838669511444327,1.69173827147061e-16,2.4891006796064185e-08
157.2,-0.00010825560233074988,1.7185670557426535e-16,2.2925035366011248e-08
157.3,-9.742521564632738e-05,1.6041248463930748e-16,2.0991505588510453e-08
157.4,-8.534323761995785e-05,1.5851818214758149e-16,1.9160428471618236e-08
157.5,-7.33780513387169e-05,1.6472529152821e-16,1.7367948438742854e-08
157.6,-6.133172330363092e-05,1.5628797788881888e-16,1.563903924936063e-08
157.7,-4.818254486203896e-05,1.4830657081432907e-16,1.4068372518154802e-08
157.8,-3.505104181557214e-05,1.5452380206962227e-16,1.2617085428905812e-08
157.9,-2.2395618024560695e-05,1.5168080022713062e-16,1.1260892716190682e-08
158.0,-8.996650530293313e-06,1.40025323172221e-16,1.0090141222216369e-08
158.1,4.5375599796096886e-06,1.427025438271097e-16,9.103353548819555e-09
158.2,1.7193613963241483e-05,1.4568636602393218e-16,8.242933566472616e-09
158.3,3.0068238536650604e-05,1.343046877668256e-16,7.569620836876972e-09
158.4,4.320052837234365e-05,1.3140769186397525e-16,7.116893005930078e-09
158.5,5.526179569751266e-05,1.380282141318936e-16,6.817178594294033e-09
158.6,6.693696352434169e-05,1.307762888676016e-16,6.687854674529906e-09
158.7,7.888595329894007e-05,1.2267357285934066e-16,6.783059711969855e-09
158.8,8.978337146971175e-05,1.2935870453863015e-16,7.047102111810475e-09
158.9,9.971828041221286e-05,1.2851991054601903e-16,7.454339037367701e-09
159.0,0.00010979104397973583,1.1793351105448133e-16,8.06007174169991e-09
159.1,0.00011899790944300094,1.212537710410847e-16,8.834430975149668e-09
159.2,0.00012679929779018558,1.2657973255944617e-16,9.720699742951883e-09
159.3,0.0001344480548358892,1.1744003282385394e-16,1.0757680193127305e-08
159.4,0.00014150124131234867,1.1561090531158808e-16,1.1945013855897408e-08
159.5,0.00014691746645952627,1.245411978922525e-16,1.3213030179484553e-08
159.6,0.00015177937033606794,1.2043549783743255e-16,1.4573055436530726e-08
159.7,0.00015630576356342476,1.1411083884945107e-16,1.6048986054936293e-08
159.8,0.00015920813466078704,1.2288042477953658e-16,1.757670076481937e-08
159.9,0.00016112265024084745,1.2558241318731784e-16,1.9137515769509928e-08
160.0,0.00016286807388130736,1.1756864469647616e-16,2.076869641079936e-08
160.1,0.0001632275387788819,1.22741170494542e-16,2.2426181981120863e-08
160.2,0.00016223001943019462,1.31433762988819e-16,2.4066364613000204e-08
160.3,0.00016108578775593898,1.2555628230771256e-16,2.572704878015942e-08
160.4,0.0001589526792534756,1.2560335860777976e-16,2.7392354470035197e-08
160.5,0.0001552471776147216,1.3737510410107569e-16,2.9004211698300494e-08
160.6,0.00015126850520719246,1.3690507917065965e-16,3.0589250587170416e-08
160.7,0.00014676077587659966,1.3270256964558052e-16,3.216083588704642e-08
160.8,0.00014067885179662017,1.435737085698541e-16,3.36595355705932e-08
160.9,0.00013408999271310163,1.4972325604129982e-16,3.509244801822758e-08
161.0,0.0001273918685114182,1.4416723654080915e-16,3.6496728598931344e-08
161.1,0.00011934633271153719,1.5083152407658277e-16,3.782460742104583e-08
161.2,0.00011052941007023805,1.6233285059279334e-16,3.9060097758147277e-08
161.3,0.00010189860300856376,1.591476322975319e-16,4.0253638018385096e-08
161.4,9.23412618412244e-05,1.6027956082123518e-16,4.137956389045474e-08
161.5,8.180879166587863e-05,1.7381229672448848e-16,4.240071145282847e-08
161.6,7.158730443761852e-05,1.7587085589838545e-16,4.3367460420927373e-08
161.7,6.0977840417974764e-05,1.7260841262485622e-16,4.4282038655329186e-08
161.8,4.933219555896229e-05,1.8413211841790276e-16,4.509319548993656e-08
161.9,3.795410174110097e-05,1.922013325515902e-16,4.583785571773071e-08
162.0,2.6743719129628057e-05,1.8759531467344138e-16,4.654594969938759e-08
162.1,1.4629397471171326e-05,1.940045309622811e-16,4.716308416800983e-08
162.2,2.6191812912288237e-06,2.064011709087521e-16,4.7702199016308005e-08
162.3,-8.751572906289056e-06,2.0405638089791609e-16,4.821454228977636e-08
162.4,-2.069569198635814e-05,2.0432015774798415e-16,4.8655135885852965e-08
162.5,-3.273868171670978e-05,2.1744651888997967e-16,4.900776893159932e-08
162.6,-4.383241089317973e-05,2.1990225592678655e-16,4.9333454746104037e-08
162.7,-5.5013966358213926e-05,2.1547572415217385e-16,4.960803494373251e-08
162.8,-6.644617265958045e-05,2.2538469884643866e-16,4.9787888163789014e-08
162.9,-7.681855400782641e-05,2.331053937580779e-16,4.992925882627456e-08
163.0,-8.672080995098746e-05,2.272837201513697e-16,5.0036269791649574e-08
163.1,-9.689780925418058e-05,2.31151090758117e-16,5.004673387691208e-08
163.2,-0.00010609277216124364,2.4210110993915637e-16,4.999768347466239e-08
163.3,-0.00011428998821048511,2.384296938119814e-16,4.992275862553088e-08
163.4,-0.00012261692560032399,2.356823866918672e-16,4.9755769394901704e-08
163.5,-0.0001301735226670696,2.462126504600183e-16,4.950372509590094e-08
163.6,-0.00013633398449836048,2.470792943915636e-16,4.92236031253097e-08
163.7,-0.00014231560230312175,2.3966242239632533e-16,4.8862466688981755e-08
163.8,-0.00014778986055207462,2.4602182835765314e-16,4.839348471083074e-08
163.9,-0.0001516707808138077,2.515550350479092e-16,4.788388822984582e-08
164.0,-0.00015495333522799705,2.429525169864268e-16,4.7309575339304e-08
164.1,-0.00015795422544849852,2.4278565130971405e-16,4.661524602707657e-08
164.2,-0.00015939428060524896,2.5085428202604344e-16,4.586110793882911e-08
164.3,-0.00015979315485738528,2.4473797819042115e-16,4.5060945560138786e-08
164.4,-0.00016002767761527826,2.3805506808259273e-16,4.4145466827593566e-08
164.5,-0.00015894282895307887,2.450696243582821e-16,4.315114239421789e-08
164.6,-0.00015645247445584648,2.4366243687706776e-16,4.2128375328571335e-08
164.7,-0.00015377174452420515,2.3285420124005346e-16,4.1014284136880144e-08
164.8,-0.00015015821878897707,2.3535336250068444e-16,3.981110980011753e-08
164.9,-0.00014494446678097627,2.3858684273483425e-16,3.85933695951205e-08
165.0,-0.00013938135531920735,2.274312526226496e-16,3.7324902241967614e-08
165.1,-0.0001333266837146901,2.2354742206514967e-16,3.597393995968751e-08
165.2,-0.00012570462663627783,2.291243128120807e-16,3.461842189751002e-08
165.3,-0.000117494338662497,2.2125341593026015e-16,3.3262025990524096e-08
165.4,-0.00010919395077210571,2.1149370034807138e-16,3.185094578962748e-08
165.5,-9.959674749474161e-05,2.1586058539479075e-16,3.04442976383896e-08
165.6,-8.917451123193131e-05,2.1327951609026247e-16,2.9086105110763792e-08
165.7,-7.894846588141377e-05,2.0042542696344358e-16,2.7720668481665187e-08
165.8,-6.789311356663897e-05,2.0039128246453484e-16,2.6372407485129323e-08
165.9,-5.5867313367469694e-05,2.0274665446452746e-16,2.5112526300467632e-08
166.0,-4.417013866522396e-05,1.907025078661916e-16,2.3904398327940268e-08
166.1,-3.222540713730727e-05,1.8479673621515861e-16,2.2734144217287694e-08
166.2,-1.9329066092054553e-05,1.895611427739326e-16,2.1677614373297402e-08
166.3,-6.745886779981661e-06,1.8184384730183374e-16,2.0730826030056752e-08
166.4,5.49443720370711e-06,1.710417531491044e-16,1.9851330001599006e-08
166.5,1.846694835404756e-05,1.747224484720429e-16,1.9095942838336873e-08
166.6,3.12427293187253e-05,1.730524269035603e-16,1.849408154880491e-08
166.7,4.31807497263209e-05,1.6039778997200378e-16,1.7993351031367027e-08
166.8,5.544240021700859e-05,1.6000241838189585e-16,1.761536806456302e-08
166.9,6.765103253403052e-05,1.6363181226253512e-16,1.7410873154459246e-08
167.0,7.870166278958242e-05,1.5304207239878721e-16,1.7337085440736103e-08
167.1,8.953694566977181e-05,1.4741877424503158e-16,1.7377050327024714e-08
167.2,0.00010041078735164765,1.5353945916205617e-16,1.7583300391458694e-08
167.3,0.00011001802822561831,1.4821707308799094e-16,1.7935464196310292e-08
167.4,0.00011883423123617774,1.3859672568607366e-16,1.838716725665805e-08
167.5,0.00012766568800624334,1.436117160875409e-16,1.8973859358497182e-08
167.6,0.00013532175966490337,1.4482668583723394e-16,1.9699694068684776e-08
167.7,0.00014168199003555465,1.3437640690067723e-16,2.050535719274136e-08
167.8,0.00014789119611409755,1.3540561041182436e-16,2.1397937275241775e-08
167.9,0.00015316077034103706,1.419409978448975e-16,2.239883274731093e-08
168.0,0.0001567972819895458,1.3445920445197524e-16,2.3452478560383936e-08
168.1,0.0001599890124459437,1.3060059070947237e-16,2.4536677731370882e-08
168.2,0.00016253848870199111,1.392921877342241e-16,2.5678486592573794e-08
168.3,0.0001633486167507286,1.3756288228850687e-16,2.683755605515039e-08
168.4,0.0001633493314685376,1.3023518844711227e-16,2.796986305597108e-08
168.5,0.00016297839586306586,1.3737647713006809e-16,2.9097905807467257e-08
168.6,0.00016100818249182515,1.4213970086435143e-16,3.020120961789616e-08
168.7,0.00015787742975831363,1.3454486476671697e-16,3.122506230913438e-08
168.8,0.0001545478181774986,1.3737660799450418e-16,3.2181815960479545e-08
168.9,0.0001499696463294778,1.4694125307936802e-16,3.3070617664950416e-08
169.0,0.00014398459430288384,1.4264873331469944e-16,3.3836538835601416e-08
169.1,0.00013783976778990076,1.4046352292648158e-16,3.448055891855489e-08
169.2,0.00013092984746275273,1.5136816437977521e-16,3.501935612064539e-08
169.3,0.00012254647580627035,1.5279454178325825e-16,3.5405807308060894e-08
169.4,0.00011391626049888598,1.4723163487438308e-16,3.563016649248338e-08
169.5,0.00010503591277458915,1.5568001360855529e-16,3.572438053915226e-08
169.6,9.483434551905253e-05,1.6303657096569215e-16,3.5655515661037693e-08
169.7,8.422054997772576e-05,1.5729434276679455e-16,3.540347096433108e-08
169.8,7.380253095354869e-05,1.6065653018842408e-16,3.5012236125642474e-08
169.9,6.242627947079431e-05,1.717802303504123e-16,3.4469351813033295e-08
170.0,5.046851552457721e-05,1.6924449153484347e-16,3.3744558440237295e-08
170.1,3.900691622097702e-05,1.6717610133624996e-16,3.288757484510249e-08
170.2,2.7105973063890093e-05,1.7847744785123158e-16,3.1912562992583954e-08
170.3,1.4530665755392763e-05,1.8126845639802577e-16,3.0781466851864283e-08
170.4,2.57097939590556e-06,1.7570505146644371e-16,2.9539224593611717e-08
170.5,-9.243202094348834e-06,1.8350456976961072e-16,2.8230097968194158e-08
170.6,-2.1684204515272916e-05,1.9146406145110756e-16,2.6815323856316586e-08
170.7,-3.3558908717195736e-05,1.8574660945503206e-16,2.5322221689761902e-08
170.8,-4.474198207087916e-05,1.8777009664457117e-16,2.3822085752920348e-08
170.9,-5.6334532264245855e-05,1.9848622887885053e-16,2.2287511443716685e-08
171.0,-6.752458534339753e-05,1.9586586489212544e-16,2.0717811135346895e-08
171.1,-7.761102581721268e-05,1.920887116725199e-16,1.9199153256221787e-08
171.2,-8.773436677501686e-05,2.018344628800396e-16,1.772914593239853e-08
171.3,-9.765286061801306e-05,2.041129187960888e-16,1.6276670140443835e-08
171.4,-0.00010625429360810476,1.9678211764696272e-16,1.4922727850890136e-08
171.5,-0.00011442156839484671,2.0205649476007766e-16,1.3699123782536099e-08
171.6,-0.000122530667369847,2.0875553549456733e-16,1.2552953719831296e-08
171.7,-0.00012932694801087634,2.0136032990985565e-16,1.1537658249591614e-08
171.8,-0.00013520585090507167,2.0031995136389069e-16,1.0718117728278772e-08
171.9,-0.0001410560589116531,2.089002042718825e-16,1.003776950091054e-08
172.0,-0.0001457861379388091,2.0472608121090343e-16,9.50577695911598e-09
172.1,-0.00014919905270878217,1.9793674012317756e-16,9.20628886864581e-09
172.2,-0.00015246571187454308,2.048267691685732e-16,9.10044785623621e-09
172.3,-0.00015492431548337336,2.055183527007286e-16,9.149131499457861e-09
172.4,-0.00015583134714033608,1.9562186317005443e-16,9.432210884325757e-09
172.5,-0.00015634226331683683,1.9762534652061764e-16,9.944619568542805e-09
172.6,-0.0001563858396899146,2.0246731673166368e-16,1.0610380385821379e-08
172.7,-0.0001548573021937422,1.9313123702995848e-16,1.1479396573074929e-08
172.8,-0.00015260651883253708,1.888756483167495e-16,1.2584123221950096e-08
172.9,-0.00015016847269445834,1.9520147089841342e-16,1.3835445377264953e-08
173.0,-0.00014635491695037982,1.8961116964292058e-16,1.5234870902173355e-08
173.1,-0.00014150005632544284,1.8010606107074965e-16,1.684129322539436e-08
173.2,-0.00013661190809779615,1.844197190873199e-16,1.858039472062943e-08
173.3,-0.00013071932200429788,1.8398874972588418e-16,2.0401525828274923e-08
173.4,-0.00012356300644450038,1.7225147101579173e-16,2.236754815141101e-08
173.5,-0.00011637564222358507,1.7173968407111694e-16,2.444115635192821e-08
173.6,-0.00010865116238096275,1.755777872511734e-16,2.653279024698631e-08
173.7,-9.961005303588004e-05,1.654369769328482e-16,2.8683558320818297e-08
173.8,-9.04082959085233e-05,1.5920187735175596e-16,3.090167369833348e-08
173.9,-8.113821867684639e-05,1.6454339202184349e-16,3.30850750335469e-08
174.0,-7.070540745596045e-05,1.5906087306753736e-16,3.523393123320506e-08
174.1,-5.9909964628285505e-05,1.4855286807895046e-16,3.739379682690647e-08
174.2,-4.94279185391854e-05,1.5196986742745752e-16,3.9480915291836034e-08
174.3,-3.813522707076117e-05,1.522065550183028e-16,4.144955767693515e-08
174.4,-2.628843396529119e-05,1.4059747849112328e-16,4.3360982439678777e-08
174.5,-1.4988254139795918e-05,1.3945712340803674e-16,4.5174340116897555e-08
174.6,-3.3742293563437658e-06,1.441376978584021e-16,4.6809883092652506e-08
174.7,8.89067414271462e-06,1.3518455516577873e-16,4.831775405752672e-08
174.8,2.054471290459207e-05,1.289225442398503e-16,4.970984194506265e-08
174.9,3.19574589991522e-05,1.350702535711691e-16,5.0897433291461256e-08
175.0,4.396034129330046e-05,1.3154038811380682e-16,5.189784891803223e-08
175.1,5.543323736128703e-05,1.2189292037089672e-16,5.276746893528321e-08
175.2,6.615065246980434e-05,1.260839900069623e-16,5.343803725239257e-08
175.3,7.721587167203032e-05,1.2865399736995566e-16,5.388586285031624e-08
175.4,8.791687936670419e-05,1.1893471001276466e-16,5.4188815535555626e-08
175.5,9.747835835997568e-05,1.1877700430173077e-16,5.43221209382116e-08
175.6,0.00010698619176072681,1.2577325302142823e-16,5.4229565981719603e-08
175.7,0.00011630092806898013,1.1955136205572822e-16,5.398160058015025e-08
175.8,0.00012428098450446967,1.1472944388425554e-16,5.3604974662020405e-08
175.9,0.0001317120177240967,1.2293705360179808e-16,5.3032624220736404e-08
176.0,0.00013904940312062936,1.226403214784353e-16,5.2303740182709255e-08
176.1,0.00014506149271304968,1.1510133873579754e-16,5.1486767854186417e-08
176.2,0.00015002862527308021,1.2107511758465116e-16,5.0529785468868766e-08
176.3,0.00015487653361252634,1.2684225453773929e-16,4.94306387397174e-08
176.4,0.00015858360692476002,1.1987420319446876e-16,4.827591057605935e-08
176.5,0.00016084909896972482,1.2135262184518462e-16,4.7048560698358315e-08
176.6,0.0001628299784204445,1.3111993780331395e-16,4.571153812512925e-08
176.7,0.00016396407672631782,1.2808932620413107e-16,4.4341783127204405e-08
176.8,0.00016344212654318402,1.250126054753825e-16,4.296292125988494e-08
176.9,0.00016235908950414533,1.3528908527438157e-16,4.1521767134642135e-08
177.0,0.00016074911829102722,1.381205846948876e-16,4.0064377532573625e-08
177.1,0.00015749705136190132,1.3252758200178508e-16,3.8645430455618597e-08
177.2,0.00015336220865265593,1.3982966464957135e-16,3.721760011820268e-08
177.3,0.00014896574326699356,1.4820958324200981e-16,3.5788599692962735e-08
177.4,0.0001431683942630286,1.433955855733675e-16,3.4424469740081735e-08
177.5,0.0001362082436592755,1.4569253506532473e-16,3.3099404791914965e-08
177.6,0.00012914071475605255,1.571500778927414e-16,3.1789764599320934e-08
177.7,0.00012109268734344107,1.5620522399649409e-16,3.055246848975185e-08
177.8,0.00011172947138957547,1.5366317340810553e-16,2.938709090364336e-08
177.9,0.00010228305584425942,1.6454468901010386e-16,2.825434768312676e-08
178.0,9.237232736358996e-05,1.6900682302017608e-16,2.7189318578916445e-08
178.1,8.118452788382139e-05,1.638567218394117e-16,2.620993091497799e-08
178.2,6.982990001192592e-05,1.7077278146772436e-16,2.5276998577438402e-08
178.3,5.852412986448615e-05,1.7991221206696205e-16,2.4402433899512754e-08
178.4,4.619273168429973e-05,1.7544702697736988e-16,2.361080268360082e-08
178.5,3.355943004022569e-05,1.7661489298202126e-16,2.2871869292540767e-08
178.6,2.1393997540212583e-05,1.8766835914359004e-16,2.2181799630175696e-08
178.7,8.643104994654113e-06,1.867893116856408e-16,2.1562900641388965e-08
178.8,-4.521876669206523e-06,1.8273943646112816e-16,2.0994197290537468e-08
178.9,-1.6956918136559888e-05,1.9201557195662013e-16,2.0465502349952194e-08
179.0,-2.9416442866646395e-05,1.9594564798153423e-16,1.999515493023869e-08
179.1,-4.2307966236475826e-05,1.8917986646493016e-16,1.956704682588581e-08
179.2,-5.438559876240634e-05,1.935384901477558e-16,1.9169502946767555e-08
179.3,-6.590249097106042e-05,2.0126565942801772e-16,1.882121469871264e-08
179.4,-7.772689907089982e-05,1.9516195113680622e-16,1.8508130597601998e-08
179.5,-8.880850912391366e-05,1.9322732026424696e-16,1.821519210368005e-08
179.6,-9.882341564119415e-05,2.0185826391246031e-16,1.7966224872527033e-08
179.7,-0.00010886859005484627,1.9924860841719747e-16,1.7752296464803107e-08
179.8,-0.0001183381555959045,1.9205397784506266e-16,1.7549570714219955e-08
179.9,-0.00012640130956977625,1.9807652886577918e-16,1.73861372558251e-08
180.0,-0.00013409694057730484,2.000072121604583e-16,1.726633387633423e-08
180.1,-0.0001414025628743019,1.9041860933988267e-16,1.7155085681575614e-08
180.2,-0.00014717929425129149,1.9104193704578056e-16,1.7075896070163786e-08
180.3,-0.00015213887659210474,1.9629908498785156e-16,1.7053948494868886e-08
180.4,-0.00015683745543601467,1.8783519730744442e-16,1.704857305571049e-08
180.5,-0.00016010600827844933,1.8223470037390276e-16,1.7065337183958486e-08
180.6,-0.00016214550095207503,1.8793415979946324e-16,1.715019773093568e-08
180.7,-0.0001639442916376416,1.8333889488988896e-16,1.7270706794356992e-08
180.8,-0.00016459093544899173,1.7295759986393537e-16,1.7404364524989428e-08
180.9,-0.000163723385775132,1.7568451380989826e-16,1.7606365951968527e-08
181.0,-0.0001625114085813932,1.75735364215165e-16,1.7868614028318573e-08
181.1,-0.000160526862050691,1.6372482440014023e-16,1.8141200371903574e-08
181.2,-0.00015693662512090306,1.6109895262731043e-16,1.8468088271890683e-08
181.3,-0.0001527997418579712,1.644589121229079e-16,1.887499321779614e-08
181.4,-0.00014827885427555192,1.5446293603097924e-16,1.929878280941838e-08
181.5,-0.00014228239148767364,1.4612131076264477e-16,1.975119142004948e-08
181.6,-0.00013549823804079447,1.4982060917311851e-16,2.0287415182439655e-08
181.7,-0.0001286423505983376,1.4439881314558896e-16,2.0854456699766928e-08
181.8,-0.00012064425961219148,1.3220154123489152e-16,2.1420660886632695e-08
181.9,-0.00011165665496117543,1.330103169711565e-16,2.205166556889954e-08
182.0,-0.0001027758418638212,1.3270226324431647e-16,2.272723146775635e-08
182.1,-9.322845417577894e-05,1.2002528996018014e-16,2.3378014373486536e-08
182.2,-8.260463676606574e-05,1.1588524631922216e-16,2.4052873809412673e-08
182.3,-7.211575248617776e-05,1.1907961464972478e-16,2.477543288663597e-08
182.4,-6.14885019245376e-05,1.095026324570728e-16,2.5460949106418605e-08
182.5,-4.9865712462650465e-05,1.0044591280812906e-16,2.6117517264445884e-08
182.6,-3.828222315705962e-05,1.0410387752378844e-16,2.6805875266242296e-08
182.7,-2.7043627271442405e-05,9.995116977795242e-17,2.7456794265950842e-08
182.8,-1.5073410811313306e-05,8.812650431537595e-17,2.802794557960281e-08
182.9,-2.984374791197975e-06,8.908310361050955e-17,2.8594030933395835e-08
183.0,8.40425910705867e-06,9.047200325828121e-17,2.9128498941063343e-08
183.1,2.0105574028116573e-05,7.930468564046936e-17,2.9548827187610916e-08
183.2,3.206764569231924e-05,7.575114017285817e-17,2.991306053358891e-08
183.3,4.315085811810759e-05,8.077592418229698e-17,3.024934365765271e-08
183.4,5.4038768531490746e-05,7.368432501433945e-17,3.0462390010581636e-08
183.5,6.52387197625326e-05,6.59153800182381e-17,3.056808754555493e-08
183.6,7.556382233151603e-05,7.130498373269511e-17,3.0640767121342385e-08
183.7,8.518575081649476e-05,7.01608970058852e-17,3.060695922233105e-08
183.8,9.503045868178536e-05,6.046241244283458e-17,3.043088447481773e-08
183.9,0.00010414883853689128,6.31077808922474e-17,3.0206950366668576e-08
184.0,0.00011214794276554667,6.762873325929929e-17,2.9911944951246315e-08
184.1,0.00012012873455866322,5.942751105492192e-17,2.946939807630244e-08
184.2,0.00012760608868060265,5.77049641429634e-17,2.8960134049493772e-08
184.3,0.0001337125899875821,6.555273045849336e-17,2.8422368066587433e-08
184.4,0.00013943932793819455,6.192453644348385e-17,2.7766620859762054e-08
184.5,0.0001448765686507729,5.631016404669857e-17,2.7031952099958184e-08
184.6,0.00014889292203971308,6.402599876963638e-17,2.6307386929771482e-08
184.7,0.00015211515917714472,6.63987173776109e-17,2.5524285318999545e-08
184.8,0.00015517840525524455,5.926535867293871e-17,2.4667994709005247e-08
184.9,0.00015696547425271014,6.375612054213457e-17,2.3849804517024804e-08
185.0,0.0001575786273402226,7.135922638081226e-17,2.3048826564742185e-08
185.1,0.00015803370283610312,6.603189325353683e-17,2.2205209097532598e-08
185.2,0.0001575040823621143,6.582721419995609e-17,2.141669255856325e-08
185.3,0.00015554155036401525,7.592247568661691e-17,2.0719670243202168e-08
185.4,0.00015328650958963824,7.514001000265895e-17,2.003414874721177e-08
185.5,0.0001504085223683599,7.093868970958782e-17,1.9414494504099442e-08
185.6,0.00014602335473742152,7.996527252255294e-17,1.8942847195801123e-08
185.7,0.0001411122069670756,8.475059960820587e-17,1.8550309713116535e-08
185.8,0.0001359245389434722,7.907193176068771e-17,1.8234631702693562e-08
185.9,0.00012936595405696832,8.405335366540552e-17,1.8095685584550067e-08
186.0,0.0001220180518458669,9.32263469657028e-17,1.8100504840542036e-08
186.1,0.00011465137804663898,8.931257722246767e-17,1.819738539209853e-08
186.2,0.00010624172476713644,8.90775467704362e-17,1.847038298094947e-08
186.3,9.683387787673813e-05,9.971265255387056e-17,1.893132198560214e-08
186.4,8.753306920049623e-05,1.0011318549221449e-16,1.9502257699313515e-08
186.5,7.764965243059733e-05,9.565663757264779e-17,2.0225176491878426e-08
186.6,6.669129428749753e-05,1.0414535333494671e-16,2.1146946110452957e-08
186.7,5.5830593353663965e-05,1.0949990146225148e-16,2.2192192696395218e-08
186.8,4.489446883763698e-05,1.0351534540250938e-16,2.3351254300749057e-08
186.9,3.2989346210484576e-05,1.0712049858628369e-16,2.468297957656056e-08
187.0,2.1073589255296463e-05,1.159446196180979e-16,2.6137092069821985e-08
187.1,9.544599400178084e-06,1.1166171947872422e-16,2.7661471943462066e-08
187.2,-2.6552569903152287e-06,1.0957197034214632e-16,2.9301246306437026e-08
187.3,-1.5007836635677243e-05,1.18790116980736e-16,3.103940498845557e-08
187.4,-2.663309324165238e-05,1.185370683821322e-16,3.280358284578259e-08
187.5,-3.847443036527471e-05,1.120982958007061e-16,3.460793399709319e-08
187.6,-5.056860045922184e-05,1.1823959780141944e-16,3.646163662534662e-08
187.7,-6.176077688154972e-05,1.2243649375072505e-16,3.829674960444355e-08
187.8,-7.263110322137497e-05,1.1464435750419795e-16,4.009406999116661e-08
187.9,-8.37469531695704e-05,1.1538989293163903e-16,4.187280338361342e-08
188.0,-9.39549970087897e-05,1.224255829224011e-16,4.358635826381212e-08
188.1,-0.0001033152286316933,1.16572061724926e-16,4.519369599363814e-08
188.2,-0.00011276962342224263,1.1154257742361567e-16,4.670843332426224e-08
188.3,-0.0001214424896722199,1.1829044529553423e-16,4.81094397071853e-08
188.4,-0.00012884857957895447,1.165782553533429e-16,4.935196359371672e-08
188.5,-0.00013605680569157028,1.0758969059248568e-16,5.043686994530264e-08
188.6,-0.00014267677771107956,1.1085277828457045e-16,5.136176408075483e-08
188.7,-0.00014779125639781648,1.1351200677913664e-16,5.209344651208866e-08
188.8,-0.00015231960828904903,1.037802487206602e-16,5.262354070798251e-08
188.9,-0.00015644483296042643,1.0157626508301022e-16,5.295791104705569e-08
189.0,-0.00015904114060094832,1.0678729830806683e-16,5.3080848889477347e-08
189.1,-0.00016064278352345576,9.960910446265848e-17,5.2984705140474336e-08
189.2,-0.00016195348898896,9.203969901711636e-17,5.2677052488442256e-08
189.3,-0.0001619167989149628,9.673030462529634e-17,5.215594678265763e-08
189.4,-0.0001605463459113532,9.417077589216062e-17,5.142324058772423e-08
189.5,-0.00015888708401929708,8.344061483672015e-17,5.0489226320606704e-08
189.6,-0.0001562148481409216,8.461058007393537e-17,4.9357694487312745e-08
189.7,-0.00015202098521182957,8.661706855492694e-17,4.8041283839322275e-08
189.8,-0.00014743072604385296,7.607038279687524e-17,4.655923164729904e-08
189.9,-0.0001422346200429707,7.208237020126014e-17,4.491602139621929e-08
190.0,-0.00013553392191646967,7.665051891273603e-17,4.3127829314114065e-08
190.1,-0.00012825715307800188,6.953970771556895e-17,4.1227715153124355e-08
190.2,-0.00012076596793282624,6.092242560351496e-17,3.92232229770882e-08
190.3,-0.00011200393761696538,6.498246396548013e-17,3.7123145730376e-08
190.4,-0.00010247887802381146,6.312426606575424e-17,3.497153480838377e-08
190.5,-9.303986283782514e-05,5.2345968522341036e-17,3.2787401446502334e-08
190.6,-8.274661865933139e-05,5.306525489608624e-17,3.0565330864979394e-08
190.7,-7.157064062642969e-05,5.610243597263676e-17,2.8348065248907435e-08
190.8,-6.0645499784585644e-05,4.660001718423514e-17,2.6174053597785314e-08
190.9,-4.93932195089752e-05,4.2662083726728536e-17,2.4026772038912893e-08
191.0,-3.7269720978043406e-05,4.8328769715082565e-17,2.1930431962274523e-08
191.1,-2.5421361168612564e-05,4.312364459237736e-17,1.9942802759459576e-08
191.2,-1.3788783329396218e-05,3.5290634752576254e-17,1.8049307409494568e-08
191.3,-1.4631449229587322e-06,4.0401333084966537e-17,1.6242253725609006e-08
191.4,1.0669512644255948e-05,4.093536015629331e-17,1.4586606987107933e-08
191.5,2.2122978518423705e-05,3.1850288086246283e-17,1.308643318532346e-08
191.6,3.39288366768857e-05,3.3677844088298974e-17,1.1700829616506917e-08
191.7,4.5668348912914434e-05,3.918020145505005e-17,1.04806032248472e-08
191.8,5.641928545070519e-05,3.2186862441297375e-17,9.459295049547097e-09
191.9,6.706427990165714e-05,2.961615692854548e-17,8.576462742420186e-09
192.0,7.774198558703654e-05,3.750509794285826e-17,7.846890943990036e-09
192.1,8.731314972838443e-05,3.534757080174797e-17,7.3310047973958695e-09
192.2,9.627882552633596e-05,2.9379744739129133e-17,6.972978333818326e-09
192.3,0.00010528677701894247,3.635258696711211e-17,6.739744382985694e-09
192.4,0.00011325477022300236,4.00143558949587e-17,6.701287270980062e-09
192.5,0.00012016738327052018,3.334577456648049e-17,6.830922203030933e-09
192.6,0.00012700792534474627,3.6757705897322937e-17,7.052965135655881e-09
192.7,0.0001330121592736476,4.5012321388488826e-17,7.421001679846283e-09
192.8,0.0001376449738638815,4.081975501367293e-17,7.951333103992812e-09
192.9,0.0001419706072870921,3.973109264429421e-17,8.547746730126538e-09
193.0,0.00014572595633883202,4.967036340484302e-17,9.223723392771313e-09
193.1,0.0001479854693408269,5.032579065153094e-17,1.003499991354267e-08
193.2,0.0001496228615362061,4.5895945872638926e-17,1.0896059111464886e-08
193.3,0.00015093618438969327,5.4139545758937247e-17,1.1769505315058697e-08
193.4,0.00015083867163280846,6.019961673745449e-17,1.2730336492892628e-08
193.5,0.00014979330494068336,5.5179897849721136e-17,1.3732136340376137e-08
193.6,0.0001485816777568334,5.918671799718225e-17,1.4694376516642153e-08
193.7,0.00014622747911848942,6.901519359786373e-17,1.5682467754624347e-08
193.8,0.00014266890212932617,6.644311865716698e-17,1.670363659923507e-08
193.9,0.0001389756223825505,6.552245506407923e-17,1.765841776583045e-08
194.0,0.0001345277857617358,7.599691650780731e-17,1.8576748820442615e-08
194.1,0.00012875897418371536,7.795601994889074e-17,1.9514654135596844e-08
194.2,0.0001227626943006234,7.354153001573496e-17,2.0385565776615053e-08
194.3,0.00011643426608430782,8.132056475583598e-17,2.1171383591366026e-08
194.4,0.00010885138981059318,8.800069121974437e-17,2.195481732291327e-08
194.5,0.00010086435584080306,8.293064445689888e-17,2.268978357682948e-08
194.6,9.291537603213096e-05,8.571977741957721e-17,2.3315793676047136e-08
194.7,8.396565635351147e-05,9.522122440374481e-17,2.391154224188967e-08
194.8,7.441883530915269e-05,9.248751718711485e-17,2.4484614973098978e-08
194.9,6.516080525390917e-05,8.995396790203998e-17,2.4953616938234245e-08
195.0,5.530580584338396e-05,9.907211272825576e-17,2.5365581961037923e-08
195.1,4.472124083757635e-05,1.0053335636074736e-16,2.577601129397901e-08
195.2,3.452430643594026e-05,9.442111501087342e-17,2.611145629286822e-08
195.3,2.4214021117286426e-05,9.993498898723015e-17,2.6372716391899883e-08
195.4,1.3167406396434852e-05,1.0546583639494312e-16,2.6641170134353062e-08
195.5,2.464355481844751e-06,9.875546214201668e-17,2.6876477644078048e-08
195.6,-7.875682218899904e-06,9.872179740402219e-17,2.703636155996481e-08
195.7,-1.8797147313964175e-05,1.0627113145146887e-16,2.7198365911780576e-08
195.8,-2.951547820364266e-05,1.019471608525855e-16,2.7367431067448487e-08
195.9,-3.948536928152502e-05,9.647522045680024e-17,2.7476853415344645e-08
196.0,-4.972384563794359e-05,1.0287195375132338e-16,2.7574070212962365e-08
196.1,-5.9925174164826834e-05,1.026393437947638e-16,2.7704480828815444e-08
196.2,-6.914447808446718e-05,9.3856877347319e-17,2.7803112686289384e-08
196.3,-7.820550221838698e-05,9.616935078270255e-17,2.7873769188950612e-08
196.4,-8.73451739304428e-05,9.975386991058862e-17,2.798318920800519e-08
196.5,-9.544558762443543e-05,9.087099889767849e-17,2.8091412084310737e-08
196.6,-0.00010292137269600218,8.757132451841471e-17,2.8161816430893123e-08
196.7,-0.00011048118379423457,9.279957767872398e-17,2.8257149067257593e-08
196.8,-0.00011710444418389328,8.678467477814952e-17,2.837431193821778e-08
196.9,-0.00012268514589040813,7.844338478213515e-17,2.845354989202149e-08
197.0,-0.00012821657484852136,8.221921605853741e-17,2.853211753091898e-08
197.1,-0.0001330223935473836,8.059460694501588e-17,2.864081609725298e-08
197.2,-0.0001364967501097142,6.965127369553288e-17,2.8720261592599115e-08
197.3,-0.00013966183923518714,6.927707906017917e-17,2.8772320510418187e-08
197.4,-0.0001423477707568228,7.15209413050851e-17,2.8846812504116165e-08
197.5,-0.000143596738094074,6.133308084555395e-17,2.8904896753093727e-08
197.6,-0.0001441999761383061,5.571385044210365e-17,2.891719240271481e-08
197.7,-0.00014453157461441564,5.959731785289122e-17,2.893316579542151e-08
197.8,-0.00014351969876935926,5.310065934094934e-17,2.8944315705322527e-08
197.9,-0.00014152584258641582,4.324390745763841e-17,2.8904621487221413e-08
198.0,-0.00013937214799205025,4.5720715436272006e-17,2.8847659860919277e-08
198.1,-0.00013614115636513825,4.417049947107401e-17,2.87929086755022e-08
198.2,-0.00013167658302984308,3.274085363753783e-17,2.8695366765220653e-08
198.3,-0.00012704371995038156,3.13397140836436e-17,2.8566370670627905e-08
198.4,-0.0001217112421636998,3.39478124328287e-17,2.844248697966161e-08
198.5,-0.00011504948506852342,2.4345292571603078e-17,2.8292988024167475e-08
198.6,-0.0001081045323148424,1.829895681762839e-17,2.8110063068823967e-08
198.7,-0.00010086840074893569,2.2625560087110944e-17,2.7934472220899514e-08
198.8,-9.24032589686078e-05,1.7541385395888423e-17,2.7754615694650104e-08
198.9,-8.348174806256841e-05,8.112703639158964e-18,2.7551867839258884e-08
199.0,-7.462764339160741e-05,1.1099135325772174e-17,2.7362009084391818e-08
199.1,-6.483903668886089e-05,1.143933154209423e-17,2.718986656760192e-08
199.2,-5.443222061858918e-05,1.4293999790553257e-18,2.7013843896895543e-08
199.3,-4.434026301306959e-05,7.719011494946211e-19,2.6861351009346768e-08
199.4,-3.3758471676719036e-05,5.39767860238665e-18,2.6747720107848863e-08
199.5,-2.2480257563311162e-05,-1.9134516747909006e-18,2.6651942217024453e-08
199.6,-1.162513057704014e-05,-6.773684869920003e-18,2.6593425242559718e-08
199.7,-7.981931542183992e-07,-5.603996139464973e-19,2.6593499446871626e-08
199.8,1.066448760218425e-05,-2.7783125845285127e-18,2.6631136136508355e-08
199.9,2.1724803955189775e-05,-1.0345846903846485e-17,2.6717848304124542e-08
200.0,3.22576370832394e-05,-5.617432389044604e-18,2.6879812781458955e-08
200.1,4.320410686354831e-05,-2.222812453069126e-18,2.709459989769079e-08
200.2,5.385394952540064e-05,-9.633650257581597e-18,2.7362883274028348e-08
200.3,6.358212178029093e-05,-8.575500114605101e-18,2.7716129539577844e-08
200.4,7.335825476847899e-05,-1.1388948776332236e-18,2.8132283987445577e-08
200.5,8.296415355054465e-05,-5.354579176115156e-18,2.859585543502016e-08
200.6,9.142057026222217e-05,-8.360266633538835e-18,2.914176894077409e-08
200.7,9.94715440325869e-05,1.5665887907520895e-19,2.9754671377507512e-08
200.8,0.0001074328614300386,1.1609762346559937e-18,3.039916061400961e-08
200.9,0.00011420630973307793,-4.274393025995395e-18,3.110664215059784e-08
201.0,0.00012011501588108621,2.1952693775825183e-18,3.1876808208536587e-08
201.1,0.00012591888428601402,8.485128045551286e-18,3.265686537389045e-08
201.2,0.00013066703837326485,3.4534000709549216e-18,3.3463314270402074e-08
201.3,0.0001341743839143805,5.79797153318118e-18,3.4316033923308974e-08
201.4,0.0001374466987336896,1.5426952273806667e-17,3.5155715111120015e-08
201.5,0.0001399116328799185,1.3699055960829742e-17,3.59728427345239e-08
201.6,0.00014091851693594438,1.1831116118443545e-17,3.680469984078521e-08
201.7,0.00014146264778570382,2.1682432741837034e-17,3.760218039292563e-08
201.8,0.00014148892759345062,2.489024692648398e-17,3.832527432845325e-08
201.9,0.00014004293801188954,2.0529767123861182e-17,3.9016921668564464e-08
202.0,0.0001378595034601385,2.744953202778807e-17,3.965434431793665e-08
202.1,0.00013541279089343707,3.524076107067191e-17,4.017358992023201e-08
202.2,0.0001316849207597642,3.1262232193630503e-17,4.06064310367573e-08
202.3,0.00012696911910539636,3.3428039723285926e-17,4.096464700803725e-08
202.4,0.00012215146083728104,4.360354490040816e-17,4.117751501987693e-08
202.5,0.00011640895738248124,4.272920787455555e-17,4.1251003393349767e-08
202.6,0.00010952589265638652,4.029822952179772e-17,4.1227416929440064e-08
202.7,0.00010258303415594178,4.9632653217048045e-17,4.105143051848389e-08
202.8,9.516379446828614e-05,5.3236316590332795e-17,4.0697862609714195e-08
202.9,8.66061247574302e-05,4.8228268623222694e-17,4.022420600553393e-08
203.0,7.79226369274441e-05,5.376329046198946e-17,3.960923431491892e-08
203.1,6.921466036964943e-05,6.121542855692737e-17,3.880390210160686e-08
203.2,5.9549873353415244e-05,5.657710448481429e-17,3.786025419891362e-08
203.3,4.962959377788829e-05,5.682459337704064e-17,3.679893066717287e-08
203.4,4.005647665929462e-05,6.576207243686181e-17,3.5564778013777596e-08
203.5,2.9872521605218488e-05,6.413174627638437e-17,3.4186749978968086e-08
203.6,1.9304454758946764e-05,5.963838532840987e-17,3.272107056821696e-08
203.7,9.315479925309698e-06,6.690675626991444e-17,3.1127965116924797e-08
203.8,-8.269277935620173e-07,6.948353593114898e-17,2.9405506369983833e-08
203.9,-1.1414145241171156e-05,6.259328783734096e-17,2.762762389476201e-08
204.0,-2.1352461046747317e-05,6.551721854830747e-17,2.5786828726268412e-08
204.1,-3.0954657204848805e-05,7.147407355828783e-17,2.38549494806606e-08
204.2,-4.094406059253416e-05,6.524735719298877e-17,2.1900870967015485e-08
204.3,-5.0358617938983526e-05,6.272114777366211e-17,1.9955360908685704e-08
204.4,-5.900300209508333e-05,6.960764696937629e-17,1.7978594384176437e-08
204.5,-6.783920455159743e-05,6.664419121873747e-17,1.6014835498962706e-08
204.6,-7.626607609445968e-05,5.966754880992683e-17,1.4126107037158741e-08
204.7,-8.362005446404894e-05,6.443266422463256e-17,1.2279389659277106e-08
204.8,-9.085055825352106e-05,6.568452373527883e-17,1.0484143553162404e-08
204.9,-9.785697511011698e-05,5.683698074471959e-17,8.816370967494145e-09
205.0,-0.00010366575565065574,5.710492068577041e-17,7.2651538409579434e-09
205.1,-0.00010896798825703105,6.161538884269438e-17,5.806749605073999e-09
205.2,-0.00011417940170421207,5.411550251171523e-17,4.509593248834351e-09
205.3,-0.00011825355559750769,4.9235161195679613e-17,3.391668305015559e-09
205.4,-0.00012144470165844899,5.448028059351001e-17,2.4076687689643673e-09
205.5,-0.00012457362277938554,5.078095674844629e-17,1.5995623207634823e-09
205.6,-0.00012677770742242813,4.2082919565754593e-17,1.0105578182912007e-09
205.7,-0.0001278077816575263,4.511094600143787e-17,5.90704920639833e-10
205.8,-0.00012867971339153495,4.595969328111508e-17,3.447639065027957e-10
205.9,-0.00012892700313452056,3.629327081584317e-17,3.286763647808427e-10
206.0,-0.00012785882827920305,3.5042074896211876e-17,5.041734030979109e-10
206.1,-0.00012643037731755027,3.925596415716028e-17,8.388154066484041e-10
206.2,-0.0001246862448777512,3.1844931909767075e-17,1.3843469943020439e-09
206.3,-0.00012166831080034743,2.603674331051797e-17,2.124900182217419e-09
206.4,-0.00011803360083209554,3.103824315393812e-17,3.000778064356717e-09
206.5,-0.00011432700460508092,2.816716289150427e-17,4.043658690427107e-09
206.6,-0.00010956604918894957,1.944308548595824e-17,5.262458077556412e-09
206.7,-0.00010394961796127676,2.237151561993911e-17,6.586475944635832e-09
206.8,-9.838927402398861e-05,2.4505165805997437e-17,8.017335525025953e-09
206.9,-9.21286477743937e-05,1.5845360171009195e-17,9.58295856933916e-09
207.0,-8.486559120573321e-05,1.4845099840268074e-17,1.1219117270885662e-08
207.1,-7.765546864757531e-05,2.0475221627448893e-17,1.2895959482933924e-08
207.2,-7.016312530199954e-05,1.494457091384134e-17,1.4649216073694333e-08
207.3,-6.166970487892492e-05,9.94619819328911e-18,1.6434947159351145e-08
207.4,-5.31179577913541e-05,1.6285073272262028e-17,1.8198844497940044e-08
207.5,-4.4684806286399145e-05,1.5849310733616676e-17,1.997199033893931e-08
207.6,-3.542444185087454e-05,8.713948144350455e-18,2.173771746591405e-08
207.7,-2.5940901224429494e-05,1.2952823798870638e-17,2.343006896997419e-08
207.8,-1.688703328198946e-05,1.7674585370935256e-17,2.5065744827920465e-08
207.9,-7.33713298504817e-06,1.1337985534848109e-17,2.6654831986738825e-08
208.0,2.5832330981581246e-06,1.171482455577315e-17,2.813429765374145e-08
208.1,1.1899455475814904e-05,1.9700969564990092e-17,2.9501911715332658e-08
208.2,2.127514880405452e-05,1.700387951292274e-17,3.078809374543689e-08
208.3,3.108240641222693e-05,1.367533355269126e-17,3.194523599959797e-08
208.4,4.0258617130847116e-05,2.196608371477128e-17,3.2953159982891134e-08
208.5,4.902934677174384e-05,2.448334698940954e-17,3.385309554404522e-08
208.6,5.815903065016722e-05,1.9371575682976772e-17,3.462084730174818e-08
208.7,6.675223964249946e-05,2.5100672909757887e-17,3.522344364180426e-08
208.8,7.453086271155796e-05,3.245072780439307e-17,3.57029965683875e-08
208.9,8.244907187013428e-05,2.848024126731694e-17,3.606151573764756e-08
209.0,8.999189734720459e-05,3.011416736307597e-17,3.6260577871092836e-08
209.1,9.643885408320173e-05,4.0124695984260326e-17,3.633457384997658e-08
209.2,0.00010268542066217496,3.989892277822359e-17,3.630986049015598e-08
209.3,0.0001087157876518348,3.776677892752892e-17,3.615048455156534e-08
209.4,0.00011354013730623871,4.7291036279396666e-17,3.587663191319121e-08
209.5,0.00011776374161804649,5.198162143309884e-17,3.5533363187882454e-08
209.6,0.00012186517484327312,4.8102961534309154e-17,3.5094776996595195e-08
209.7,0.00012482694597072398,5.4310736731906565e-17,3.45630211742823e-08
209.8,0.00012680779782935924,6.313578444003442e-17,3.399306364433633e-08
209.9,0.0001286544246637138,6.037786359150379e-17,3.337560604088927e-08
210.0,0.0001295717233245303,6.195453001531329e-17,3.269442906204505e-08
210.1,0.0001292299961061008,7.247082069693985e-17,3.200312490179347e-08
210.2,0.0001286285679483147,7.320630661995217e-17,3.1313300088107004e-08
210.3,0.00012739094768771635,7.07083085466883e-17,3.059459358543594e-08
210.4,0.0001247818875263288,7.970799128138858e-17,2.988693710428985e-08
210.5,0.00012170297658658026,8.48144139166696e-17,2.922298103648854e-08
210.6,0.00011828999923878349,8.047671963181621e-17,2.8567279763445648e-08
210.7,0.00011358887421379976,8.536046648696138e-17,2.7935672313333333e-08
210.8,0.00010818097128099514,9.380699702853466e-17,2.7376036454543914e-08
210.9,0.0001026823639553133,9.051977541546476e-17,2.6860098905175918e-08
211.0,9.616365840776609e-05,9.027711567057506e-17,2.6374763735889122e-08
211.1,8.874684828291668e-05,9.947961402713846e-17,2.5971191072701542e-08
211.2,8.137888907961953e-05,9.949471908599994e-17,2.5639891092395295e-08
211.3,7.339415697660094e-05,9.504243881225745e-17,2.5342574635865695e-08
211.4,6.443372578493862e-05,1.0188497844839085e-16,2.511822480463002e-08
211.5,5.554600274888521e-05,1.058621933902726e-16,2.4982207999652576e-08
211.6,4.650367202481457e-05,9.968743783207576e-17,2.4883634533009464e-08
211.7,3.656758760910936e-05,1.0186367181987304e-16,2.483549042023368e-08
211.8,2.663529893176228e-05,1.0858630514014584e-16,2.4874921769955292e-08
211.9,1.6983861410623496e-05,1.036397609126701e-16,2.4956364942280918e-08
212.0,6.690781182341616e-06,1.005087775991161e-16,2.5060432388848864e-08
212.1,-3.7098672284959826e-06,1.0731910056388766e-16,2.5233709023504962e-08
212.2,-1.3495859600734916e-05,1.0574009823458798e-16,2.5452779611799555e-08
212.3,-2.3530125393344684e-05,9.86404579339733e-17,2.5670553909038378e-08
212.4,-3.3762611278294854e-05,1.0262867145011659e-16,2.592559993224533e-08
212.5,-4.3195888950160027e-05,1.0490887195332768e-16,2.622562613367945e-08
212.6,-5.240591645955996e-05,9.655930135689314e-17,2.651082432809754e-08
212.7,-6.182597125125153e-05,9.571849497598832e-17,2.6796090683880802e-08
212.8,-7.042202345771258e-05,1.0046714389213599e-16,2.711752500706314e-08
212.9,-7.83286511437706e-05,9.386058716121995e-17,2.7422639206213623e-08
213.0,-8.634175548427334e-05,8.798092833502948e-17,2.7695387662127778e-08
213.1,-9.363876490348174e-05,9.255972684074848e-17,2.7986849564426283e-08
213.2,-9.987050023573301e-05,8.973839403171793e-17,2.8269302215161718e-08
213.3,-0.00010598592564795752,8.052154519402913e-17,2.849997769367521e-08
213.4,-0.00011157000759378403,8.21901491988565e-17,2.872637782837649e-08
213.5,-0.00011587028989954503,8.344685768038035e-17,2.8953817621977538e-08
213.6,-0.00011974356895701434,7.383652301117634e-17,2.91266516795473e-08
213.7,-0.00012327807953756438,7.094902069115265e-17,2.9272553659172236e-08
213.8,-0.00012550138676618917,7.475216879557167e-17,2.942639233339057e-08
213.9,-0.00012695902833500709,6.774885214738752e-17,2.953728912165189e-08
214.0,-0.00012821460899393598,6.049809106770834e-17,2.9605051593672587e-08
214.1,-0.0001283160021369159,6.420690917871675e-17,2.9681192595892457e-08
214.2,-0.0001273594722757574,6.166479497127829e-17,2.9734139811748e-08
214.3,-0.000126240004043778,5.20182317063235e-17,2.9737905618891278e-08
214.4,-0.00012426295498939096,5.3024876188096076e-17,2.9744051195881466e-08
214.5,-0.000121052719565466,5.495244674869617e-17,2.974694382243293e-08
214.6,-0.00011761195163183568,4.5931815402797427e-17,2.9704566143131685e-08
214.7,-0.00011367825299065751,4.282717113110565e-17,2.9654471079840237e-08
214.8,-0.00010850219467529924,4.744234516384598e-17,2.9614781984307594e-08
214.9,-0.00010294670273300445,4.188875564711909e-17,2.954001303049473e-08
215.0,-9.725029146579018e-05,3.5098158576704643e-17,2.9446158479814553e-08
215.1,-9.048330472547633e-05,3.964066119585444e-17,2.9366748760842802e-08
215.2,-8.315950609408212e-05,3.910107218829562e-17,2.926348418538717e-08
215.3,-7.596374364088962e-05,3.0777893072647586e-17,2.9130325135247185e-08
215.4,-6.802625362210029e-05,3.270161571678291e-17,2.9005931067032602e-08
215.5,-5.939202655535356e-05,3.680705480731444e-17,2.886544383447475e-08
215.6,-5.102802145321498e-05,2.992664056035986e-17,2.8685308083594265e-08
215.7,-4.235040834870885e-05,2.801239960959574e-17,2.85006215255551e-08
215.8,-3.2934788641861695e-05,3.469269521189746e-17,2.8301948166613135e-08
215.9,-2.379726560311461e-05,3.1876501228791174e-17,2.805484204637265e-08
216.0,-1.4794945590200517e-05,2.6779584910217144e-17,2.7785233078130923e-08
216.1,-5.1517072270434115e-06,3.315964250758146e-17,2.7498432546104483e-08
216.2,4.310988539762161e-06,3.5571139932967607e-17,2.7155847834162556e-08
216.3,1.3250194919210655e-05,2.951354263972116e-17,2.6771346388002334e-08
216.4,2.258810343657613e-05,3.310750144457825e-17,2.6363180982040947e-08
216.5,3.189205495036174e-05,3.998095341715199e-17,2.589494362402905e-08
216.6,4.04098758430465e-05,3.5809032425395493e-17,2.536721746588224e-08
216.7,4.896837951608971e-05,3.5495541342639115e-17,2.480865466591885e-08
216.8,5.762036332349238e-05,4.440979564394872e-17,2.4191256736965926e-08
216.9,6.538354126197646e-05,4.443211474298404e-17,2.350230855772746e-08
217.0,7.277305545885848e-05,4.1021767010348663e-17,2.2776956329796426e-08
217.1,8.030291177003528e-05,4.899477497559245e-17,2.2001722407894736e-08
217.2,8.699770061363099e-05,5.400711689824257e-17,2.1152336163070337e-08
217.3,9.292418642710788e-05,4.9807567202431716e-17,2.0264500027837075e-08
217.4,9.891927570317507e-05,5.442634725659637e-17,1.9344163467672993e-08
217.5,0.00010425028180377962,6.328046850107804e-17,1.8360014720466003e-08
217.6,0.00010851278554770473,6.107347140707945e-17,1.7340712889277737e-08
217.7,0.00011264949876796623,6.149541141928582e-17,1.6313330806943812e-08
217.8,0.00011634654268657484,7.158868930914079e-17,1.524718752729012e-08
217.9,0.00011882508006848045,7.340457319535791e-17,1.4156463065757861e-08
218.0,0.00012089253850084574,7.05999802455655e-17,1.3085916410998516e-08
218.1,0.00012272659532937985,7.886737197633592e-17,1.2015205156004457e-08
218.2,0.00012336602391525964,8.511189008004086e-17,1.0939527442549531e-08
218.3,0.00012327843756796626,8.144773593811344e-17,9.912168037619189e-09
218.4,0.0001230847944609952,8.564014474005183e-17,8.932132531179362e-09
218.5,0.00012188064513053426,9.491014131145608e-17,7.976566406227864e-09
218.6,0.00011967697452241311,9.314636912639901e-17,7.093932959882499e-09
218.7,0.00011738126417620863,9.272774431887882e-17,6.307373255296177e-09
218.8,0.0001143723023149004,1.0229442759775639e-16,5.583259678897912e-09
218.9,0.000110204342482255,1.0426300607886271e-16,4.951282896907106e-09
219.0,0.0001058456899114296,1.004769138393342e-16,4.4563515446574595e-09
219.1,0.00010111555276891564,1.0736370144550612e-16,4.066238384336203e-09
219.2,9.522770878028643e-05,1.1322450128126975e-16,3.78192740514834e-09
219.3,8.897321391727317e-05,1.0862514117124009e-16,3.6596456108098433e-09
219.4,8.266042748588148e-05,1.1087843052423885e-16,3.681890691416108e-09
219.5,7.536573722491341e-05,1.1903247676288263e-16,3.819069780748334e-09
219.6,6.751190517274737e-05,1.1633859105986225e-16,4.122159885092249e-09
219.7,5.9824684951621987e-05,1.1375468885316626e-16,4.597859172263607e-09
219.8,5.148175166715915e-05,1.214406035001272e-16,5.194004635522154e-09
219.9,4.244093099895736e-05,1.2236093035934876e-16,5.938346384754612e-09
220.0,3.367115100550954e-05,1.165471844434098e-16,6.862953690519013e-09
220.1,2.466556715435468e-05,1.2098675839254872e-16,7.909391844456912e-09
220.2,1.4938369252022633e-05,1.2546944709431913e-16,9.069053640543158e-09
220.3,5.4684701733180155e-06,1.1914552914776853e-16,1.0390239184919001e-08
220.4,-3.7996503307571075e-06,1.1873203955374137e-16,1.1827860112468146e-08
220.5,-1.3662294876606113e-05,1.250886624889975e-16,1.3334275495795172e-08
220.6,-2.3364704169236323e-05,1.2101629947312315e-16,1.4956409726377544e-08
220.7,-3.248777613117902e-05,1.1594893861583454e-16,1.6678437329116434e-08
220.8,-4.192743372357812e-05,1.2143267910711533e-16,1.8424041156183363e-08
220.9,-5.133014240952207e-05,1.2114991486400395e-16,2.0218400552302878e-08
221.0,-5.989744747456822e-05,1.1335775631384842e-16,2.2080660495415094e-08
221.1,-6.8389788507655e-05,1.1542784707173664e-16,2.3927110523046043e-08
221.2,-7.693132912238645e-05,1.1873780732605724e-16,2.5745922441695484e-08
221.3,-8.453450056694862e-05,1.111197714797748e-16,2.7583552985347416e-08
221.4,-9.162434502640995e-05,1.0850113825223533e-16,2.9374386678723953e-08
221.5,-9.876036384768696e-05,1.135439674974243e-16,3.106641217573331e-08
221.6,-0.00010500381897538539,1.0878696726836116e-16,3.2714459935035106e-08
221.7,-0.00011033007158554048,1.0206385523813976e-16,3.4291513683353836e-08
221.8,-0.00011558427337846583,1.061698500070192e-16,3.571714294144426e-08
221.9,-0.00012010309096289015,1.0566506849849172e-16,3.7031428591350295e-08
222.0,-0.0001234123924823219,9.70512962499853e-17,3.8253478199326306e-08
222.1,-0.0001264242124681808,9.788692396658404e-17,3.929802034627138e-08
222.2,-0.00012890970026519096,1.0119030991061172e-16,4.017254623631348e-08
222.3,-0.00013005994971396458,9.363285477772051e-17,4.093363436927896e-08
222.4,-0.0001306213394362037,9.020004684313809e-17,4.15181649835624e-08
222.5,-0.00013085189576750103,9.528562123543954e-17,4.1896242508451675e-08
222.6,-0.0001298085018214686,9.132021062363429e-17,4.21404554040974e-08
222.7,-0.00012788403137411726,8.447191343074067e-17,4.222987432312792e-08
222.8,-0.00012575656232511264,8.864027013197554e-17,4.21078221699359e-08
222.9,-0.000122584973408535,8.939446250608124e-17,4.183737191168159e-08
223.0,-0.00011831243879699086,8.151366432934838e-17,4.144506102263225e-08
223.1,-0.00011386819089294632,8.256424099259029e-17,4.086905898036983e-08
223.2,-0.00010872583036161722,8.727773262817906e-17,4.0143649444662224e-08
223.3,-0.00010239803841996761,8.129829235692865e-17,3.93316648852469e-08
223.4,-9.583667883944526e-05,7.851006006788088e-17,3.838952276145573e-08
223.5,-8.896607653467207e-05,8.495924406918219e-17,3.731689059008019e-08
223.6,-8.09976887190279e-05,8.316252797122371e-17,3.619048669618414e-08
223.7,-7.267492003495034e-05,7.755381564159454e-17,3.500031410906902e-08
223.8,-6.439803151014725e-05,8.296835379070077e-17,3.371991676523253e-08
223.9,-5.528359466158383e-05,8.611252033343179e-17,3.241582959861702e-08
224.0,-4.569027664840261e-05,8.012512209603209e-17,3.111307232544991e-08
224.1,-3.640228464484514e-05,8.238351696338705e-17,2.9776354041732124e-08
224.2,-2.6672418832440038e-05,8.933416844025448e-17,2.8445666182677116e-08
224.3,-1.6396525110305224e-05,8.573513800440997e-17,2.7169260178760944e-08
224.4,-6.5563589057483595e-06,8.425477783606101e-17,2.5920245835589974e-08
224.5,3.2615905958534155e-06,9.252134702153953e-17,2.4708330903861997e-08
224.6,1.3585569084411178e-05,9.330199689193351e-17,2.3586419300209713e-08
224.7,2.3470826266801433e-05,8.92729764652416e-17,2.2545591013977454e-08
224.8,3.2883278935447646e-05,9.602993271508781e-17,2.157281073095165e-08
224.9,4.263040368158753e-05,1.015396256960118e-16,2.0708857075193925e-08
225.0,5.202904208973461e-05,9.73822281626943e-17,1.9961858878317293e-08
225.1,6.059604663481074e-05,1.005830719509471e-16,1.93087755214355e-08
225.2,6.920431404232709e-05,1.0933444716553955e-16,1.8769672627428598e-08
225.3,7.759142652691193e-05,1.0768784180125113e-16,1.8361090752722622e-08
225.4,8.493679403829295e-05,1.0696540918230057e-16,1.8060805924195957e-08
225.5,9.195023538723759e-05,1.163067091272116e-16,1.7869183229453805e-08
225.6,9.884478107794401e-05,1.189061497421652e-16,1.780096085464866e-08
225.7,0.00010465942848313522,1.156609414547332e-16,1.783930418631957e-08
225.8,0.00010975542475725733,1.2277190829706146e-16,1.7972031526702934e-08
225.9,0.00011475864630703744,1.2959643509478413e-16,1.8206035542735678e-08
226.0,0.00011880106415653674,1.262515511645734e-16,1.8528446057433134e-08
226.1,0.00012179952381156219,1.2923353830525404e-16,1.8922193490754575e-08
226.2,0.00012462921335245453,1.3849689408429778e-16,1.938669589844632e-08
226.3,0.00012672670385358335,1.375530312205099e-16,1.9909483032219507e-08
226.4,0.00012758225055474365,1.362673123518638e-16,2.0472457304432078e-08
226.5,0.00012809731544869186,1.4516918304224728e-16,2.1072305022102964e-08
226.6,0.00012815029926093992,1.4805807181552047e-16,2.1695783265390217e-08
226.7,0.0001269316814594208,1.440884044535485e-16,2.2323153495295706e-08
226.8,0.00012514269917220311,1.4992150865242267e-16,2.2952930424317434e-08
226.9,0.00012313239829467963,1.5639597269405677e-16,2.3574476120115432e-08
227.0,0.0001199952931512262,1.5230351678988838e-16,2.416419341813305e-08
227.1,0.00011605904468115546,1.5345988646381945e-16,2.4722815246222224e-08
227.2,0.00011205680349795404,1.6157465860080752e-16,2.5248666212179602e-08
227.3,0.00010721664338806647,1.598013778638062e-16,2.5714641669483284e-08
227.4,0.00010141547973222934,1.5648612352369036e-16,2.6119045553166e-08
227.5,9.559047401939791e-05,1.6344170052582208e-16,2.6474185903012334e-08
227.6,8.930083459798919e-05,1.6524414608376499e-16,2.6754943771896627e-08
227.7,8.201050540298344e-05,1.5931622962752084e-16,2.6950326647412148e-08
227.8,7.463204157415433e-05,1.6259715098355002e-16,2.708591757874434e-08
227.9,6.717182083613909e-05,1.6750608218602552e-16,2.714826725976877e-08
228.0,5.882342535302806e-05,1.6165947872098677e-16,2.7112925126422578e-08
228.1,5.025461575531421e-05,1.6004993404365006e-16,2.701058234323824e-08
228.2,4.192430942843994e-05,1.6609809733580176e-16,2.6849055181788645e-08
228.3,3.2966829084140496e-05,1.6278538968531243e-16,2.6593138826625038e-08
228.4,2.3648004842397748e-05,1.568850430799567e-16,2.6265327717477526e-08
228.5,1.4772581371660676e-05,1.613547545196593e-16,2.5898669454176105e-08
228.6,5.641822355714821e-06,1.616912375143001e-16,2.545768187833841e-08
228.7,-3.935791375063272e-06,1.5364242495018232e-16,2.4943807906367294e-08
228.8,-1.3001905217467439e-05,1.5425682782936503e-16,2.4409788408055475e-08
228.9,-2.19040461914468e-05,1.5760129844891773e-16,2.3834854445980675e-08
229.0,-3.123167857654526e-05,1.502285689126596e-16,2.319335671906088e-08
229.1,-4.01026989231192e-05,1.461393106433608e-16,2.254276580216705e-08
229.2,-4.841747271183033e-05,1.5041258840716706e-16,2.189024840950613e-08
229.3,-5.700482163488401e-05,1.460479564046885e-16,2.118794867155527e-08
229.4,-6.526926854215153e-05,1.381740368351405e-16,2.0478227437028743e-08
229.5,-7.26805434463107e-05,1.407501555327517e-16,1.9801037547053842e-08
229.6,-8.008943139075086e-05,1.4033749740809643e-16,1.9101801517280166e-08
229.7,-8.732587026680268e-05,1.3108192695438162e-16,1.8390563604154917e-08
229.8,-9.35539148836587e-05,1.2996392936840498e-16,1.7732669949264845e-08
229.9,-9.942504956769025e-05,1.3271749421202188e-16,1.708780463460432e-08
230.0,-0.00010522775644331741,1.249766788976191e-16,1.6426583355903182e-08
230.1,-0.0001100226435325842,1.196212964112095e-16,1.5821087994546446e-08
230.2,-0.00011409246808892863,1.2333206439165864e-16,1.526358955832346e-08
230.3,-0.00011810413231572431,1.1927657056114766e-16,1.4692442782617278e-08
230.4,-0.00012124386619506967,1.1090622351431105e-16,1.416252361207905e-08
230.5,-0.000123350649732072,1.130213465753318e-16,1.3706385574512742e-08
230.6,-0.00012529711921153432,1.1337439993076664e-16,1.3250278284229048e-08
230.7,-0.00012659399609482125,1.045589612926624e-16,1.2811658608378006e-08
230.8,-0.0001266745698711776,1.032907052186699e-16,1.245607601564427e-08
230.9,-0.00012639566797185032,1.0700414664145352e-16,1.212402714391353e-08
231.0,-0.00012571178569567202,1.0056356326816976e-16,1.1787566221431459e-08
231.1,-0.00012379209448395217,9.561069558264428e-17,1.152449492494784e-08
231.2,-0.00012126292118880248,1.0031760380955528e-16,1.1312120543375675e-08
231.3,-0.00011853280091410755,9.81856309529251e-17,1.1085618172295182e-08
231.4,-0.00011471626389917324,9.095080841368004e-17,1.0908172748257783e-08
231.5,-0.00011005502965606229,9.408421363425884e-17,1.0803449504877285e-08
231.6,-0.00010531073372265557,9.661345663680352e-17,1.069255324534091e-08
231.7,-9.9768092441856e-05,8.965611595838055e-17,1.0601551243439984e-08
231.8,-9.322901527583406e-05,8.949543367478164e-17,1.0592548326071849e-08
231.9,-8.662159775310162e-05,9.527690486130813e-17,1.0601317933572896e-08
232.0,-7.958457056941179e-05,9.126226241934704e-17,1.0608006126663351e-08
232.1,-7.153709642754174e-05,8.774033518260843e-17,1.0690380851785746e-08
232.2,-6.334812052234493e-05,9.427254387696504e-17,1.0822227141105254e-08
232.3,-5.510716396638641e-05,9.48468582231094e-17,1.0946640374730448e-08
232.4,-4.600510802950339e-05,8.94770178041677e-17,1.1128353944640278e-08
232.5,-3.664337928135459e-05,9.41336350101227e-17,1.138759488103232e-08
232.6,-2.7547739880617675e-05,9.923197140672624e-17,1.1653508769568805e-08
232.7,-1.789337225513128e-05,9.454014941485777e-17,1.1954795046259726e-08
232.8,-7.874678335006185e-06,9.573868629631744e-17,1.2348214907254875e-08
232.9,1.6686933108264112e-06,1.0365394964713771e-16,1.2776666625069431e-08
233.0,1.1360357157180532e-05,1.021022355637918e-16,1.3224730521944087e-08
233.1,2.1449424096087577e-05,9.991934439867916e-17,1.376180440018882e-08
233.2,3.098214829812772e-05,1.0794146506974729e-16,1.4365226097574004e-08
233.3,4.021451559934607e-05,1.1081603106697963e-16,1.498495234090951e-08
233.4,4.976438870514237e-05,1.0686343175979635e-16,1.567537891706492e-08
233.5,5.8791570210481e-05,1.1238156691947603e-16,1.6453596673023488e-08
233.6,6.711052915795476e-05,1.1925980272458688e-16,1.725698975243508e-08
233.7,7.554150862299485e-05,1.1601833820440774e-16,1.810505046774683e-08
233.8,8.35569914947025e-05,1.1759195722170133e-16,1.904323842355994e-08
233.9,9.056739127915343e-05,1.2647762814616346e-16,2.0020758807758696e-08
234.0,9.737982625476338e-05,1.2623539095689828e-16,2.1017527383053552e-08
234.1,0.0001039009863024724,1.2417440883402315e-16,2.2085375393291436e-08
234.2,0.00010927692901216898,1.3230382137398382e-16,2.3201605745317953e-08
234.3,0.00011409159550254551,1.3608909726986008e-16,2.4317418643087613e-08
234.4,0.00011870020060680882,1.3219571058283326e-16,2.5468726447097947e-08
234.5,0.00012219167039333414,1.3710329139964215e-16,2.6663256994653463e-08
234.6,0.00012477514408033396,1.4424882097146706e-16,2.7843418857195067e-08
234.7,0.00012715865851855814,1.4105116672253319e-16,2.9016067000564562e-08
234.8,0.00012859715918851696,1.415566266472414e-16,3.020888989891185e-08
234.9,0.00012886987727954416,1.4989637416013792e-16,3.1374887867362104e-08
235.0,0.00012885651807563407,1.495417338520678e-16,3.249211326994447e-08
235.1,0.00012816156133513523,1.4622001604483938e-16,3.359183590230109e-08
235.2,0.00012618944685296343,1.5298622642941072e-16,3.464865653723031e-08
235.3,0.00012377065053299825,1.5626861979711538e-16,3.5623071141011425e-08
235.4,0.00012095742124698306,1.5113343024603351e-16,3.6536214854805466e-08
235.5,0.00011693069688800166,1.5407173329036343e-16,3.738438120426564e-08
235.6,0.00011226642510161671,1.6012402193467458e-16,3.8125741381099466e-08
235.7,0.00010745322743653692,1.5576024805151492e-16,3.876602680852233e-08
235.8,0.00010165779153603448,1.540141877439778e-16,3.931559657017639e-08
235.9,9.506295531314026e-05,1.60602219957254e-16,3.974202948292412e-08
236.0,8.847565658655373e-05,1.5908870766502881e-16,4.003928568152272e-08
236.1,8.126280967678263e-05,1.5360998772856069e-16,4.022275377256133e-08
236.2,7.317642077143711e-05,1.5810837003788178e-16,4.0273586628546365e-08
236.3,6.514651477828069e-05,1.600962011744859e-16,4.018217741105814e-08
236.4,5.690591996680243e-05,1.5310728463595142e-16,3.996400855201681e-08
236.5,4.7847654677249225e-05,1.534914072205535e-16,3.9611273179831e-08
236.6,3.880100901739271e-05,1.5794469148502913e-16,3.911758416101184e-08
236.7,2.9939866540643364e-05,1.521396340567999e-16,3.849936050090814e-08
236.8,2.0460870412765024e-05,1.4797509999515078e-16,3.7755062832951305e-08
236.9,1.0895667370134253e-05,1.526655365557808e-16,3.6882875041920776e-08
237.0,1.824731342428369e-06,1.5002985485676154e-16,3.5904162033054674e-08
237.1,-7.539770574174984e-06,1.4256458634377242e-16,3.482146327988562e-08
237.2,-1.7085256836449227e-05,1.449695764013088e-16,3.363354779064684e-08
237.3,-2.596036402254123e-05,1.4598327135622156e-16,3.2369087221001724e-08
237.4,-3.4729907705362e-05,1.3769184220685876e-16,3.103718886634924e-08
237.5,-4.3716750056457265e-05,1.361124141540399e-16,2.9631662483103853e-08
237.6,-5.200191223894358e-05,1.395953588125009e-16,2.81854073553353e-08
237.7,-5.97765128077774e-05,1.3317347128296817e-16,2.6719441861050883e-08
237.8,-6.7706950884957e-05,1.2749558411227703e-16,2.5220396894373593e-08
237.9,-7.502698280057898e-05,1.3118581668373104e-16,2.3716608915777222e-08
238.0,-8.14981607024012e-05,1.2848176764387134e-16,2.22446580346118e-08
238.1,-8.79540047794241e-05,1.2023653657646825e-16,2.0788022658002845e-08
238.2,-9.396375095893482e-05,1.217356843612771e-16,1.9359571048556006e-08
238.3,-9.891243265133027e-05,1.2303095741680808e-16,1.800895358435347e-08
238.4,-0.0001035845153358159,1.1484454086692602e-16,1.6725843387804674e-08
238.5,-0.00010798464832580124,1.1270338282770598e-16,1.550024932704218e-08
238.6,-0.00011127005779318481,1.166045524932468e-16,1.4384676711908812e-08
238.7,-0.00011397467917787532,1.1106379566601015e-16,1.3385192518454938e-08
238.8,-0.00011653123370447678,1.0537480038214087e-16,1.2469732083109365e-08
238.9,-0.00011807628975189676,1.0948201506860638e-16,1.1678269031221891e-08
239.0,-0.00011875700092177566,1.0819543776289778e-16,1.1038532921580719e-08
239.1,-0.00011932186931606978,1.0070259657778327e-16,1.0506483376041592e-08
239.2,-0.00011910057091584853,1.0268827878718263e-16,1.0094840048317524e-08
239.3,-0.00011781641792861584,1.0559111873882741e-16,9.849179029454411e-09
239.4,-0.00011634490970070856,9.888981401194989e-17,9.729666567561624e-09
239.5,-0.00011437579524410759,9.745301165882541e-17,9.714262353938636e-09
239.6,-0.00011127965579729475,1.0292037305278553e-16,9.85325239357785e-09
239.7,-0.00010784111432679726,9.94658586084474e-17,1.0126854981084616e-08
239.8,-0.00010418851341058443,9.493068058802102e-17,1.0482265712630425e-08
239.9,-9.950080894863676e-05,1.0043081018819778e-16,1.0956173134989912e-08
240.0,-9.427923406217295e-05,1.0148512554310232e-16,1.1557483159209003e-08
240.1,-8.906131037711613e-05,9.566675237247095e-17,1.221798632241657e-08
240.2,-8.304477547653023e-05,9.8896815823921e-17,1.2944383845982064e-08
240.3,-7.632819328382303e-05,1.0406511025034696e-16,1.3771362104818528e-08
240.4,-6.972839404029432e-05,9.94957697380117e-17,1.4637159346819364e-08
240.5,-6.266864124193366e-05,9.925488049810053e-17,1.5511184322142642e-08
240.6,-5.482814265212936e-05,1.0657179733033135e-16,1.6439739062916168e-08
240.7,-4.710521689193335e-05,1.0544608309235619e-16,1.7387916186997905e-08
240.8,-3.929978484311559e-05,1.0221447965181765e-16,1.829378513684575e-08
240.9,-3.076117021755759e-05,1.0905415925993869e-16,1.9194950236379094e-08
241.0,-2.2252749620051474e-05,1.1232632516417508e-16,2.0094392053504263e-08
241.1,-1.4008674966014463e-05,1.0800182977003865e-16,2.0917163222504594e-08
241.2,-5.220985067194541e-06,1.1207925075841637e-16,2.1673849069333023e-08
241.3,3.663129941132834e-06,1.1898165408637797e-16,2.2402324593983143e-08
241.4,1.2025760444465851e-05,1.160292469880705e-16,2.3039294706133e-08
241.5,2.0620212098609867e-05,1.1635158293329326e-16,2.3559920578754285e-08
241.6,2.9416740303809866e-05,1.2471031494904328e-16,2.4020724896689574e-08
241.7,3.755967082045206e-05,1.2509296074686374e-16,2.4391993656392895e-08
241.8,4.554989437184645e-05,1.222755745537261e-16,2.4619280170853563e-08
241.9,5.3771744513004284e-05,1.293674109093161e-16,2.4754468016180548e-08
242.0,6.133695280360808e-05,1.3372327108762391e-16,2.4812021329174094e-08
242.1,6.836025455197896e-05,1.2978120372394754e-16,2.4726498091100854e-08
242.2,7.553367090198861e-05,1.3345350751010012e-16,2.4524119668009298e-08
242.3,8.214967097824508e-05,1.4073064705217417e-16,2.4258358677963857e-08
242.4,8.790080317880433e-05,1.380675129560829e-16,2.3877251466389106e-08
242.5,9.360471341221633e-05,1.3754509659388614e-16,2.3371170079558863e-08
242.6,9.890319023765501e-05,1.454274929996193e-16,2.2813452009814795e-08
242.7,0.00010313742159304579,1.458646593073979e-16,2.2186220245637012e-08
242.8,0.00010703910634425552,1.4204001073220044e-16,2.144874528495742e-08
242.9,0.00011068158828965434,1.4785246958612533e-16,2.0668596907329932e-08
243.0,0.00011321475050858066,1.5177584102949024e-16,1.9870319223386167e-08
243.1,0.00011509661945233397,1.4679910550621838e-16,1.899953216063866e-08
243.2,0.00011680804253219604,1.4860576628330678e-16,1.8095959124189766e-08
243.3,0.0001175169381886188,1.5479080448083676e-16,1.7219268521867193e-08
243.4,0.0001172909445136697,1.511069354995187e-16,1.6323958247724206e-08
243.5,0.00011689468177428454,1.4846175311993024e-16,1.541165974993059e-08
243.6,0.00011572049562835537,1.5454104916606376e-16,1.4557404565429403e-08
243.7,0.00011342910430873819,1.5382669613178597e-16,1.3742632491906262e-08
243.8,0.00011087689414542484,1.4792321653088905e-16,1.29354190059222e-08
243.9,0.00010783263189191615,1.5137416917061974e-16,1.2202142988441182e-08
244.0,0.00010363769590085666,1.5388706655857542e-16,1.1557642536375508e-08
244.1,9.902821029818443e-05,1.4709132071067552e-16,1.0952361514689158e-08
244.2,9.420913477162727e-05,1.4628635377083418e-16,1.042517867658147e-08
244.3,8.837195779597736e-05,1.5068069598826235e-16,1.0017530826692768e-08
244.4,8.195347255734603e-05,1.4547963617390353e-16,9.681779085173402e-09
244.5,7.554758840560497e-05,1.4034440105362183e-16,9.422036182050576e-09
244.6,6.840444635261096e-05,1.4428111066964008e-16,9.290460518481093e-09
244.7,6.0559845817642976e-05,1.4225758714659178e-16,9.256272070267538e-09
244.8,5.285425497243729e-05,1.3428286487599726e-16,9.293985757285079e-09
244.9,4.479154761327582e-05,1.353812461548648e-16,9.44907017384013e-09
245.0,3.600710673396804e-05,1.3657888093732933e-16,9.71302350118046e-09
245.1,2.738591378266819e-05,1.2826225647724521e-16,1.0043986758502497e-08
245.2,1.881804350548925e-05,1.251835215909922e-16,1.0468816271246319e-08
245.3,9.640371031506357e-06,1.2815762951478206e-16,1.0997350532991318e-08
245.4,5.70887332921419e-07,1.2199273934526893e-16,1.1585825656477971e-08
245.5,-8.077719954379734e-06,1.150024568180333e-16,1.2239381821279503e-08
245.6,-1.7090163784095526e-05,1.17421697600584e-16,1.2977167705831112e-08
245.7,-2.6084067034090453e-05,1.1486111234125424e-16,1.3763596464378951e-08
245.8,-3.4393165384522274e-05,1.0574949598179949e-16,1.4586527932074281e-08
245.9,-4.2716868978978505e-05,1.0544370836814793e-16,1.5465739251621924e-08
246.0,-5.109272966283508e-05,1.0636321352340645e-16,1.6377494406682558e-08
246.1,-5.865841598972508e-05,9.774213251726396e-17,1.730005366453071e-08
246.2,-6.584357842380064e-05,9.36439396057647e-17,1.8249071237234976e-08
246.3,-7.308547029802217e-05,9.645612146334536e-17,1.9211608737011974e-08
246.4,-7.953261582035852e-05,9.074663783344173e-17,2.0162851013142294e-08
246.5,-8.522948990620716e-05,8.340112013655254e-17,2.111373933909597e-08
246.6,-9.089419080565318e-05,8.575040738907665e-17,2.2059785218615383e-08
246.7,-9.589107984655972e-05,8.41654450051333e-17,2.2976395069031118e-08
246.8,-9.986221871963374e-05,7.551976824856424e-17,2.387096299503464e-08
246.9,-0.00010361953320205381,7.533217948482476e-17,2.4746406547147218e-08
247.0,-0.00010689545292562943,7.747636292903611e-17,2.5579282138337782e-08
247.1,-0.00010901497081699206,7.014319462173424e-17,2.6373508343004987e-08
247.2,-0.00011067596560388161,6.655411123808923e-17,2.7139852161871423e-08
247.3,-0.00011204082588236464,7.062003651840334e-17,2.78570611176126e-08
247.4,-0.00011228402305946058,6.681334387657719e-17,2.8523412727660868e-08
247.5,-0.00011181290077916279,6.052275265528041e-17,2.91574784622205e-08
247.6,-0.00011117632611576931,6.404225234837307e-17,2.974325583348594e-08
247.7,-0.0001096042452859918,6.464389164466381e-17,3.0270324783530004e-08
247.8,-0.0001071124655268178,5.768283733311674e-17,3.0762145047644813e-08
247.9,-0.00010449869427033483,5.866396964081043e-17,3.1212775806282795e-08
248.0,-0.0001012421669822532,6.294873980347384e-17,3.160201224171546e-08
248.1,-9.696659879347393e-05,5.781672442109643e-17,3.195162023205005e-08
248.2,-9.252132320899683e-05,5.551007171402918e-17,3.2269835844341005e-08
248.3,-8.776793450753183e-05,6.141729509149961e-17,3.2529919519291526e-08
248.4,-8.203759354286233e-05,6.009280040357533e-17,3.2743446497112785e-08
248.5,-7.602371930514244e-05,5.5391626964764996e-17,3.293309396601029e-08
248.6,-7.000924298133162e-05,6.041956709853929e-17,3.307331327530276e-08
248.7,-6.32069235031172e-05,6.345468307430931e-17,3.3158716050147786e-08
248.8,-5.598798369944831e-05,5.840045554461053e-17,3.322100503383412e-08
248.9,-4.8991762740378316e-05,6.059689069570812e-17,3.3245491054643424e-08
249.0,-4.1517248894487156e-05,6.694374416007826e-17,3.32084475573415e-08
249.1,-3.352949143713286e-05,6.394681551095153e-17,3.314034756726664e-08
249.2,-2.587152811299982e-05,6.275205383397233e-17,3.304485988405852e-08
249.3,-1.8112011728395475e-05,7.013479245309581e-17,3.288567656309328e-08
249.4,-9.828449935211911e-06,7.086973108141751e-17,3.2680387553296466e-08
249.5,-1.865077298363496e-06,6.725920471724977e-17,3.245262386702517e-08
249.6,5.8237954985162865e-06,7.309567084984303e-17,3.2165127850074286e-08
249.7,1.3932382518173244e-05,7.779132859984189e-17,3.181417141057167e-08
249.8,2.1817231764309243e-05,7.386847169399117e-17,3.143754884240873e-08
249.9,2.911906993912066e-05,7.634777134956804e-17,3.101066202519421e-08
250.0,3.6620515975819517e-05,8.367363714609794e-17,3.050704484029335e-08
250.1,4.403030778664944e-05,8.173493748139225e-17,2.996694834512532e-08
250.2,5.066655933216761e-05,8.049197338126915e-17,2.9389016768047076e-08
250.3,5.719592665939408e-05,8.8049708571464e-17,2.8730952865400978e-08
250.4,6.374288064976633e-05,8.956951080375272e-17,2.8021841666227534e-08
250.5,6.946642711289689e-05,8.580308626449846e-17,2.7286988670008594e-08
250.6,7.474336595995514e-05,9.108752840067068e-17,2.648171202578847e-08
250.7,8.007431599388326e-05,9.605805760890243e-17,2.5613353144503383e-08
250.8,8.466305769084246e-05,9.196047017180021e-17,2.4728458905818803e-08
250.9,8.849681533424883e-05,9.335674149138588e-17,2.379562002224782e-08
251.0,9.232014812262911e-05,1.0024526493981606e-16,2.2796978029984472e-08
251.1,9.557506587650792e-05,9.805039175023014e-17,2.17875184844254e-08
251.2,9.785863795171053e-05,9.545980306132335e-17,2.076160262651636e-08
251.3,9.99681005026227e-05,1.0180532129602841e-16,1.9681487017850014e-08
251.4,0.00010171860936508223,1.0279715094805137e-16,1.8594537555275483e-08
251.5,0.00010241568494280002,9.764911979524274e-17,1.7525687813549828e-08
251.6,0.00010270708549478918,1.0109525750363194e-16,1.642993417552464e-08
251.7,0.00010282409406154737,1.0509857416287307e-16,1.5333110824585278e-08
251.8,0.00010195365824769544,9.974500744535692e-17,1.4285769140245267e-08
251.9,0.00010043168865284455,9.899350855295642e-17,1.3251391979109024e-08
252.0,9.884625882919787e-05,1.0439392202020159e-16,1.2227297127085078e-08
252.1,9.646969040017652e-05,1.0107068085067909e-16,1.1276213707721625e-08
252.2,9.324397244509773e-05,9.637937340760974e-17,1.0383461304763911e-08
252.3,8.996747140176176e-05,1.0078570823111825e-16,9.52018419139483e-09
252.4,8.61817188451097e-05,1.0068112207680106e-16,8.74365499346081e-09
252.5,8.145325061876249e-05,9.376719988503256e-17,8.067128497209842e-09
252.6,7.659389579590831e-05,9.502180301100513e-17,7.446286476198842e-09
252.7,7.153214712537374e-05,9.779653518275032e-17,6.9169830949130224e-09
252.8,6.557307625672486e-05,9.111611719571146e-17,6.516932714441153e-09
252.9,5.934403793224067e-05,8.8208324174621e-17,6.2014106066196714e-09
253.0,5.318276144684207e-05,9.213950991314159e-17,5.975837550737824e-09
253.1,4.631340403909876e-05,8.788449644743348e-17,5.890539280227405e-09
253.2,3.902908188076161e-05,8.139354775329933e-17,5.914235403083741e-09
253.3,3.199804861331426e-05,8.41459318689992e-17,6.0225120082851845e-09
253.4,2.4565070100079705e-05,8.335900317305273e-17,6.2624073576161605e-09
253.5,1.662444735763102e-05,7.52538633930067e-17,6.623886970351261e-09
253.6,9.014934708494695e-06,7.488924452084159e-17,7.061977248973802e-09
253.7,1.373637164947997e-06,7.706212007038619e-17,7.606178992319714e-09
253.8,-6.767809307688758e-06,6.987676211856933e-17,8.267253072576913e-09
253.9,-1.4601608510295774e-05,6.569425075045063e-17,8.993648677396737e-09
254.0,-2.2099608194078968e-05,6.905348018634816e-17,9.789457472114237e-09
254.1,-2.9965707620473127e-05,6.492962348263211e-17,1.0678724169739648e-08
254.2,-3.7615903003338226e-05,5.780901346238225e-17,1.1616832789397583e-08
254.3,-4.4630205376504226e-05,6.00406066244386e-17,1.2582916244517076e-08
254.4,-5.176244450188099e-05,5.97756576977566e-17,1.3603480909846386e-08
254.5,-5.878890236798588e-05,5.1802834099147556e-17,1.4649761777678821e-08
254.6,-6.499525639552301e-05,5.111087833375478e-17,1.568338602164743e-08
254.7,-7.098823446221155e-05,5.397392844879501e-17,1.672358989898538e-08
254.8,-7.695108122207177e-05,4.767552043915501e-17,1.776018450264624e-08
254.9,-8.204674277407747e-05,4.357663509674776e-17,1.874823757623416e-08
255.0,-8.657614364019714e-05,4.760633825134245e-17,1.9694141154410678e-08
255.1,-9.107541447380718e-05,4.48920067471839e-17,2.060383558916783e-08
255.2,-9.478780315315055e-05,3.843554520063271e-17,2.143646838762983e-08
255.3,-9.762805352626999e-05,4.1322165154042777e-17,2.218489070215073e-08
255.4,-0.00010034458948112724,4.2742433999464207e-17,2.2865984050881447e-08
255.5,-0.00010244497209061263,3.610829443337128e-17,2.3450842900399926e-08
255.6,-0.00010347594033136556,3.617197464207031e-17,2.3921714905121344e-08
255.7,-0.0001042068496595751,4.070310356460699e-17,2.4300721559693855e-08
255.8,-0.00010452893327384797,3.631615281237853e-17,2.4575361685368056e-08
255.9,-0.00010373309267699411,3.326605531499846e-17,2.4721969796685545e-08
256.0,-0.00010241571351913055,3.8791488115675135e-17,2.476272307432017e-08
256.1,-0.00010087696527684712,3.831146047221419e-17,2.4703085984665352e-08
256.2,-9.832990997571686e-05,3.3304427547727925e-17,2.4518656912191184e-08
256.3,-9.505011861583709e-05,3.74419089997661e-17,2.4227003483633403e-08
256.4,-9.167190539153285e-05,4.10558300231091e-17,2.3850688314009483e-08
256.5,-8.752965555442843e-05,3.626568272456915e-17,2.3369978058716046e-08
256.6,-8.251313851029373e-05,3.743008389792073e-17,2.279362408271669e-08
256.7,-7.743489662279344e-05,4.381044517592484e-17,2.215775431831264e-08
256.8,-7.192100395568486e-05,4.1485076673477965e-17,2.1452993900693564e-08
256.9,-6.550913896580814e-05,3.950537045520266e-17,2.0676323795598324e-08
257.0,-5.899204725504909e-05,4.635023525949638e-17,1.987066029419642e-08
257.1,-5.238631246834459e-05,4.788948771740679e-17,1.904228248992261e-08
257.2,-4.500091992871065e-05,4.408490855250212e-17,1.8176343612912406e-08
257.3,-3.741798608067455e-05,4.904516331574195e-17,1.7312728181637818e-08
257.4,-3.0047026458854146e-05,5.433292695095644e-17,1.64763707223614e-08
257.5,-2.214990340223464e-05,5.086081947939568e-17,1.5644879579661743e-08
257.6,-1.3961716541386844e-05,5.2452913034889146e-17,1.484417794815569e-08
257.7,-6.190161869794439e-06,5.986357999512053e-17,1.4116119613788661e-08
257.8,1.756324806505754e-06,5.878300956639977e-17,1.3439220909023543e-08
257.9,1.0038175905679054e-05,5.698404314525998e-17,1.2816945588397939e-08
258.0,1.781798308291432e-05,6.408197375338631e-17,1.230016686417369e-08
258.1,2.5383903339868827e-05,6.65284599771005e-17,1.1878425079041798e-08
258.2,3.3241220098673054e-05,6.279663468713965e-17,1.1530389827764188e-08
258.3,4.0623207819891525e-05,6.729473536220164e-17,1.1302952372823623e-08
258.4,4.743428493517122e-05,7.289820438528595e-17,1.1204273817529749e-08
258.5,5.4388215427891815e-05,6.944377673780827e-17,1.119398258451129e-08
258.6,6.097162053414518e-05,7.010586772053394e-17,1.1300697055470443e-08
258.7,6.67217231133721e-05,7.712370272399392e-17,1.1552347424353152e-08
258.8,7.237355841044087e-05,7.596530492052729e-17,1.190206657985071e-08
258.9,7.778690242921415e-05,7.305475491859309e-17,1.2349879191407331e-08
259.0,8.224123582571318e-05,7.9029848200349e-17,1.293661742153372e-08
259.1,8.630220352658663e-05,8.106577776508968e-17,1.362390076386891e-08
259.2,9.023033405952234e-05,7.617928527948953e-17,1.4381166324398759e-08
259.3,9.322246610576984e-05,7.894326427400396e-17,1.524918183835416e-08
259.4,9.55287550778211e-05,8.361028955525907e-17,1.6209821790349e-08
259.5,9.773955459405671e-05,7.905481359126458e-17,1.720958411517624e-08
259.6,9.91661115095566e-05,7.766424588654097e-17,1.8274880669222717e-08
259.7,9.967817700751982e-05,8.312581035776018e-17,1.9411981924485477e-08
259.8,0.000100044698139321,8.084222975269584e-17,2.05592468635184e-08
259.9,9.986116231409486e-05,7.586700416739265e-17,2.1718676671419635e-08
260.0,9.864928829453841e-05,7.976203768373521e-17,2.291621144911731e-08
260.1,9.716320539222182e-05,8.05637639141351e-17,2.409878630517722e-08
260.2,9.538292421781921e-05,7.387020301653485e-17,2.5242040665615128e-08
260.3,9.260340968012395e-05,7.425335581163235e-17,2.6380353282197426e-08
260.4,8.937682571314455e-05,7.739234684029172e-17,2.7482145096781148e-08
260.5,8.607351160571775e-05,7.132774401706799e-17,2.8503418254542117e-08
260.6,8.194117968794171e-05,6.756033526418854e-17,2.947396037346088e-08
260.7,7.719577660625062e-05,7.117852550782422e-17,3.0388928406640525e-08
260.8,7.25079682813736e-05,6.767887710581564e-17,3.1197337099793924e-08
260.9,6.72707022703083e-05,6.068501723114749e-17,3.1914445860142235e-08
261.0,6.131553765684144e-05,6.254631037336402e-17,3.25590336251814e-08
261.1,5.545020339879871e-05,6.227651575984097e-17,3.3087056826468935e-08
261.2,4.936993822369164e-05,5.4139807016537005e-17,3.349549993801646e-08
261.3,4.2571327875016196e-05,5.257324863164413e-17,3.3817551048499874e-08
261.4,3.580337305868962e-05,5.4699169330570203e-17,3.4026776654556356e-08
261.5,2.914575955261312e-05,4.7843276890801636e-17,3.4104732475563426e-08
261.6,2.1894126923586537e-05,4.248969653192567e-17,3.4087579465731036e-08
261.7,1.4559132119034445e-05,4.5057902647690835e-17,3.3971124533750824e-08
261.8,7.591503669673942e-06,4.127846559548789e-17,3.3728964437435666e-08
261.9,2.7046288666730636e-07,3.332892533872115e-17,3.339037710848437e-08
262.0,-7.25062527284716e-06,3.4205690692464314e-17,3.297161124874334e-08
262.1,-1.4255681390634256e-05,3.3994662063856213e-17,3.2447256236179125e-08
262.2,-2.1293520337805837e-05,2.568194866377958e-17,3.1833884473859376e-08
262.3,-2.859716535602769e-05,2.3413704888585337e-17,3.116158396832578e-08
262.4,-3.535683631272122e-05,2.5764435420402393e-17,3.041339512344592e-08
262.5,-4.1804617988690205e-05,1.9482050934614758e-17,2.9592048167189203e-08
262.6,-4.849252580378675e-05,1.3946279171763033e-17,2.8732708768950177e-08
262.7,-5.471194119639051e-05,1.681506176934929e-17,2.7830967375285844e-08
262.8,-6.0313482266488514e-05,1.417630799743876e-17,2.6878399025098694e-08
262.9,-6.602175532230124e-05,6.7375367256648574e-18,2.5906934673900244e-08
263.0,-7.13989402808199e-05,8.006877992972974e-18,2.4925013431202332e-08
263.1,-7.594576104891473e-05,9.220700076052771e-18,2.3917888675695474e-08
263.2,-8.037117024433238e-05,2.1524174673229266e-18,2.2908216415676937e-08
263.3,-8.461054618342987e-05,5.043796556305563e-19,2.191452152620231e-08
263.4,-8.793472764851291e-05,4.318770023911096e-18,2.0920984385657854e-08
263.5,-9.085440578199617e-05,-9.837815491926092e-20,1.993796295411857e-08
263.6,-9.368820896471492e-05,-4.577743874147341e-18,1.8989602232554605e-08
263.7,-9.56555438416873e-05,-3.172259960476588e-19,1.8063429482193796e-08
263.8,-9.693775842546003e-05,-7.346999368495382e-19,1.7157303631920788e-08
263.9,-9.81524410874345e-05,-6.586886021170139e-18,1.6296166670926803e-08
264.0,-9.865990462209259e-05,-4.012122435856703e-18,1.54739630932234e-08
264.1,-9.8265420267375e-05,-5.537725331103505e-19,1.4677948125232252e-08
264.2,-9.772844750909332e-05,-5.543066030761702e-18,1.3929551265050817e-08
264.3,-9.67084758361752e-05,-5.8611943164834316e-18,1.3230901005639886e-08
264.4,-9.468389166512519e-05,-3.509559520354914e-20,1.2561905542863235e-08
264.5,-9.236575002049234e-05,-2.066248665678608e-18,1.1936945841864227e-08
264.6,-8.979755831594336e-05,-5.059021651214322e-18,1.1367007061021358e-08
264.7,-8.626342681703488e-05,8.317520229504682e-19,1.0828872066656152e-08
264.8,-8.225025719124273e-05,2.8190581710730045e-18,1.0327029452556024e-08
264.9,-7.81760191660684e-05,-1.2965365733857472e-18,9.880805284459242e-09
265.0,-7.331316517497777e-05,2.5455612454476345e-18,9.468984614998371e-09
265.1,-6.780707407479641e-05,8.093057303373195e-18,9.084100032977804e-09
265.2,-6.234882892574789e-05,5.004697902608151e-18,8.751555062925403e-09
265.3,-5.638595232667437e-05,5.683365617147924e-18,8.457997619847009e-09
265.4,-4.969234451882702e-05,1.3015051082341372e-17,8.183429974500723e-09
265.5,-4.3064506817777185e-05,1.2851519342929249e-17,7.954633545876742e-09
265.6,-3.626898414513803e-05,1.0745202817819985e-17,7.771837822796826e-09
265.7,-2.877265568967831e-05,1.7472881647843335e-17,7.604676803425792e-09
265.8,-2.128526081625056e-05,2.1011316360362906e-17,7.474162154282575e-09
265.9,-1.3957397164298296e-05,1.7753415821697687e-17,7.397802887941094e-09
266.0,-6.0910792696151374e-06,2.1828507806603652e-17,7.340836369748449e-09
266.1,1.8596133039449966e-06,2.8346568678397126e-17,7.3103283246312774e-09
266.2,9.390315441383395e-06,2.608132219605313e-17,7.340334530205796e-09
266.3,1.7180190100267984e-05,2.6611947353881504e-17,7.401261713856273e-09
266.4,2.5134703714011488e-05,3.4187998984232435e-17,7.479972413714594e-09
266.5,3.251391099697507e-05,3.4665412790908573e-17,7.620216909566032e-09
266.6,3.979943762713045e-05,3.2221354344724085e-17,7.808430517378543e-09
266.7,4.726987156669349e-05,3.8457981180387875e-17,8.010436929820646e-09
266.8,5.4126456683375256e-05,4.2226294919118e-17,8.267200009888886e-09
266.9,6.052469567601994e-05,3.8583308741870645e-17,8.58922014970102e-09
267.0,6.70369415575953e-05,4.1596699329451156e-17,8.92810909933194e-09
267.1,7.299711783890628e-05,4.77574481016856e-17,9.307346158001934e-09
267.2,7.818864274077039e-05,4.5085328079380864e-17,9.762340659472836e-09
267.3,8.33259574264563e-05,4.422888683695097e-17,1.0244221319198832e-08
267.4,8.803444994610928e-05,5.076647634882725e-17,1.0747635549329405e-08
267.5,9.177383150357502e-05,5.0704040866004257e-17,1.132424580213013e-08
267.6,9.5215222666022e-05,4.683059710906089e-17,1.1941028712454091e-08
267.7,9.836239527629784e-05,5.143960871116259e-17,1.2561273035179517e-08
267.8,0.00010048210474864082,5.4383315511212826e-17,1.323631734561217e-08
267.9,0.00010202984318825539,4.944855253855761e-17,1.3961414334885106e-08
268.0,0.00010338165948270779,5.0490743254829986e-17,1.467735183953456e-08
268.1,0.00010379186506161453,5.5426213702005246e-17,1.541625988893486e-08
268.2,0.00010338443327374624,5.1659265797170656e-17,1.6204314634637793e-08
268.3,0.00010281060623447756,4.880906858590611e-17,1.6977891405010107e-08
268.4,0.00010149745333215137,5.3709793812043856e-17,1.773633146605722e-08
268.5,9.920691822208354e-05,5.266771672632648e-17,1.852739642917566e-08
268.6,9.670203366366677e-05,4.706280303707172e-17,1.9303822353322372e-08
268.7,9.372628031235921e-05,4.9752046993028527e-17,2.0030114808062835e-08
268.8,8.974183871887443e-05,5.167212096420809e-17,2.075730783648695e-08
268.9,8.543483835327891e-05,4.5419992013546225e-17,2.146965761455305e-08
269.0,8.093142601321918e-05,4.451211447273152e-17,2.210802636754331e-08
269.1,7.553311158931701e-05,4.828406821463383e-17,2.2706728430215706e-08
269.2,6.968222956958338e-05,4.365674852343864e-17,2.328480280728098e-08
269.3,6.385992476335782e-05,3.913026249259317e-17,2.3779924376221622e-08
269.4,5.738771981896826e-05,4.270445219796686e-17,2.4196417555213065e-08
269.5,5.036044633219632e-05,4.1118312167323174e-17,2.4578223580267347e-08
269.6,4.3499545152553076e-05,3.434452786283159e-17,2.48814533590026e-08
269.7,3.632319233185873e-05,3.5678396620217353e-17,2.507952600376042e-08
269.8,2.8563555838221764e-05,3.7226242828327935e-17,2.5222699941433635e-08
269.9,2.1009171220590106e-05,3.046459436881397e-17,2.529970743682775e-08
270.0,1.3502897979116766e-05,2.840929099522613e-17,2.5264723000710233e-08
270.1,5.49070781995419e-06,3.1815707365024624e-17,2.5155084297023756e-08
270.2,-2.3604581508005932e-06,2.7266312869985584e-17,2.499365466818862e-08
270.3,-9.835970609051175e-06,2.2075011057575666e-17,2.4734370662941183e-08
270.4,-1.7627831673116963e-05,2.5310977035451096e-17,2.4389649898541983e-08
270.5,-2.5348145808392522e-05,2.4269718144418846e-17,2.4005645659659948e-08
270.6,-3.245639067255837e-05,1.7523038828391337e-17,2.35542722223615e-08
270.7,-3.960032230105237e-05,1.8648080997444935e-17,2.302246186783894e-08
270.8,-4.675852305582674e-05,2.0975470564509828e-17,2.2461856522232572e-08
270.9,-5.3192148049417034e-05,1.4948704741702846e-17,2.187251967624547e-08
271.0,-5.9334609127622275e-05,1.2965927614960209e-17,2.1225668092850466e-08
271.1,-6.55271855021735e-05,1.7172869502110573e-17,2.0561325034965913e-08
271.2,-7.101027434636638e-05,1.393544618389886e-17,1.990657301051788e-08
271.3,-7.588786782627295e-05,9.30342394544183e-18,1.923163622156473e-08
271.4,-8.077056051769682e-05,1.3309089682353208e-17,1.855484523775615e-08
271.5,-8.506138410460872e-05,1.392442437023516e-17,1.791961009797329e-08
271.6,-8.850380586919145e-05,8.335377814139434e-18,1.7308054380591414e-08
271.7,-9.181868505688778e-05,1.0251001697721976e-17,1.671623276515405e-08
271.8,-9.471533780580915e-05,1.4286672480264128e-17,1.618899243324026e-08
271.9,-9.663735861695925e-05,9.975498798026723e-18,1.572641139865013e-08
272.0,-9.823134124050618e-05,8.963923432283603e-18,1.530930261793937e-08
272.1,-9.958120690574877e-05,1.473845900572811e-17,1.4971015965887066e-08
272.2,-9.996782388504644e-05,1.3570303388904129e-17,1.4727512247958098e-08
272.3,-9.97998598596469e-05,1.0186755618468148e-17,1.4554399061622203e-08
272.4,-9.951209350880987e-05,1.5465887526042547e-17,1.4466734783231186e-08
272.5,-9.84018796942668e-05,1.8162825614048813e-17,1.4488558355615505e-08
272.6,-9.653807449212441e-05,1.4131248582612173e-17,1.4598519221894638e-08
272.7,-9.45967383445349e-05,1.706169768951055e-17,1.4793540775182293e-08
272.8,-9.20680668765093e-05,2.2887889187059752e-17,1.5096558683703228e-08
272.9,-8.866625269682994e-05,2.0340069312702746e-17,1.549295155155352e-08
273.0,-8.51408320174878e-05,2.0207938172028403e-17,1.5966420435493957e-08
273.1,-8.130418480610371e-05,2.7268760337971448e-17,1.653223854122092e-08
273.2,-7.659137512851945e-05,2.786328657607441e-17,1.7181755250202636e-08
273.3,-7.164138011944533e-05,2.535987196577844e-17,1.7891583024559203e-08
273.4,-6.663876225423683e-05,3.1368374111891076e-17,1.8667283259036475e-08
273.5,-6.0886063325917155e-05,3.5550539290029845e-17,1.950329933869652e-08
273.6,-5.475730978374386e-05,3.2469263439153937e-17,2.0373615288986172e-08
273.7,-4.876743887875202e-05,3.566987583915641e-17,2.1275852618726963e-08
273.8,-4.226706951435038e-05,4.2440692629590825e-17,2.220545844743565e-08
273.9,-3.5278802283812935e-05,4.083407327212143e-17,2.3135641662617464e-08
274.0,-2.8524813658582595e-05,4.0664839485570684e-17,2.405923347259499e-08
274.1,-2.1572881737945786e-05,4.7954401204742924e-17,2.4973186769891673e-08
274.2,-1.4096760337140237e-05,4.9260964500598166e-17,2.5850315682521657e-08
274.3,-6.852138379552281e-06,4.658727092684988e-17,2.6680592743719086e-08
274.4,2.6101493870464237e-07,5.213447475509975e-17,2.7465314837049697e-08
274.5,7.827381971019584e-06,5.657570818872199e-17,2.817804242550556e-08
274.6,1.5238820961552685e-05,5.326851932168978e-17,2.880535873027124e-08
274.7,2.2231114405551992e-05,5.547377102284342e-17,2.935595417243245e-08
274.8,2.94923418202455e-05,6.18549990535549e-17,2.980781765188412e-08
274.9,3.670536457158472e-05,5.994060015433092e-17,3.014199140431432e-08
275.0,4.330075274130864e-05,5.851045049239856e-17,3.037502602515281e-08
275.1,4.988962470266261e-05,6.475431691766604e-17,3.049558316543641e-08
275.2,5.651631200996906e-05,6.557129021055787e-17,3.047788690037906e-08
275.3,6.244163714332938e-05,6.159064744375767e-17,3.0342430671098804e-08
275.4,6.803960992142386e-05,6.549818770476869e-17,3.0095167976122584e-08
275.5,7.369648243989154e-05,6.906136735293819e-17,2.9705862056394584e-08
275.6,7.868149875765426e-05,6.452353575415023e-17,2.9191146433737226e-08
275.7,8.303196201258706e-05,6.474438406294146e-17,2.857765728675604e-08
275.8,8.737199608302078e-05,6.9768632250522e-17,2.783793301970889e-08
275.9,9.115582826980463e-05,6.671353913828448e-17,2.6976109507214563e-08
276.0,9.407006903994878e-05,6.324017752866484e-17,2.6036402686795524e-08
276.1,9.681476600653659e-05,6.76306779493358e-17,2.5004739126791066e-08
276.2,9.91602762068008e-05,6.728311211996119e-17,2.3867755460251194e-08
276.3,0.00010051769345908375,6.146726921861036e-17,2.2676711879097577e-08
276.4,0.00010148409260701518,6.3226431891917e-17,2.1440741183160714e-08
276.5,0.00010219931871650546,6.549885145936679e-17,2.0131331813228683e-08
276.6,0.0001019444814376591,5.950580175774955e-17,1.879139521724726e-08
276.7,0.00010106284017580401,5.757290563035786e-17,1.745704644617336e-08
276.8,0.00010002639840186097,6.1112431015872e-17,1.6095080286449485e-08
276.9,9.816575811114304e-05,5.698589328475486e-17,1.472543765841009e-08
277.0,9.54853474120758e-05,5.1671346801472267e-17,1.3405232337297678e-08
277.1,9.267103232361454e-05,5.44496479425047e-17,1.2111821023025145e-08
277.2,8.927144623042396e-05,5.333077170212689e-17,1.083480942220925e-08
277.3,8.49541035802562e-05,4.624371216552696e-17,9.63673823577396e-09
277.4,8.044930122140868e-05,4.6427699842119484e-17,8.519111651269641e-09
277.5,7.563918671634379e-05,4.8048748038723124e-17,7.445352108597636e-09
277.6,6.994241489362419e-05,4.139548498503776e-17,6.463084175842908e-09
277.7,6.395555862067384e-05,3.8135232309676303e-17,5.603008807486202e-09
277.8,5.792786393252074e-05,4.102691152104445e-17,4.817550245267908e-09
277.9,5.118087621546707e-05,3.6797090025172534e-17,4.122242419788746e-09
278.0,4.403491994868218e-05,3.067795743508989e-17,3.5696558255670197e-09
278.1,3.704963106883517e-05,3.28354421485768e-17,3.121772980376085e-09
278.2,2.9626486790806768e-05,3.1996136156077063e-17,2.755689718733418e-09
278.3,2.173787698332915e-05,2.478732083209897e-17,2.527712596660331e-09
278.4,1.412092651521132e-05,2.4516312284617927e-17,2.4265834621021846e-09
278.5,6.4146680236124865e-06,2.6620054013378878e-17,2.3990952396371684e-09
278.6,-1.7399874435035826e-06,2.056644731831581e-17,2.4832128982866586e-09
278.7,-9.604497960275692e-06,1.7247853340310427e-17,2.7004329984503963e-09
278.8,-1.7203865792529888e-05,2.070332785445101e-17,2.9873519520710074e-09
278.9,-2.5128909409952085e-05,1.7658040920682448e-17,3.3469445505357147e-09
279.0,-3.281525553987927e-05,1.2043467789190865e-17,3.825081654585869e-09
279.1,-3.993766768669357e-05,1.4790571535364283e-17,4.372292218935303e-09
279.2,-4.716134352346989e-05,1.5453665396219675e-17,4.952914561861315e-09
279.3,-5.4227799041118395e-05,9.385293012188939e-18,5.617728456494873e-09
279.4,-6.0535250968722904e-05,9.824406915071077e-18,6.349378053732594e-09
279.5,-6.664834249083074e-05,1.3504188676311973e-17,7.085033712323813e-09
279.6,-7.267004214178662e-05,9.164978576889812e-18,7.858230627698115e-09
279.7,-7.786548576996767e-05,6.8197962214036254e-18,8.688517970269312e-09
279.8,-8.255050651514504e-05,1.1738776604561534e-17,9.507979020809852e-09
279.9,-8.715573073146667e-05,1.0777519767441236e-17,1.0317714914675311e-08
280.0,-9.099081999605243e-05,6.541903015464677e-18,1.1164053212880863e-08
280.1,-9.403861564233827e-05,1.0595385011768299e-17,1.1997577288771733e-08
280.2,-9.694335160117706e-05,1.3406497994393017e-17,1.2785145798987771e-08
280.3,-9.92268182926574e-05,9.123704406777344e-18,1.3579792843820528e-08
280.4,-0.00010053993208966268,1.0770842309287101e-17,1.4366179825525416e-08
280.5,-0.00010157526702032709,1.6401397326456693e-17,1.5088813099123147e-08
280.6,-0.00010218272480321577,1.4157856622294966e-17,1.578636736019345e-08
280.7,-0.00010176730170784424,1.3067836263183353e-17,1.6479497254478014e-08
280.8,-0.00010089506553413171,1.9562079730324903e-17,1.711029706904753e-08
280.9,-9.977968293426694e-05,2.076266030781774e-17,1.76896838228434e-08
281.0,-9.77295081337083e-05,1.7925208316279648e-17,1.8263034593772327e-08
281.1,-9.504346192623169e-05,2.3135379873188516e-17,1.878933839492526e-08
281.2,-9.224563497298514e-05,2.7871839465838626e-17,1.925056698377299e-08
281.3,-8.872275027628176e-05,2.513090255309247e-17,1.9698241646587424e-08
281.4,-8.443512714165777e-05,2.7588578186814366e-17,2.0119326531645514e-08
281.5,-8.008843275113809e-05,3.462017308253551e-17,2.0476699273687494e-08
281.6,-7.530452635616591e-05,3.390658183683116e-17,2.0810290920111667e-08
281.7,-6.972032742804093e-05,3.340388307664321e-17,2.113463778808564e-08
281.8,-6.405094273354722e-05,4.0628282875602686e-17,2.1408754348363043e-08
281.9,-5.825250843124081e-05,4.310497147230044e-17,2.165067726515074e-08
282.0,-5.173606429427147e-05,4.0768664745006574e-17,2.1892592852321452e-08
282.1,-4.505358679206796e-05,4.608853101713639e-17,2.2103257209963366e-08
282.2,-3.8512065008204386e-05,5.163721813764426e-17,2.2278348185989726e-08
282.3,-3.14515252041532e-05,4.9369215558977927e-17,2.245383574694741e-08
282.4,-2.4130585640719565e-05,5.149387725410549e-17,2.2615163322961523e-08
282.5,-1.7136823198216058e-05,5.871739626002668e-17,2.274291904005153e-08
282.6,-9.912185604211802e-06,5.839558994069957e-17,2.2865206246643566e-08
282.7,-2.366073460527235e-06,5.735405437486562e-17,2.2983285852666715e-08
282.8,4.7730370860192115e-06,6.409805306406416e-17,2.3072815348734808e-08
282.9,1.1813968270152232e-05,6.66743706963027e-17,2.3148531674045652e-08
283.0,1.916469884162088e-05,6.370855636068322e-17,2.322133321334995e-08
283.1,2.613024812532212e-05,6.794617060400447e-17,2.327013641837419e-08
283.2,3.2685679753633416e-05,7.312397379681238e-17,2.329735905329892e-08
283.3,3.944543745540955e-05,7.024198225632894e-17,2.3316339343180147e-08
283.4,4.591382970851342e-05,7.092356901515033e-17,2.3312816409249513e-08
283.5,5.173173727768197e-05,7.718369774103103e-17,2.32819012490054e-08
283.6,5.7558411887821817e-05,7.618582656071405e-17,2.32348281252217e-08
283.7,6.321358146709792e-05,7.35815735416789e-17,2.3163422302722666e-08
283.8,6.808782055791308e-05,7.880173544911983e-17,2.3060735195314176e-08
283.9,7.271367910216371e-05,8.054427339384484e-17,2.293539810889486e-08
284.0,7.726420001797733e-05,7.61470403559179e-17,2.278276006315346e-08
284.1,8.102690175557816e-05,7.849795772457211e-17,2.2596499159506647e-08
284.2,8.426944778051903e-05,8.255265498493798e-17,2.2384981492362354e-08
284.3,8.746887354951965e-05,7.84612956026037e-17,2.2145578875957286e-08
284.4,8.998350189299557e-05,7.71587557607525e-17,2.1872124940846004e-08
284.5,9.174591044755023e-05,8.194333964598636e-17,2.1575138831881305e-08
284.6,9.341337444632713e-05,7.993088777345258e-17,2.1255152832397673e-08
284.7,9.457212728073481e-05,7.555459966446201e-17,2.090412557715754e-08
284.8,9.483494805327448e-05,7.905291075207899e-17,2.0534631483475825e-08
284.9,9.487246359813965e-05,7.988839739639358e-17,2.0153546027502323e-08
285.0,9.460006241116369e-05,7.415650458817296e-17,1.9750012076259844e-08
285.1,9.340751689425904e-05,7.473417281798832e-17,1.9335142328814573e-08
285.2,9.181070488629831e-05,7.782041776263371e-17,1.8924955072234045e-08
285.3,9.007446573786117e-05,7.283489299248091e-17,1.850797337508332e-08
285.4,8.751945550159156e-05,6.992845821494638e-17,1.8088300507569567e-08
285.5,8.437952906290083e-05,7.36348194572442e-17,1.769062958558138e-08
285.6,8.120348560858366e-05,7.114177213728523e-17,1.730826174364895e-08
285.7,7.741518560868561e-05,6.562140200342344e-17,1.693382995412996e-08
285.8,7.291165908686184e-05,6.801194393439869e-17,1.6595310973260312e-08
285.9,6.839094670244218e-05,6.86291121082431e-17,1.6297137400475226e-08
286.0,6.352764274221133e-05,6.236717877806235e-17,1.6020350560250587e-08
286.1,5.7912994104852904e-05,6.197728025038308e-17,1.5786752407888535e-08
286.2,5.222408987963294e-05,6.496279258290946e-17,1.5615516686399075e-08
286.3,4.647203857009234e-05,6.012034783086609e-17,1.5481868577447153e-08
286.4,4.005099903631794e-05,5.668330415958908e-17,1.5391354706994584e-08
286.5,3.3453898158383014e-05,6.034296263653855e-17,1.537546286769171e-08
286.6,2.7030917077746703e-05,5.848304306968962e-17,1.541390030602161e-08
286.7,2.0137836058811446e-05,5.298783710284779e-17,1.5490022854006443e-08
286.8,1.2967715415416086e-05,5.5356806077827105e-17,1.5638242014398195e-08
286.9,6.128481208126244e-06,5.684889297728769e-17,1.585340193943771e-08
287.0,-8.938576386171225e-07,5.1229317149493583e-17,1.609873174762277e-08
287.1,-8.245834350405185e-06,5.099436014016456e-17,1.6397741599437814e-08
287.2,-1.5206737453206534e-05,5.4920489797426533e-17,1.6766117818371775e-08
287.3,-2.2024345359249633e-05,5.128311872430891e-17,1.715779798884488e-08
287.4,-2.913918846579067e-05,4.833648233125512e-17,1.757255655637367e-08
287.5,-3.589030394232157e-05,5.2863787522633085e-17,1.8043806092391175e-08
287.6,-4.2190173992396406e-05,5.2575032126068495e-17,1.8532505899475644e-08
287.7,-4.8654451347369505e-05,4.805632120480017e-17,1.900899160032394e-08
287.8,-5.483921631892299e-05,5.124113974412884e-17,1.9512285109036246e-08
287.9,-6.0336944757617603e-05,5.440578808161979e-17,2.0025763047124477e-08
288.0,-6.577660106362162e-05,5.0245880772630905e-17,2.049565226122723e-08
288.1,-7.103449610335455e-05,5.084689335633265e-17,2.0949681821858082e-08
288.2,-7.54790929559412e-05,5.627703925333272e-17,2.1401302729605413e-08
288.3,-7.958889970090384e-05,5.443226879603411e-17,2.178839878514616e-08
288.4,-8.358429830081744e-05,5.248397580479888e-17,2.2112848192670034e-08
288.5,-8.67625807220389e-05,5.822498289588117e-17,2.2414107759899322e-08
288.6,-8.93273873782529e-05,5.980769504244437e-17,2.2642517398680718e-08
288.7,-9.178229635632229e-05,5.652745135704104e-17,2.2768793053947883e-08
288.8,-9.352507506322351e-05,6.06255141019906e-17,2.2843624066430857e-08
288.9,-9.443073684139576e-05,6.54729307745958e-17,2.2847489422238823e-08
289.0,-9.515622524777872e-05,6.27869363900084e-17,2.2727181695225565e-08
289.1,-9.534753173566014e-05,6.41157327304745e-17,2.252506685721169e-08
289.2,-9.458139470413191e-05,7.078414814739993e-17,2.2259017559181267e-08
289.3,-9.350219947559164e-05,7.042181596987598e-17,2.1869548901361625e-08
289.4,-9.209131714381525e-05,6.908543985999579e-17,2.1374634961756496e-08
289.5,-8.973396777809794e-05,7.549586235349315e-17,2.0823292069167272e-08
289.6,-8.690164305185672e-05,7.837180297395709e-17,2.0170936226424856e-08
289.7,-8.391610831078851e-05,7.57228701890177e-17,1.9405393931435757e-08
289.8,-8.012732933366876e-05,7.996591532013169e-17,1.8589716572416586e-08
289.9,-7.571920031865504e-05,8.560793530128114e-17,1.7710352899795312e-08
290.0,-7.127568667568719e-05,8.349498485601063e-17,1.673175497722264e-08
290.1,-6.627796022667278e-05,8.456886483767008e-17,1.5710178531902045e-08
290.2,-6.05816432831525e-05,9.140228093686894e-17,1.4667807146008882e-08
290.3,-5.4891116984278554e-05,9.150222506560192e-17,1.3561667427190971e-08
290.4,-4.895355860913892e-05,8.975002015989896e-17,1.2424987719721954e-08
290.5,-4.233936882522248e-05,9.56826451088435e-17,1.1307547758148914e-08
290.6,-3.570331884023299e-05,9.868887152652304e-17,1.0176908649609793e-08
290.7,-2.912781060864261e-05,9.55588107689529e-17,9.037378841879726e-09
290.8,-2.201343890927809e-05,9.878941937365507e-17,7.949304567417521e-09
290.9,-1.4809311948445365e-05,1.0408909769077417e-16,6.9032183794334825e-09
291.0,-7.919190507594507e-06,1.0152054357299963e-16,5.8798178051677995e-09
291.1,-7.321573281689374e-07,1.0128885514132873e-16,4.9312662427950245e-09
291.2,6.611891454670969e-06,1.0717822523197232e-16,4.07346955965597e-09
291.3,1.3481523429546202e-05,1.0670644472395003e-16,3.276165322098833e-09
291.4,2.0338157000041122e-05,1.0354691833996498e-16,2.5698488774616356e-09
291.5,2.7376894936287258e-05,1.0796840944333145e-16,1.9883454217404574e-09
291.6,3.388895615738533e-05,1.1015047408001143e-16,1.5041591146390593e-09
291.7,4.0063263501817675e-05,1.0569969839425679e-16,1.1217588377575682e-09
291.8,4.637220012004076e-05,1.0704746361460978e-16,8.797643418407869e-10
291.9,5.219931076062635e-05,1.111396431887617e-16,7.626932765153613e-10
292.0,5.740712581029876e-05,1.0738237524416544e-16,7.533902963755292e-10
292.1,6.261920268297182e-05,1.051688967782858e-16,8.822419910355942e-10
292.2,6.745838720279275e-05,1.0947014507429029e-16,1.1479915120026832e-09
292.3,7.14896891579412e-05,1.0794339093633753e-16,1.521412969867573e-09
292.4,7.532545582027579e-05,1.0302474828035515e-16,2.016345007768348e-09
292.5,7.891579287808381e-05,1.0559859987176982e-16,2.6418710481107423e-09
292.6,8.163269353816934e-05,1.0672084454994411e-16,3.3667978103680742e-09
292.7,8.391963367649906e-05,1.0087778578687907e-16,4.186579634212488e-09
292.8,8.606137950677638e-05,1.0031450346946914e-16,5.113864173567885e-09
292.9,8.739093110444225e-05,1.0323175554686486e-16,6.1227326607192884e-09
293.0,8.80695578592895e-05,9.849433295696729e-17,7.193801038565435e-09
293.1,8.864209188127902e-05,9.458218279274329e-17,8.3370688570209e-09
293.2,8.856756956147396e-05,9.756105085888272e-17,9.535161797077808e-09
293.3,8.768434730909e-05,9.53518012221828e-17,1.076007651683685e-08
293.4,8.665969587668645e-05,8.914977312105344e-17,1.2015620006022002e-08
293.5,8.521347287509802e-05,9.033997277393712e-17,1.3293134969406487e-08
293.6,8.290300585639109e-05,9.094551616549252e-17,1.4562254968961666e-08
293.7,8.035190918128008e-05,8.440009096393603e-17,1.581992504086272e-08
293.8,7.761174037276753e-05,8.263803632002105e-17,1.7064981750752004e-08
293.9,7.407246715613922e-05,8.511753728968005e-17,1.8269527316022923e-08
294.0,7.016097435362444e-05,8.027742241453807e-17,1.9424735500902087e-08
294.1,6.624982270031523e-05,7.561041272281663e-17,2.0535615242929323e-08
294.2,6.171827706233515e-05,7.820479009486444e-17,2.1580035755738565e-08
294.3,5.669447795632414e-05,7.635775997299328e-17,2.2544884670410236e-08
294.4,5.1782424917301364e-05,7.001439738453603e-17,2.344019764211001e-08
294.5,4.651080534589714e-05,7.093222237008517e-17,2.4252018455818452e-08
294.6,4.068316108694495e-05,7.216631040693449e-17,2.496410429448259e-08
294.7,3.498886210230902e-05,6.615634645224018e-17,2.558998575004886e-08
294.8,2.922929858002388e-05,6.439538612474475e-17,2.6125927526395016e-08
294.9,2.293966828820645e-05,6.757953539527433e-17,2.6553588893644074e-08
295.0,1.6728526800757808e-05,6.383835256042816e-17,2.6887363011902412e-08
295.1,1.0725391270026954e-05,5.960007548962639e-17,2.7135272536613367e-08
295.2,4.320860629491068e-06,6.290111705902569e-17,2.7278581589396155e-08
295.3,-2.102336425921117e-06,6.252823738000023e-17,2.7328669470671466e-08
295.4,-8.112956788868143e-06,5.717357058504147e-17,2.730549758302902e-08
295.5,-1.4305219582415994e-05,5.883024922236673e-17,2.7192992806823243e-08
295.6,-2.0610195828101457e-05,6.163701977614962e-17,2.699520630605579e-08
295.7,-2.639661646463258e-05,5.713785498599777e-17,2.674178289746535e-08
295.8,-3.208806898575746e-05,5.626100550829899e-17,2.642367016513793e-08
295.9,-3.7938850421406e-05,6.092457763879663e-17,2.6034425893569556e-08
296.0,-4.326932597047781e-05,5.906192384394874e-17,2.5608098086075847e-08
296.1,-4.822048415562021e-05,5.59766537742998e-17,2.5147229461373172e-08
296.2,-5.329890589193828e-05,6.054872353104562e-17,2.4634618176663438e-08
296.3,-5.7940442144868086e-05,6.21667565046446e-17,2.4100916163301015e-08
296.4,-6.196314233808189e-05,5.830243305099087e-17,2.3563174599771718e-08
296.5,-6.599281314196057e-05,6.105724207188566e-17,2.2997126953195145e-08
296.6,-6.971610681586699e-05,6.569487612176177e-17,2.242154063263647e-08
296.7,-7.266954985802645e-05,6.29426045074688e-17,2.1867257247421678e-08
296.8,-7.543669775629141e-05,6.306851763762723e-17,2.131024909172685e-08
296.9,-7.802828124578668e-05,6.917667413462626e-17,2.0750983119099684e-08
297.0,-7.981210488820804e-05,6.914118810780381e-17,2.0228661904365967e-08
297.1,-8.118024249324859e-05,6.709705685438371e-17,1.9728380196068637e-08
297.2,-8.246081087027146e-05,7.266330045222485e-17,1.9230716899065338e-08
297.3,-8.300885314060508e-05,7.59245950868223e-17,1.8773724945433348e-08
297.4,-8.292541670711429e-05,7.318007598267159e-17,1.835885884400759e-08
297.5,-8.277141025463954e-05,7.65196477463358e-17,1.7951556325707476e-08
297.6,-8.204925737890553e-05,8.23821678977919e-17,1.7577710414472078e-08
297.7,-8.054397562565548e-05,8.078836048436921e-17,1.7257478127826034e-08
297.8,-7.890825087116126e-05,8.124110613516898e-17,1.695150752579023e-08
297.9,-7.691624676889279e-05,8.798953086583464e-17,1.666489025862185e-08
298.0,-7.409257594217014e-05,8.896680694708778e-17,1.643214641709879e-08
298.1,-7.101972421803594e-05,8.711808333255462e-17,1.6221956352394248e-08
298.2,-6.780120753820538e-05,9.270137358280768e-17,1.6016008635051943e-08
298.3,-6.382333178813135e-05,9.660824264397905e-17,1.5852953877767198e-08
298.4,-5.9455963883298514e-05,9.40111273716997e-17,1.572019955921245e-08
298.5,-5.510857694886054e-05,9.687214955340827e-17,1.5581237306203233e-08
298.6,-5.018693671238026e-05,1.0282653747422077e-16,1.546615347497167e-08
298.7,-4.476086435946983e-05,1.0130691363565846e-16,1.5385412951155403e-08
298.8,-3.944734288469964e-05,1.0096822630707287e-16,1.529607221298698e-08
298.9,-3.382532538577151e-05,1.0715948222748093e-16,1.5209355678949676e-08
299.0,-2.7653654526669447e-05,1.0800954097187217e-16,1.515480636105866e-08
299.1,-2.1607944289085434e-05,1.0525603140693404e-16,1.5097270667753996e-08
299.2,-1.555136761852274e-05,1.0969928707447781e-16,1.502543718379649e-08
299.3,-8.999589978640992e-06,1.1312387696590332e-16,1.497701868332877e-08
299.4,-2.5246264815874124e-06,1.0964660866898914e-16,1.493600422416388e-08
299.5,3.6857301120812865e-06,1.1098311110365771e-16,1.4873111409861756e-08
299.6,1.0229971144002167e-05,1.1598852911199102e-16,1.4820652549970003e-08
299.7,1.677501626776726e-05,1.136295800738069e-16,1.4785943505982396e-08
299.8,2.284893948240163e-05,1.1164844169852938e-16,1.4732713774342095e-08
299.9,2.90069668103088e-05,1.1642879582831228e-16,1.467695014424619e-08
300.0,3.523003801908055e-05,1.16412047480869e-16,1.4644971530944053e-08
300.1,4.087350813316722e-05,1.1212967777600076e-16,1.4606448519411437e-08
300.2,4.6303363224211044e-05,1.1481197757344714e-16,1.4556760509494117e-08
300.3,5.181122502110586e-05,1.1721061133965123e-16,1.4530529120092065e-08
300.4,5.6734425828555925e-05,1.1245599479223387e-16,1.4513185391789084e-08
300.5,6.115205783489001e-05,1.11901021998446e-16,1.4482866236012145e-08
300.6,6.558614477833422e-05,1.1562219517116227e-16,1.4469919447477175e-08
300.7,6.95155785807042e-05,1.1223784904686043e-16,1.4478855468424217e-08
300.8,7.270788509102543e-05,1.0850369936810708e-16,1.44794183381499e-08
300.9,7.577894731357325e-05,1.1177054737465973e-16,1.4487946466218976e-08
301.0,7.847414143144797e-05,1.1092244334322838e-16,1.4524444243155304e-08
301.1,8.030402838576811e-05,1.0528558903895795e-16,1.4560600335255452e-08
301.2,8.182016714746567e-05,1.063926951454366e-16,1.4594762003886918e-08
301.3,8.309385567052356e-05,1.0803241884089794e-16,1.4654284945218493e-08
301.4,8.349894617002371e-05,1.0242322097360144e-16,1.4720809054461785e-08
301.5,8.338269473782712e-05,1.004482303606201e-16,1.4776682576388429e-08
301.6,8.312181489030655e-05,1.0339193788585987e-16,1.4847505001406367e-08
301.7,8.210927433594385e-05,9.963846530398305e-17,1.4928509130577663e-08
301.8,8.040132557966003e-05,9.488134711293075e-17,1.499206048131461e-08
301.9,7.858511322469608e-05,9.73438658979651e-17,1.5054974445775613e-08
302.0,7.622511578172918e-05,9.64487055681126e-17,1.512548104348481e-08
302.1,7.3074698156048e-05,9.033568998291828e-17,1.5173324554104175e-08
302.2,6.978592732506259e-05,9.070979970124832e-17,1.5202970775014796e-08
302.3,6.620562233860614e-05,9.245120243918422e-17,1.5232330665989534e-08
302.4,6.184985131805434e-05,8.695818880984245e-17,1.523519049949455e-08
302.5,5.7275971193747923e-05,8.45253621729263e-17,1.5203338685848496e-08
302.6,5.2654664494453034e-05,8.761430202682975e-17,1.5159970263799847e-08
302.7,4.739094520972775e-05,8.449861041049309e-17,1.5088017964626423e-08
302.8,4.181342450995459e-05,7.976311532745028e-17,1.496855729850508e-08
302.9,3.6378435144851693e-05,8.240502211625771e-17,1.4825498773953393e-08
303.0,3.053480646753473e-05,8.248173891943e-17,1.4654395362541773e-08
303.1,2.430708367195397e-05,7.697357469216481e-17,1.4429145340258285e-08
303.2,1.832875790435921e-05,7.763368587678125e-17,1.416982477179073e-08
303.3,1.223681624824302e-05,8.045528748785348e-17,1.388636930659636e-08
303.4,5.75341467442625e-06,7.610862953701722e-17,1.3550414309189229e-08
303.5,-4.6262176248665207e-07,7.419602932569017e-17,1.3173819042439452e-08
303.6,-6.488780718162e-06,7.830690553261382e-17,1.278038385823818e-08
303.7,-1.2827676047825749e-05,7.671166083084613e-17,1.2345669157773191e-08
303.8,-1.8952632455589044e-05,7.284838945724929e-17,1.1869863967831283e-08
303.9,-2.4629830046246245e-05,7.638148869675016e-17,1.138705466943234e-08
304.0,-3.045313117511978e-05,7.809051059190662e-17,1.0883432783592844e-08
304.1,-3.6152174163668996e-05,7.383487104103317e-17,1.0346385604179137e-08
304.2,-4.1234263863136925e-05,7.529848913931008e-17,9.813478417505372e-09
304.3,-4.622902201781028e-05,7.962758292389044e-17,9.287012448584752e-09
304.4,-5.1182682757241944e-05,7.685245581936459e-17,8.744071371422096e-09
304.5,-5.546134351936849e-05,7.578059476027651e-17,8.216820843280241e-09
304.6,-5.9392209113802585e-05,8.108879663928663e-17,7.725675573525676e-09
304.7,-6.331995902257879e-05,8.116476431460182e-17,7.243727601118358e-09
304.8,-6.66230833436924e-05,7.82769250351454e-17,6.789303490731397e-09
304.9,-6.934028083693102e-05,8.265408480461063e-17,6.3978022747827285e-09
305.0,-7.20231273940096e-05,8.589928509642562e-17,6.0469284849587924e-09
305.1,-7.421377146931557e-05,8.279723056132109e-17,5.736146700129678e-09
305.2,-7.564998159989331e-05,8.483718076917809e-17,5.507607146809526e-09
305.3,-7.694857581971526e-05,9.032114855105742e-17,5.3516080373667746e-09
305.4,-7.792664808714996e-05,8.875311662375678e-17,5.249255492260952e-09
305.5,-7.808529907712467e-05,8.807827315663882e-17,5.238201611972584e-09
305.6,-7.795050094352035e-05,9.399661442665999e-17,5.3255433104304506e-09
305.7,-7.765798720377854e-05,9.513970748110026e-17,5.480217672083724e-09
305.8,-7.659690572851101e-05,9.259093785807295e-17,5.724643379884373e-09
305.9,-7.507095878088907e-05,9.70397794706392e-17,6.081174394581101e-09
306.0,-7.349991200466106e-05,1.0098092184972795e-16,6.5164302531313585e-09
306.1,-7.131475952765387e-05,9.820244195874046e-17,7.030995672993984e-09
306.2,-6.852291964026745e-05,9.988760957948143e-17,7.65534669090547e-09
306.3,-6.572411201459218e-05,1.0551971201590068e-16,8.363861290626838e-09
306.4,-6.25354510463575e-05,1.0420816038106113e-16,9.135098813121252e-09
306.5,-5.866970240091853e-05,1.029593267198078e-16,9.997224685621173e-09
306.6,-5.4759103687710106e-05,1.0843222362392452e-16,1.0939180813832132e-08
306.7,-5.070547130872705e-05,1.0961559053071479e-16,1.1923785321481398e-08
306.8,-4.600341430141283e-05,1.0641914368751308e-16,1.2966725099556164e-08
306.9,-4.116371847990458e-05,1.0987606919896786e-16,1.4072823587714862e-08
307.0,-3.640110926841261e-05,1.1344833212258553e-16,1.5199800155045102e-08
307.1,-3.112386384190949e-05,1.1000963321468799e-16,1.6344453623027844e-08
307.2,-2.5599120230392357e-05,1.1034214467287822e-16,1.7523133347108682e-08
307.3,-2.030529173904912e-05,1.1510849518863916e-16,1.8699988776838392e-08
307.4,-1.4718134191244563e-05,1.1312822887560177e-16,1.985247438385288e-08
307.5,-8.800933358196597e-06,1.1041746708474228e-16,2.100023874360587e-08
307.6,-3.1814346523994972e-06,1.1452652972159377e-16,2.2122686747109762e-08
307.7,2.4600976935053076e-06,1.1491461627235586e-16,2.318361662977117e-08
307.8,8.44783763202278e-06,1.1033645323943178e-16,2.4196945579690013e-08
307.9,1.4155681939354789e-05,1.120642025998256e-16,2.516091610696892e-08
308.0,1.9613085274201004e-05,1.1459147650917173e-16,2.6035697523695492e-08
308.1,2.5343296399963155e-05,1.0995339079387148e-16,2.6822877824856287e-08
308.2,3.087187898678038e-05,1.0841588204000555e-16,2.7537153048878833e-08
308.3,3.5925064991588614e-05,1.1180351056814773e-16,2.81462504940103e-08
308.4,4.108740010872615e-05,1.0878019522651314e-16,2.8637579946156458e-08
308.5,4.614798129235653e-05,1.0432106740444987e-16,2.9035185774972715e-08
308.6,5.059301727850978e-05,1.067889346195176e-16,2.9323193139090062e-08
308.7,5.4916062911782176e-05,1.0622251180072001e-16,2.9478350974928636e-08
308.8,5.921589917057257e-05,1.0024351855119657e-16,2.9524954416416673e-08
308.9,6.286231635396376e-05,1.0023409895958843e-16,2.946734721639779e-08
309.0,6.612948102690946e-05,1.0177315708055307e-16,2.9279196024045697e-08
309.1,6.939523691615095e-05,9.615883514700542e-17,2.8977196856390916e-08
309.2,7.206616412554598e-05,9.304619799442558e-17,2.858376856338586e-08
309.3,7.412482973045662e-05,9.537896840677435e-17,2.807838429799063e-08
309.4,7.612889352282397e-05,9.177595053396923e-17,2.746608011996907e-08
309.5,7.766640105884179e-05,8.613131590099987e-17,2.6780355873009942e-08
309.6,7.843041766810943e-05,8.751446163847144e-17,2.6013508997083285e-08
309.7,7.90157884260476e-05,8.66336941501191e-17,2.515956721664368e-08
309.8,7.92922376607089e-05,8.00132573472382e-17,2.4253942697853238e-08
309.9,7.87391823641826e-05,7.903954815941119e-17,2.3304561905860952e-08
310.0,7.783859778979638e-05,8.039656137327151e-17,2.2298819666344013e-08
310.1,7.677287447867027e-05,7.472470282659814e-17,2.1265831594909017e-08
310.2,7.493833998674043e-05,7.097412907499935e-17,2.0227148114853106e-08
310.3,7.258426242346696e-05,7.317382918001904e-17,1.9169312550552193e-08
310.4,7.016000537330184e-05,7.000491449081155e-17,1.811017108301317e-08
310.5,6.713132826002671e-05,6.423908056224452e-17,1.707938207631409e-08
310.6,6.345506940768465e-05,6.555372767996975e-17,1.6067344181873615e-08
310.7,5.973684580987254e-05,6.541823123393725e-17,1.507948666351714e-08
310.8,5.5648112234074105e-05,5.929676344541046e-17,1.4146955337153944e-08
310.9,5.0868361652297805e-05,5.845272101099114e-17,1.3266209539237263e-08
311.0,4.601150361953667e-05,6.070047187823271e-17,1.2431887461665797e-08
311.1,4.104056183289268e-05,5.61227162398326e-17,1.167114813578665e-08
311.2,3.544343261806087e-05,5.285782257823857e-17,1.0986359765946869e-08
311.3,2.9694036986668815e-05,5.595663131128256e-17,1.0364026327215785e-08
311.4,2.4060928339223585e-05,5.4279464530595124e-17,9.823998137005038e-09
311.5,1.7974936557568658e-05,4.945340517688415e-17,9.373360753613992e-09
311.6,1.1658198085677965e-05,5.164605752235346e-17,8.992926976555986e-09
311.7,5.623280662914193e-06,5.315284786653635e-17,8.693618231850989e-09
311.8,-6.068295990080537e-07,4.843579667291947e-17,8.486364315463736e-09
311.9,-7.1095896252243016e-06,4.85077627075453e-17,8.348506723684064e-09
312.0,-1.325016061292452e-05,5.2311550572712596e-17,8.280957578025308e-09
312.1,-1.92872050183688e-05,4.9473967398171425e-17,8.29825103860814e-09
312.2,-2.5570223573682734e-05,4.725469851243119e-17,8.377216254383887e-09
312.3,-3.149386467685061e-05,5.166695374891719e-17,8.50755885272821e-09
312.4,-3.702715933237789e-05,5.18554408688799e-17,8.70681214416936e-09
312.5,-4.269627365632631e-05,4.8302129494662535e-17,8.955818279562985e-09
312.6,-4.806951036752007e-05,5.155322708316201e-17,9.232433801470612e-09
312.7,-5.282797877644977e-05,5.4802425293325336e-17,9.554683518699786e-09
312.8,-5.753576646964058e-05,5.156804638420648e-17,9.913050345317153e-09
312.9,-6.203580154701951e-05,5.2510828081441006e-17,1.0275199529596077e-08
313.0,-6.57957269270832e-05,5.77090517403598e-17,1.0654565010679468e-08
313.1,-6.927064462346907e-05,5.645254745570605e-17,1.1055884798980892e-08
313.2,-7.261114543314484e-05,5.505225745609247e-17,1.1442147726257806e-08
313.3,-7.52001316617567e-05,6.041242833948672e-17,1.1815778072303528e-08
313.4,-7.72657318164154e-05,6.207061128767695e-17,1.2196492508098603e-08
313.5,-7.922355796872873e-05,5.936622061249978e-17,1.2551821020202865e-08
313.6,-8.052271068823102e-05,6.312251833118384e-17,1.2868443497689281e-08
313.7,-8.110493998029308e-05,6.749913717078792e-17,1.3175997302154747e-08
313.8,-8.154367098504236e-05,6.51511860117813e-17,1.3456884869917859e-08
313.9,-8.148975036418433e-05,6.62818403373001e-17,1.3682343012474188e-08
314.0,-8.061256329222845e-05,7.209667828441307e-17,1.3881752607588244e-08
314.1,-7.949869351757047e-05,7.165700726814159e-17,1.4059566727138217e-08
314.2,-7.808714501159366e-05,7.027103803052859e-17,1.4178559329147563e-08
314.3,-7.585870496093161e-05,7.564914064438033e-17,1.4256094177797894e-08
314.4,-7.326731039348483e-05,7.783449966962594e-17,1.431877628643909e-08
314.5,-7.05559309401308e-05,7.504869624319738e-17,1.4333073681427898e-08
314.6,-6.714908013745374e-05,7.827809146533256e-17,1.4296080739583726e-08
314.7,-6.325746374491474e-05,8.269755114323341e-17,1.4248221912358493e-08
314.8,-5.936936960733906e-05,8.020154240450259e-17,1.4172518336963693e-08
314.9,-5.500055179320432e-05,8.044056846976809e-17,1.4045261974852494e-08
315.0,-5.0070486164107303e-05,8.571942121526505e-17,1.3906313923826085e-08
315.1,-4.519435822270713e-05,8.499634025739542e-17,1.376320901359225e-08
315.2,-4.010471868074154e-05,8.255540369389137e-17,1.35797047104669e-08
315.3,-3.445596154842389e-05,8.684421659806872e-17,1.338009691084026e-08
315.4,-2.8841486302332856e-05,8.851266386833403e-17,1.3195453538103874e-08
315.5,-2.3282626759887376e-05,8.470039864998182e-17,1.2991173360399983e-08
315.6,-1.7261923830961952e-05,8.645481731482418e-17,1.2766529721495491e-08
315.7,-1.1208981363094351e-05,9.001638448593199e-17,1.256582982180258e-08
315.8,-5.434165506660851e-06,8.659394328333907e-17,1.2370447873156116e-08
315.9,6.153745578086298e-07,8.51967631856239e-17,1.2154799203144056e-08
316.0,6.7740348150584695e-06,8.92069639867182e-17,1.1960526732951812e-08
316.1,1.2514104417357555e-05,8.759868402648209e-17,1.1793422399623526e-08
316.2,1.8278727831350233e-05,8.358893052678833e-17,1.1612913094219035e-08
316.3,2.4200128925009674e-05,8.627657564390009e-17,1.1442708946158728e-08
316.4,2.9659090841138992e-05,8.701160489394284e-17,1.13119509002285e-08
316.5,3.48719595665658e-05,8.189696450881278e-17,1.1180685487162534e-08
316.6,4.0228319517098884e-05,8.191661123229997e-17,1.1046106511029253e-08
316.7,4.516614779469858e-05,8.440058682995856e-17,1.0950534815070515e-08
316.8,4.9615411827001644e-05,7.997805071069296e-17,1.0869737118485403e-08
316.9,5.4118939964866724e-05,7.693200951494113e-17,1.0775752980977424e-08
317.0,5.8306518490739066e-05,7.967636219297553e-17,1.0708980199737116e-08
317.1,6.183467006946654e-05,7.731327087259735e-17,1.0669681943743498e-08
317.2,6.525818392953533e-05,7.197332811202486e-17,1.061525101785989e-08
317.3,6.848582618453756e-05,7.329483169721277e-17,1.0570138947011587e-08
317.4,7.098290442667305e-05,7.340643667818339e-17,1.0558546533803015e-08
317.5,7.317336373674623e-05,6.741752712277959e-17,1.0538536413029008e-08
317.6,7.526322491003469e-05,6.614548991706549e-17,1.0510958428153912e-08
317.7,7.665752233446897e-05,6.802648784719314e-17,1.0514864126261623e-08
317.8,7.754089442203399e-05,6.321541052294024e-17,1.0523201558566565e-08
317.9,7.83617770010207e-05,5.919299217059855e-17,1.0514407417331947e-08
318.0,7.861183153967565e-05,6.134715990640556e-17,1.0528773935788788e-08
318.1,7.818938712232189e-05,5.90099682653634e-17,1.0562193397945609e-08
318.2,7.767135690426093e-05,5.321210935059078e-17,1.0579623789509492e-08
318.3,7.67621887674369e-05,5.4021473577749824e-17,1.0609811612510814e-08
318.4,7.509997797459266e-05,5.4411949057582346e-17,1.0671160215679316e-08
318.5,7.324577336747142e-05,4.8554317177726495e-17,1.072788539896197e-08
318.6,7.119076981924732e-05,4.697951918905657e-17,1.078972610196321e-08
318.7,6.840524516157228e-05,4.923591036000794e-17,1.0889683997074995e-08
318.8,6.529579469359617e-05,4.509813143674657e-17,1.1002763072004469e-08
318.9,6.214375545592715e-05,4.1157538036391895e-17,1.1119557740765568e-08
319.0,5.838699287192324e-05,4.370936780857654e-17,1.1275921776458722e-08
319.1,5.417937110640813e-05,4.2420112293209117e-17,1.1463921934421148e-08
319.2,5.002447703466591e-05,3.72090501852024e-17,1.1661187524527648e-08
319.3,4.5472078684980204e-05,3.8455700910754254e-17,1.1895471134730892e-08
319.4,4.0389672063873766e-05,4.004286278175214e-17,1.217530752328005e-08
319.5,3.538096525987097e-05,3.5267851014714744e-17,1.247455055156589e-08
319.6,3.0224601152275045e-05,3.427450248579548e-17,1.2806408451069557e-08
319.7,2.454075992375843e-05,3.770127991731233e-17,1.3189650711142716e-08
319.8,1.888741623486305e-05,3.504629210162645e-17,1.3602524669403807e-08
319.9,1.3332361087224468e-05,3.195114272645635e-17,1.4043201437218555e-08
320.0,7.350007950278134e-06,3.553056434672241e-17,1.453211647192787e-08
320.1,1.3193219381394299e-06,3.588723056099124e-17,1.5056069835222854e-08
320.2,-4.414322323075838e-06,3.1840726764778526e-17,1.560247864903978e-08
320.3,-1.0384059831659496e-05,3.39835437289823e-17,1.6186330446717926e-08
320.4,-1.647762207165242e-05,3.714938011018582e-17,1.6802380629462456e-08
320.5,-2.215262726751517e-05,3.3836127489333466e-17,1.7433391640407757e-08
320.6,-2.7809824647207096e-05,3.368000593780233e-17,1.808579913744973e-08
320.7,-3.362425847279795e-05,3.839759932347184e-17,1.8758583767990485e-08
320.8,-3.898608961766661e-05,3.732388590509174e-17,1.9434609595254607e-08
320.9,-4.405733539365526e-05,3.510745169401407e-17,2.0112930143287627e-08
321.0,-4.924926973245958e-05,3.960608647986234e-17,2.079284027079704e-08
321.1,-5.403091653657107e-05,4.1449268060917744e-17,2.1458984421577776e-08
321.2,-5.8279618543083556e-05,3.838037624378098e-17,2.210654593864619e-08
321.3,-6.253341400546995e-05,4.1091745668250044e-17,2.27336427974045e-08
321.4,-6.646698488002084e-05,4.542383929914985e-17,2.3325791106537438e-08
321.5,-6.969909232152624e-05,4.3162102813937636e-17,2.387729317286172e-08
321.6,-7.275455344786595e-05,4.3352173133785724e-17,2.4386768361941798e-08
321.7,-7.558965582540841e-05,4.876123255202744e-17,2.4839376754235454e-08
321.8,-7.76562750498396e-05,4.866930458455194e-17,2.5228962034811772e-08
321.9,-7.933088039916369e-05,4.670441070365439e-17,2.5557958421788132e-08
322.0,-8.085791165155762e-05,5.137773434118989e-17,2.5812119594041184e-08
322.1,-8.16568022140846e-05,5.394910133433062e-17,2.5982782478151288e-08
322.2,-8.185941421645628e-05,5.111643272171304e-17,2.6078234153094997e-08
322.3,-8.193427995976123e-05,5.356163510988964e-17,2.6088911161535186e-08
322.4,-8.141204549210683e-05,5.815928223674802e-17,2.6001369856082797e-08
322.5,-8.014669577608617e-05,5.607964743226188e-17,2.5828094714971026e-08
322.6,-7.87125635377914e-05,5.56983109701133e-17,2.5569911588148452e-08
322.7,-7.686855577933976e-05,6.079861760997659e-17,2.520912713799417e-08
322.8,-7.422871847968954e-05,6.072617948494481e-17,2.475687454915848e-08
322.9,-7.133045326352912e-05,5.805604163898196e-17,2.422825862075911e-08
323.0,-6.822221785189615e-05,6.1870027998197e-17,2.3606410019717962e-08
323.1,-6.437756397404505e-05,6.414428194763753e-17,2.2894234908879347e-08
323.2,-6.016550685378163e-05,6.059722912925512e-17,2.2119753816550415e-08
323.3,-5.591436118151842e-05,6.180228287449723e-17,2.127545531390561e-08
323.4,-5.1092988415612444e-05,6.569836267657498e-17,2.0351981802584698e-08
323.5,-4.581452917204112e-05,6.294246811704746e-17,1.9382466388059636e-08
323.6,-4.060894515213419e-05,6.116652986435233e-17,1.8376872394406914e-08
323.7,-3.5078313964765406e-05,6.512134173598134e-17,1.7315809252154022e-08
323.8,-2.9057889700690843e-05,6.432978823268654e-17,1.622557059598568e-08
323.9,-2.3152053401996758e-05,6.030672418655981e-17,1.5136423844085693e-08
324.0,-1.720134337955106e-05,6.261634795962401e-17,1.402788385982295e-08
324.1,-1.0811589346298636e-05,6.402537938661523e-17,1.2908412022002354e-08
324.2,-4.516966659903987e-06,5.931020516522463e-17,1.1822961949578305e-08
324.3,1.5575047999391987e-06,5.882523153469419e-17,1.0762247637744746e-08
324.4,7.929176914595302e-06,6.159297155823428e-17,9.712398691709532e-09
324.5,1.4260279016277419e-05,5.785926053561745e-17,8.71966827265032e-09
324.6,2.0166232911962815e-05,5.4445867581079895e-17,7.795758386796283e-09
324.7,2.6150682293223593e-05,5.702799953150521e-17,6.9094917123680744e-09
324.8,3.214894947339819e-05,5.5416472974937624e-17,6.092021521109037e-09
324.9,3.760673208740932e-05,5.006078192656456e-17,5.377803803314708e-09
325.0,4.288114910033345e-05,5.0888534646478455e-17,4.73155571102196e-09
325.1,4.818917594535215e-05,5.1526212469902695e-17,4.156814683939592e-09
325.2,5.293927776006374e-05,4.5890453153237446e-17,3.7023087375931385e-09
325.3,5.7246882701811e-05,4.400868882761575e-17,3.344587119436647e-09
325.4,6.154949073672107e-05,4.598399987842851e-17,3.0567401288954565e-09
325.5,6.536059547983231e-05,4.1761761408738465e-17,2.8855591617956942e-09
325.6,6.852043741084373e-05,3.728221350117366e-17,2.8309950019503532e-09
325.7,7.157203510268783e-05,3.906063141627338e-17,2.844359987537217e-09
325.8,7.425064864852637e-05,3.728918639118583e-17,2.9529567915770997e-09
325.9,7.615796720846681e-05,3.135670773491293e-17,3.181925670533874e-09
326.0,7.780280463504276e-05,3.1453268008339405e-17,3.4777811171274267e-09
326.1,7.920451896496284e-05,3.212442421617683e-17,3.836836234193185e-09
326.2,7.9823842992672e-05,2.6479786860244935e-17,4.300320550410409e-09
326.3,8.000611181545836e-05,2.4121185792301624e-17,4.8284139382526695e-09
326.4,8.004742251151505e-05,2.620604412219374e-17,5.386000008939541e-09
326.5,7.940163035062316e-05,2.2472145059774654e-17,6.014154622672403e-09
326.6,7.816412602368872e-05,1.7921245692314245e-17,6.699279959404932e-09
326.7,7.68327891409416e-05,1.9843523947504356e-17,7.3858148100688804e-09
326.8,7.49915486452404e-05,1.8907348042737676e-17,8.09815207782364e-09
326.9,7.246366578853045e-05,1.3441740751185067e-17,8.850873715627006e-09
327.0,6.982514632978393e-05,1.3786975494933924e-17,9.586014292054265e-09
327.1,6.689550324715929e-05,1.5440937031342336e-17,1.030131126415007e-08
327.2,6.327322173621176e-05,1.0782582775676218e-17,1.1030793462247091e-08
327.3,5.9471014897414865e-05,8.886054250124893e-18,1.1732122120925856e-08
327.4,5.559162480117941e-05,1.1949459081064633e-17,1.23768336754358e-08
327.5,5.111344198868326e-05,9.608900302452195e-18,1.3003235623083889e-08
327.6,4.636192620382222e-05,5.883127515489051e-18,1.3595978637414613e-08
327.7,4.170088871520832e-05,8.727752152596724e-18,1.411068866153731e-08
327.8,3.662407582751058e-05,9.367960844424048e-18,1.4574850794192582e-08
327.9,3.1193893174670425e-05,5.106555483737717e-18,1.5001226134219854e-08
328.0,2.59487586897112e-05,6.324875675203836e-18,1.5345165929682087e-08
328.1,2.052978451631631e-05,9.50483364591901e-18,1.561416838781587e-08
328.2,1.4727219264833174e-05,6.3764825922373526e-18,1.584066232008316e-08
328.3,9.124854844797921e-06,5.400493416582116e-18,1.599444531579014e-08
328.4,3.606469475613971e-06,9.769556457763707e-18,1.606272029154617e-08
328.5,-2.250458818643391e-06,9.11641186264119e-18,1.6083793620591474e-08
328.6,-7.95662034821741e-06,6.4458005672634066e-18,1.605036376086266e-08
328.7,-1.3350982099792098e-05,1.0303026555360499e-17,1.5936981273248477e-08
328.8,-1.895630001977535e-05,1.2560370545980588e-17,1.5774411892700217e-08
328.9,-2.4493520746395936e-05,9.528016343089262e-18,1.557800539114534e-08
329.0,-2.9559229120159226e-05,1.1517050415680923e-17,1.532131677356102e-08
329.1,-3.463930131533708e-05,1.602209461456656e-17,1.5019332646128637e-08
329.2,-3.9728040911956924e-05,1.422289940146178e-17,1.4702226035216717e-08
329.3,-4.4275331619039234e-05,1.3883109367331466e-17,1.4353167383280165e-08
329.4,-4.8603094863595795e-05,1.9154913578040236e-17,1.3970444185131837e-08
329.5,-5.297406206590919e-05,1.9777350853286387e-17,1.3587493677882246e-08
329.6,-5.682405717943653e-05,1.771980237997641e-17,1.3202636361135285e-08
329.7,-6.022599126068262e-05,2.202603007045369e-17,1.2802837286452689e-08
329.8,-6.363973650611482e-05,2.528948846745966e-17,1.2414250533428417e-08
329.9,-6.662361699418932e-05,2.2875479551826037e-17,1.2049323048476996e-08
330.0,-6.897985020897786e-05,2.4929493568008083e-17,1.169200823146654e-08
330.1,-7.124602956249339e-05,2.998070854103061e-17,1.1355286437428919e-08
330.2,-7.320950406712423e-05,2.8752672912343806e-17,1.1059548298945232e-08
330.3,-7.444890126270539e-05,2.824814998404986e-17,1.0792969850387321e-08
330.4,-7.544215216801972e-05,3.352470452723121e-17,1.0555328327261518e-08
330.5,-7.625574040205013e-05,3.4538036402676576e-17,1.0366977170360377e-08
330.6,-7.634875869954229e-05,3.221534165379258e-17,1.0223637901253463e-08
330.7,-7.601865669185553e-05,3.600693900851665e-17,1.0116275681960284e-08
330.8,-7.559250675161633e-05,3.9308882114385045e-17,1.0059064261511552e-08
330.9,-7.454479283465671e-05,3.6612913404442745e-17,1.0054156805460847e-08
331.0,-7.29184671551756e-05,3.779755201054472e-17,1.0089430148554197e-08
331.1,-7.121890008531506e-05,4.2430926797528256e-17,1.0170780104757266e-08
331.2,-6.906799385381124e-05,4.0884950474691134e-17,1.0303011956483173e-08
331.3,-6.624538579186478e-05,3.9335631917034225e-17,1.047491688987286e-08
331.4,-6.33094850646403e-05,4.369624346028402e-17,1.0685911614540155e-08
331.5,-6.012573981608921e-05,4.425108440326705e-17,1.0939917455423107e-08
331.6,-5.626883745977906e-05,4.089463907362713e-17,1.1227477323060035e-08
331.7,-5.221339373464116e-05,4.338391750693751e-17,1.1545026316278802e-08
331.8,-4.8104641918935025e-05,4.5975291289768704e-17,1.1894648806479268e-08
331.9,-4.342298769263982e-05,4.235145078545809e-17,1.2267109855162131e-08
332.0,-3.844497865456336e-05,4.203008001510194e-17,1.265821482515913e-08
332.1,-3.356297317550991e-05,4.5620653984165997e-17,1.3070227937947452e-08
332.2,-2.829809227198141e-05,4.3253157657226726e-17,1.3492655547909748e-08
332.3,-2.2665422705954272e-05,4.0222389072856904e-17,1.3920138067622466e-08
332.4,-1.7211063901253824e-05,4.322956397909975e-17,1.4358285012844856e-08
332.5,-1.1622142581358702e-05,4.298394125592811e-17,1.4796330217437581e-08
332.6,-5.655232362762458e-06,3.8367493697170475e-17,1.5224820792942258e-08
332.7,1.2066350485883897e-07,3.9342298242067237e-17,1.565408733813542e-08
332.8,5.768393229257806e-06,4.10769909988888e-17,1.60772593479611e-08
332.9,1.1721833964475526e-05,3.6516311485567516e-17,1.647801734403077e-08
333.0,1.7524855672780756e-05,3.472838021279416e-17,1.686880909199966e-08
333.1,2.296873196661802e-05,3.734612868117684e-17,1.7252263750269947e-08
333.2,2.856215427816308e-05,3.4357547867143954e-17,1.7605661498267442e-08
333.3,3.406896761326206e-05,3.014165445009943e-17,1.7937162332319777e-08
333.4,3.905534037879285e-05,3.210737822411956e-17,1.826245361742633e-08
333.5,4.3970971948885424e-05,3.1469321980810494e-17,1.8557720679592457e-08
333.6,4.8851779848004265e-05,2.6103541049561098e-17,1.8819489315184406e-08
333.7,5.314185454323518e-05,2.6069618292481754e-17,1.907475900882706e-08
333.8,5.711378794677622e-05,2.7485104447792332e-17,1.930750930539119e-08
333.9,6.106015780043478e-05,2.264514863481867e-17,1.949859196626435e-08
334.0,6.443698380504775e-05,2.007192635249311e-17,1.9678347795943534e-08
334.1,6.726714206697567e-05,2.2399494141258877e-17,1.9847124895321123e-08
334.2,7.002132790854419e-05,1.9566563297349048e-17,1.9972672301985627e-08
334.3,7.229919511634027e-05,1.49831439241064e-17,2.0076921706091925e-08
334.4,7.386510945826073e-05,1.6681138067828494e-17,2.0180146882492102e-08
334.5,7.524630685456848e-05,1.647643241387676e-17,2.0246455000170602e-08
334.6,7.628281191117714e-05,1.1270684777282112e-17,2.0278851654328582e-08
334.7,7.653773352296856e-05,1.1117045882979681e-17,2.0313121472472798e-08
334.8,7.646095856037426e-05,1.3109194357776813e-17,2.0322739168389497e-08
334.9,7.617074686609574e-05,8.963916405398336e-18,2.0287718007436187e-08
335.0,7.513788601036671e-05,6.566461221289064e-18,2.0247643057659097e-08
335.1,7.36223318671742e-05,9.498352266699906e-18,2.0196285987997377e-08
335.2,7.19903649579814e-05,7.752911562020392e-18,2.0095776441435014e-08
335.3,6.975373281985937e-05,3.74562443123408e-18,1.9974873595936248e-08
335.4,6.691928307170093e-05,6.02919763211624e-18,1.9851283152688675e-08
335.5,6.401076513558989e-05,7.079260119347702e-18,1.968214942127712e-08
335.6,6.0705075074512785e-05,2.8652050527349542e-18,1.9474072584695395e-08
335.7,5.675774456333008e-05,3.3304217144714703e-18,1.926287223521878e-08
335.8,5.2721808013151544e-05,6.561195415799387e-18,1.9016329609509383e-08
335.9,4.852324596047036e-05,3.771070283903725e-18,1.8715959042352693e-08
336.0,4.37322214423877e-05,2.1217050760732493e-18,1.8402506752196085e-08
336.1,3.8797194041253444e-05,6.0971798465509484e-18,1.8066260796043987e-08
336.2,3.391582414595995e-05,5.8578069201678875e-18,1.767067821565773e-08
336.3,2.858608014600588e-05,2.8155272476301154e-18,1.724632479442476e-08
336.4,2.30455174207984e-05,5.9618781695042566e-18,1.680922040653408e-08
336.5,1.7718973411353288e-05,8.501911903659634e-18,1.6318971321661982e-08
336.6,1.2163879240377344e-05,5.512029965528166e-18,1.5785227962568213e-08
336.7,6.354259226743981e-06,6.7090303444357105e-18,1.524320304433182e-08
336.8,8.415145350818529e-07,1.1187182198658593e-17,1.4664230569738145e-08
336.9,-4.640635222863344e-06,9.764606654178469e-18,1.4034967719373706e-08
337.0,-1.0367981336515176e-05,8.827942761314081e-18,1.3396521943689634e-08
337.1,-1.5794322717000666e-05,1.3699757216501628e-17,1.274272456470329e-08
337.2,-2.0937177791340152e-05,1.4793958428717314e-17,1.2044288295580378e-08
337.3,-2.6246082976880435e-05,1.250921545303253e-17,1.1333753014882339e-08
337.4,-3.131027626435363e-05,1.6171560504892737e-17,1.0629505388368098e-08
337.5,-3.588872726812285e-05,1.9784271988282582e-17,9.8991864780557e-09
337.6,-4.0485836727930794e-05,1.7594999541112573e-17,9.156751083490096e-09
337.7,-4.49227744777165e-05,1.9010425123352947e-17,8.438308946002816e-09
337.8,-4.87554382073867e-05,2.4121806001858705e-17,7.721729289056023e-09
337.9,-5.2411551636387736e-05,2.345256405355325e-17,7.000119297441066e-09
338.0,-5.598323013909387e-05,2.2555249537464944e-17,6.314835554088184e-09
338.1,-5.893024595137803e-05,2.7545999231719663e-17,5.662623202200949e-09
338.2,-6.149261475694716e-05,2.919577778087906e-17,5.02117081493327e-09
338.3,-6.400558152702899e-05,2.6898662060293554e-17,4.423946621042729e-09
338.4,-6.596452907317363e-05,3.021753675961737e-17,3.887782976527929e-09
338.5,-6.735912512030763e-05,3.4014482010969326e-17,3.3851050184243945e-09
338.6,-6.86804164609522e-05,3.1786980896406685e-17,2.932273890033219e-09
338.7,-6.958305783378227e-05,3.2538488965031565e-17,2.560273942598265e-09
338.8,-6.980775241215097e-05,3.7357720737566293e-17,2.246839344597194e-09
338.9,-6.987661324394879e-05,3.65762149514856e-17,1.9884438268891843e-09
339.0,-6.968833787377554e-05,3.4868719902212675e-17,1.8199595513522813e-09
339.1,-6.879958460081757e-05,3.907671021525343e-17,1.7316033525730205e-09
339.2,-6.763271151609674e-05,4.041768016202705e-17,1.7035083539598206e-09
339.3,-6.635527228164149e-05,3.730519635002512e-17,1.7637766754309895e-09
339.4,-6.445190420141251e-05,3.945156090141023e-17,1.9168865810219317e-09
339.5,-6.214099157508853e-05,4.2629268646215954e-17,2.134269251739623e-09
339.6,-5.98177248841609e-05,3.966151483816433e-17,2.4296753837173202e-09
339.7,-5.7025633860927705e-05,3.9061579953256385e-17,2.81847060302299e-09
339.8,-5.372739860022078e-05,4.289372241570981e-17,3.2719409859680974e-09
339.9,-5.044899329841712e-05,4.140703316882491e-17,3.786862383436428e-09
340.0,-4.690974263073174e-05,3.836521904311463e-17,4.382968248144126e-09
340.1,-4.283002254782256e-05,4.125883146550278e-17,5.038052665199282e-09
340.2,-3.873833655749536e-05,4.1846311087389455e-17,5.73418165745838e-09
340.3,-3.4603356819378786e-05,3.758011531897324e-17,6.488539134582452e-09
340.4,-2.9977971739939896e-05,3.822395017751209e-17,7.288632803707708e-09
340.5,-2.526553398093925e-05,4.048324428892967e-17,8.107347778389381e-09
340.6,-2.0695819764698724e-05,3.6585890518573864e-17,8.954359257891778e-09
340.7,-1.5771378467370516e-05,3.448054549433919e-17,9.826676204899621e-09
340.8,-1.067501571640179e-05,3.719258248574277e-17,1.0694501648304839e-08
340.9,-5.844605257538405e-06,3.499032330278167e-17,1.1558164076649524e-08
341.0,-8.622063118758019e-07,3.0700002800159126e-17,1.242178668855544e-08
341.1,4.349510197505501e-06,3.2372897921726733e-17,1.325838243346952e-08
341.2,9.249129230643467e-06,3.2382670441031235e-17,1.4059971238345829e-08
341.3,1.406526590937734e-05,2.7262033315173523e-17,1.4834885594533008e-08
341.4,1.9109673932913798e-05,2.6725181928782093e-17,1.556246618008061e-08
341.5,2.3867454529562426e-05,2.844908086399245e-17,1.6229091401813165e-08
341.6,2.831575183237898e-05,2.4147352074308565e-17,1.684509542656223e-08
341.7,3.291660655431835e-05,2.111505008993301e-17,1.7397848191970316e-08
341.8,3.730485575302695e-05,2.327641198173346e-17,1.78709491175988e-08
341.9,4.120733932827946e-05,2.1020031154449344e-17,1.8275470862716448e-08
342.0,4.511527658273546e-05,1.6206315644851417e-17,1.8607519845868968e-08
342.1,4.889908778382055e-05,1.7357260674904928e-17,1.885014508002765e-08
342.2,5.20995517699761e-05,1.753670888689942e-17,1.9014207396304257e-08
342.3,5.5109615168161566e-05,1.2406294656563825e-17,1.9104964473492708e-08
342.4,5.80626468799036e-05,1.1513338281720013e-17,1.910662887246414e-08
342.5,6.04246689747524e-05,1.3503980164698571e-17,1.9028354678572808e-08
342.6,6.238866732464454e-05,9.670877080929566e-18,1.888462268306493e-08
342.7,6.431339643633629e-05,6.5984808064254246e-18,1.8662769299998293e-08
342.8,6.572073244494748e-05,9.068234258719842e-18,1.8367931261662477e-08
342.9,6.655331842708579e-05,7.658182127366318e-18,1.8022697492858678e-08
343.0,6.730257601081857e-05,3.244000566210211e-18,1.76203225396177e-08
343.1,6.766362043218494e-05,4.732254045590886e-18,1.7159594738189527e-08
343.2,6.734227810420224e-05,5.940473345205084e-18,1.666788330596146e-08
343.3,6.683825250075412e-05,1.695906198648808e-18,1.6147640027150885e-08
343.4,6.609488159805868e-05,1.279157963663916e-18,1.559052084453534e-08
343.5,6.465514716761849e-05,4.310676159487584e-18,1.5022899480659936e-08
343.6,6.290226205135841e-05,1.746709662511612e-18,1.4458704921403645e-08
343.7,6.104182201828553e-05,-6.100291835015412e-19,1.388461164574817e-08
343.8,5.856975796435706e-05,2.814580901549522e-18,1.3319003982215362e-08
343.9,5.56588499277046e-05,2.89939551594576e-18,1.2786606636683742e-08
344.0,5.272671419607044e-05,-4.588415652917068e-19,1.2274305070349192e-08
344.1,4.9350752826911324e-05,1.9162276823846597e-18,1.1786804203420214e-08
344.2,4.5453545680465264e-05,4.633549052068614e-18,1.1354770016920273e-08
344.3,4.156289888102683e-05,1.7481516525251485e-18,1.0971836107020394e-08
344.4,3.744667271252161e-05,2.1949299084704153e-18,1.0627375425080916e-08
344.5,3.280131066876568e-05,6.5602844921516856e-18,1.0349585318960937e-08
344.6,2.8136847484898105e-05,5.554291426069182e-18,1.0143753631330373e-08
344.7,2.3473695905185786e-05,4.140081062569299e-18,9.987746767491354e-09
344.8,1.8363655821845574e-05,8.61846116483031e-18,9.897985283680978e-09
344.9,1.31767464281415e-05,1.0248895145758548e-17,9.891857762278957e-09
345.0,8.185512368595441e-06,7.947461282973523e-18,9.944122346109103e-09
345.1,2.9152275917142604e-06,1.1072016095166073e-17,1.0052949047866367e-08
345.2,-2.4903691153353588e-06,1.5081281220810304e-17,1.0242724311526705e-08
345.3,-7.569540449417238e-06,1.3326090549236542e-17,1.049491236689581e-08
345.4,-1.269874397493681e-05,1.4304562130248926e-17,1.0788860174739026e-08
345.5,-1.7989674484300222e-05,1.9555296501593735e-17,1.114679764200363e-08
345.6,-2.2901274108049013e-05,1.9656582311616266e-17,1.1564042350825334e-08
345.7,-2.7611820110524593e-05,1.868427197244017e-17,1.200723683639206e-08
345.8,-3.2453714752914606e-05,2.3592752374775073e-17,1.2486859050283533e-08
345.9,-3.693613033060718e-05,2.6119265272820937e-17,1.3013474183549696e-08
346.0,-4.09893887360632e-05,2.424186811782492e-17,1.3551778426852599e-08
346.1,-4.507721699467665e-05,2.7402389539933485e-17,1.4094564786768068e-08
346.2,-4.88761484993943e-05,3.194176555854146e-17,1.4662704387477507e-08
346.3,-5.2081542050314835e-05,3.058739551516369e-17,1.5230279956518852e-08
346.4,-5.516724555182383e-05,3.1315808320566365e-17,1.577278633546119e-08
346.5,-5.8052936457258126e-05,3.659320014888416e-17,1.6312325546054823e-08
346.6,-6.0271634051337095e-05,3.695447127223797e-17,1.6840017924061795e-08
346.7,-6.218495812624405e-05,3.558286374803189e-17,1.7320747062639167e-08
346.8,-6.397160727125206e-05,4.0012645637201743e-17,1.776852083174997e-08
346.9,-6.511642375510806e-05,4.2539075231225445e-17,1.8192906109290477e-08
347.0,-6.577611051727344e-05,4.022569563850042e-17,1.8558545663829768e-08
347.1,-6.634076091936347e-05,4.251117227409459e-17,1.886550485869829e-08
347.2,-6.637424427177227e-05,4.66648764495906e-17,1.91370564651208e-08
347.3,-6.578853739383068e-05,4.4876539449218686e-17,1.9347753059238695e-08
347.4,-6.508620366352514e-05,4.453265327629659e-17,1.9483296147035974e-08
347.5,-6.401862751224146e-05,4.8998819920446266e-17,1.9572186902832094e-08
347.6,-6.22759734271229e-05,4.887220527794715e-17,1.96053885964154e-08
347.7,-6.0347955350852576e-05,4.641089651575464e-17,1.9558820806840548e-08
347.8,-5.823617248228e-05,4.965784984476298e-17,1.9457388340803063e-08
347.9,-5.548866020411858e-05,5.1540671112873786e-17,1.930968203942735e-08
348.0,-5.246190914450685e-05,4.8254901252742796e-17,1.9089186375576268e-08
348.1,-4.940901430126484e-05,4.914048473807419e-17,1.88108818018909e-08
348.2,-4.5852125253956133e-05,5.2407919043641525e-17,1.8497371503397702e-08
348.3,-4.19290120633025e-05,4.979390750362321e-17,1.812703589450797e-08
348.4,-3.8083822895576056e-05,4.802882789886224e-17,1.770243277742185e-08
348.5,-3.3936266157664764e-05,5.134369769792683e-17,1.725362058339949e-08
348.6,-2.9375828002841563e-05,5.04896518961162e-17,1.6769058002845172e-08
348.7,-2.4930608792253e-05,4.6789706299268846e-17,1.623999288242481e-08
348.8,-2.0417396280653973e-05,4.870304702567622e-17,1.569668158401574e-08
348.9,-1.5510726766497778e-05,4.986281099235356e-17,1.5139789880224857e-08
349.0,-1.0695535259764299e-05,4.5644444384377074e-17,1.4552828217610825e-08
349.1,-6.036198006117797e-06,4.518896478214446e-17,1.3960040765715275e-08
349.2,-1.079723340412142e-06,4.7670065302954414e-17,1.3373539240096313e-08
349.3,3.847710016519455e-06,4.4466636075457376e-17,1.2773813518835474e-08
349.4,8.445415846934402e-06,4.159124939357136e-17,1.2174890775073513e-08
349.5,1.3174717745027816e-05,4.4076363806367145e-17,1.1597383235966765e-08
349.6,1.794369378854989e-05,4.292364118447684e-17,1.1023589187112744e-08
349.7,2.228570378259728e-05,3.8504117421637006e-17,1.0455469826325581e-08
349.8,2.654961460857031e-05,3.960172888987206e-17,9.917787892969408e-09
349.9,3.089470118505297e-05,4.0609382351677876e-17,9.398857545592307e-09
350.0,3.4800313944482734e-05,3.613439571775139e-17,8.889142308661099e-09
350.1,3.841094781870077e-05,3.503389977911958e-17,8.41251859347855e-09
350.2,4.209165091160141e-05,3.7422329412536904e-17,7.966263844523115e-09
350.3,4.539343343503192e-05,3.4401931789888607e-17,7.532225805225277e-09
350.4,4.821649887770898e-05,3.119637608236357e-17,7.128446519378915e-09
350.5,5.103564143913013e-05,3.3587087251768154e-17,6.762213227809115e-09
350.6,5.3581673261406255e-05,3.291643998858085e-17,6.411566773016047e-09
350.7,5.553259562706078e-05,2.861502801248801e-17,6.084805969975872e-09
350.8,5.735064929644149e-05,2.9691081285756154e-17,5.797889235245473e-09
350.9,5.9010241736375796e-05,3.1347140638807584e-17,5.5309172513188064e-09
351.0,6.004570584776886e-05,2.7476311776482955e-17,5.280600650971104e-09
351.1,6.078893581547544e-05,2.6546169973412048e-17,5.0678420130153085e-09
351.2,6.146167674934981e-05,2.9602582084298665e-17,4.880375198163054e-09
351.3,6.156986676260694e-05,2.757068124957798e-17,4.704287546930136e-09
351.4,6.123127965296071e-05,2.4845466992612865e-17,4.560030474009539e-09
351.5,6.0857998780494755e-05,2.787400869043243e-17,4.446702099086632e-09
351.6,6.0050704360828184e-05,2.841815526299324e-17,4.343623556058405e-09
351.7,5.868416976742694e-05,2.4976529283479467e-17,4.265108846944701e-09
351.8,5.7257525886363066e-05,2.668278452419529e-17,4.222273846381301e-09
351.9,5.556639500440356e-05,2.957230452657025e-17,4.193628106611686e-09
352.0,5.327560954080325e-05,2.6889772231923973e-17,4.1830441967739e-09
352.1,5.084770174216864e-05,2.66337271828136e-17,4.210781319613242e-09
352.2,4.832548245222585e-05,3.0762173788231345e-17,4.2610375308804626e-09
352.3,4.525034141938317e-05,3.010772321280425e-17,4.325744422497259e-09
352.4,4.193511629308588e-05,2.8200722298392754e-17,4.428479259691831e-09
352.5,3.866110489444484e-05,3.20849305744507e-17,4.564283606645833e-09
352.6,3.496431777003811e-05,3.401254726018075e-17,4.7151348057818555e-09
352.7,3.093348876387703e-05,3.157109009463964e-17,4.9006750604544075e-09
352.8,2.702099454607324e-05,3.392971786811592e-17,5.12890946365635e-09
352.9,2.2877358279565786e-05,3.7998779732862355e-17,5.377006134761048e-09
353.0,1.8349831401006356e-05,3.6450344496455865e-17,5.6540732321941315e-09
353.1,1.3952628149877595e-05,3.674179544123831e-17,5.9792239199262544e-09
353.2,9.5423634756758e-06,4.1710515837676626e-17,6.331773223582549e-09
353.3,4.7684553960951164e-06,4.219277093458803e-17,6.706437435025002e-09
353.4,8.312707730783138e-08,4.081894829694257e-17,7.127778554348713e-09
353.5,-4.410654805491009e-06,4.514692975548912e-17,7.583957646469576e-09
353.6,-9.167931987604684e-06,4.8006682436542946e-17,8.055635620092253e-09
353.7,-1.3906108473623794e-05,4.6112202353075214e-17,8.564766843123568e-09
353.8,-1.8297063189185415e-05,4.856537278006226e-17,9.112552483197037e-09
353.9,-2.278092573613497e-05,5.317644798007049e-17,9.670399246968104e-09
354.0,-2.7309555973473215e-05,5.213895717128828e-17,1.0249594407325676e-08
354.1,-3.1407100121602245e-05,5.2293242100632206e-17,1.0864377359586716e-08
354.2,-3.5383579679348525e-05,5.732348223262128e-17,1.1484967506012024e-08
354.3,-3.9431514076904956e-05,5.817183207340991e-17,1.2106653029096112e-08
354.4,-4.304170385348843e-05,5.655403557962483e-17,1.275209684937712e-08
354.5,-4.6312091596717115e-05,6.046840018709073e-17,1.339918064180193e-08
354.6,-4.9622325281169825e-05,6.339224185057357e-17,1.4026722353351771e-08
354.7,-5.255277114225636e-05,6.121833269276599e-17,1.465783006293252e-08
354.8,-5.496120015378156e-05,6.290392156629271e-17,1.528465341926817e-08
354.9,-5.731494057630399e-05,6.717793972480051e-17,1.5874534424945533e-08
355.0,-5.9384859773417994e-05,6.583840673257748e-17,1.644238949787403e-08
355.1,-6.082144629130339e-05,6.505314625159114e-17,1.699655722080344e-08
355.2,-6.205957349122037e-05,6.931142915022785e-17,1.7501972995091773e-08
355.3,-6.311462431654648e-05,6.975099249274976e-17,1.795930425462586e-08
355.4,-6.351547911130924e-05,6.717316529815502e-17,1.838954181869888e-08
355.5,-6.35540197500108e-05,6.994478833535505e-17,1.8765311148610828e-08
355.6,-6.348405138181511e-05,7.22528855036812e-17,1.9071996937623295e-08
355.7,-6.282988690846018e-05,6.921533352089004e-17,1.9335618219143142e-08
355.8,-6.166721813299153e-05,6.956273701688901e-17,1.9544045015779956e-08
355.9,-6.04238890227756e-05,7.294263106338004e-17,1.9671883254171428e-08
356.0,-5.873879207155419e-05,7.084626293180951e-17,1.9741501950503695e-08
356.1,-5.6453822172738294e-05,6.870902179229564e-17,1.9758434988586013e-08
356.2,-5.406450015975204e-05,7.177747046111562e-17,1.9694800066101714e-08
356.3,-5.141577710052379e-05,7.148104165080462e-17,1.956296922719802e-08
356.4,-4.8157960572358004e-05,6.7713671017192e-17,1.938293959602809e-08
356.5,-4.4732584830381075e-05,6.910611219653951e-17,1.9133136075579668e-08
356.6,-4.12316213309304e-05,7.060810656176188e-17,1.8814118746592227e-08
356.7,-3.720499458350117e-05,6.662760489688118e-17,1.8453305048430384e-08
356.8,-3.293362890400255e-05,6.557166840371307e-17,1.804141060367238e-08
356.9,-2.8736728684353028e-05,6.801308545319929e-17,1.7569958425909157e-08
357.0,-2.418091917051885e-05,6.522700881920129e-17,1.7065993735935047e-08
357.1,-1.9321346740374728e-05,6.187809453006792e-17,1.6533853954286615e-08
357.2,-1.4628824026016632e-05,6.390119879667723e-17,1.5961433195333555e-08
357.3,-9.800056248191093e-06,6.309955940748605e-17,1.5369732407594185e-08
357.4,-4.656607837767369e-06,5.846435929768597e-17,1.4773719041028964e-08
357.5,2.917662776025573e-07,5.881154166151552e-17,1.4162901465838929e-08
357.6,5.137229618805314e-06,5.989905705714846e-17,1.3550009309007804e-08
357.7,1.0240766473373711e-05,5.5485329006120246e-17,1.295538315820898e-08
357.8,1.5175428890835615e-05,5.356915328166579e-17,1.2373091425328396e-08
357.9,1.979401652247145e-05,5.562479998744554e-17,1.1808239642849915e-08
358.0,2.4543458369781925e-05,5.280149539728138e-17,1.128149805932422e-08
358.1,2.9180320897141228e-05,4.894189387833831e-17,1.079167044023604e-08
358.2,3.3349863652856176e-05,5.060456107214537e-17,1.0338024052764843e-08
358.3,3.746740828272486e-05,5.004632449193377e-17,9.938269795439298e-09
358.4,4.152792279595447e-05,4.5370739592361033e-17,9.594473899415905e-09
358.5,4.5053198590833614e-05,4.547097689104298e-17,9.301390536432302e-09
358.6,4.8318216461248794e-05,4.693794166713111e-17,9.072235749930171e-09
358.7,5.1552136402568945e-05,4.2950173096637474e-17,8.910912497408416e-09
358.8,5.426872261585353e-05,4.1018579494355766e-17,8.808104137153148e-09
358.9,5.6530133006847604e-05,4.3489455366220576e-17,8.771648985526713e-09
359.0,5.873790326281217e-05,4.147492200924325e-17,8.806915533322257e-09
359.1,6.051586981211323e-05,3.7970097580171026e-17,8.900946961900687e-09
359.2,6.169536810285965e-05,4.0075855583231833e-17,9.054904730265227e-09
359.3,6.274671021596052e-05,4.0568575059751323e-17,9.275956727052794e-09
359.4,6.349520720964693e-05,3.6688210518754716e-17,9.549241037684454e-09
359.5,6.358234196463001e-05,3.7315288899818743e-17,9.86751727076645e-09
359.6,6.342796921689828e-05,3.9901690010290336e-17,1.0239427529757788e-08
359.7,6.310091138246964e-05,3.710441961554385e-17,1.0651802154069163e-08
359.8,6.214239422157234e-05,3.586154004715939e-17,1.1088099721425808e-08
359.9,6.0816848437125415e-05,3.935136897213889e-17,1.155619264225256e-08
360.0,5.941894138497226e-05,3.8741841588817623e-17,1.2049126678848606e-08
360.1,5.7505317754070315e-05,3.614585256944436e-17,1.2542710793118267e-08
360.2,5.512045454890784e-05,3.912664697830395e-17,1.3039883052567289e-08
360.3,5.2712038858182296e-05,4.104669379448645e-17,1.3543188583441644e-08
360.4,4.996482244825836e-05,3.8313688332538324e-17,1.4025901089308572e-08
360.5,4.669515044985292e-05,3.969729869545559e-17,1.4481575109762705e-08
360.6,4.3393999592376926e-05,4.3529435888904996e-17,1.4922086849180117e-08
360.7,3.9955632658109555e-05,4.203642726601528e-17,1.532588583916424e-08
360.8,3.6018158442702656e-05,4.1532665622287324e-17,1.567500068304919e-08
360.9,3.199657949264353e-05,4.5994103785149507e-17,1.5986152728303347e-08
361.0,2.8024349148519705e-05,4.672317230313909e-17,1.625064750456798e-08
361.1,2.3656464524783838e-05,4.493118592770457e-17,1.644128290025577e-08
361.2,1.9132789214533236e-05,4.856090710614915e-17,1.657208811181429e-08
361.3,1.4796438592562415e-05,5.162279908238969e-17,1.6651562835385985e-08
361.4,1.0235509427413523e-05,4.974810914725888e-17,1.6650330508414486e-08
361.5,5.460155166925061e-06,5.151275383045904e-17,1.6572192278305787e-08
361.6,9.417357925063087e-07,5.613285546380749e-17,1.644144954940067e-08
361.7,-3.5906114513183867e-06,5.549146757386955e-17,1.623638190917055e-08
361.8,-8.353158633399698e-06,5.521015856489594e-17,1.594653386641154e-08
361.9,-1.2859346252284123e-05,6.001593823528663e-17,1.5604711342465053e-08
362.0,-1.7166531242465645e-05,6.144375239216286e-17,1.5205811512420423e-08
362.1,-2.165751043098663e-05,5.981829424933302e-17,1.4726895972154414e-08
362.2,-2.5947086589208078e-05,6.337745064868955e-17,1.4198409871725366e-08
362.3,-2.9860368902282682e-05,6.68433400057064e-17,1.3636187901290924e-08
362.4,-3.384554057213247e-05,6.512025568076478e-17,1.301229882941179e-08
362.5,-3.770992618479973e-05,6.650791722189649e-17,1.2344385389784268e-08
362.6,-4.108611656123184e-05,7.1108699648852e-17,1.1666658626539503e-08
362.7,-4.4370928443030014e-05,7.055149939614449e-17,1.0956832741754702e-08
362.8,-4.760746336279351e-05,6.972585902823476e-17,1.0213757126561322e-08
362.9,-5.032408978243476e-05,7.405403792706172e-17,9.48091653837088e-09
363.0,-5.276331705472535e-05,7.538678760517811e-17,8.751390812753829e-09
363.1,-5.5188889918164754e-05,7.31637415892238e-17,8.006091243825384e-09
363.2,-5.713977516940232e-05,7.5851224093259e-17,7.285045146970333e-09
363.3,-5.864090377585038e-05,7.892889843853352e-17,6.601558061738457e-09
363.4,-6.010725539304173e-05,7.663656384861516e-17,5.926094315930938e-09
363.5,-6.120110418623452e-05,7.691818367786633e-17,5.2832660143054655e-09
363.6,-6.172203464697571e-05,8.076284745490163e-17,4.7043951297307205e-09
363.7,-6.213021606600378e-05,7.963153102341269e-17,4.160841990349473e-09
363.8,-6.229377155969255e-05,7.764412576556655e-17,3.6548680414312675e-09
363.9,-6.183655066905938e-05,8.086249076476035e-17,3.2269650015741062e-09
364.0,-6.114793790921836e-05,8.154201746952816e-17,2.8602988558989887e-09
364.1,-6.033381241588416e-05,7.826038182913346e-17,2.535331325017529e-09
364.2,-5.8936769443519126e-05,7.960600617602102e-17,2.289231597055973e-09
364.3,-5.717857605043109e-05,8.186721508012526e-17,2.123290023044153e-09
364.4,-5.5376351419783796e-05,7.868737826097157e-17,2.00393803471737e-09
364.5,-5.310705521336183e-05,7.758161533844898e-17,1.9533488839162122e-09
364.6,-5.0371301762441575e-05,8.040820465356916e-17,1.990260955290159e-09
364.7,-4.7619306320254385e-05,7.855673440659928e-17,2.0791149033719453e-09
364.8,-4.4570159943630404e-05,7.533847985902141e-17,2.220496099642107e-09
364.9,-4.1006299380130516e-05,7.738753804456117e-17,2.4432324857186043e-09
365.0,-3.740089669011793e-05,7.74428601491952e-17,2.7215629365362078e-09
365.1,-3.3688100578691e-05,7.323705429572588e-17,3.0353635918884457e-09
365.2,-2.9490653018958488e-05,7.339609408055565e-17,3.4124645420401665e-09
365.3,-2.51900701271576e-05,7.50323456066637e-17,3.844105510727311e-09
365.4,-2.0955394432879596e-05,7.127430173861471e-17,4.297328731184505e-09
365.5,-1.634873732602952e-05,6.913601123805357e-17,4.788586741875736e-09
365.6,-1.1569379875157843e-05,7.130854549217263e-17,5.326316700287899e-09
365.7,-6.983031373103608e-06,6.919244440093094e-17,5.876407518811352e-09
365.8,-2.20574309179734e-06,6.526358983200832e-17,6.438358509913662e-09
365.9,2.789618271056367e-06,6.665673604413568e-17,7.031480116515845e-09
366.0,7.527456500339601e-06,6.665468893813734e-17,7.631386856718213e-09
366.1,1.2236623719605917e-05,6.217393074798412e-17,8.221860111208771e-09
366.2,1.7157788169321118e-05,6.178871971823277e-17,8.823377925783526e-09
366.3,2.1819218225900138e-05,6.346540311326699e-17,9.427285126357818e-09
366.4,2.6232441225238636e-05,5.987363046768962e-17,1.000875722590914e-08
366.5,3.07853893012202e-05,5.745362645995467e-17,1.058069951877094e-08
366.6,3.512268604685313e-05,5.969846808152872e-17,1.1149530124123222e-08
366.7,3.903096289645382e-05,5.810915296436422e-17,1.1691402204007532e-08
366.8,4.294277260257516e-05,5.430231414383768e-17,1.2207431165883412e-08
366.9,4.6702501836053305e-05,5.581480940556637e-17,1.271298164158626e-08
367.0,4.9920995478251456e-05,5.653473281380745e-17,1.3193001807277565e-08
367.1,5.296247126851355e-05,5.260379936164968e-17,1.363828739152006e-08
367.2,5.5904928556789644e-05,5.2453594531130815e-17,1.4064995855451497e-08
367.3,5.827705040999731e-05,5.490434783900176e-17,1.4469883738412697e-08
367.4,6.027999140304362e-05,5.22507039891753e-17,1.4838965226068356e-08
367.5,6.220160301674298e-05,5.0289452652259325e-17,1.518289321077647e-08
367.6,6.360325733610542e-05,5.32589486929404e-17,1.550798565785581e-08
367.7,6.447040395127609e-05,5.283822063750637e-17,1.5801711937275988e-08
367.8,6.522570430224509e-05,4.977365075534933e-17,1.6067155244476377e-08
367.9,6.557071984991798e-05,5.1926126793170923e-17,1.631481871098854e-08
368.0,6.527784988327051e-05,5.384391315379135e-17,1.6537353129605455e-08
368.1,6.479730934131439e-05,5.093943384897432e-17,1.6732245758444447e-08
368.2,6.404427912819557e-05,5.141242782747334e-17,1.6909050092961517e-08
368.3,6.26353364740775e-05,5.4941918653393066e-17,1.70654753184064e-08
368.4,6.093576803452212e-05,5.352132762806987e-17,1.7197084498851487e-08
368.5,5.909553380964673e-05,5.2250125636710733e-17,1.7310219044673578e-08
368.6,5.6672748029725396e-05,5.606019439141029e-17,1.7404806445091052e-08
368.7,5.385819489014445e-05,5.68944595805534e-17,1.7476950790603515e-08
368.8,5.1000341198568374e-05,5.4635902836416485e-17,1.7530856243931305e-08
368.9,4.7711813848220665e-05,5.73995419361413e-17,1.756582633296193e-08
369.0,4.396446774793899e-05,6.043196431298972e-17,1.7578147221945073e-08
369.1,4.022070167183419e-05,5.845176080610393e-17,1.7572497913739118e-08
369.2,3.6247823233497586e-05,5.934088757458905e-17,1.754720664807352e-08
369.3,3.1810288669435966e-05,6.363626225533191e-17,1.7496217536522252e-08
369.4,2.7372654094648204e-05,6.312663914530401e-17,1.7426054815931738e-08
369.5,2.2919060725600382e-05,6.217417317117816e-17,1.7336838995829623e-08
369.6,1.807077788312748e-05,6.635533111870083e-17,1.7217954565672558e-08
369.7,1.3183322749054534e-05,6.795817494662843e-17,1.707603021122122e-08
369.8,8.466123432811566e-06,6.601166053976804e-17,1.6917141155837622e-08
369.9,3.4976700101238496e-06,6.878213824640328e-17,1.6726853187514897e-08
370.0,-1.5586701092929992e-06,7.227575049328843e-17,1.6507420140703027e-08
370.1,-6.315678539385257e-06,7.059854966308236e-17,1.6273336872561952e-08
370.2,-1.1126554877302041e-05,7.12445922146893e-17,1.601105600029988e-08
370.3,-1.605472594359061e-05,7.559239613362089e-17,1.5713812087702646e-08
370.4,-2.0626902696627126e-05,7.53116380198086e-17,1.5402726547250866e-08
370.5,-2.5034319581911222e-05,7.399138255257857e-17,1.507226500957323e-08
370.6,-2.9545173223313405e-05,7.778966887271335e-17,1.4705171182450584e-08
370.7,-3.37132947591577e-05,7.941944482074646e-17,1.432281095073932e-08
370.8,-3.751539560818914e-05,7.707510674142734e-17,1.3933704926822168e-08
370.9,-4.135171867577632e-05,7.910469990187646e-17,1.3513900501865419e-08
371.0,-4.490980176508464e-05,8.23058160699779e-17,1.307642625175481e-08
371.1,-4.7953659878713026e-05,8.02388616085196e-17,1.2645158098536988e-08
371.2,-5.0910749464878056e-05,7.994138408444661e-17,1.2197925576626504e-08
371.3,-5.3675915859746844e-05,8.362104137324923e-17,1.1732691316309772e-08
371.4,-5.585629619433134e-05,8.291859252516036e-17,1.1283481070389064e-08
371.5,-5.7796130128148234e-05,8.062621560817935e-17,1.0839791493529872e-08
371.6,-5.962007660023495e-05,8.341646611141145e-17,1.0383317970453686e-08
371.7,-6.087426146597325e-05,8.449953301497686e-17,9.947798641327973e-09
371.8,-6.173145319929357e-05,8.126570043606376e-17,9.541170445980928e-09
371.9,-6.251219356198185e-05,8.2055553648533e-17,9.134532412786158e-09
372.0,-6.281353737378846e-05,8.448307056603179e-17,8.7496041941581e-09
372.1,-6.259278839967004e-05,8.164481181219647e-17,8.412844527167287e-09
372.2,-6.22847235138251e-05,8.005639267075364e-17,8.095469100041676e-09
372.3,-6.163735779187627e-05,8.271863459090603e-17,7.799034378572414e-09
372.4,-6.040369083048949e-05,8.13269422901477e-17,7.561070200874841e-09
372.5,-5.902393185519064e-05,7.78593610726567e-17,7.3643701661752666e-09
372.6,-5.746019799842864e-05,7.944257764235934e-17,7.1893716145890805e-09
372.7,-5.53245154282613e-05,7.985145351015492e-17,7.07212396190125e-09
372.8,-5.295380145096718e-05,7.57063482428317e-17,7.014340575238888e-09
372.9,-5.053479081715533e-05,7.525674849797265e-17,6.982242571741023e-09
373.0,-4.7637970585715455e-05,7.695325314272497e-17,6.997495674034965e-09
373.1,-4.441540516852876e-05,7.349423579661987e-17,7.0806691849653326e-09
373.2,-4.123375738113986e-05,7.080969378369446e-17,7.195944855365969e-09
373.3,-3.773242747122088e-05,7.265777581766181e-17,7.342420833872101e-09
373.4,-3.384440360676989e-05,7.087692754931568e-17,7.551800526449321e-09
373.5,-3.0027574845503266e-05,6.661881662073657e-17,7.798920212938692e-09
373.6,-2.6083926848248867e-05,6.737153543111555e-17,8.060129155198772e-09
373.7,-2.174873573448093e-05,6.75342309613083e-17,8.365799149818646e-09
373.8,-1.7460536434195226e-05,6.299967941198556e-17,8.709678747262943e-09
373.9,-1.3237246931403788e-05,6.183956132769605e-17,9.053357567420606e-09
374.0,-8.687689872883759e-06,6.334118901570978e-17,9.413543078445398e-09
374.1,-4.126103600416982e-06,5.988467975012899e-17,9.803597079488298e-09
374.2,2.1405200749074552e-07,5.67576642840823e-17,1.0183502934687305e-08
374.3,4.747419151060924e-06,5.842537662692112e-17,1.0548982046983707e-08
374.4,9.357349472451727e-06,5.695327710728462e-17,1.0926076209055162e-08
374.5,1.3648919045151321e-05,5.265265047153814e-17,1.1286527584945047e-08
374.6,1.79515675885206e-05,5.328981323717784e-17,1.1605680519643983e-08
374.7,2.2369867127226243e-05,5.3928364373112355e-17,1.1910652250932108e-08
374.8,2.6441730239675694e-05,4.9779906612699654e-17,1.2193577257183559e-08
374.9,3.0324445039681996e-05,4.8656573833858847e-17,1.2417777552210971e-08
375.0,3.431222834766838e-05,5.067857482012416e-17,1.2599932991068693e-08
375.1,3.798687365922456e-05,4.798523312024857e-17,1.2753474982720325e-08
375.2,4.1290170820547776e-05,4.517252987340088e-17,1.2842592827815259e-08
375.3,4.462747049871212e-05,4.73584130635864e-17,1.2866734290224077e-08
375.4,4.7724635841006575e-05,4.6902504618624536e-17,1.2853894038328573e-08
375.5,5.0319125696439494e-05,4.327614079622045e-17,1.2781605790732229e-08
375.6,5.282194731590974e-05,4.443275022698755e-17,1.2632611626753767e-08
375.7,5.5167551362632155e-05,4.6147080825119945e-17,1.2438168354499949e-08
375.8,5.695198379458117e-05,4.300305880025696e-17,1.2196529512870906e-08
375.9,5.848609806486424e-05,4.246814033134746e-17,1.1881116888437259e-08
376.0,5.992593570367576e-05,4.5488324146923284e-17,1.1515291516814892e-08
376.1,6.0825084600462765e-05,4.4038534613497817e-17,1.11177739115274e-08
376.2,6.131471203378506e-05,4.197314527609581e-17,1.0663614589086199e-08
376.3,6.17309920511256e-05,4.4998628612188636e-17,1.0161605776825804e-08
376.4,6.16953387963178e-05,4.5844273220847503e-17,9.643669405167712e-09
376.5,6.112590657097199e-05,4.3163545224214993e-17,9.096343633353781e-09
376.6,6.045371983351635e-05,4.5022852868708676e-17,8.513796278000068e-09
376.7,5.9462126263824246e-05,4.7936967625508534e-17,7.930256469010024e-09
376.8,5.7877419075758296e-05,4.5918537991850134e-17,7.3485630679894634e-09
376.9,5.6117881122924947e-05,4.6016652542731214e-17,6.753936852092243e-09
377.0,5.418329348453136e-05,4.997195603935234e-17,6.172941290641632e-09
377.1,5.16782957611117e-05,4.967815622688546e-17,5.6229511072375e-09
377.2,4.890549838079087e-05,4.8227704953532984e-17,5.0883466915948535e-09
377.3,4.608249160847899e-05,5.184794187508504e-17,4.5826023288931146e-09
377.4,4.279379528715466e-05,5.370495460886744e-17,4.130733794583719e-09
377.5,3.915374193588443e-05,5.1650760422150406e-17,3.722818695271037e-09
377.6,3.55457243921714e-05,5.378412500846708e-17,3.359515756908923e-09
377.7,3.164143308458435e-05,5.739094288765193e-17,3.0649999389151743e-09
377.8,2.7342585929589295e-05,5.598537753550644e-17,2.837308073325967e-09
377.9,2.310601345474445e-05,5.613424145459358e-17,2.6686563412490076e-09
378.0,1.877662909259633e-05,6.036408938930885e-17,2.5760747451229378e-09
378.1,1.407323089233772e-05,6.057977847634133e-17,2.5633585882874365e-09
378.2,9.416378787750153e-06,5.908525225949202e-17,2.6195468614606308e-09
378.3,4.8673625706174325e-06,6.257274975028397e-17,2.7525114105999234e-09
378.4,3.797145278196622e-08,6.472225988760519e-17,2.967314812624563e-09
378.5,-4.787325768822254e-06,6.260951301202301e-17,3.2530517753332605e-09
378.6,-9.341527319366145e-06,6.427660865689239e-17,3.6102963530210848e-09
378.7,-1.4017112236433802e-05,6.781024242358925e-17,4.041694568092517e-09
378.8,-1.873099476677733e-05,6.630222196612259e-17,4.536544136721886e-09
378.9,-2.3072407444110662e-05,6.578255420495565e-17,5.091465792833929e-09
379.0,-2.7334588767422853e-05,6.953019003590869e-17,5.7059748091182544e-09
379.1,-3.165068344262088e-05,6.954357151073555e-17,6.367849978599877e-09
379.2,-3.556405224775016e-05,6.732224969785176e-17,7.071861239378228e-09
379.3,-3.91905982963315e-05,6.995192279589678e-17,7.816652671699512e-09
379.4,-4.28408416870203e-05,7.168978453298059e-17,8.587394581992675e-09
379.5,-4.612183172111117e-05,6.888585485207059e-17,9.37653323088989e-09
379.6,-4.893919232203304e-05,6.94493025313059e-17,1.0185033315741769e-08
379.7,-5.16984172842479e-05,7.227955060390961e-17,1.0997042134806745e-08
379.8,-5.416431896218381e-05,7.012503025286806e-17,1.1800485317995991e-08
379.9,-5.605280673729675e-05,6.842321596816075e-17,1.2600054381930307e-08
380.0,-5.775937100249931e-05,7.116372576153401e-17,1.3383271715886772e-08
380.1,-5.926193035297866e-05,7.053225967623024e-17,1.4132056851497876e-08
380.2,-6.015565751016985e-05,6.722299364942167e-17,1.4852839034677176e-08
380.3,-6.0724982064393135e-05,6.863238923697304e-17,1.5541703275598113e-08
380.4,-6.116398541937832e-05,6.964555524613783e-17,1.6176174496254923e-08
380.5,-6.104724693668602e-05,6.594038788971707e-17,1.6759662016446148e-08
380.6,-6.04763645095024e-05,6.52188514448061e-17,1.729970349045183e-08
380.7,-5.9811836209631216e-05,6.719725853382689e-17,1.777481521429627e-08
380.8,-5.8713895540253375e-05,6.436146221549386e-17,1.818050517853888e-08
380.9,-5.7076718102235844e-05,6.150612161152765e-17,1.8534035490510894e-08
381.0,-5.533727789342666e-05,6.328765303637105e-17,1.8822345200389743e-08
381.1,-5.3327224903504775e-05,6.214541904202742e-17,1.903123854174125e-08
381.2,-5.076187127825029e-05,5.796541071358646e-17,1.9181287831564687e-08
381.3,-4.804707387500737e-05,5.838515786122823e-17,1.9273920534270037e-08
381.4,-4.522971327159832e-05,5.896447387190948e-17,1.9288409505693524e-08
381.5,-4.192053939466156e-05,5.4751096865554705e-17,1.9240002902012975e-08
381.6,-3.839586490262902e-05,5.3163006826886916e-17,1.9145973054173325e-08
381.7,-3.4908688485738356e-05,5.4723047370751327e-17,1.898658119978471e-08
381.8,-3.1066360066769e-05,5.172051036294685e-17,1.8764782123002898e-08
381.9,-2.6950776166613275e-05,4.8261909845616274e-17,1.850889692317586e-08
382.0,-2.2961246816952617e-05,4.9612424672174955e-17,1.8209006015377234e-08
382.1,-1.8804157749745068e-05,4.854476075133486e-17,1.785387101732503e-08
382.2,-1.4351557975688054e-05,4.4149215587973026e-17,1.747326029739356e-08
382.3,-1.0053428985882428e-05,4.4211027849463965e-17,1.7073181161085392e-08
382.4,-5.793041326250109e-06,4.4999876550343593e-17,1.6632578063945527e-08
382.5,-1.2700588651429602e-06,4.098478413358838e-17,1.6171918405799788e-08
382.6,3.122583957473588e-06,3.922071917164238e-17,1.5713424239840462e-08
382.7,7.291120299636821e-06,4.1028470499948816e-17,1.523525671910789e-08
382.8,1.1627703196866858e-05,3.859243884284273e-17,1.4741035343227593e-08
382.9,1.5889542449232573e-05,3.5289456668022905e-17,1.4263000218927942e-08
383.0,1.9791531775605522e-05,3.692328447555367e-17,1.3788490300231536e-08
383.1,2.3714493517204283e-05,3.6655265216091604e-17,1.3303043090594095e-08
383.2,2.762128018287325e-05,3.2786169221428625e-17,1.2838357641617108e-08
383.3,3.110266849011362e-05,3.316971265454333e-17,1.239765277233947e-08
383.4,3.4428511369351225e-05,3.480909337269806e-17,1.1954015060451483e-08
383.5,3.777166914643528e-05,3.165680185421478e-17,1.15276730814405e-08
383.6,4.0697356998371545e-05,3.03350255587447e-17,1.1138334058155528e-08
383.7,4.329343003309637e-05,3.293836070787808e-17,1.0756940416849298e-08
383.8,4.589524215317459e-05,3.161172794901995e-17,1.0385135617277788e-08
383.9,4.814778391121339e-05,2.8970521748605024e-17,1.0053290396085001e-08
384.0,4.993233028217976e-05,3.129455768051637e-17,9.741221690906764e-09
384.1,5.1659520222456375e-05,3.22075571689791e-17,9.43137682829397e-09
384.2,5.3140023583499434e-05,2.9246958350839106e-17,9.154746425985738e-09
384.3,5.407652869940097e-05,3.025358189239851e-17,8.907629416211359e-09
384.4,5.485008546487028e-05,3.2987839207756054e-17,8.65936339600172e-09
384.5,5.5482192945355156e-05,3.095230958890174e-17,8.43110167506125e-09
384.6,5.557044756131853e-05,3.026271221512558e-17,8.237122079452945e-09
384.7,5.537010634092018e-05,3.3743916442182064e-17,8.044141923209753e-09
384.8,5.510678151595916e-05,3.358405108346625e-17,7.856484556976702e-09
384.9,5.43735037866154e-05,3.1624616644619154e-17,7.701461898913878e-09
385.0,5.323625206898737e-05,3.4557884262404385e-17,7.554230527552081e-09
385.1,5.206801589307155e-05,3.652827203866559e-17,7.40123134317775e-09
385.2,5.0559606281363155e-05,3.4343955049587393e-17,7.273475313834247e-09
385.3,4.857271556170132e-05,3.575255381122908e-17,7.1622853219805826e-09
385.4,4.653526128910034e-05,3.929063568366961e-17,7.041301040084451e-09
385.5,4.43143723830808e-05,3.807575619693319e-17,6.935070516752034e-09
385.6,4.160447921838263e-05,3.766311183662056e-17,6.852940644641883e-09
385.7,3.87834202828589e-05,4.1585492841780476e-17,6.764886631234332e-09
385.8,3.592973678610517e-05,4.2163850640024535e-17,6.681677719953919e-09
385.9,3.265015931006934e-05,4.044944487761113e-17,6.626386325068597e-09
386.0,2.918107449988311e-05,4.3465180948216305e-17,6.575027859050722e-09
386.1,2.5795338528481827e-05,4.593598269149062e-17,6.522512889445807e-09
386.2,2.21139493365479e-05,4.3979235641673257e-17,6.497156389725514e-09
386.3,1.8176777489707727e-05,4.516962675102835e-17,6.4877831345148475e-09
386.4,1.4385999209669045e-05,4.883194033742261e-17,6.476851948087635e-09
386.5,1.0475549251261654e-05,4.778759180073596e-17,6.488614864394587e-09
386.6,6.283527447900247e-06,4.698790058356722e-17,6.526388396677867e-09
386.7,2.2447643285771766e-06,5.0623858540072606e-17,6.567214938723884e-09
386.8,-1.7233250672731993e-06,5.1224916365539384e-17,6.624513727675723e-09
386.9,-5.93887333320989e-06,4.9059219604321534e-17,6.712661714437564e-09
387.0,-1.003866153303097e-05,5.141533454750677e-17,6.810894911329578e-09
387.1,-1.3897122949664233e-05,5.36465194872411e-17,6.919575498691609e-09
387.2,-1.7904029615141685e-05,5.123593357651475e-17,7.057550070567533e-09
387.3,-2.1853761421837604e-05,5.1516373602266305e-17,7.2115590879535566e-09
387.4,-2.544004404985179e-05,5.460542456063805e-17,7.3712049720156745e-09
387.5,-2.902212254432734e-05,5.310049644623499e-17,7.552985873080593e-09
387.6,-3.2598464882936984e-05,5.130859893470243e-17,7.752677224381749e-09
387.7,-3.575485541996147e-05,5.404188455985997e-17,7.954148403191778e-09
387.8,-3.872608906881998e-05,5.4115020860757714e-17,8.167038246638389e-09
387.9,-4.1710434622917875e-05,5.101598898268343e-17,8.394288765910707e-09
388.0,-4.42857209859136e-05,5.2225181946499596e-17,8.619296596639378e-09
388.1,-4.650028799292697e-05,5.377439687721886e-17,8.843707693602722e-09
388.2,-4.869858203881593e-05,5.0565889481242303e-17,9.0741282912138e-09
388.3,-5.055281740604327e-05,4.962012145633345e-17,9.297058969748338e-09
388.4,-5.191040100030219e-05,5.1833270030872835e-17,9.507770255158621e-09
388.5,-5.317274634541357e-05,4.9662174018061665e-17,9.713421413692646e-09
388.6,-5.418574499910304e-05,4.672794414512361e-17,9.904979369752257e-09
388.7,-5.4632571981205246e-05,4.840620672698721e-17,1.0074057779327367e-08
388.8,-5.486937984184195e-05,4.787806995818386e-17,1.0226814657033961e-08
388.9,-5.495237598857182e-05,4.3871876311128856e-17,1.0358621463487608e-08
389.0,-5.447918801247214e-05,4.3980574769396485e-17,1.0459710591549294e-08
389.1,-5.3671171180795885e-05,4.494744531516781e-17,1.053507277844044e-08
389.2,-5.277990019688786e-05,4.114905416377201e-17,1.0584270475276079e-08
389.3,-5.1418405915925683e-05,3.921617938053272e-17,1.0597438045674976e-08
389.4,-4.9618804016399016e-05,4.080908752079676e-17,1.0578530312088878e-08
389.5,-4.7765429102230224e-05,3.832542006288275e-17,1.0531650330204542e-08
389.6,-4.558464508277805e-05,3.467207469111156e-17,1.0447700728795212e-08
389.7,-4.291347710442868e-05,3.572213929004537e-17,1.0328988694061033e-08
389.8,-4.01745172285049e-05,3.5072181868422136e-17,1.0184685942737078e-08
389.9,-3.727784758171178e-05,3.070763708876687e-17,1.0007925507122538e-08
390.0,-3.3909385296301025e-05,3.025176764249752e-17,9.797905338731927e-09
390.1,-3.0427204250608555e-05,3.117807693229537e-17,9.568388120443922e-09
390.2,-2.6950313520041273e-05,2.7399413063343374e-17,9.317246005032215e-09
390.3,-2.3096053359237124e-05,2.509776523415446e-17,9.039272145173623e-09
390.4,-1.9072485886190274e-05,2.6672852185059926e-17,8.75030084219924e-09
390.5,-1.518123214924584e-05,2.4528893366382174e-17,8.455767920162255e-09
390.6,-1.1071189410801455e-05,2.0835057075185845e-17,8.146416923007371e-09
390.7,-6.753300205247651e-06,2.1901605199694875e-17,7.835662403459674e-09
390.8,-2.6404597760651696e-06,2.1805961330704347e-17,7.5379613447437e-09
390.9,1.4944705617388038e-06,1.7805221303566294e-17,7.242871098566951e-09
391.0,5.834986202654725e-06,1.746996078632967e-17,6.956413279765018e-09
391.1,9.955577688062816e-06,1.9023947561819874e-17,6.700496966551783e-09
391.2,1.3898091447734117e-05,1.597768955255316e-17,6.468293427589962e-09
391.3,1.7989090244161594e-05,1.4001477578866944e-17,6.2552603472181815e-09
391.4,2.1891972460135883e-05,1.6194730114536548e-17,6.085685256105079e-09
391.5,2.5448566853696165e-05,1.504820169409204e-17,5.961107757536495e-09
391.6,2.9041717032948633e-05,1.1964546194629912e-17,5.866922369505986e-09
391.7,3.250300884954735e-05,1.361031347329832e-17,5.822497349139334e-09
391.8,3.5509949681467785e-05,1.4595947612158677e-17,5.83998535255079e-09
391.9,3.8401532748672536e-05,1.149285149349747e-17,5.899224515629205e-09
392.0,4.121507790948306e-05,1.1743468109244476e-17,6.0077963074616575e-09
392.1,4.35410646435912e-05,1.432474313292821e-17,6.18656629464112e-09
392.2,4.558646751806428e-05,1.2412941534386843e-17,6.416782598869594e-09
392.3,4.758111521585206e-05,1.1108122934383956e-17,6.690635784429479e-09
392.4,4.9128109601472166e-05,1.417000222510147e-17,7.031816943092776e-09
392.5,5.0248394239159e-05,1.4247372573953006e-17,7.429627463947721e-09
392.6,5.1303937553118745e-05,1.1978843066237886e-17,7.862179913842398e-09
392.7,5.200764323926053e-05,1.431269000251052e-17,8.348126319057919e-09
392.8,5.218809640472096e-05,1.6441058540284548e-17,8.888417476835544e-09
392.9,5.224723254271037e-05,1.428633343347508e-17,9.45299566582606e-09
393.0,5.207826659665135e-05,1.5082884770606476e-17,1.0048615563474448e-08
393.1,5.1360285929550696e-05,1.8564092287505225e-17,1.0687009290233599e-08
393.2,5.0434395805089006e-05,1.7649390683596015e-17,1.133831583428849e-08
393.3,4.940043623697489e-05,1.6824322121021092e-17,1.1994172515883999e-08
393.4,4.786918298865595e-05,2.0458732884141433e-17,1.2672227467765156e-08
393.5,4.60366901626969e-05,2.1439468422844474e-17,1.3350669468180649e-08
393.6,4.4185052940559086e-05,1.963891374442622e-17,1.4007614488647854e-08
393.7,4.195577510507859e-05,2.2224540448562084e-17,1.4659790378664401e-08
393.8,3.935313796617508e-05,2.5013661963355304e-17,1.5298229281562503e-08
393.9,3.6772583414631086e-05,2.3331848344170056e-17,1.5893280214849995e-08
394.0,3.3978309764344586e-05,2.4134659752871587e-17,1.6454568963309096e-08
394.1,3.078503987318647e-05,2.7915288320165023e-17,1.6986501836782252e-08
394.2,2.7605330012153798e-05,2.741039083949551e-17,1.7459521817032676e-08
394.3,2.438784072339389e-05,2.6452214176050268e-17,1.7872754597723882e-08
394.4,2.0808018250506048e-05,2.998068596951313e-17,1.824063587733e-08
394.5,1.719593688058009e-05,3.119299667865154e-17,1.8541134054832314e-08
394.6,1.3700751458022363e-05,2.920604762345478e-17,1.8763185016111003e-08
394.7,9.944073928012187e-06,3.1326516559214537e-17,1.8925604695654282e-08
394.8,6.095244185794979e-06,3.404434927125441e-17,1.901879179967806e-08
394.9,2.47013368304046e-06,3.2147120750688755e-17,1.9025104334317796e-08
395.0,-1.2645477412021488e-06,3.225172267586011e-17,1.8961797079309408e-08
395.1,-5.137813551044933e-06,3.55955234329894e-17,1.8833008172665843e-08
395.2,-8.742278845669682e-06,3.482002250544489e-17,1.862004209624742e-08
395.3,-1.2278693370980643e-05,3.307922074217217e-17,1.8334114244786835e-08
395.4,-1.5962333659682054e-05,3.5830092418219976e-17,1.7990881301083318e-08
395.5,-1.9392210487809664e-05,3.6646900988571895e-17,1.7576259624473027e-08
395.6,-2.258260523976117e-05,3.3924020720401937e-17,1.7093450534473625e-08
395.7,-2.587662539614376e-05,3.503598038966071e-17,1.656485411196971e-08
395.8,-2.8975940396422408e-05,3.717231708256004e-17,1.5985200354527958e-08
395.9,-3.1701516037814266e-05,3.4643458786982243e-17,1.535039620154396e-08
396.0,-3.4434441934104725e-05,3.366106522302087e-17,1.4683735421837778e-08
396.1,-3.7049776917507986e-05,3.619516506856903e-17,1.3990454508382234e-08
396.2,-3.9217140975693285e-05,3.4861321812787936e-17,1.3262017477986382e-08
396.3,-4.12570529864109e-05,3.2114051975673865e-17,1.2517237568622914e-08
396.4,-4.3245705106467405e-05,3.3863984590872693e-17,1.1770745255548576e-08
396.5,-4.4781662520298676e-05,3.413074784627036e-17,1.1013477717446461e-08
396.6,-4.6042412358117674e-05,3.059309276282915e-17,1.0256117585513107e-08
396.7,-4.728335544005577e-05,3.0620425859145875e-17,9.51921388116397e-09
396.8,-4.813054433236221e-05,3.2127841840324865e-17,8.796926556658772e-09
396.9,-4.857273734575455e-05,2.900707602956019e-17,8.090555251267918e-09
397.0,-4.89786774509271e-05,2.700396004886812e-17,7.421738916463746e-09
397.1,-4.9094097263861076e-05,2.8790913068437074e-17,6.790391501580657e-09
397.2,-4.8721483996403485e-05,2.704146627855184e-17,6.1895741552830514e-09
397.3,-4.8249778795701795e-05,2.3489278086839108e-17,5.637086096488381e-09
397.4,-4.76072671791525e-05,2.4438215555487053e-17,5.139317425791692e-09
397.5,-4.646006543652712e-05,2.4406375868192448e-17,4.684047049530303e-09
397.6,-4.512029258582761e-05,2.0393968706868134e-17,4.281349028304722e-09
397.7,-4.371673494925574e-05,1.9686373648279673e-17,3.942959580743924e-09
397.8,-4.1863876766057355e-05,2.093361271059542e-17,3.6552399459658884e-09
397.9,-3.97203835488499e-05,1.7682320762788186e-17,3.4184549950743713e-09
398.0,-3.758420166086148e-05,1.5163034011465838e-17,3.2471139446135243e-09
398.1,-3.5116449339268634e-05,1.6711887905587652e-17,3.130007184039566e-09
398.2,-3.228515452466876e-05,1.5125708225038328e-17,3.0575916670309516e-09
398.3,-2.948472659419492e-05,1.1400848883340213e-17,3.0437669509733058e-09
398.4,-2.6510042994055546e-05,1.215821975235969e-17,3.0828309818134103e-09
398.5,-2.3149858218735222e-05,1.2456961238862746e-17,3.157422079549429e-09
398.6,-1.9799198464835987e-05,8.653834494559211e-18,3.2772959044062023e-09
398.7,-1.6440835599266536e-05,7.87648139374824e-18,3.444023834556543e-09
398.8,-1.2741060467296491e-05,9.51745901358169e-18,3.636062742650389e-09
398.9,-9.000420235513522e-06,6.838511036350854e-18,3.855968969890996e-09
399.0,-5.39715011141539e-06,4.495642457745771e-18,4.1126415711527876e-09
399.1,-1.5628403324633747e-06,6.444507977134122e-18,4.385116956816661e-09
399.2,2.36718376682233e-06,5.67584981037973e-18,4.66683520545451e-09
399.3,6.060152279985046e-06,2.4429346422590942e-18,4.972110553044796e-09
399.4,9.822680580462553e-06,3.6031793874662565e-18,5.285658378361994e-09
399.5,1.3713643227735914e-05,4.804964699503403e-18,5.591733055570507e-09
399.6,1.732499400471319e-05,1.804335828595844e-18,5.906256540059994e-09
399.7,2.082069184452448e-05,1.4966839699442572e-18,6.223928409311068e-09
399.8,2.4434129577118902e-05,4.0033787914668284e-18,6.5221646843538944e-09
399.9,2.7779874564169127e-05,2.3667935390854082e-18,6.813463020921301e-09
400.0,3.083440117464192e-05,6.260150354025895e-19,7.10465355302962e-09
