# Time-dependent hole occupations (neutral MO basis) for MO indices: [0, 1, 2, 3, 4, 5, 6, 7, 8]

Timestamps (au),MO index 0,MO index 1,MO index 2,MO index 3,MO index 4,MO index 5,MO index 6,MO index 7,MO index 8
0.0,1.9983340952711963,4.106869714082251e-06,0.0028978705535385174,0.0007449439556923565,0.0022643849034504893,0.0022643849034511554,0.0008867705217134869,-0.0022643849034522947,-0.002264384903452297
0.05,1.9953549836069806,1.5338072044901452e-05,0.01009361075615045,0.0023668585213707516,0.00903019309980313,0.00903019309980424,0.0035340378220500845,-0.009030193099805326,-0.009030193099805371
0.1,1.9946039067173607,3.071802609033725e-05,0.01892069213059444,0.0038169978490394385,0.020201339388044026,0.020201339388044914,0.007895688664396161,-0.020201339388046136,-0.020201339388046184
0.15,1.9969514824204018,4.618494559682773e-05,0.028585670508497252,0.004890140276789801,0.03559449335116671,0.03559449335116849,0.013884116213517927,-0.03559449335116947,-0.03559449335116959
0.2,1.9996287633907117,5.766848768917754e-05,0.040847736907192234,0.006439408187790541,0.054954779544677645,0.054954779544679866,0.02137849766274913,-0.05495477954468041,-0.05495477954468063
0.25,1.999407948989647,6.213885882866421e-05,0.05771412083226979,0.009320299292654433,0.07799486523842214,0.07799486523842436,0.03024378209121048,-0.077994865238425,-0.07799486523842519
0.3,1.9965471691596606,5.837805330832779e-05,0.07864179597399379,0.013268180108326977,0.10441174456824065,0.10441174456824309,0.04033616207993651,-0.10441174456824362,-0.10441174456824395
0.35,1.994463580728863,4.731980196348573e-05,0.10082070493172157,0.017209187323778075,0.13386480512197085,0.13386480512197352,0.05149124257361737,-0.1338648051219738,-0.13386480512197416
0.4,1.995582470736003,3.186146494149611e-05,0.12215308571429384,0.02056612354993237,0.16595081300725534,0.16595081300725822,0.06351580870162832,-0.16595081300725847,-0.165950813007259
0.45,1.9985856304440859,1.615325466230999e-05,0.14317742365561736,0.02387954018607541,0.20022700257789072,0.2002270025778936,0.07620258012926961,-0.2002270025778936,-0.20022700257789422
0.5,1.9998952138206934,4.526508337487911e-06,0.16599218191260245,0.028117193015175568,0.2362764418562886,0.23627644185629126,0.08935860408363494,-0.2362764418562911,-0.23627644185629187
0.55,1.9979271823172406,3.192901503190626e-07,0.1913198010601822,0.033419478476767406,0.2737384834115657,0.2737384834115679,0.10281479928081838,-0.2737384834115679,-0.27373848341156887
0.6,1.99503221236589,4.898649460738369e-06,0.2171834347898205,0.03888026968865255,0.3122776094180635,0.31227760941806637,0.11640925699255078,-0.31227760941806604,-0.31227760941806704
0.65,1.9945997762165855,1.7200851909482395e-05,0.2408941958805162,0.04365515495973771,0.35153233376280335,0.351532333762806,0.12997097630108856,-0.3515323337628057,-0.3515323337628068
0.7,1.9971065797963041,3.399798646075425e-05,0.26176972365602436,0.047916769405340176,0.39111469482959516,0.3911146948295974,0.1433278992798912,-0.39111469482959715,-0.3911146948295984
0.75,1.9996080208117089,5.0809580390609455e-05,0.2814970017422991,0.052594940845109406,0.43068218210204057,0.4306821821020428,0.15633404593777134,-0.43068218210204223,-0.43068218210204345
0.8,1.9991328430415025,6.314195671386358e-05,0.30189923361663684,0.0582124478920254,0.4699917496708452,0.46999174967084745,0.16888539009716386,-0.4699917496708466,-0.46999174967084795
0.85,1.9962569068841456,6.770732852068306e-05,0.3225132035599203,0.0641945633133929,0.5088772327807973,0.5088772327807991,0.1809074162087212,-0.5088772327807984,-0.5088772327807997
0.9,1.9943641396761087,6.331245671131747e-05,0.34094059846744873,0.06957518455834277,0.5471757992831878,0.5471757992831896,0.19233045116669434,-0.547175799283189,-0.5471757992831903
0.95,1.9956179427990113,5.116083041967201e-05,0.355480640377988,0.07414105585232011,0.5846887527326401,0.5846887527326414,0.20307979306902002,-0.5846887527326408,-0.5846887527326421
1.0,1.9985504883998115,3.449121758491991e-05,0.36684261523027617,0.07863212871835024,0.6212258400539756,0.6212258400539765,0.2130915027314053,-0.621225840053976,-0.6212258400539774
1.05,1.9997343708171165,1.7699783553926096e-05,0.377234584583098,0.08384630060410325,0.6566779568853871,0.6566779568853884,0.2223340853198701,-0.6566779568853875,-0.6566779568853891
1.1,1.9978016396532552,5.1715147693087715e-06,0.38776030989841415,0.08963933782801137,0.6910285638565687,0.6910285638565701,0.23080800244861455,-0.6910285638565692,-0.691028563856571
1.15,1.9950506967033055,6.498632743046073e-08,0.3970991498354062,0.09509516986070632,0.7242856167702822,0.7242856167702829,0.23852668177432657,-0.7242856167702821,-0.7242856167702842
1.2,1.9946570313012912,3.3995141588416544e-06,0.4030652319320225,0.09964498843028369,0.75641268497735,0.7564126849773505,0.24549639527379696,-0.7564126849773491,-0.7564126849773514
1.25,1.9970403618007886,1.3797930519476864e-05,0.4050682189096362,0.10371183922940408,0.7873355217121256,0.7873355217121265,0.25171581287911415,-0.787335521712125,-0.7873355217121274
1.3,1.9994481903651238,2.7966862470307774e-05,0.4047557133324591,0.10820173701362057,0.8170121110934341,0.8170121110934341,0.25719663491397515,-0.8170121110934327,-0.8170121110934354
1.35,1.9991048688600461,4.169543502330342e-05,0.4042316597118518,0.11341426873335414,0.8454807582153121,0.8454807582153121,0.2619757033182972,-0.8454807582153103,-0.845480758215313
1.4,1.9964717429981809,5.106444454394676e-05,0.4036994883920302,0.11866093182575188,0.8728282632177344,0.872828263217734,0.26610665274850187,-0.8728282632177322,-0.872828263217735
1.45,1.9946311505218932,5.354368160759293e-05,0.40133005824570267,0.12311534385203515,0.8991142065240365,0.8991142065240356,0.26964083398485617,-0.8991142065240337,-0.8991142065240365
1.5,1.9956602473680207,4.8634980533757144e-05,0.39545173040152504,0.12680104389368352,0.9243377695463764,0.9243377695463755,0.27261408327371717,-0.9243377695463736,-0.9243377695463764
1.55,1.9983613223957108,3.787318760783975e-05,0.3864526896379672,0.13054838109042466,0.9484787878591101,0.948478787859109,0.27505616100033947,-0.9484787878591072,-0.94847878785911
1.6,1.9996394750127169,2.4288752076273568e-05,0.37646305708406524,0.13502667924574796,0.9715601666541169,0.9715601666541154,0.27700839467844673,-0.9715601666541134,-0.9715601666541165
1.65,1.9980788137879362,1.1556467317763719e-05,0.3670714694842303,0.1399219445474318,0.993657914673161,0.9936579146731592,0.2785271668388185,-0.993657914673157,-0.9936579146731601
1.7,1.9955645435102298,2.9990914121036383e-06,0.3576128519401389,0.1443147309932642,1.0148473375045164,1.014847337504514,0.27967431983637847,-1.0148473375045115,-1.014847337504515
1.75,1.9949859188356662,6.636897396106178e-07,0.3460837318476062,0.14780377483125484,1.0351497757141332,1.0351497757141306,0.28050311117790705,-1.0351497757141281,-1.0351497757141321
1.8,1.9969575178386378,4.786699752790113e-06,0.33150258860586757,0.15097003387453256,1.0545382744317788,1.0545382744317757,0.28105672284067573,-1.0545382744317733,-1.0545382744317773
1.85,1.9992217935162697,1.3825217458629524e-05,0.3150909849902581,0.1546994234093022,1.0729891453525813,1.0729891453525782,0.28138145675208137,-1.072989145352576,-1.0729891453525804
1.9,1.9992184497022694,2.4969572663291473e-05,0.2990914973907781,0.15912328114812713,1.090519722401541,1.0905197224015373,0.2815328625083522,-1.090519722401535,-1.090519722401539
1.95,1.9970487086466828,3.49638263639207e-05,0.2843512005264932,0.16343213618601227,1.1071707696065134,1.1071707696065092,0.2815722572795827,-1.1071707696065074,-1.107170769606511
2.0,1.9952688941281262,4.105023603839797e-05,0.26950677722413374,0.16686050053012136,1.1229577943616864,1.1229577943616817,0.2815578850363769,-1.1229577943616802,-1.1229577943616835
2.05,1.9958700140624883,4.1742240840303424e-05,0.2527191017082888,0.16960314572646418,1.13784950710617,1.1378495071061652,0.28153921940944615,-1.1378495071061634,-1.1378495071061672
2.1,1.9981259263424933,3.712828410185054e-05,0.23384482349192703,0.1725730081218675,1.1517937957440934,1.1517937957440882,0.2815648560132398,-1.1517937957440867,-1.1517937957440902
2.15,1.9994740175008896,2.867772649350897e-05,0.21477784186464755,0.17632532091542608,1.164756114302972,1.1647561143029668,0.28168702131837486,-1.1647561143029654,-1.1647561143029685
2.2,1.9984443987142215,1.8744792284142164e-05,0.19752484335214726,0.18035764711548863,1.17672797814693,1.1767279781469235,0.2819565863174187,-1.1767279781469226,-1.1767279781469258
2.25,1.99631923499905,9.916888966454707e-06,0.18206647091393502,0.1837000249006011,1.1876999980601854,1.1876999980601781,0.2824192870465203,-1.1876999980601775,-1.1876999980601808
2.3,1.9955370325898016,4.30838673537437e-06,0.1665894883526744,0.1860881840504669,1.197634867243802,1.1976348672437944,0.2831134974157994,-1.197634867243794,-1.197634867243797
2.35,1.9969158338082649,3.0150449052968042e-06,0.14973298478979746,0.18826100502513654,1.2064713069296142,1.2064713069296065,0.2840781658667817,-1.2064713069296056,-1.2064713069296091
2.4,1.998862908660914,5.925176839172153e-06,0.13225473372737806,0.19107904016168464,1.2141510289078001,1.2141510289077917,0.2853597326753481,-1.2141510289077913,-1.214151028907795
2.45,1.999197631242913,1.1862404233786705e-05,0.11642296729025192,0.19447270687492457,1.2206354679184912,1.2206354679184825,0.2869997754642828,-1.2206354679184817,-1.2206354679184854
2.5,1.9976305419984002,1.8948657602102514e-05,0.10361129953020032,0.19749148342548972,1.2258967244322327,1.2258967244322236,0.28902491756922055,-1.2258967244322228,-1.2258967244322263
2.55,1.9960104165181496,2.5148473330016685e-05,0.09288388732262898,0.199447016100337,1.2299001923430908,1.2299001923430812,0.2914467160394483,-1.229900192343081,-1.2299001923430843
2.6,1.996126641010625,2.8875282123808077e-05,0.08227184064012505,0.20073057668251693,1.2326012867730958,1.2326012867730858,0.2942724225832887,-1.2326012867730858,-1.232601286773089
2.65,1.9977750073827756,2.9389268052071316e-05,0.07113101403577637,0.20232811682162155,1.233959295719884,1.2339592957198733,0.2975235491379282,-1.233959295719873,-1.2339592957198766
2.7,1.9990887839829334,2.6849423691022167e-05,0.060996634315752196,0.2046380449419698,1.2339483185474416,1.2339483185474303,0.30122634148079186,-1.2339483185474305,-1.233948318547434
2.75,1.998634647980217,2.2146361161379247e-05,0.05401421924378447,0.20695742032826336,1.2325516034921007,1.232551603492089,0.30538759661110126,-1.2325516034920887,-1.2325516034920923
2.8,1.996996392349705,1.6629711646842793e-05,0.050545554183535124,0.2083266046937302,1.2297503830805165,1.2297503830805043,0.30998777507055086,-1.2297503830805043,-1.2297503830805079
2.85,1.9960247608475545,1.1721558492938655e-05,0.04883904907348269,0.2086833630393432,1.225524954721976,1.2255249547219633,0.3149912706427618,-1.2255249547219633,-1.2255249547219673
2.9,1.996732065022662,8.511918581977085e-06,0.04711833136824106,0.20891854671894827,1.2198686756568258,1.2198686756568127,0.32037622987684067,-1.2198686756568127,-1.2198686756568171
2.95,1.9982767417307628,7.532210367866554e-06,0.04557934873769032,0.20980681814791557,1.2127951488780175,1.2127951488780042,0.32614555703505754,-1.212795148878004,-1.2127951488780093
3.0,1.9989433929675813,8.726476531606409e-06,0.046195033688351206,0.21106119339561946,1.2043260250781072,1.204326025078093,0.3322956619932502,-1.204326025078093,-1.204326025078098
3.05,1.9980242550904106,1.1507957138778835e-05,0.050453472866424764,0.2116662560371827,1.1944740241684535,1.1944740241684388,0.33879200420866407,-1.1944740241684397,-1.1944740241684442
3.1,1.996565505137067,1.4925967299017628e-05,0.057570519030659906,0.21111202136500973,1.1832439321691732,1.183243932169158,0.3455721149839177,-1.1832439321691592,-1.1832439321691637
3.15,1.9961516500825436,1.7994139393628927e-05,0.0653453607117962,0.2099939058680509,1.1706543958262188,1.1706543958262026,0.35257510901834954,-1.1706543958262041,-1.1706543958262086
3.2,1.997173893572374,2.0005361926589416e-05,0.07257867213899072,0.20928973824065178,1.1567541013839535,1.1567541013839369,0.35977602074753623,-1.156754101383938,-1.1567541013839426
3.25,1.9984807070282973,2.063760452442054e-05,0.08028142139963368,0.20919285572646507,1.1416075662450242,1.1416075662450067,0.3671713897826945,-1.1416075662450087,-1.141607566245013
3.3,1.998629502925786,1.9925968179457243e-05,0.09041737057624033,0.20887517131449318,1.125263039766391,1.1252630397663728,0.3747387651512646,-1.125263039766375,-1.1252630397663792
3.35,1.9974496223046585,1.822835637432796e-05,0.10349374885203222,0.20749994753677603,1.1077397161710028,1.1077397161709837,0.38242328421381844,-1.1077397161709865,-1.1077397161709905
3.4,1.9962265402020838,1.6112894960063073e-05,0.1178091014367344,0.20523383022625508,1.0890533099802404,1.089053309980221,0.3901561631913213,-1.0890533099802235,-1.0890533099802275
3.45,1.9962660917790653,1.4138751044834308e-05,0.13125392109435152,0.203038147275292,1.0692527429016927,1.069252742901673,0.3978941229635429,-1.0692527429016758,-1.0692527429016794
3.5,1.9974913312487153,1.2704150956333038e-05,0.1435033988529797,0.20152405082433278,1.0484212132472661,1.048421213247246,0.4056321634509459,-1.0484212132472486,-1.0484212132472526
3.55,1.9985442188244538,1.2029177521633017e-05,0.15618125299459296,0.20022914207252818,1.026636239805979,1.0266362398059576,0.41336842802550544,-1.0266362398059612,-1.0266362398059647
3.6,1.9982303403621318,1.2129951373118786e-05,0.17083916637318897,0.19818395030536218,1.0039313634456104,1.0039313634455884,0.4210779593564653,-1.0039313634455922,-1.003931363445596
3.65,1.9968580668968532,1.2780185739691419e-05,0.18698019624743134,0.19509374173103433,0.9803070890023737,0.9803070890023511,0.42871633672480547,-0.9803070890023555,-0.9803070890023593
3.7,1.9959187406819028,1.3626122808751973e-05,0.20245202019283637,0.1916914264762879,0.9557829793001633,0.95578297930014,0.43624467129152755,-0.9557829793001442,-0.955782979300148
3.75,1.9964272925985522,1.4398561570150292e-05,0.2157265495389833,0.18886124217561617,0.9304284191161925,0.9304284191161685,0.4436548676319627,-0.9304284191161729,-0.9304284191161767
3.8,1.9978170851308725,1.4984041271315363e-05,0.22741894688245945,0.1865971529874435,0.9043327045510172,0.9043327045509924,0.4509582588042238,-0.904332704550997,-0.904332704551001
3.85,1.9985232508654391,1.5363211963936863e-05,0.23942163273819062,0.1840256064868777,0.877545850235601,0.8775458502355757,0.4581622345933902,-0.8775458502355806,-0.8775458502355844
3.9,1.997706104771493,1.5595088723729944e-05,0.25259265198403025,0.18047578836454647,0.8500594486490387,0.850059448649013,0.4652644936558956,-0.8500594486490178,-0.8500594486490216
3.95,1.996241715029665,1.5806447567490167e-05,0.26561443239469984,0.1763004132539323,0.8218545346505743,0.8218545346505475,0.47225684230115195,-0.821854534650553,-0.8218545346505564
4.0,1.9957515295246184,1.607368988798541e-05,0.27636416919195095,0.17245799155901942,0.7929630871401758,0.7929630871401485,0.4791363248647116,-0.7929630871401544,-0.7929630871401575
4.05,1.9967831570063446,1.633565156566874e-05,0.28417963240076594,0.16937840694067008,0.7634702279476602,0.7634702279476326,0.48590976400370733,-0.7634702279476387,-0.7634702279476417
4.1,1.9981846928704923,1.6472387821542256e-05,0.2904630948547866,0.16646800613222323,0.7334538322480189,0.7334538322479909,0.4925901154801342,-0.7334538322479969,-0.7334538322480002
4.15,1.998346123272829,1.638763148537059e-05,0.29699371463937396,0.16283975109772575,0.70293209813312,0.7029320981330911,0.49920053094913275,-0.7029320981330975,-0.7029320981331009
4.2,1.9970460551977607,1.5972781119089063e-05,0.3037919066222716,0.15840074908531498,0.6718831901900844,0.6718831901900548,0.5057678651597757,-0.6718831901900617,-0.6718831901900649
4.25,1.9957418015531165,1.5127685798033141e-05,0.3090006065464652,0.15397926695357667,0.6403176853411501,0.6403176853411203,0.5123070190306462,-0.640317685341127,-0.6403176853411303
4.3,1.9959088194280803,1.3913019784483893e-05,0.31093255219622296,0.15033967849850915,0.6083184427854706,0.60831844278544,0.5188164026970283,-0.6083184427854471,-0.6083184427854502
4.35,1.9973742146326698,1.2609876678393306e-05,0.30990684043647443,0.14728211143429237,0.5760015602072084,0.5760015602071773,0.5252911256846335,-0.5760015602071846,-0.5760015602071877
4.4,1.9984773153683821,1.1599306691367772e-05,0.307847624981749,0.14390027529134253,0.5434454809291385,0.5434454809291069,0.5317521789840911,-0.5434454809291147,-0.5434454809291176
4.45,1.9979410047809771,1.1249534228596758e-05,0.3060736569722877,0.1396910145154986,0.5106723074135273,0.5106723074134951,0.5382515183772041,-0.5106723074135031,-0.5106723074135061
4.5,1.996372889648758,1.1852012173907411e-05,0.30375523452829745,0.13518540863581308,0.4777058941332344,0.4777058941332022,0.5448347374347846,-0.4777058941332103,-0.4777058941332133
4.55,1.995571369361452,1.3471709180201685e-05,0.29886951270166184,0.13132159879117689,0.4446384813709843,0.4446384813709514,0.5515067998012984,-0.44463848137096007,-0.44463848137096273
4.6,1.9964643922797907,1.580809432355501e-05,0.2905443227044864,0.12831914685207968,0.411627767927361,0.4116277679273279,0.5582408158763852,-0.41162776792733646,-0.411627767927339
4.65,1.9980579212198408,1.828766160993922e-05,0.2800992957231663,0.12542582700823246,0.3788317652017126,0.37883176520167927,0.5650288163806243,-0.37883176520168793,-0.3788317652016904
4.7,1.998533663906419,2.0288544612778736e-05,0.26964188375475184,0.12183385061092267,0.3463596814998091,0.34635968149977536,0.5719182532459095,-0.34635968149978436,-0.3463596814997867
4.75,1.9973538321223065,2.1260689671231958e-05,0.2597326523612953,0.11767574641974088,0.31429657342667183,0.3142965734266383,0.5789757868227019,-0.3142965734266479,-0.3142965734266502
4.8,1.9958963586556853,2.0807165084679724e-05,0.2488373555375598,0.11388264995196073,0.28277029258674147,0.28277029258670705,0.586223156130953,-0.282770292586717,-0.28277029258671915
4.85,1.9958476262678424,1.886285175767277e-05,0.2352593745891589,0.11105097590335422,0.2519780320986318,0.2519780320985969,0.5936220470383993,-0.2519780320986076,-0.25197803209860953
4.9,1.9972913858720216,1.5811008026389572e-05,0.21926873448986717,0.10871577267659527,0.22214344625107696,0.22214344625104232,0.601126614678148,-0.2221434462510527,-0.22214344625105456
4.95,1.9985997465606165,1.2378873126994705e-05,0.2030155938012732,0.10591383847308644,0.1934571222432786,0.19345712224324396,0.6087504668964867,-0.19345712224325473,-0.19345712224325645
5.0,1.998283376016269,9.448960033964227e-06,0.18829392760875985,0.10235333147367554,0.16606827882881303,0.1660682788287784,0.6165557289435804,-0.16606827882878927,-0.16606827882879088
5.05,1.996735424736677,7.889834552132768e-06,0.17466668407093788,0.09878458853707928,0.14013140570668958,0.14013140570665472,0.6245768853546969,-0.14013140570666593,-0.14013140570666727
5.1,1.995760218509644,8.297970749193695e-06,0.16023951026541594,0.09607693932214634,0.11584409155045128,0.11584409155041664,0.6327792788564639,-0.11584409155042756,-0.1158440915504288
5.15,1.9964965624202866,1.0707589467973122e-05,0.14416749650710092,0.09413085662403686,0.09343015960839818,0.0934301596083642,0.6410937580853706,-0.09343015960837506,-0.09343015960837618
5.2,1.9981391024025426,1.4547909835460615e-05,0.12792039262356303,0.0919886621068644,0.07309115876847594,0.07309115876844174,0.6494901589034159,-0.07309115876845279,-0.0730911587684537
5.25,1.9988198687433612,1.8875588483124872e-05,0.11390744782494266,0.08898267672267446,0.05498260470683247,0.05498260470679783,0.6579981399400143,-0.054982604706809116,-0.054982604706809934
5.3,1.9977690540011024,2.2631580697485276e-05,0.10293301732211124,0.0855529286065786,0.03923580327921594,0.03923580327918108,0.6666429675051591,-0.039235803279192474,-0.03923580327919308
5.35,1.9962183137256482,2.485610565883256e-05,0.09350043615875125,0.08270924817241765,0.025987170919505864,0.025987170919471225,0.6753919241132103,-0.025987170919482924,-0.025987170919483403
5.4,1.995962066083314,2.4957745081044536e-05,0.08387300162673261,0.08075846191765956,0.01537460218956932,0.015374602189534237,0.6841693939424944,-0.015374602189546324,-0.015374602189546675
5.45,1.9973280042516832,2.2923272352759483e-05,0.07434122636467633,0.07891668695476173,0.007507931620449604,0.007507931620414077,0.6929121356447678,-0.007507931620426623,-0.0075079316204268755
5.5,1.9987801231236642,1.9287047410943003e-05,0.06709643465712545,0.07625654923377834,0.002451584211055735,0.002451584211020652,0.7016038539560727,-0.0024515842110330813,-0.0024515842110332652
5.55,1.9986414404797916,1.4950784775979997e-05,0.0638627977716717,0.07283307565305241,0.0002362448432489117,0.00023624484321471684,0.7102384333129441,-0.00023624484322672004,-0.00023624484322675463
5.6,1.997063836800914,1.0999329432159755e-05,0.06395430187071449,0.0696350980026339,0.0008755703741267773,0.0008755703740930265,0.7187737712473468,-0.0008755703741050581,-0.0008755703741049032
5.65,1.995864425343782,8.436506030218283e-06,0.06519596224867463,0.06735138561106169,0.004361533017422037,0.004361533017389174,0.7271398947887797,-0.004361533017400547,-0.004361533017400456
5.7,1.9964367203033524,7.83263958581415e-06,0.0665626513823332,0.06551244915633192,0.010647355725651453,0.010647355725619256,0.7352719666795562,-0.01064735572563072,-0.010647355725630452
5.75,1.9981637421729093,9.139102738142668e-06,0.06932856844678703,0.06308145169369084,0.019646648603997008,0.01964664860396459,0.743130731709186,-0.019646648603975872,-0.0196466486039756
5.8,1.9990565985813775,1.180244126031127e-05,0.07554921943901682,0.059713061715066296,0.031254031806597915,0.031254031806566385,0.7506838640434674,-0.03125403180657738,-0.03125403180657697
5.85,1.9980411803084885,1.4995745912571579e-05,0.08553559925926502,0.056205070859044914,0.04535910717927916,0.045359107179247626,0.7578766079812294,-0.045359107179258965,-0.04535910717925854
5.9,1.9962595964557264,1.7837838762302383e-05,0.09732511931267407,0.05353424112566607,0.06183282887364516,0.061832828873614076,0.7646457284368287,-0.061832828873625,-0.06183282887362457
5.95,1.9957601010840633,1.964819680200236e-05,0.10887001677224628,0.051648803893430184,0.08050515093222632,0.08050515093219524,0.7709449355336366,-0.08050515093220642,-0.08050515093220588
6.0,1.9971442214015782,2.015937933230738e-05,0.12019142837089847,0.04957043971561359,0.1011700057890863,0.1011700057890561,0.7767441120007454,-0.1011700057890669,-0.1011700057890664
6.05,1.998839584919614,1.9510091052943324e-05,0.13307995609035883,0.046598909076925654,0.12362156163722582,0.12362156163719584,0.7820077370707053,-0.12362156163720661,-0.12362156163720611
6.1,1.998841089029906,1.8082021624898914e-05,0.14877921173068165,0.04318235615927746,0.14768183348079278,0.1476818334807628,0.7866758943342003,-0.14768183348077304,-0.14768183348077263
6.15,1.9970799073297538,1.6376058617373346e-05,0.1662283943092211,0.040409353827922434,0.1731856798892515,0.17318567988922196,0.7906881767600562,-0.17318567988923195,-0.1731856798892315
6.2,1.9955625790496827,1.4902919613479781e-05,0.18304932142608465,0.038673234143104196,0.19994255254066284,0.19994255254063376,0.7940183429758381,-0.19994255254064375,-0.1999425525406433
6.25,1.9960421546169569,1.3993192913508423e-05,0.19806139521680866,0.0372184443786403,0.22772664954963062,0.2277266495496013,0.7966681228021801,-0.22772664954961125,-0.2277266495496108
6.3,1.9979949064583147,1.3664887981601481e-05,0.21230048081724995,0.03509167738574415,0.25631583845923034,0.2563158384592019,0.7986315406346982,-0.2563158384592116,-0.256315838459211
6.35,1.9991529082593564,1.3698303428233416e-05,0.2275680918131613,0.03228945198550881,0.2855393926245047,0.2855393926244765,0.7998675862658384,-0.2855393926244858,-0.28553939262448547
6.4,1.9981010275483757,1.3801714034977763e-05,0.24410108904268513,0.029796717803118433,0.31527688062153514,0.3152768806215076,0.8003210215507592,-0.3152768806215166,-0.31527688062151615
6.45,1.9960004412868737,1.3725818920118371e-05,0.26004506777388103,0.028396179770732388,0.3454089986959201,0.34540899869589303,0.7999705183204036,-0.3454089986959017,-0.34540899869590125
6.5,1.9952626291234246,1.3375221464828613e-05,0.2734241292231232,0.027714843366297037,0.37577888574757345,0.3757788857475468,0.7988382348895509,-0.37577888574755547,-0.3757788857475551
6.55,1.9967514958824828,1.2910290026590943e-05,0.2841887185426173,0.026712065600688728,0.4062127866961318,0.4062127866961056,0.7969526827486959,-0.4062127866961142,-0.4062127866961137
6.6,1.9987719268648838,1.2678949502742398e-05,0.2940616896534418,0.024921819978912074,0.4365796295880924,0.4365796295880666,0.794306622625758,-0.43657962958807484,-0.43657962958807445
6.65,1.9989471975036655,1.29891051514619e-05,0.30445793941806665,0.023017510942641373,0.4668190801543832,0.46681908015435747,0.7908572602248671,-0.46681908015436546,-0.46681908015436513
6.7,1.9970063245816054,1.3952047276388768e-05,0.31471868980288775,0.022019497968699397,0.49690317412368,0.4969031741236547,0.7865745557954988,-0.4969031741236628,-0.4969031741236626
6.75,1.9951640888894644,1.5469323850547667e-05,0.3227719748593194,0.022042858679807154,0.5267758628266477,0.5267758628266228,0.7814743838209994,-0.5267758628266306,-0.5267758628266304
6.8,1.9955420896948515,1.723485999383101e-05,0.3274432424420586,0.022173153793771494,0.5563404557152882,0.5563404557152634,0.7756001550446356,-0.556340455715271,-0.5563404557152709
6.85,1.9977327981697919,1.8756093512983796e-05,0.3296801333610695,0.021571098287076484,0.5855099887277253,0.5855099887277002,0.76897768436448,-0.585509988727708,-0.585509988727708
6.9,1.9992193901543744,1.9506594703955216e-05,0.33145307297802606,0.020453154400282614,0.6142609853943743,0.6142609853943499,0.7615875919604473,-0.6142609853943571,-0.6142609853943575
6.95,1.9982354372761224,1.913797287977914e-05,0.33350501983615266,0.019857068077655526,0.6426248221907225,0.6426248221906983,0.7533907141582679,-0.6426248221907054,-0.642624822190706
7.0,1.9958800712074751,1.7591556637608363e-05,0.3344645350143127,0.020387698609059868,0.6706255868754762,0.670625586875452,0.7443736074203025,-0.670625586875459,-0.6706255868754597
7.05,1.994863850893619,1.5132621212332609e-05,0.3324358317156948,0.02147756330459849,0.6982340905316184,0.6982340905315945,0.7345602944981273,-0.6982340905316008,-0.6982340905316016
7.1,1.996369936436015,1.2367162078197325e-05,0.3271617159337912,0.022088123375151092,0.7253897613567051,0.7253897613566813,0.7239874707741114,-0.7253897613566878,-0.7253897613566886
7.15,1.9987065738747858,1.012696661417678e-05,0.3203240795122031,0.021927029400938602,0.7520620878221891,0.7520620878221655,0.7126661902276492,-0.7520620878221715,-0.7520620878221727
7.2,1.999173290781967,9.168612768117868e-06,0.3137334838963117,0.021804829021700334,0.7782779823404342,0.7782779823404105,0.7005718792663775,-0.7782779823404168,-0.7782779823404182
7.25,1.9971949093441788,9.88647175459434e-06,0.30730504030242134,0.022683644605305142,0.8040834963893806,0.804083496389357,0.6876769323732705,-0.8040834963893633,-0.8040834963893647
7.3,1.995048763649763,1.2209485338310344e-05,0.29920769147817206,0.02449787599538622,0.8294837750445219,0.8294837750444986,0.6739814822866885,-0.8294837750445044,-0.8294837750445061
7.35,1.9952136530274531,1.5622032554230003e-05,0.28805289886040386,0.026240926429797806,0.8544299817639289,0.8544299817639058,0.6595188185463243,-0.8544299817639116,-0.8544299817639134
7.4,1.9975385753641262,1.9256079531349002e-05,0.274531547655382,0.02717073816066584,0.8788656758212199,0.8788656758211968,0.6443323956256708,-0.8788656758212023,-0.8788656758212042
7.45,1.9993843117903412,2.2118386463265693e-05,0.26076716311538517,0.027678713291435342,0.9027754120083029,0.9027754120082796,0.6284398580708406,-0.902775412008285,-0.9027754120082873
7.5,1.9986004578954812,2.3402361799540472e-05,0.2480479367950661,0.028858087894104045,0.9261801841215482,0.9261801841215251,0.611831244976158,-0.9261801841215305,-0.9261801841215327
7.55,1.9960818897905193,2.270685478622525e-05,0.2354415801912999,0.03118253103453572,0.9490866139558212,0.9490866139557981,0.5944982141772361,-0.9490866139558034,-0.9490866139558054
7.6,1.9947491776182769,2.012009701513051e-05,0.22102016876452657,0.03392047535483522,0.9714471149224364,0.9714471149224133,0.5764641024980961,-0.9714471149224182,-0.9714471149224203
7.65,1.9961577192745228,1.624144549206008e-05,0.20421927471639978,0.03603434369523906,0.9931775469876589,0.9931775469876358,0.5577942199462356,-0.9931775469876407,-0.9931775469876427
7.7,1.998742402266829,1.2091851421924815e-05,0.18663093032642664,0.03740210599728844,1.0142061697185367,1.0142061697185136,0.5385652364780342,-1.0142061697185185,-1.0142061697185203
7.75,1.9995294856673025,8.831428037758826e-06,0.17044061436970814,0.038985017707062086,1.0344962110053475,1.0344962110053242,0.5188290056293727,-1.0344962110053288,-1.0344962110053308
7.8,1.9975863670585334,7.398007514147764e-06,0.15609824018783236,0.04169388287848319,1.0540217527706846,1.0540217527706608,0.49861329821401945,-1.054021752770665,-1.0540217527706672
7.85,1.9951803069105147,8.247792290472233e-06,0.14198357273286533,0.04525450317719981,1.0727246108538842,1.0727246108538602,0.47795748780422986,-1.0727246108538644,-1.0727246108538666
7.9,1.99510552107702,1.1233295133639132e-05,0.1265239565259375,0.048550580331157445,1.0905068463070777,1.0905068463070535,0.4569502724121064,-1.090506846307058,-1.0905068463070602
7.95,1.9974878676962964,1.560896966701364e-05,0.11018250246571504,0.050965733231549404,1.1072643077103577,1.107264307710333,0.43572126283377655,-1.1072643077103375,-1.1072643077103395
8.0,1.9996188838341267,2.0218494011459143e-05,0.09518257779988604,0.05311005855307682,1.1229171881992126,1.1229171881991877,0.41439283315840125,-1.122917188199192,-1.1229171881991942
8.05,1.9990033083831746,2.3832315001692805e-05,0.08323179938167025,0.056125464002483305,1.137410263910748,1.1374102639107224,0.39304574342663745,-1.1374102639107275,-1.1374102639107293
8.1,1.9963563984269126,2.547362636695638e-05,0.07372336114161282,0.06027494418404977,1.150684621998888,1.150684621998862,0.3717373080288018,-1.1506846219988671,-1.1506846219988691
8.15,1.9947738595518782,2.4643290366554993e-05,0.06468636530634364,0.06460263756529483,1.1626576005865892,1.162657600586563,0.35055441198122894,-1.1626576005865679,-1.16265760058657
8.2,1.9960950198553706,2.146524809987227e-05,0.055283466474628895,0.06811164209177534,1.1732361361803578,1.1732361361803305,0.3296356582345905,-1.1732361361803354,-1.1732361361803374
8.25,1.9988417224361517,1.6714939822470853e-05,0.046918301436598586,0.07093142341950243,1.1823427814206708,1.1823427814206435,0.30913344080956184,-1.1823427814206484,-1.182342781420651
8.3,1.999823516671982,1.1650508146665572e-05,0.041866791062865616,0.07418245697871795,1.1899247254728116,1.1899247254727834,0.2891616117440754,-1.1899247254727883,-1.1899247254727912
8.35,1.997868860461887,7.68547679008691e-06,0.04078269662765144,0.07861284897509169,1.1959409981500384,1.1959409981500098,0.26978900632836056,-1.1959409981500149,-1.1959409981500175
8.4,1.995277048008568,6.020003595619272e-06,0.04203701233478219,0.08363797110317561,1.2003481638176652,1.2003481638176354,0.25108274272573894,-1.2003481638176408,-1.200348163817644
8.45,1.9950575380318092,7.303703828398511e-06,0.04375871738241632,0.08806676063404972,1.203104105655301,1.2031041056552705,0.23314640372453566,-1.2031041056552758,-1.2031041056552794
8.5,1.9974793583298882,1.1407043921440874e-05,0.046006099943489254,0.09152211157894685,1.2041828099284648,1.204182809928434,0.21610510996830135,-1.2041828099284388,-1.2041828099284426
8.55,1.999758771841902,1.7412061642740895e-05,0.05072026547253161,0.09487172887106832,1.2035793726168222,1.20357937261679,0.200055641748631,-1.2035793726167956,-1.2035793726167996
8.6,1.9991991551532788,2.3839439720063638e-05,0.059531233104106684,0.09919557251117128,1.2013002316993797,1.2013002316993469,0.18504205899804438,-1.2013002316993524,-1.2013002316993564
8.65,1.9964486564782526,2.900927249505081e-05,0.07176702617255049,0.1044127784255009,1.1973543948933387,1.197354394893305,0.1710799955587088,-1.1973543948933112,-1.1973543948933147
8.7,1.9947233713266064,3.1451418825545474e-05,0.08517893240330454,0.10936992470384377,1.1917596482042232,1.1917596482041883,0.15819758934299322,-1.1917596482041954,-1.191759648204199
8.75,1.996000479098162,3.0316464391111353e-05,0.09845523385536437,0.113249317317766,1.1845550056778746,1.1845550056778387,0.1464417866450558,-1.1845550056778453,-1.1845550056778493
8.8,1.9988217611443655,2.5676570567956247e-05,0.11250197137121964,0.11650355612233243,1.1757990130787535,1.1757990130787164,0.13584715113805457,-1.175799013078724,-1.175799013078728
8.85,1.9998849372414833,1.8592555889762608e-05,0.1292760347699029,0.12032212329207193,1.1655517484879152,1.1655517484878772,0.12640939341449764,-1.1655517484878852,-1.1655517484878888
8.9,1.997915094863482,1.0915669669042671e-05,0.14931886649522097,0.12515097392248098,1.153861990458657,1.153861990458618,0.11809177430386697,-1.1538619904586258,-1.1538619904586298
8.95,1.9952211677121914,4.852389223319875e-06,0.1708786195069214,0.13011126432775733,1.1407786854826822,1.140778685482642,0.11085371477553152,-1.1407786854826507,-1.1407786854826552
9.0,1.9949059952356427,2.3562331743498532e-06,0.1917557680646924,0.1340941827111488,1.1263736734619838,1.1263736734619423,0.10466585580289056,-1.1263736734619512,-1.1263736734619556
9.05,1.9973156203395368,4.52264627615051e-06,0.21153407687116532,0.1370673901396,1.110743524164741,1.1107435241646986,0.09949714972714885,-1.110743524164708,-1.1107435241647123
9.1,1.9996603392363166,1.1220378850040902e-05,0.2317668965451658,0.14009561787837743,1.0939848673794523,1.0939848673794084,0.09529809145801371,-1.093984867379418,-1.0939848673794224
9.15,1.9991700188004224,2.1066957540893938e-05,0.2539850581678893,0.14406542696468838,1.0761638182194144,1.0761638182193694,0.09199824182211791,-1.0761638182193796,-1.0761638182193838
9.2,1.9964109943351156,3.171964474701916e-05,0.2776368998215668,0.14856464019844928,1.0573186167280546,1.0573186167280086,0.08951903798245642,-1.0573186167280193,-1.0573186167280233
9.25,1.9945865565797696,4.043514364915346e-05,0.3004960000096246,0.15240527778565394,1.0374977522147422,1.0374977522146949,0.08778740773082672,-1.0374977522147057,-1.0374977522147093
9.3,1.9957614808862434,4.480298995623855e-05,0.3210010125825704,0.15507270886668034,1.0167819482659899,1.0167819482659415,0.08673400121386576,-1.0167819482659533,-1.016781948265957
9.35,1.998572861528659,4.34440183669782e-05,0.33972318934623447,0.15730884843937099,0.9952636632864267,0.9952636632863774,0.08628699922480787,-0.9952636632863892,-0.995263663286393
9.4,1.9997410711771693,3.64670413635082e-05,0.3585120256272716,0.16024971010161426,0.9730026073482145,0.9730026073481641,0.08637040599489265,-0.9730026073481765,-0.9730026073481803
9.45,1.997888532063072,2.5573016598778864e-05,0.3781817847128257,0.164036131382993,0.9500070891869421,0.9500070891868906,0.08690549051436447,-0.9500070891869035,-0.9500070891869075
9.5,1.9951810212164944,1.37217918492194e-05,0.3973613150458333,0.16764353239737684,0.9262708402709374,0.926270840270885,0.08781540386477293,-0.9262708402708979,-0.926270840270902
9.55,1.9947214184855182,4.343946110818564e-06,0.4139276771040741,0.17016502428541358,0.9018213686271284,0.9018213686270748,0.0890261965893937,-0.9018213686270886,-0.901821368627093
9.6,1.9970067864389136,3.2127332127984687e-07,0.42722183733723007,0.1718806548884766,0.8767231420449786,0.876723142044924,0.09046582912948775,-0.876723142044938,-0.8767231420449424
9.65,1.9993926710872651,3.122769306029838e-06,0.4385882343002665,0.17393737971968992,0.8510302628015523,0.8510302628014963,0.09206628933619676,-0.8510302628015111,-0.8510302628015156
9.7,1.9990950087260404,1.2355694896548641e-05,0.4497439957930136,0.17699500420323355,0.8247400276805146,0.8247400276804582,0.09376349664819261,-0.8247400276804734,-0.8247400276804777
9.75,1.9964777037378203,2.5806732363964358e-05,0.4606684908769525,0.18041090432297158,0.797805240560401,0.7978052405603431,0.09549661112947172,-0.7978052405603593,-0.7978052405603638
9.8,1.9945849421151751,3.998825147766283e-05,0.4695179882404408,0.1830534588502588,0.7701951822822362,0.7701951822821773,0.09720810713699413,-0.770195182282194,-0.7701951822821984
9.85,1.995563134285995,5.108837826695023e-05,0.47463722038438294,0.18467610202617935,0.7419336058719268,0.7419336058718669,0.09884201614578636,-0.7419336058718841,-0.7419336058718886
9.9,1.9982726205913939,5.6026845721923735e-05,0.4762668017681744,0.18619667736803747,0.713071095445386,0.7130710954453252,0.10034516330797327,-0.7130710954453425,-0.713071095445347
9.95,1.9995710704484115,5.330651187440694e-05,0.47619761222223045,0.18863614880196922,0.6836234474204903,0.6836234474204284,0.10166855618109572,-0.6836234474204466,-0.6836234474204509
10.0,1.997967498226301,4.349842130135784e-05,0.47567758075956545,0.1918684080268025,0.6535507381513235,0.6535507381512606,0.10276651024946926,-0.6535507381512793,-0.6535507381512837
10.05,1.9953744005654956,2.9226487020084235e-05,0.47390372403003234,0.19476782395876135,0.6228068141217502,0.622806814121686,0.10359766697758221,-0.6228068141217049,-0.6228068141217092
10.1,1.9947934162614274,1.4525471184523298e-05,0.46891830537369605,0.19659559393977144,0.591403854386205,0.59140385438614,0.10412346361385838,-0.5914038543861593,-0.5914038543861635
10.15,1.9968678534267468,3.6974293766700583e-06,0.4597780051183369,0.19786417167894932,0.5594200963046156,0.5594200963045497,0.10430542068938298,-0.5594200963045699,-0.5594200963045738
10.2,1.9991966634614424,7.008110491923958e-08,0.4475753211755249,0.19973678852669496,0.5269436406383137,0.5269436406382468,0.10410640183411024,-0.5269436406382677,-0.5269436406382713
10.25,1.9990854897978643,5.034742386333946e-06,0.43426482505639763,0.20262817074572692,0.4940210827592031,0.4940210827591349,0.10349301435234448,-0.4940210827591561,-0.4940210827591598
10.3,1.9967310103880942,1.758628469872292e-05,0.4204491539857509,0.2056564452894909,0.46067336432822414,0.46067336432815487,0.10244160373619215,-0.46067336432817707,-0.4606733643281806
10.35,1.994929863192298,3.453618631743538e-05,0.40474629885449476,0.2077237358462427,0.42696173583118946,0.4269617358311195,0.10094116625272687,-0.42696173583114194,-0.4269617358311454
10.4,1.9957516441810361,5.1417450237067897e-05,0.38548709176237317,0.20883508392135086,0.393027549542853,0.39302754954278263,0.09898663157653909,-0.3930275495428054,-0.3930275495428085
10.45,1.9982301025289735,6.376277265252028e-05,0.3627034576314041,0.2100633173145341,0.3590626043350036,0.3590626043349323,0.09657327420336292,-0.3590626043349556,-0.3590626043349585
10.5,1.999488397683398,6.82988854974198e-05,0.33830593167606016,0.21226232650229404,0.3252477580273818,0.32524775802730965,0.09369727607023792,-0.3252477580273333,-0.32524775802733613
10.55,1.9981132990295356,6.379149691282393e-05,0.31414314775118246,0.2149625094202985,0.29173508093325395,0.2917350809331811,0.09036468325146996,-0.2917350809332054,-0.291735080933208
10.6,1.9958116535359174,5.1410230313742034e-05,0.2900768368295974,0.2169065044495908,0.25869264406811787,0.2586926440680444,0.08660176276441645,-0.258692644068069,-0.25869264406807146
10.65,1.9952919310211834,3.446158877062899e-05,0.26445482086930205,0.21758021094207325,0.2263560839625134,0.22635608396243923,0.08245045747003821,-0.22635608396246426,-0.2263560839624665
10.7,1.9971250809388987,1.7490273684916957e-05,0.23635267438452257,0.21778006545710493,0.19502655912529798,0.1950265591252236,0.07795643204885438,-0.1950265591252491,-0.1950265591252513
10.75,1.9991700016145235,5.041708182496052e-06,0.20701005380256632,0.21862590000383086,0.1650186165320584,0.16501861653198358,0.07316437700250455,-0.1650186165320096,-0.1650186165320116
10.8,1.9990660499171289,4.453087931732824e-07,0.17891194076225858,0.22013583980834284,0.13661954731049164,0.1366195473104168,0.06812425948855738,-0.13661954731044296,-0.1366195473104449
10.85,1.9970333067287678,4.881212376295352e-06,0.15332022260326483,0.2211212199410093,0.1101002106455713,0.11010021064549624,0.06290586367563877,-0.11010021064552261,-0.1101002106455243
10.9,1.9955256924341,1.701272929888198e-05,0.12924223590305384,0.22063922768649347,0.08575343685951564,0.08575343685944103,0.057598455834312334,-0.08575343685946737,-0.08575343685946889
10.95,1.9962716401152543,3.340746168811748e-05,0.10513183414953664,0.2190979077022881,0.06390271951214621,0.0639027195120716,0.052295313712648284,-0.06390271951209821,-0.0639027195120995
11.0,1.9983662473632113,4.959320910558063e-05,0.08116885943076646,0.21769946637431792,0.04486822757624731,0.0448682275761727,0.04708463487763104,-0.044868227576199585,-0.044868227576200674
11.05,1.9993684149712911,6.128815011918753e-05,0.059605185550174244,0.2169354754119377,0.028927916562635048,0.028927916562560885,0.042048736505566175,-0.02892791656258715,-0.028927916562588023
11.1,1.9981635386289593,6.54616053821222e-05,0.042638320707901745,0.2158995681278606,0.01631144496670056,0.01631144496662751,0.03727442731484887,-0.016311444966653488,-0.016311444966654126
11.15,1.9962482276157645,6.107411751954395e-05,0.030173963207735577,0.2134020084225221,0.007220282602797834,0.007220282602724781,0.032856372883195206,-0.007220282602750823,-0.007220282602751232
11.2,1.9958586776079639,4.932427373027792e-05,0.020362799961390454,0.20943552290838663,0.001834524250003744,0.0018345242499311354,0.02888360836203696,-0.001834524249957103,-0.0018345242499573187
11.25,1.997384841916564,3.329059826739922e-05,0.012143322802430578,0.20513296887210664,0.0002918497659281094,0.00029184976585616695,0.025434211025764597,-0.00029184976588178557,-0.0002918497658817682
11.3,1.9990267000344786,1.7118846120656173e-05,0.006729604726720684,0.20138047502325618,0.0026652406732603495,0.0026652406731892953,0.022576039010631543,-0.002665240673214836,-0.002665240673214667
11.35,1.9988860270056688,4.997269151374439e-06,0.006424528399766594,0.19770923378924765,0.008965978821378506,0.008965978821308118,0.020367028085220173,-0.008965978821333804,-0.008965978821333475
11.4,1.9971761403908332,6.613668457333688e-08,0.011918424087601132,0.19290087493633346,0.01916170011803131,0.019161700117962477,0.01885720055026363,-0.019161700117987693,-0.019161700117987197
11.45,1.9959092838393255,3.5104383377948523e-06,0.021433858814880802,0.18656281580869205,0.033176886617571455,0.03317688661750329,0.018079166470128083,-0.033176886617528115,-0.03317688661752745
11.5,1.9964971521415806,1.4231544348541902e-05,0.0328171754306692,0.17961500116002216,0.050872158907100395,0.05087215890703356,0.018048032018731064,-0.05087215890705794,-0.05087215890705711
11.55,1.9982015458538915,2.9235751312972624e-05,0.04586602669094919,0.1731936589088403,0.07203602769900863,0.0720360276989429,0.01877371596439592,-0.07203602769896683,-0.07203602769896589
11.6,1.9990350805561152,4.448196296857887e-05,0.062303382041926314,0.16731206255335618,0.09641101329648882,0.09641101329642421,0.02025679528881552,-0.09641101329644768,-0.09641101329644658
11.65,1.998034572441412,5.591231451473888e-05,0.08340073807137527,0.1609071390171617,0.12373235104336411,0.12373235104330149,0.022483734263184285,-0.12373235104332386,-0.12373235104332267
11.7,1.9963671038077035,6.05068175913992e-05,0.108008744057555,0.1532618050354273,0.15373296536528702,0.15373296536522596,0.025421987395205514,-0.15373296536524794,-0.15373296536524672
11.75,1.9959274977225177,5.708841897922312e-05,0.13352750041027317,0.14494071956957844,0.18610956350915409,0.18610956350909458,0.029020002813873624,-0.1861095635091159,-0.1861095635091144
11.8,1.9971525712602691,4.658414862923621e-05,0.15850475795556807,0.1371360645016948,0.22050371296406146,0.2205037129640035,0.03322739333632363,-0.22050371296402427,-0.2205037129640228
11.85,1.9985959711347034,3.1745539306626824e-05,0.18377174043818645,0.1302870616744296,0.25653571091242,0.25653571091236427,0.0379988090945198,-0.2565357109123836,-0.25653571091238203
11.9,1.998576031936154,1.648943788135071e-05,0.2109586437949571,0.12361218914615568,0.2938640483073478,0.2938640483072934,0.04328347092508911,-0.2938640483073121,-0.2938640483073106
11.95,1.9970995497149204,4.90063867530921e-06,0.24004577779008374,0.11616332939924567,0.3322050556544811,0.33220505565442826,0.049023985212624854,-0.33220505565444597,-0.3322050556544445
12.0,1.9958491615549827,5.319478590948279e-08,0.26892066304357787,0.10804767662854564,0.3712887483754219,0.3712887483753706,0.05515176809755262,-0.3712887483753875,-0.3712887483753863
12.05,1.9962083571619462,3.1148821300064355e-06,0.29544028972323044,0.10031166313730866,0.4108103347963712,0.41081033479632145,0.06159571000267117,-0.4108103347963379,-0.41081033479633666
12.1,1.9977136580614687,1.3087179691950723e-05,0.3194458667659481,0.09371170880917878,0.4504450762296581,0.4504450762296095,0.068295841846437,-0.45044507622962526,-0.4504450762296241
12.15,1.9986181883040302,2.7124734963912545e-05,0.34252012234993323,0.08784058017532104,0.48991716482155123,0.48991716482150416,0.07520019659293431,-0.48991716482151915,-0.48991716482151804
12.2,1.9978651564464975,4.128857404550601e-05,0.3658163503463512,0.08167398587794894,0.5290429477634258,0.52904294776338,0.08226858129046377,-0.529042947763394,-0.529042947763393
12.25,1.9963082260060803,5.1652209594355014e-05,0.3884383137519152,0.07485770709717743,0.5676971541756091,0.5676971541755647,0.08946598631735592,-0.5676971541755778,-0.5676971541755769
12.3,1.9957050584231857,5.5446258258040615e-05,0.4082753577557283,0.06813215217381208,0.6057414129052461,0.605741412905203,0.09674831671673978,-0.6057414129052155,-0.6057414129052148
12.35,1.9966936955824806,5.176823927577345e-05,0.4242233044034156,0.06243939265430454,0.6430007736074241,0.643000773607382,0.10406826295928528,-0.6430007736073937,-0.6430007736073929
12.4,1.9981205416113865,4.170409545611875e-05,0.43723169541271734,0.057804644888812984,0.6793164178135176,0.679316417813477,0.11138672323016596,-0.6793164178134876,-0.679316417813487
12.45,1.998351323903027,2.800574006123213e-05,0.44909884516262766,0.05331990563855804,0.7146085979025283,0.7146085979024888,0.11868754777135315,-0.7146085979024989,-0.7146085979024983
12.5,1.9971286103241246,1.4368304973366719e-05,0.4603460868064062,0.04825661033308748,0.7488726911352488,0.7488726911352099,0.12597883699703516,-0.748872691135219,-0.7488726911352186
12.55,1.9958527017314975,4.367686004869142e-06,0.46959986166293977,0.042933726744441625,0.7821096051937197,0.7821096051936816,0.1332632332004957,-0.7821096051936904,-0.7821096051936899
12.6,1.9959449887161802,4.392821750798248e-07,0.4751559580727671,0.03831390349332908,0.8142701903264913,0.8142701903264538,0.14052073256232167,-0.8142701903264624,-0.8142701903264619
12.65,1.997265531888252,3.2914739336309395e-06,0.4768807191729594,0.03484413553019872,0.8452764674657649,0.8452764674657285,0.1477236343741133,-0.845276467465736,-0.8452764674657357
12.7,1.9983179010198457,1.179128732786694e-05,0.4763705204108466,0.031915325684226836,0.8750889714710945,0.8750889714710584,0.15486451064371787,-0.8750889714710655,-0.875088971471065
12.75,1.9979320809432872,2.3265331102972908e-05,0.4752134911682835,0.02858986146538145,0.9037386625579589,0.9037386625579229,0.1619757596555642,-0.9037386625579293,-0.9037386625579293
12.8,1.9965818686205603,3.427868331451478e-05,0.47326394426059126,0.02471876682329044,0.9312854462020215,0.9312854462019862,0.16910312682070927,-0.9312854462019924,-0.9312854462019926
12.85,1.9958022284015826,4.171852940570986e-05,0.46889855666397007,0.02110146753415698,0.9577517164998506,0.957751716499815,0.1762655759771965,-0.9577517164998209,-0.9577517164998209
12.9,1.9964384836348257,4.3678084653109295e-05,0.46092854690874496,0.018516446619060156,0.9831072634454254,0.9831072634453906,0.18345533347294474,-0.9831072634453961,-0.9831072634453965
12.95,1.9977664212029012,3.9834924174364517e-05,0.4500104044015636,0.01678191502841475,1.00731712957038,1.007317129570345,0.1906676497767743,-1.00731712957035,-1.007317129570351
13.0,1.9983235101644083,3.141523457128592e-05,0.43804095306115065,0.014961473005136394,1.030391701393507,1.030391701393472,0.19793516537331346,-1.0303917013934771,-1.0303917013934782
13.05,1.9975367428845539,2.0823539772063526e-05,0.42615594015230496,0.012476657276729197,1.0523803441629236,1.0523803441628887,0.20532366132272495,-1.0523803441628932,-1.0523803441628943
13.1,1.9963340376908445,1.0925759042379468e-05,0.4135730045505981,0.009790170676412746,1.0733179761945644,1.0733179761945295,0.21288672113311158,-1.073317976194534,-1.0733179761945353
13.15,1.9960516683907858,4.2123782080238925e-06,0.39860994124601157,0.007843593007163197,1.0931877771698346,1.0931877771697998,0.22064460327404412,-1.093187777169804,-1.0931877771698053
13.2,1.9969824436227805,2.190067670770901e-06,0.38070698077968124,0.006922550597985522,1.1119399817636713,1.1119399817636362,0.22860196506065789,-1.1119399817636402,-1.1119399817636417
13.25,1.9981172006822978,5.080192445605647e-06,0.3612180530244382,0.006304196085737512,1.1295396151045582,1.1295396151045227,0.23677915918155223,-1.1295396151045267,-1.1295396151045285
13.3,1.9982451591341606,1.1769243636550186e-05,0.34209352753558253,0.005111418862560058,1.1459868941176847,1.1459868941176483,0.24523254410900752,-1.1459868941176525,-1.1459868941176543
13.35,1.9972803980867724,2.0125460713726895e-05,0.3238489019970787,0.003359200062654999,1.1612909208611728,1.161290920861136,0.25402729379293576,-1.1612909208611404,-1.1612909208611422
13.4,1.9963135822258884,2.770470678559178e-05,0.305154541142751,0.0019381046452613404,1.1754320300146772,1.17543203001464,0.2632053216756902,-1.1754320300146444,-1.1754320300146466
13.45,1.9963918537145815,3.250315715197516e-05,0.2845329165650634,0.00154204515037204,1.188357673499158,1.1883576734991204,0.2727878841962901,-1.1883576734991246,-1.188357673499127
13.5,1.9974463674325795,3.341814821511413e-05,0.26222232160497727,0.0018271601242760838,1.2000120745480627,1.2000120745480243,0.28278765874012257,-1.2000120745480287,-1.2000120745480314
13.55,1.9983680072373882,3.0421612288389355e-05,0.24015670579101633,0.001814816656412921,1.210361845997539,1.2103618459975005,0.29323031158788004,-1.2103618459975043,-1.210361845997507
13.6,1.998182645591687,2.4514176509837782e-05,0.22002368669346928,0.0010573419165340603,1.2193909127242224,1.2193909127241835,0.30415756542449457,-1.219390912724187,-1.2193909127241902
13.65,1.9971143370479558,1.7392423005357927e-05,0.20154361937631649,0.00018036592351933223,1.2270762021929422,1.2270762021929027,0.3156039854692825,-1.2270762021929063,-1.2270762021929094
13.7,1.996323048200669,1.0908005175558344e-05,0.18300629688132153,0.0001330501588259203,1.2333766753648696,1.2333766753648292,0.32759184364175553,-1.2333766753648325,-1.2333766753648365
13.75,1.9966819846192003,6.5910397288870826e-06,0.16344418556034546,0.001033610911262528,1.2382471236684247,1.2382471236683834,0.34012724455283605,-1.238247123668387,-1.238247123668391
13.8,1.9978607455014332,5.34635988014287e-06,0.14394762840584896,0.00201997966956613,1.24165651366592,1.2416565136658777,0.3531972360387876,-1.2416565136658817,-1.2416565136658857
13.85,1.998608245515407,7.249186595004176e-06,0.1266814629772881,0.0022746480547986003,1.243589357231245,1.243589357231202,0.3667873340440124,-1.2435893572312062,-1.2435893572312104
13.9,1.9980942042757943,1.1515099891390435e-05,0.11262071237502713,0.002003379841464703,1.2440333501354905,1.2440333501354466,0.3808855448583792,-1.2440333501354508,-1.2440333501354552
13.95,1.9968524984133247,1.6785200409819012e-05,0.10059084594841039,0.0021952870158183924,1.242973545522272,1.2429735455222273,0.39548353080558263,-1.2429735455222315,-1.242973545522236
14.0,1.9962375314746668,2.1589922243325788e-05,0.0887979074231362,0.0034141302400358953,1.2404018385138138,1.2404018385137676,0.41057074808449334,-1.2404018385137725,-1.2404018385137774
14.05,1.9969830228410534,2.472182572277326e-05,0.077018877146386,0.005108293085557936,1.2363277954304557,1.236327795430408,0.4261083078817327,-1.2363277954304133,-1.2363277954304182
14.1,1.9983404111102945,2.5471340969307477e-05,0.06697862243372876,0.006269820804438941,1.2307741629157787,1.23077416291573,0.44203084069579934,-1.230774162915736,-1.230774162915741
14.15,1.9987976818581423,2.378242358380689e-05,0.06052300149646417,0.006628673062572199,1.2237621702964518,1.2237621702964019,0.4582698753504759,-1.2237621702964083,-1.2237621702964128
14.2,1.9977781317387964,2.0239063084126485e-05,0.05754382464342411,0.006984088470298078,1.2153080301767019,1.215308030176651,0.4747714924863691,-1.215308030176658,-1.2153080301766623
14.25,1.9963678853061486,1.5834747664200677e-05,0.056132015697376136,0.00823159880243729,1.2054378013384723,1.2054378013384202,0.4914995208196684,-1.2054378013384275,-1.205437801338432
14.3,1.9961588726663246,1.1688831735856553e-05,0.054806461853844635,0.010258403043808428,1.1942033697870555,1.194203369787002,0.5084048136873685,-1.1942033697870096,-1.1942033697870145
14.35,1.99746785470005,8.825325819028507e-06,0.054151706506344155,0.012086831859723146,1.181676013832168,1.1816760138321134,0.5253993231764924,-1.1816760138321216,-1.1816760138321256
14.4,1.998866539677505,7.939469732543003e-06,0.05612145105664812,0.01303131123449508,1.1679202616288848,1.1679202616288284,0.542374648489836,-1.1679202616288373,-1.1679202616288415
14.45,1.998710138379222,9.169819243926014e-06,0.06175553401546674,0.013515137841928038,1.1529794064649244,1.1529794064648669,0.5592342360776887,-1.1529794064648764,-1.1529794064648802
14.5,1.9970810075384733,1.2066669514254613e-05,0.06984881715158009,0.014564710077811904,1.1368926121637397,1.1368926121636809,0.5759140559563785,-1.1368926121636909,-1.1368926121636946
14.55,1.9957908135117186,1.5790418261163452e-05,0.07823074123579166,0.01654360307527858,1.119724591223989,1.1197245912239286,0.5923664902864074,-1.1197245912239395,-1.1197245912239435
14.6,1.9963434945350227,1.9358346936337867e-05,0.08611252949229131,0.018714026383622517,1.101571186478683,1.1015711864786213,0.6085209662016005,-1.1015711864786328,-1.101571186478637
14.65,1.9981843379965545,2.18588204721204e-05,0.0947806383028651,0.02012775335532857,1.0825275726853527,1.0825275726852892,0.624278547991824,-1.0825275726853012,-1.0825275726853054
14.7,1.9992005888128843,2.2681847861694138e-05,0.10600369471436477,0.02073974569769188,1.062652555291301,1.062652555291236,0.639540370915747,-1.062652555291249,-1.0626525552912534
14.75,1.9981259915227498,2.169156123876803e-05,0.11982516176638391,0.021471810819882142,1.0419708611061962,1.0419708611061296,0.6542387307968554,-1.041970861106143,-1.0419708611061476
14.8,1.996113059116179,1.9210564952798492e-05,0.13429889430074793,0.023088577745034033,1.020514795188225,1.020514795188157,0.6683396603631289,-1.0205147951881708,-1.0205147951881757
14.85,1.9954572600903735,1.588322102508144e-05,0.14755470810992488,0.025259607227832825,0.998357033326291,0.9983570333262219,0.681810089551756,-0.9983570333262363,-0.9983570333262409
14.9,1.9969571705427474,1.254947935835915e-05,0.15969492478104996,0.026977410792766054,0.9755916633812673,0.9755916633811965,0.6945900476850659,-0.9755916633812118,-0.9755916633812166
14.95,1.9989319539655008,1.0077191740176517e-05,0.1724711796385865,0.02774565548106267,0.9522837047915034,0.952283704791431,0.7066030708143758,-0.9522837047914472,-0.9522837047914519
15.0,1.9990452806457286,9.093282026695348e-06,0.18715516372867347,0.028168028442462578,0.9284425732620052,0.9284425732619317,0.7177878252361967,-0.9284425732619485,-0.9284425732619532
15.05,1.9970672813298946,9.772036102528858e-06,0.2028720322565407,0.029230846757189788,0.9040538440550421,0.9040538440549675,0.7281168961560907,-0.9040538440549848,-0.9040538440549897
15.1,1.9952353028282526,1.1831629956660095e-05,0.2174229272413606,0.031089733744395165,0.8791370102664717,0.8791370102663962,0.7375818003448691,-0.879137010266414,-0.8791370102664189
15.15,1.9956623539593539,1.4660522886789096e-05,0.22963400716614402,0.03289394005211754,0.8537590249147029,0.8537590249146252,0.7461636160883784,-0.8537590249146438,-0.8537590249146488
15.2,1.997901045767971,1.7472818848895955e-05,0.2404697670147442,0.0338103766865272,0.8279854851438713,0.8279854851437927,0.7538244875564808,-0.827985485143812,-0.827985485143817
15.25,1.999367332986291,1.9525252683783023e-05,0.25182668524612173,0.03399455814228469,0.8018255178866005,0.8018255178865201,0.7605249136537231,-0.8018255178865404,-0.8018255178865452
15.3,1.9982841881688929,2.0356689309775078e-05,0.26425457094371163,0.03442374778835511,0.7752339531405554,0.7752339531404737,0.7662462703083173,-0.7752339531404947,-0.7752339531404994
15.35,1.9958437882451145,1.9883214871008192e-05,0.2761572645681314,0.03571155362151357,0.7481725572641329,0.7481725572640496,0.7709905575817446,-0.7481725572640714,-0.748172557264076
15.4,1.9948500980069228,1.832805969304019e-05,0.28550567991995934,0.037358648141054385,0.720661948568353,0.7206619485682686,0.7747606063828689,-0.7206619485682906,-0.720661948568295
15.45,1.996462629055293,1.6137177826891502e-05,0.2920061651461121,0.03837538185288736,0.6927628395463294,0.6927628395462428,0.7775464710032813,-0.6927628395462664,-0.6927628395462706
15.5,1.9988539834241126,1.3904629479810637e-05,0.29730446917955433,0.03844417199184269,0.6645093553182053,0.6645093553181172,0.7793290363236844,-0.6645093553181414,-0.6645093553181455
15.55,1.9992227038969757,1.2206009458060052e-05,0.30308516028755905,0.03830767251929457,0.6358736665079905,0.6358736665079019,0.7800947612475264,-0.6358736665079264,-0.6358736665079303
15.6,1.9970811169138856,1.1394235828188215e-05,0.3090397568656571,0.038894297857589244,0.6068056481209885,0.6068056481208985,0.7798435310089067,-0.6068056481209239,-0.6068056481209276
15.65,1.9948937311420745,1.152011046157142e-05,0.31312049664136854,0.040176930244144815,0.5773036202868158,0.5773036202867246,0.7785818673308291,-0.5773036202867508,-0.5773036202867543
15.7,1.9951872029229698,1.237977171753002e-05,0.3138280739526995,0.04121607779650338,0.5474358098964518,0.547435809896359,0.776316912420955,-0.5474358098963863,-0.5474358098963896
15.75,1.9976490556505286,1.3596137581561862e-05,0.3118215207953723,0.04128973464487018,0.517288982732282,0.5172889827321876,0.773057281573652,-0.5172889827322156,-0.5172889827322189
15.8,1.9994434615299492,1.47517478670256e-05,0.30916714591655925,0.040744419980716096,0.48690487775746805,0.48690487775737257,0.7688152309426577,-0.4869048777574011,-0.48690487775740443
15.85,1.9984474644190247,1.5578236247648647e-05,0.3069833058715967,0.04061666039175216,0.4562818935746098,0.45628189357451365,0.7636074432333524,-0.4562818935745425,-0.45628189357454574
15.9,1.9958026544673537,1.6051733019661896e-05,0.304094452213334,0.04137443132833907,0.4254394357659621,0.4254394357658646,0.7574526571556277,-0.42543943576589416,-0.42543943576589716
15.95,1.9945864499997985,1.6307972551254935e-05,0.29839316211390265,0.042339208053633115,0.39447034553856386,0.39447034553846505,0.7503756066923604,-0.39447034553849536,-0.3944703455384984
16.0,1.9962146683560356,1.6509953812082756e-05,0.28927426417793,0.04252706605846335,0.3635240283430843,0.3635240283429846,0.742417079891355,-0.3635240283430153,-0.3635240283430181
16.05,1.9988369480786257,1.677920225473528e-05,0.27835545180036325,0.04181810048825052,0.3327425029075166,0.33274250290741536,0.7336328436293109,-0.332742502907447,-0.3327425029074498
16.1,1.9993973348968994,1.713625723342993e-05,0.26776297488662193,0.04113364391922891,0.3022268109048507,0.3022268109047488,0.7240821906672441,-0.30222681090478093,-0.3022268109047835
16.15,1.9972246920062948,1.7438984730056006e-05,0.2577388448100497,0.04134800618488477,0.272073494402032,0.27207349440192896,0.7138201677601868,-0.27207349440196194,-0.2720734944019642
16.2,1.9948731206546868,1.7416705723194426e-05,0.24644329216389194,0.04219968048346656,0.24243252525367698,0.2424325252535735,0.7029059298518314,-0.24243252525360642,-0.24243252525360867
16.25,1.9950869386640984,1.6801085857665043e-05,0.23225422122053652,0.04262391114528974,0.21352044475189702,0.21352044475179266,0.6914236517492252,-0.2135204447518262,-0.21352044475182813
16.3,1.997645447802438,1.544825546329065e-05,0.21577655681903618,0.042049820830510676,0.1855752786566378,0.18557527865653345,0.6794873173222766,-0.18557527865656692,-0.18557527865656887
16.35,1.9995957129008057,1.3433078557945066e-05,0.1993842814662352,0.04109640798062486,0.15880542558425015,0.1588054255841449,0.66721857077424,-0.15880542558417937,-0.15880542558418106
16.4,1.9986390274961336,1.1136924475518839e-05,0.18471845179761215,0.04087680205578614,0.1333928959959536,0.13339289599584836,0.6547251630658562,-0.13339289599588278,-0.1333928959958843
16.45,1.9959102597151988,9.230354234279758e-06,0.17095305709343234,0.0416226458865645,0.10953572739287143,0.10953572739276529,0.6421049491118695,-0.10953572739280014,-0.10953572739280146
16.5,1.9946278846134877,8.465612349350948e-06,0.1560480087412741,0.042393577309252084,0.08747188525485883,0.08747188525475247,0.629471725685701,-0.08747188525478775,-0.08747188525478884
16.55,1.9962971463536727,9.386058148042054e-06,0.13942001205078736,0.04225928508529564,0.06745771295604142,0.06745771295593528,0.6169692274013294,-0.06745771295597065,-0.06745771295597158
16.6,1.9990143275501122,1.2110288867717145e-05,0.12288913438937987,0.04142226934428739,0.0497247564645642,0.049724756464458286,0.604750898472953,-0.04972475646449343,-0.04972475646449426
16.65,1.9995874908443934,1.6234302867790262e-05,0.10892727643178857,0.04102551202677418,0.034464695759262476,0.03446469575915678,0.5929501386541776,-0.03446469575919169,-0.03446469575919231
16.7,1.9973287178738632,2.087242619808194e-05,0.09800706305946849,0.04176645184017014,0.02185038831255781,0.021850388312452118,0.5816765257421723,-0.021850388312487465,-0.02185038831248791
16.75,1.9949257190228544,2.4881028644951897e-05,0.08831487416760586,0.043009149155212256,0.012053428132509536,0.012053428132404731,0.571039220140277,-0.012053428132439722,-0.012053428132440048
16.8,1.9952018854288922,2.7198256505656104e-05,0.07821550733848048,0.043603194176675464,0.005234074444257164,0.005234074444153025,0.5611630520732596,-0.005234074444188029,-0.0052340744441881585
16.85,1.9978648968545085,2.7141997787527572e-05,0.06836913989444904,0.04329339199645421,0.001514691258039047,0.0015146912579360183,0.5521743976006999,-0.0015146912579709275,-0.0015146912579708936
16.9,1.9998078300098403,2.4594404020472638e-05,0.06120226089821812,0.04304492464720289,0.0009692407775039324,0.000969240777402236,0.5441741832946674,-0.0009692407774364734,-0.0009692407774363316
16.95,1.9986988357169508,2.0076624118736675e-05,0.05825296182922912,0.043901378498546695,0.0036371280736418043,0.00363712807354144,0.537229893898771,-0.0036371280735751866,-0.0036371280735749707
17.0,1.9958528076974942,1.466450097797889e-05,0.05843344173440612,0.04565848555028351,0.0095326330815797,0.009532633081480446,0.5313915796307982,-0.009532633081513605,-0.009532633081513302
17.05,1.9946383563617984,9.7090332478178e-06,0.05946588480218562,0.047131881082633775,0.018632897768275924,0.018632897768178225,0.5267048463746162,-0.01863289776821074,-0.018632897768210296
17.1,1.9964807540290228,6.453566265385291e-06,0.06061427660772578,0.047640060055664346,0.030860673447171694,0.030860673447075104,0.5232043868714058,-0.03086067344710683,-0.030860673447106315
17.15,1.9992519201363965,5.684560644203529e-06,0.06347346827365041,0.04780823133678469,0.046091798680820695,0.04609179868072544,0.520900253112341,-0.046091798680756815,-0.04609179868075617
17.2,1.999644095897882,7.503941365172295e-06,0.07009294914175701,0.048841323171361806,0.06418284127373441,0.06418284127364116,0.51977598093855,-0.0641828412736715,-0.06418284127367073
17.25,1.9971570231565332,1.1300710013539828e-05,0.08041096457501817,0.051012410585058676,0.08498258692563976,0.08498258692554783,0.5197991272701139,-0.08498258692557695,-0.08498258692557632
17.3,1.9947448289878467,1.5966848100124054e-05,0.09218115103536739,0.05330710698320407,0.1083123910396131,0.10831239103952317,0.5209259468098484,-0.10831239103955129,-0.10831239103955058
17.35,1.995230867195123,2.0267086196179562e-05,0.1034893557281702,0.05471002577944506,0.1339397387994785,0.1339397387993908,0.523096249538098,-0.13393973879941792,-0.13393973879941723
17.4,1.998060598215379,2.3190994239197238e-05,0.11468528827601654,0.05540495048004179,0.1615883930398625,0.1615883930397768,0.5262304450068866,-0.161588393039803,-0.16158839303980232
17.45,1.999893254950254,2.4187086973270766e-05,0.12771863420107943,0.05654535963455931,0.19098895870049337,0.19098895870040944,0.5302357945192666,-0.19098895870043503,-0.19098895870043436
17.5,1.9985056856416843,2.3253513432131e-05,0.14360478202736715,0.058835730860313795,0.22190859368313776,0.2219085936830556,0.5350160637488013,-0.22190859368307997,-0.2219085936830793
17.55,1.9955363144058278,2.0870446483467475e-05,0.16091502769305066,0.06162160406360728,0.2541281495057839,0.2541281495057044,0.540470459786266,-0.2541281495057274,-0.25412814950572676
17.6,1.9944768115538731,1.780308134891051e-05,0.17721736544784994,0.06371963545959947,0.2873960630520318,0.28739606305195387,0.5464866800617405,-0.2873960630519763,-0.2873960630519756
17.65,1.996548231612254,1.4863466236025857e-05,0.19160667104131335,0.06484338626661801,0.3214200911564624,0.3214200911563867,0.5529423889315952,-0.3214200911564076,-0.32142009115640713
17.7,1.9993317110733841,1.2694711448268947e-05,0.2053925814932578,0.06589792614379597,0.35592240846625334,0.3559224084661796,0.5597159642830596,-0.3559224084661995,-0.35592240846619894
17.75,1.9995088275946038,1.1604798251019233e-05,0.22036390028534658,0.06788649757611176,0.39069454540657467,0.39069454540650295,0.5666977849189547,-0.3906945454065218,-0.3906945454065215
17.8,1.9968532426178434,1.1511131757568904e-05,0.23644241332650173,0.07064231672334098,0.4255887223631305,0.42558872236306033,0.5737881367587274,-0.4255887223630783,-0.42558872236307793
17.85,1.9945004058808669,1.2046691629574724e-05,0.25155494253397404,0.07303275167879075,0.46045586895677526,0.46045586895670665,0.5808871474613666,-0.4604558689567241,-0.46045586895672364
17.9,1.995169379759896,1.2768527775097738e-05,0.26387149654114284,0.07434838645145891,0.49510380914133334,0.4951038091412663,0.5878921525319958,-0.4951038091412828,-0.4951038091412826
17.95,1.9980727782469667,1.3349395353134952e-05,0.2736524618569378,0.07509613542692772,0.5293300513910013,0.5293300513909358,0.5947040226710021,-0.5293300513909514,-0.5293300513909516
18.0,1.9998038584923137,1.3686529110046308e-05,0.2828007104602168,0.07638240855701284,0.5629940498865784,0.5629940498865147,0.6012371942783532,-0.5629940498865292,-0.5629940498865295
18.05,1.9983150051027345,1.3905271193159763e-05,0.29257929156255447,0.07855881719487168,0.5960402500131949,0.5960402500131328,0.6074212731073136,-0.5960402500131468,-0.5960402500131471
18.1,1.9953791747797187,1.424876252675844e-05,0.3020318516709328,0.08077540885858525,0.6284441126498845,0.6284441126498237,0.6131936115281427,-0.6284441126498368,-0.6284441126498372
18.15,1.9944148889637832,1.4911453997790147e-05,0.30904408442364995,0.08203759451586867,0.6601438710369716,0.6601438710369121,0.6184950254745707,-0.6601438710369243,-0.6601438710369252
18.2,1.996505109000699,1.5925243455505722e-05,0.31269285339296715,0.08237283059177525,0.691037213847915,0.6910372138478571,0.6232700681121934,-0.6910372138478682,-0.6910372138478693
18.25,1.9992240317819803,1.713671279057749e-05,0.3142048655144427,0.08276715664230228,0.7210461448473944,0.7210461448473378,0.6274703788280322,-0.7210461448473482,-0.7210461448473495
18.3,1.9993997059881263,1.8233031879422157e-05,0.31559795047301153,0.08399785575412033,0.7501706833378714,0.7501706833378157,0.6310579473489808,-0.7501706833378254,-0.7501706833378269
18.35,1.996863971382182,1.8810416336112468e-05,0.3173633804330698,0.08567125444879542,0.7784673223025096,0.7784673223024547,0.6340029115869319,-0.7784673223024643,-0.7784673223024656
18.4,1.994606093757711,1.851339871850044e-05,0.3179161322133679,0.08671206940918896,0.8059754838013573,0.8059754838013036,0.6362819403022526,-0.8059754838013127,-0.8059754838013139
18.45,1.9952047059896953,1.720059475962543e-05,0.3154621950886063,0.08666356096921657,0.8326767444451795,0.8326767444451262,0.637876882264905,-0.8326767444451347,-0.8326767444451362
18.5,1.9979494046139175,1.5045570059601943e-05,0.3100140437739707,0.08619027608446661,0.8585295747016222,0.8585295747015693,0.6387697308092533,-0.8585295747015775,-0.8585295747015791
18.55,1.9996720100008494,1.2540016690820721e-05,0.3034371171029928,0.08630412647888286,0.8835345357260111,0.8835345357259592,0.6389405973938165,-0.8835345357259665,-0.8835345357259683
18.6,1.998408955265214,1.0402242542895124e-05,0.2974280188575098,0.08714687535799537,0.9077525991356701,0.9077525991356183,0.638369621974292,-0.9077525991356256,-0.9077525991356272
18.65,1.9957012719732088,9.371663201918068e-06,0.2916169501297565,0.0878090055291012,0.9312554324248932,0.9312554324248423,0.6370432560642674,-0.9312554324248488,-0.9312554324248508
18.7,1.9946904532364946,9.930434562210877e-06,0.28408886477124584,0.08745077901821352,0.9540666224620304,0.9540666224619798,0.6349612079874376,-0.9540666224619859,-0.9540666224619883
18.75,1.9964946600401305,1.2102933334423582e-05,0.27363591243921404,0.08628586558685325,0.9761595500221296,0.9761595500220794,0.6321305069213474,-0.9761595500220852,-0.9761595500220874
18.8,1.999037332210868,1.5438667762657232e-05,0.26116240719228223,0.08532349409731621,0.9975088267516403,0.9975088267515906,0.6285517070100748,-0.9975088267515956,-0.9975088267515979
18.85,1.9994100618364565,1.913162917466238e-05,0.2488186372686585,0.08519209762643953,1.01813430215311,1.0181343021530602,0.6242138566636055,-1.0181343021530653,-1.0181343021530675
18.9,1.9972645957189954,2.2205620652915314e-05,0.23765494626158779,0.0853605746992252,1.038087745851833,1.0380877458517839,0.6191041372618411,-1.0380877458517888,-1.038087745851791
18.95,1.9951520243712795,2.376483720478717e-05,0.22652201694214535,0.08479126284950333,1.0573995975225012,1.0573995975224522,0.6132266909974184,-1.0573995975224566,-1.0573995975224588
19.0,1.9954712554759642,2.3268276537091737e-05,0.21353939908249142,0.08319501507191163,1.0760486721862526,1.0760486721862035,0.6066076212421405,-1.0760486721862077,-1.0760486721862101
19.05,1.9978216276911351,2.070947592303085e-05,0.19831433994101655,0.08134967408957161,1.0939846911579973,1.0939846911579483,0.599274690898532,-1.093984691157952,-1.0939846911579547
19.1,1.9995157397824344,1.6646355042393424e-05,0.18252912167650415,0.08020596942556057,1.1111721987902086,1.1111721987901597,0.5912363130171254,-1.1111721987901633,-1.1111721987901657
19.15,1.9986629136781253,1.2111115402557715e-05,0.16823448647893047,0.07974052089457384,1.1276071424082228,1.127607142408174,0.5824851644741598,-1.1276071424081775,-1.1276071424081795
19.2,1.9963525766465802,8.384109229986336e-06,0.15563311632903298,0.07896828597477534,1.1432891486726833,1.1432891486726342,0.5730274756067668,-1.143289148672637,-1.1432891486726395
19.25,1.9952702607785036,6.613526807308645e-06,0.14303555465532014,0.07715554008147163,1.158185574033105,1.1581855740330558,0.5629064948846594,-1.1581855740330587,-1.1581855740330615
19.3,1.9965977395693026,7.42669404063534e-06,0.1289826260377911,0.0746831660076297,1.1722284760486592,1.17222847604861,0.5521895040584681,-1.1722284760486126,-1.1722284760486157
19.35,1.9987965168459005,1.0739746781673887e-05,0.11402859659926445,0.07259999205105583,1.1853438878090188,1.1853438878089688,0.5409297879657811,-1.1853438878089717,-1.1853438878089748
19.4,1.9993750617813113,1.579370126836288e-05,0.1003506676458783,0.07139378286138465,1.1974783974636765,1.197478397463626,0.5291487239233716,-1.197478397463629,-1.197478397463632
19.45,1.9977620408822079,2.1327833717554867e-05,0.08946140804928038,0.0703739287435381,1.2085954936966279,1.2085954936965773,0.5168632185877178,-1.20859549369658,-1.2085954936965833
19.5,1.995893156050685,2.587835132672467e-05,0.08064056690943122,0.06852040120298808,1.218651352942728,1.2186513529426768,0.5041249439497855,-1.218651352942679,-1.218651352942683
19.55,1.995876462511175,2.8185362982213746e-05,0.07200083446036132,0.06572299852407593,1.2275800778671266,1.2275800778670742,0.49102593353480306,-1.2275800778670773,-1.2275800778670813
19.6,1.9976693325213435,2.7552216202764157e-05,0.06280921270020245,0.06289116636700154,1.2353046047805551,1.2353046047805023,0.4776591864227755,-1.2353046047805054,-1.2353046047805094
19.65,1.9992208580981194,2.4025143562589335e-05,0.05447299000135253,0.060900980355423684,1.2417580129796986,1.2417580129796448,0.46407927036135055,-1.241758012979648,-1.2417580129796524
19.7,1.9988114355874051,1.841977595851141e-05,0.049156567393079165,0.059527711763072366,1.2468899662289064,1.2468899662288517,0.45031115178431835,-1.2468899662288548,-1.246889966228859
19.75,1.9970005970872924,1.2198452493006329e-05,0.04741731259948079,0.05770710588334227,1.250655341635928,1.250655341635872,0.43639917643303194,-1.250655341635876,-1.2506553416358803
19.8,1.9958790395341024,7.109829658791256e-06,0.04770895054627289,0.0548509034688478,1.2530037309944282,1.2530037309943716,0.42243247153069685,-1.2530037309943756,-1.25300373099438
19.85,1.9966520224694726,4.659716219101995e-06,0.04832079321228688,0.051540071213582506,1.2538835325562305,1.2538835325561724,0.40851772443326273,-1.2538835325561768,-1.253883532556181
19.9,1.9983933723340923,5.6747731895789855e-06,0.049367019377144716,0.04883723067254975,1.2532551493415927,1.2532551493415334,0.39473351680499746,-1.2532551493415385,-1.2532551493415427
19.95,1.9991389258916719,1.0094119395454015e-05,0.05273045914773111,0.04703736084892696,1.2510948008719542,1.2510948008718938,0.38111300052723074,-1.2510948008718996,-1.2510948008719036
20.0,1.9981013038320756,1.69420675106835e-05,0.059958193078566424,0.04528929171309404,1.247384780175109,1.2473847801750475,0.36768015176445723,-1.2473847801750537,-1.2473847801750577
20.05,1.9965048168456834,2.450816219456975e-05,0.07045238108873497,0.042651618737872043,1.2421055611359917,1.2421055611359284,0.3544874826638056,-1.2421055611359355,-1.242105561135939
20.1,1.9961227193577225,3.0794251636878656e-05,0.08217753078110945,0.03924033219324441,1.2352430253777675,1.2352430253777025,0.3416086458307519,-1.2352430253777098,-1.2352430253777134
20.15,1.9973096404655875,3.407451230974523e-05,0.09395300567016784,0.036075794541680306,1.226803239149702,1.2268032391496353,0.329105582611108,-1.2268032391496437,-1.226803239149647
20.2,1.9987010724890715,3.3335996660888156e-05,0.10665239764386425,0.03389078173001714,1.2168124934591626,1.2168124934590945,0.3170024024504936,-1.2168124934591034,-1.216812493459107
20.25,1.9987505541605992,2.8566473388336178e-05,0.12211453353688917,0.0322463108455846,1.2052986400708945,1.205298640070824,0.3052950424008425,-1.2052986400708336,-1.2052986400708372
20.3,1.997430562554558,2.0886499663586022e-05,0.14088120540140503,0.030069524095412747,1.1922759788883792,1.1922759788883068,0.29398610163541594,-1.1922759788883175,-1.192275978888321
20.35,1.9962173102472633,1.2354804365788397e-05,0.1614093766844409,0.02697705000429318,1.1777545251721298,1.1777545251720558,0.2830906461105447,-1.1777545251720671,-1.177754525172071
20.4,1.996413937787282,5.395273023012237e-06,0.18169934391484843,0.023727672850040182,1.1617671189400105,1.1617671189399346,0.2726246560272254,-1.161767118939947,-1.1617671189399508
20.45,1.9977423062129118,2.109986210863113e-06,0.20133512230406758,0.02132400920568811,1.1443793793133903,1.1443793793133124,0.2625939643570474,-1.1443793793133263,-1.14437937931333
20.5,1.9987066027474678,3.723465832772277e-06,0.22169858985767643,0.01982822690285957,1.1256645142341424,1.1256645142340624,0.2529825322357129,-1.125664514234077,-1.1256645142340804
20.55,1.9982272220510782,1.0193076746878305e-05,0.2441745929609238,0.01828926795156227,1.1056682601367296,1.1056682601366474,0.24376319396881407,-1.105668260136663,-1.1056682601366663
20.6,1.9968250629995323,2.008964572586258e-05,0.2683200949327804,0.01591600859482689,1.0844058718248155,1.0844058718247311,0.2349044506343294,-1.0844058718247478,-1.084405871824751
20.65,1.9960366776032643,3.0935962048950216e-05,0.29215882929528947,0.013034591244784899,1.0618999093872472,1.0618999093871608,0.22637183952764284,-1.0618999093871777,-1.061899909387181
20.7,1.9966895614003726,3.9904688406089406e-05,0.3141991378352347,0.010694670568312414,1.0382133495594446,1.0382133495593564,0.21814189694370256,-1.0382133495593742,-1.0382133495593773
20.75,1.9980222291904695,4.45497265655348e-05,0.33482748865463474,0.009431192313859027,1.013434738110498,1.0134347381104076,0.2101973363839833,-1.0134347381104267,-1.0134347381104298
20.8,1.9985301651012837,4.343556416297467e-05,0.355615876601606,0.008630325938715266,0.9876270083501282,0.9876270083500356,0.20251062929883457,-0.9876270083500553,-0.9876270083500585
20.85,1.997612719910472,3.6639335590393785e-05,0.377311230335327,0.007284567791822516,0.960799214287992,0.9607992142878974,0.19503740125620084,-0.9607992142879181,-0.9607992142879211
20.9,1.9962705712831723,2.5885832108940576e-05,0.39876860925831803,0.005223370804295913,0.9329402558734685,0.9329402558733715,0.18771828777265798,-0.9329402558733936,-0.9329402558733966
20.95,1.9959769708919237,1.4113626353839948e-05,0.4180535668242791,0.003317245269655711,0.9040779699046921,0.9040779699045929,0.18050606078909448,-0.904077969904616,-0.9040779699046193
21.0,1.9970221544456372,4.6658186501069565e-06,0.43439560815081135,0.0024481006802052896,0.8742927012251338,0.8742927012250323,0.1733846253749216,-0.8742927012250563,-0.8742927012250599
21.05,1.9982144671155853,4.129425283938559e-07,0.4488141391971132,0.002468302924598209,0.843666059853841,0.8436660598537371,0.16634705717562515,-0.8436660598537621,-0.8436660598537657
21.1,1.998184871811071,2.922827361695468e-06,0.4627895623711509,0.0023891847943637856,0.8122245722421648,0.8122245722420587,0.15937063280806352,-0.8122245722420849,-0.8122245722420887
21.15,1.9969397709026238,1.1871567260790528e-05,0.47641437145412713,0.0015945262237586633,0.7799469309157447,0.7799469309156364,0.15240903275680018,-0.7799469309156641,-0.7799469309156674
21.2,1.9958706213242239,2.505933900343038e-05,0.488123159061729,0.0005948345557302837,0.7468303885372238,0.7468303885371137,0.14541394992915224,-0.7468303885371425,-0.7468303885371455
21.25,1.9961562923769238,3.907635871525095e-05,0.4962986710398045,0.0004278144730738287,0.7129390032755611,0.7129390032754488,0.13836967492250163,-0.7129390032754788,-0.7129390032754819
21.3,1.9974504216707392,5.023677764981471e-05,0.500915621271355,0.001432540686407302,0.6783757645908404,0.6783757645907258,0.1312891456185421,-0.6783757645907569,-0.6783757645907598
21.35,1.9982769016584123,5.5498186653402115e-05,0.5034389827838446,0.00285365632250123,0.6432135770226264,0.6432135770225098,0.12418326237600574,-0.6432135770225418,-0.6432135770225444
21.4,1.9976862564838527,5.3306092768767854e-05,0.5050685124290584,0.0037722054447151265,0.6074686599306682,0.6074686599305494,0.11704334479815204,-0.6074686599305824,-0.6074686599305852
21.45,1.9963558753993675,4.413383274859406e-05,0.5052619438026844,0.004238567063588716,0.5711519948462893,0.5711519948461681,0.10984647973922268,-0.5711519948462024,-0.5711519948462049
21.5,1.9957948453807073,3.0409442673517972e-05,0.5022471107624265,0.005232852331567894,0.5343415646229461,0.5343415646228236,0.10258607117464891,-0.5343415646228586,-0.5343415646228613
21.55,1.9966152902207583,1.5873752947648256e-05,0.4949456763967941,0.007502785634835973,0.49719056781568827,0.49719056781556326,0.0952878021493917,-0.4971905678156,-0.49719056781560217
21.6,1.9978808813667024,4.632604374776861e-06,0.48415131912224574,0.01066944746342724,0.4598670735061885,0.45986707350606193,0.08799090099840301,-0.4598670735060991,-0.4598670735061012
21.65,1.998160250697877,3.634726297718771e-08,0.47165383393296256,0.013694558533592582,0.42250003702622196,0.4225000370260934,0.08073172936809181,-0.4225000370261318,-0.4225000370261336
21.7,1.9971631503253797,3.610854806490593e-06,0.45821076259730287,0.016159114677527953,0.38519631102275365,0.3851963110226233,0.07353606178887784,-0.3851963110226627,-0.38519631102266444
21.75,1.9960579911088452,1.4541144073287882e-05,0.4426945536602189,0.01879517884808779,0.34810890434566244,0.34810890434553055,0.066428865419073,-0.34810890434557085,-0.3481089043455724
21.8,1.9960940180252655,2.9979758851439442e-05,0.4234534895400466,0.022613210551093665,0.31147271610311345,0.3114727161029798,0.059454139312581145,-0.31147271610302096,-0.3114727161030225
21.85,1.9972241445267276,4.5899138673144435e-05,0.40033743236449393,0.027667600736529074,0.2755677917900341,0.2755677917898991,0.05267245448738933,-0.2755677917899412,-0.2755677917899426
21.9,1.9981884647345605,5.8123648154939644e-05,0.3750953450882597,0.03297552017909666,0.24065815135672608,0.2406581513565902,0.046153792474392,-0.24065815135663315,-0.24065815135663438
21.95,1.9979283742137641,6.34083027490906e-05,0.3496197493865547,0.03771122958546602,0.20697678127076613,0.20697678127062957,0.03997103380512024,-0.2069767812706731,-0.20697678127067426
22.0,1.996793393588288,6.034529817688927e-05,0.323992041082239,0.04221942927055933,0.1747695768767421,0.17476957687660466,0.03418758779333775,-0.17476957687664835,-0.17476957687664946
22.05,1.996094222052631,4.973934355545495e-05,0.29668439860261553,0.04759388152548194,0.14433776243241248,0.14433776243227436,0.028865278606125422,-0.14433776243231883,-0.14433776243231972
22.1,1.996618751830222,3.436104626519665e-05,0.26672413432537745,0.05430078952244788,0.11602490487550554,0.11602490487536654,0.024072141739113206,-0.11602490487541112,-0.1160249048754119
22.15,1.997810203468144,1.8262126256329836e-05,0.23528266173595958,0.06155302485503511,0.0901651192863333,0.09016511928619364,0.019881776348186886,-0.09016511928623908,-0.09016511928623977
22.2,1.9983615414983489,5.7540661282384775e-06,0.20483710285873702,0.06823063129718365,0.06705077702351536,0.06705077702337592,0.01637773723625413,-0.06705077702342142,-0.06705077702342196
22.25,1.9976885066546497,1.8345759289495334e-07,0.17674973977485164,0.07422349980326981,0.04694726641397051,0.046947266413831734,0.013633719820490775,-0.046947266413876754,-0.046947266413877156
22.3,1.9965841114071623,2.952503635356152e-06,0.15014557276419893,0.08053968726385263,0.03012023761371152,0.030120237613572964,0.011703691449462816,-0.030120237613617942,-0.030120237613618227
22.35,1.9962993316480033,1.3205775392322039e-05,0.12351205829691958,0.0879952307293923,0.01683083111159589,0.016830831111457556,0.010632558432954298,-0.01683083111150259,-0.016830831111502832
22.4,1.9971987395955673,2.8152485003873906e-05,0.09705251601673504,0.09611540996580548,0.007301002446766791,0.0073010024466293455,0.01045571049026206,-0.007301002446674038,-0.00730100244667419
22.45,1.9983289566889413,4.37956115089122e-05,0.07300591558141711,0.103646467842474,0.0016892063412712321,0.001689206341135563,0.011206621877656087,-0.0016892063411793991,-0.0016892063411794599
22.5,1.9984234310075202,5.596227918225338e-05,0.05352226005312888,0.11003793897144742,9.769139208959388e-05,9.769139195503485e-05,0.012908967978967567,-9.769139199852698e-05,-9.769139199863598e-05
22.55,1.9973687374018625,6.143541073422298e-05,0.03851293883787332,0.11607964026000328,0.0025879675942319658,0.002587967594099405,0.015559270197681663,-0.0025879675941421817,-0.002587967594142167
22.6,1.996353685595554,5.878814829030077e-05,0.02617527222969196,0.1228556268162766,0.009173698751988812,0.00917369875185825,0.019138421395505256,-0.009173698751899804,-0.0091736987518998
22.65,1.9965613169265335,4.8693560678936265e-05,0.015524589633114871,0.130301958830493,0.019799278703080514,0.019799278702951728,0.023613602178820026,-0.019799278702992633,-0.01979927870299259
22.7,1.9978401122283693,3.37716963279e-05,0.007786190812148153,0.13722732169157026,0.03433702219019352,0.03433702219006696,0.028935603916783403,-0.03433702219010652,-0.034337022190106446
22.75,1.99875592349475,1.7999257369671895e-05,0.005118330557824624,0.14273433356380294,0.0526109795532792,0.052610979553154635,0.035042657182072556,-0.0526109795531933,-0.05261097955319329
22.8,1.9982072738646894,5.672202931350512e-06,0.008097213901536282,0.14729987737776962,0.07441738661330333,0.07441738661318187,0.04185198798876,-0.07441738661321905,-0.07441738661321906
22.85,1.996773742106733,2.0783616760944312e-07,0.014985261043361842,0.1521620499798959,0.09951170855852753,0.0995117085584083,0.049272353848019756,-0.09951170855844448,-0.09951170855844453
22.9,1.9960991800990384,3.2315956448591976e-06,0.02375626753735216,0.15772511394384692,0.12758347774343504,0.12758347774331869,0.05721272687445422,-0.12758347774335355,-0.1275834777433537
22.95,1.997026898772809,1.414802148191896e-05,0.034271433085035774,0.16304862386333951,0.15826392890266705,0.15826392890255359,0.06556928784435456,-0.1582639289025868,-0.15826392890258703
23.0,1.998546215012513,3.0221305601152437e-05,0.04810883878132022,0.16701748680423378,0.19117172775976332,0.19117172775965274,0.07422571849903514,-0.1911717277596847,-0.191171727759685
23.05,1.998847927447892,4.7245982047527946e-05,0.06637514829130042,0.16971399778204255,0.22595511384351052,0.22595511384340305,0.08305671986814156,-0.22595511384343325,-0.22595511384343359
23.1,1.997489924681577,6.0724630609909624e-05,0.08797331414776499,0.17234404374425027,0.2622833233146067,0.2622833233145032,0.09194293432292566,-0.2622833233145314,-0.26228332331453197
23.15,1.9960040769351908,6.711648672741433e-05,0.11049551567379567,0.17574195320568986,0.2998016202784082,0.2998016202783069,0.10078727424792833,-0.2998016202783341,-0.2998016202783347
23.2,1.9961345260309693,6.473390032413207e-05,0.13261524251653345,0.17935954806965748,0.33811987737246607,0.3381198773723679,0.10949987195379762,-0.3381198773723936,-0.33811987737239413
23.25,1.9977919300773868,5.4169741412479766e-05,0.15506602179653628,0.18200310495685557,0.3768598520868336,0.37685985208673856,0.11798308565595983,-0.37685985208676254,-0.37685985208676315
23.3,1.9990428019473512,3.820239708884898e-05,0.17930853361924015,0.18331173650376842,0.4157145112606322,0.4157145112605394,0.12613561886660474,-0.4157145112605618,-0.41571451126056247
23.35,1.998337045157116,2.1078805516827614e-05,0.20538558744706115,0.18423448921599483,0.4544537770715551,0.4544537770714654,0.13386770462900444,-0.45445377707148604,-0.4544537770714868
23.4,1.9964206698839924,7.33409414044317e-06,0.23142292500445816,0.18589439146530884,0.49286811855479296,0.4928681185547057,0.14111998721523555,-0.49286811855472507,-0.4928681185547258
23.45,1.9955035126273897,5.675241592228986e-07,0.2554325315190016,0.18822485373062037,0.5307199486074967,0.5307199486074119,0.1478560842681671,-0.53071994860743,-0.5307199486074308
23.5,1.996678456042261,2.4823248732097625e-06,0.27718132817520713,0.1901198812479088,0.5677667441110976,0.5677667441110152,0.15403997264160285,-0.5677667441110319,-0.5677667441110326
23.55,1.998610906964462,1.2355421175058723e-05,0.2980637374580226,0.19080674639699602,0.6038292513678081,0.6038292513677277,0.1596320038736363,-0.6038292513677435,-0.6038292513677441
23.6,1.999006282127485,2.7183239124761727e-05,0.3192564848850674,0.19078879596873688,0.6388234634108412,0.6388234634107626,0.1646001966601096,-0.638823463410777,-0.6388234634107774
23.65,1.997323034132277,4.261151227713533e-05,0.3401117758829697,0.19126549914039037,0.6727177385861172,0.6727177385860401,0.1689362502077123,-0.6727177385860539,-0.6727177385860545
23.7,1.9954744969626859,5.427898668930453e-05,0.3586856723312395,0.1926750757317821,0.7054626854504966,0.7054626854504207,0.1726547148589317,-0.7054626854504338,-0.7054626854504347
23.75,1.9955954669684481,5.901785597517417e-05,0.37379076093685715,0.19419898782885747,0.7369748301352228,0.7369748301351486,0.17577413593401792,-0.7369748301351609,-0.7369748301351617
23.8,1.9975728049706065,5.5635108321405724e-05,0.38614607873046447,0.1947931672224006,0.767189649499008,0.7671896494989356,0.17830723118520053,-0.7671896494989467,-0.7671896494989479
23.85,1.9991274300962691,4.518492697158649e-05,0.3974821635841168,0.19442647051796524,0.7961165061126483,0.7961165061125768,0.18026604532788526,-0.7961165061125872,-0.7961165061125883
23.9,1.9984089147423765,3.0619939050069434e-05,0.40854561749075624,0.19413589126147723,0.8238273579951669,0.8238273579950968,0.18167187499612258,-0.8238273579951064,-0.8238273579951072
23.95,1.9962004229313377,1.5893795184407367e-05,0.4181759695090006,0.19478063167927928,0.8503908838210092,0.8503908838209397,0.1825587408651408,-0.8503908838209489,-0.8503908838209495
24.0,1.9950319056055295,4.865296976408473e-06,0.42460083419269035,0.19600331298094065,0.8758247306099562,0.8758247306098874,0.18296427281239103,-0.8758247306098959,-0.8758247306098967
24.05,1.9962508257954152,3.0187826949301666e-07,0.4274203339570406,0.19669801810695553,0.9001174749212784,0.9001174749212106,0.18292295129940106,-0.9001174749212182,-0.9001174749212195
24.1,1.9984895934903377,3.1196380079201447e-06,0.4280525413962857,0.19632106537104677,0.9232886739235435,0.9232886739234765,0.1824697826764876,-0.9232886739234833,-0.9232886739234847
24.15,1.9991706624114078,1.209578019389923e-05,0.42823171537685,0.19552690541843187,0.945413698393001,0.9454136983929344,0.1816439437270847,-0.945413698392941,-0.9454136983929424
24.2,1.99747340298009,2.429455323627039e-05,0.4280846670069589,0.19539816701073898,0.9665863132679879,0.966586313267922,0.18048967437123364,-0.9665863132679282,-0.9665863132679293
24.25,1.995331152574794,3.604921232880365e-05,0.4260048159551113,0.1961226685722086,0.9868627679099191,0.9868627679098538,0.17905212586962316,-0.9868627679098596,-0.9868627679098609
24.3,1.9951942195063885,4.403898889915325e-05,0.42053711892680257,0.19677504051231542,1.0062499027156735,1.0062499027156087,0.1773744806364954,-1.0062499027156142,-1.0062499027156155
24.35,1.9972427064571594,4.6150598791649955e-05,0.4120638605566931,0.19643396543994518,1.0247463908751575,1.0247463908750931,0.17550278069443492,-1.024746390875098,-1.0247463908750993
24.4,1.9991702620298282,4.1996905727481604e-05,0.402487194555738,0.19524375046536813,1.0423846206492517,1.0423846206491871,0.17348804487413894,-1.042384620649192,-1.0423846206491931
24.45,1.9987567685809249,3.293908537638224e-05,0.3932164621938936,0.19425443571882117,1.0592254154721221,1.059225415472058,0.1713833394716957,-1.0592254154720626,-1.059225415472064
24.5,1.9964582297769806,2.1575721140365545e-05,0.38361569605084833,0.1941514436816112,1.0753147944547221,1.0753147944546582,0.16924133032810218,-1.0753147944546626,-1.0753147944546637
24.55,1.9949079171456359,1.094868111684022e-05,0.3718077669085986,0.19440274004768465,1.090651777486506,1.090651777486442,0.1671136886815141,-1.090651777486447,-1.0906517774864475
24.6,1.9958846580520884,3.7483764456780477e-06,0.35690868979202683,0.1939118913290252,1.1052024357100698,1.1052024357100056,0.1650562081209932,-1.1052024357100105,-1.1052024357100114
24.65,1.9983217492754635,1.6292268347761762e-06,0.3401244698504122,0.1922992519810025,1.1189385390943283,1.1189385390942639,0.16313312421377923,-1.1189385390942688,-1.1189385390942697
24.7,1.999456994578452,4.769844535790213e-06,0.32358140982088224,0.19033977307872707,1.1318545129407416,1.131854512940677,0.161413501845302,-1.1318545129406816,-1.1318545129406827
24.75,1.9979691215941802,1.1892127945500874e-05,0.3080403181680271,0.18904810997287935,1.1439491028958058,1.1439491028957405,0.15996816809443026,-1.1439491028957454,-1.143949102895747
24.8,1.995564712768301,2.074334518908927e-05,0.29212404479555065,0.1884165020521258,1.1551952182205394,1.1551952182204737,0.15886776559703852,-1.1551952182204785,-1.1551952182204803
24.85,1.9950043122712322,2.878989160381984e-05,0.27406272776835494,0.18742019321936976,1.1655343569443886,1.165534356944323,0.15818174538767105,-1.1655343569443282,-1.1655343569443293
24.9,1.9969585674626924,3.390244922152341e-05,0.25385735397800957,0.18525589033475232,1.1748995799055182,1.1748995799054516,0.1579805034169146,-1.1748995799054571,-1.174899579905458
24.95,1.9992474116296919,3.4907689379526374e-05,0.2334778127990993,0.18227472832977298,1.1832363237778352,1.1832363237777677,0.15833563633653558,-1.1832363237777739,-1.1832363237777745
25.0,1.9992348492570553,3.1838999614564045e-05,0.21487312799097302,0.17959116531595676,1.1905011541197161,1.1905011541196482,0.1593215848930436,-1.1905011541196544,-1.1905011541196553
25.05,1.9969174548139808,2.5783999968220783e-05,0.19788865277877843,0.17773017055587226,1.1966442699592927,1.1966442699592237,0.16101670958433578,-1.1966442699592301,-1.196644269959231
25.1,1.9949746802347685,1.8461889403020848e-05,0.18064833307595007,0.1759702630572071,1.2015990398369552,1.2015990398368854,0.16349426613108609,-1.2015990398368923,-1.2015990398368932
25.15,1.9956459526714765,1.1736490930669419e-05,0.16195113983213982,0.17325224844535692,1.205292384810754,1.2052923848106827,0.16681396840474116,-1.20529238481069,-1.205292384810691
25.2,1.9982147427311654,7.149371178183372e-06,0.14282671117064138,0.16944200759873151,1.2076601154268034,1.2076601154267308,0.1710238954304355,-1.2076601154267386,-1.2076601154267395
25.25,1.9997513392322126,5.542427226057356e-06,0.1256349874882643,0.16550904696343327,1.2086491571303928,1.2086491571303188,0.17617164506129868,-1.2086491571303268,-1.2086491571303277
25.3,1.9984435876037372,6.904353247794148e-06,0.11158609149904519,0.16239119164373572,1.2082090032869957,1.20820900328692,0.18231443039136885,-1.2082090032869293,-1.2082090032869301
25.35,1.9958021929449394,1.0482630033337159e-05,0.09950370899670036,0.15983189356460192,1.20628742612672,1.2062874261266425,0.1895070771750449,-1.2062874261266523,-1.2062874261266527
25.4,1.9948858810162955,1.5062233049034646e-05,0.08743011479139895,0.1567213671249199,1.2028395062572423,1.2028395062571633,0.1977772611651143,-1.2028395062571733,-1.2028395062571742
25.45,1.9967690383622765,1.9319993441735406e-05,0.07505096849943449,0.15247334830400128,1.1978383482729495,1.1978383482728687,0.20711989867214253,-1.1978383482728794,-1.1978383482728807
25.5,1.999331036921866,2.2189111409387507e-05,0.06419519733813228,0.1477239178133345,1.1912724795631133,1.1912724795630305,0.21751899569115674,-1.1912724795630418,-1.1912724795630432
25.55,1.9995742683096327,2.3111975827161402e-05,0.0569461421261952,0.14361990744687048,1.1831320627246726,1.1831320627245878,0.22897496752755297,-1.1831320627246003,-1.1831320627246016
25.6,1.9971802064342172,2.2092236187321035e-05,0.05330243368889076,0.1404283335593175,1.1734039628620094,1.1734039628619226,0.24150029715765964,-1.1734039628619357,-1.1734039628619368
25.65,1.994939545927476,1.959665088313578e-05,0.05126828052190868,0.1372174786651863,1.1620867358928413,1.1620867358927522,0.2550824353405541,-1.1620867358927667,-1.1620867358927676
25.7,1.9954390944099438,1.639136053466217e-05,0.049270274201203,0.13304932775202283,1.1492088190367984,1.1492088190367071,0.269661065008884,-1.1492088190367225,-1.1492088190367231
25.75,1.9981354711613308,1.3332331790572027e-05,0.04792503548518323,0.1281055902192043,1.1348244735350286,1.1348244735349353,0.2851484317618542,-1.1348244735349513,-1.1348244735349522
25.8,1.9999061423741984,1.1144431863563398e-05,0.049350162540626075,0.12349966396856171,1.1189892757207016,1.1189892757206057,0.30147368373516414,-1.1189892757206228,-1.1189892757206241
25.85,1.9986288236252376,1.0264191605102724e-05,0.05470273264259262,0.1199619459992669,1.1017411364891179,1.1017411364890195,0.3185963749932621,-1.101741136489038,-1.101741136489039
25.9,1.9957820659237422,1.0769111296493605e-05,0.06271587717768234,0.11693579241345953,1.0831144004376116,1.0831144004375108,0.3364704272586183,-1.0831144004375306,-1.0831144004375317
25.95,1.9946729167690456,1.237863335568079e-05,0.07111812251095118,0.11330399498106702,1.0631737637262777,1.0631737637261747,0.35500286988831986,-1.0631737637261955,-1.0631737637261969
26.0,1.9965787508079744,1.4549616106140917e-05,0.07911387134677916,0.10876059527441062,1.0420231067300263,1.0420231067299204,0.37406066046779696,-1.0420231067299424,-1.0420231067299435
26.05,1.9993128151724326,1.66598892394898e-05,0.08808077555846117,0.10416829358351887,1.0197761839759039,1.019776183975796,0.3935200940749777,-1.0197761839758188,-1.0197761839758201
26.1,1.9996413990846154,1.8183490743783892e-05,0.09986955680608656,0.10056375939907491,0.996514557603942,0.9965145576038315,0.413303643002795,-0.9965145576038557,-0.996514557603857
26.15,1.997139591639296,1.878853538928027e-05,0.11444296479117733,0.09788712071376837,0.9722836207330681,0.9722836207329553,0.43336199597875513,-0.9722836207329806,-0.9722836207329816
26.2,1.9947314431260952,1.8383117346365552e-05,0.1297108053896916,0.09507367850460668,0.947139414146279,0.9471394141461631,0.45362005823060136,-0.9471394141461902,-0.9471394141461911
26.25,1.9951889312147606,1.712442216694754e-05,0.1437766826578688,0.09138438200587395,0.9211839555072223,0.921183955507104,0.47395892275965834,-0.9211839555071322,-0.9211839555071331
26.3,1.9979835040216765,1.5364323384225997e-05,0.15681854174384524,0.08726651933347984,0.8945466288229547,0.8945466288228341,0.49425056073554563,-0.8945466288228634,-0.8945466288228641
26.35,1.999849070623314,1.355461071694819e-05,0.17065997379389297,0.08383782299318954,0.8673303504258023,0.8673303504256786,0.5144037593399602,-0.8673303504257093,-0.8673303504257102
26.4,1.9985556739754553,1.215733373971517e-05,0.1864877940568519,0.08154762836663165,0.8395797471090898,0.8395797471089637,0.5343741289103474,-0.8395797471089953,-0.839579747108996
26.45,1.9956141744427822,1.1538749775441559e-05,0.20323218712452729,0.07961955650486363,0.8113159513070274,0.8113159513068984,0.5541235800339486,-0.8113159513069315,-0.8113159513069323
26.5,1.994440958238305,1.1840903735071961e-05,0.21862462549319073,0.07703046147163306,0.7825980408789159,0.7825980408787849,0.5735810659926852,-0.7825980408788191,-0.78259804087882
26.55,1.9963671240667422,1.2924632305733041e-05,0.23158814234263225,0.07373274075720015,0.753535338492064,0.7535353384919308,0.5926452563451567,-0.7535353384919656,-0.7535353384919667
26.6,1.999154345548778,1.4444133191959807e-05,0.24320646402442003,0.0706938513839086,0.7242356291475818,0.7242356291474459,0.6112272880962959,-0.7242356291474823,-0.7242356291474833
26.65,1.999517917846314,1.5976600972411603e-05,0.2553574762599389,0.06876354526874562,0.6947466734714864,0.6947466734713483,0.6292863292327795,-0.6947466734713859,-0.6947466734713867
26.7,1.9970258330283983,1.7130590270308943e-05,0.2683840303283789,0.06762907090137316,0.665061249331693,0.6650612493315522,0.6468159996834508,-0.6650612493315909,-0.6650612493315915
26.75,1.9946043506178723,1.764285268768262e-05,0.2805387619985473,0.06620792219274518,0.6351840582467063,0.6351840582465633,0.6638049176433989,-0.6351840582466031,-0.6351840582466037
26.8,1.9950359463028082,1.744773750367301e-05,0.28987922702636926,0.06396877783772026,0.6051794425969925,0.6051794425968469,0.6802060261390883,-0.605179442596888,-0.6051794425968887
26.85,1.9978013556804153,1.666249555176691e-05,0.29629846715362484,0.061530744845395224,0.5751457478453532,0.5751457478452056,0.6959497354168227,-0.5751457478452479,-0.5751457478452484
26.9,1.9996710206468296,1.5518536259140348e-05,0.30154290731340394,0.05994096705125074,0.545147196880245,0.5451471968800945,0.7109883268706747,-0.5451471968801385,-0.5451471968801389
26.95,1.998456204646501,1.4317042530631596e-05,0.30716565542691754,0.059412215433524374,0.5151847842570323,0.51518478425688,0.725314341531361,-0.5151847842569248,-0.5151847842569252
27.0,1.9956177094026537,1.3381278390234286e-05,0.3126343290108664,0.05905222381460451,0.48524280735648895,0.4852428073563346,0.7389393239405502,-0.4852428073563805,-0.4852428073563807
27.05,1.9944669689851395,1.2944460843211658e-05,0.31589077111423114,0.05796618011958188,0.4553566424630906,0.4553566424629345,0.7518541950372382,-0.45535664246298113,-0.45535664246298135
27.1,1.9963005037794412,1.3045158882896146e-05,0.3156450218492688,0.056309686102124834,0.42562333500604455,0.4256233350058869,0.7640104784077133,-0.4256233350059344,-0.42562333500593474
27.15,1.9989823160745772,1.3537574222066695e-05,0.3127661416655154,0.05509112333046984,0.39614491495084403,0.3961449149506846,0.7753485759516581,-0.39614491495073306,-0.39614491495073345
27.2,1.9993868737142675,1.418437465572353e-05,0.3093409535966809,0.05498341214335567,0.36697400954285,0.366974009542689,0.7858372514913268,-0.36697400954273834,-0.3669740095427385
27.25,1.9970926695954914,1.474713379034931e-05,0.3062763402031283,0.05548422339766179,0.338125641486706,0.33812564148654345,0.7954812068080193,-0.3381256414865935,-0.3381256414865938
27.3,1.9948334074649652,1.507303643721869e-05,0.3022453261077409,0.055534273245955834,0.3096395906589833,0.30963959065881963,0.8042932672441232,-0.30963959065887037,-0.3096395906588704
27.35,1.9952094573030568,1.5167563851115062e-05,0.2952670075826398,0.05480001162399173,0.28161982133383257,0.2816198213336678,0.8122574520354944,-0.2816198213337191,-0.2816198213337193
27.4,1.9977590047369127,1.516991113792443e-05,0.28499113496815953,0.05403619330510967,0.2542075279978997,0.25420752799773405,0.8193257587131995,-0.2542075279977855,-0.2542075279977857
27.45,1.999522467077209,1.5231410833260739e-05,0.27320796442052897,0.05419786852441577,0.22752336448066135,0.22752336448049437,0.8254521783494857,-0.2275233644805468,-0.22752336448054689
27.5,1.9984851194322495,1.5427473674556325e-05,0.2619519064978799,0.05526840982626924,0.20164925522546495,0.20164925522529709,0.8306215922396134,-0.2016492552253499,-0.20164925522535
27.55,1.9959480218559587,1.5756012667456076e-05,0.2512238206402948,0.05625837680154322,0.17666656807538716,0.1766665680752184,0.8348472436844125,-0.17666656807527187,-0.17666656807527187
27.6,1.994888588694538,1.613627555441255e-05,0.2391311915998915,0.05642484651225477,0.15270218880011033,0.15270218879994157,0.8381401014637984,-0.1527021887999952,-0.1527021887999952
27.65,1.9964932773758683,1.6388724226157336e-05,0.22424405445678142,0.05613521745302652,0.1299291599093244,0.129929159909155,0.8404832637690682,-0.1299291599092091,-0.1299291599092091
27.7,1.998897611692589,1.6284854527093273e-05,0.20740600287107647,0.056411506584858495,0.1085234800426651,0.10852348004249546,0.8418435103448909,-0.10852348004254968,-0.10852348004254961
27.75,1.999331203919878,1.5666178299067468e-05,0.19105864236166026,0.05770036950564528,0.08863079858938372,0.08863079858921363,0.8422021692556836,-0.08863079858926817,-0.08863079858926809
27.8,1.99737181246938,1.4530309302651645e-05,0.1766241380220308,0.059288659232660024,0.0703767788006906,0.07037677880052073,0.8415727179746066,-0.07037677880057498,-0.07037677880057491
27.85,1.9953732115264902,1.3064133502993514e-05,0.16304049618392846,0.06018335531951857,0.05390020533823958,0.053900205338069274,0.8399897538980139,-0.05390020533812365,-0.05390020533812351
27.9,1.9956266541177072,1.1658723816143635e-05,0.14829148082288457,0.060311375191892225,0.03936540283558898,0.039365402835418895,0.8374792813129794,-0.039365402835473476,-0.03936540283547339
27.95,1.997811953462573,1.0837682713038532e-05,0.13199582347882277,0.06056194281560234,0.02693975600565368,0.026939756005484483,0.8340483729393071,-0.02693975600553894,-0.0269397560055389
28.0,1.9994110998690584,1.1042045377163134e-05,0.116158165303063,0.06171967522780508,0.016764937466120955,0.01676493746595198,0.8297023373631494,-0.016764937466006366,-0.016764937466006304
28.05,1.9986124082399914,1.2411752857044434e-05,0.1031658916913194,0.06347708088738235,0.008954232328212575,0.008954232328044265,0.8244659795476534,-0.008954232328098135,-0.00895423232809817
28.1,1.996421670722847,1.4729469412388951e-05,0.09318359219091477,0.0648001048958009,0.003609821586552542,0.0036098215863855643,0.8183882947969963,-0.0036098215864391247,-0.003609821586439215
28.15,1.9953900144377577,1.7488880877714053e-05,0.08422301640937224,0.06521341498812228,0.0008310456354103657,0.0008310456352447204,0.8115243271106869,-0.0008310456352974309,-0.0008310456352975266
28.2,1.9966660006459485,1.999692209042614e-05,0.07474722630793362,0.06533852412815766,0.0007008587275827427,0.0007008587274182076,0.8039203317670132,-0.0007008587274708556,-0.0007008587274709956
28.25,1.9987767456764716,2.154723697578298e-05,0.06564290677306128,0.06613340022665115,0.0032689787271000803,0.0032689787269379877,0.795620083921087,-0.003268978726989307,-0.003268978726989557
28.3,1.9992949666929842,2.1659301052689983e-05,0.05943529022907401,0.0677321656395109,0.008553910224762706,0.008553910224603722,0.7866751834380166,-0.008553910224653322,-0.008553910224653639
28.35,1.9976555910926068,2.0231191982134078e-05,0.05744116368560048,0.06926565386464589,0.01655760074642254,0.01655760074626511,0.7771470815060859,-0.01655760074631408,-0.016557600746314387
28.4,1.9957841031900747,1.7543900921346278e-05,0.058275268081504183,0.06996512683115963,0.02726712191594216,0.02726712191578695,0.7670967674016365,-0.027267121915834677,-0.027267121915835135
28.45,1.995809078386082,1.4216467799643695e-05,0.059620024682384365,0.07009941227367289,0.040636453825921626,0.04063645382576908,0.7565799271017499,-0.040636453825815565,-0.04063645382581604
28.5,1.9976805719972255,1.1110965834282283e-05,0.06094825760050382,0.07062710903512714,0.056572829070574926,0.056572829070424824,0.7456598449889249,-0.05657282907047015,-0.05657282907047071
28.55,1.9992449271573,9.08238527630445e-06,0.06410707735453736,0.07206279275640082,0.07495198664633507,0.0749519866461883,0.7344099778903077,-0.07495198664623215,-0.07495198664623283
28.6,1.9986844093000715,8.666018498360017e-06,0.07112161305538844,0.07385329454154621,0.09564877802435645,0.09564877802421257,0.7228974109866106,-0.09564877802425487,-0.09564877802425567
28.65,1.996647874694911,9.927044829272091e-06,0.08163792045827245,0.0750937593012535,0.1185444476361952,0.11854444763605443,0.7111663013654801,-0.11854444763609517,-0.11854444763609603
28.7,1.9954729056587879,1.2490552030897106e-05,0.09322772967204207,0.07567064766249088,0.14349737519323424,0.14349737519309635,0.6992449821234616,-0.14349737519313582,-0.14349737519313677
28.75,1.9964809494174645,1.563877296373306e-05,0.1041025711842245,0.07638415309612911,0.170314150157302,0.170314150157167,0.6871801302608342,-0.17031415015720486,-0.17031415015720588
28.8,1.9985063196954445,1.850247409174166e-05,0.11492240066660941,0.0780005288752057,0.19876483183987914,0.19876483183974702,0.67504985661779,-0.19876483183978327,-0.1987648318397844
28.85,1.9991900707501287,2.0362413144292546e-05,0.12780806155717217,0.08034629263265991,0.2286341125992002,0.22863411259907096,0.6629277100159481,-0.22863411259910557,-0.22863411259910685
28.9,1.9977063692505503,2.0864149761212758e-05,0.14358830804761036,0.08254236618736988,0.2597507083295416,0.25975070832941505,0.6508436445565666,-0.2597507083294481,-0.25975070832944946
28.95,1.9957536229133657,2.0019836562523707e-05,0.16054744732370274,0.08411939613788944,0.29195689034118244,0.2919568903410594,0.638789173663546,-0.29195689034109074,-0.2919568903410923
29.0,1.9955596183460913,1.8141563043583275e-05,0.17622616140463654,0.08558090104033256,0.3250551573746101,0.3250551573744902,0.626768524482687,-0.32505515737452007,-0.3250551573745216
29.05,1.997326949747729,1.579297742004826e-05,0.1899758481296301,0.08778423022621973,0.358802108355579,0.3588021083554618,0.6148360420412566,-0.35880210835549,-0.35880210835549164
29.1,1.9990026716150482,1.3634198043899204e-05,0.20339520544019973,0.09092433362128904,0.3929668593670428,0.3929668593669289,0.6030615218256319,-0.3929668593669556,-0.3929668593669573
29.15,1.9986078112436705,1.2172790658793176e-05,0.2182431568401757,0.0943016726880479,0.4273886844982635,0.42738868449815204,0.591468368240299,-0.4273886844981775,-0.42738868449817935
29.2,1.9965726920284463,1.1632837259245576e-05,0.23413284215090036,0.09719622797090954,0.4619646727422033,0.4619646727420941,0.5800223795926713,-0.46196467274211833,-0.4619646727421203
29.25,1.9952364351387266,1.1973858952130101e-05,0.2487922421994675,0.09974059217067288,0.4965799483392057,0.4965799483390998,0.5686833431707798,-0.4965799483391224,-0.49657994833912444
29.3,1.9961112937547798,1.2918397489514177e-05,0.26050784031515706,0.1027296909241513,0.5310646981540628,0.5310646981539593,0.5574628975395575,-0.5310646981539806,-0.5310646981539828
29.35,1.9981705432339882,1.4023471215818262e-05,0.26984334856107073,0.1066610787098572,0.5652336156664934,0.5652336156663926,0.5464139135966535,-0.5652336156664126,-0.5652336156664147
29.4,1.9990119559982302,1.489491697581613e-05,0.27883835469706053,0.11113013737088684,0.5989619919106501,0.598961991910552,0.5355641742052986,-0.5989619919105704,-0.5989619919105726
29.45,1.9976420913265305,1.537717268029759e-05,0.28853587203896147,0.11531511105176273,0.6322076012686524,0.6322076012685565,0.5248825943044277,-0.6322076012685736,-0.632207601268576
29.5,1.995647951282567,1.552344666633232e-05,0.2976717633492929,0.11896841746250786,0.6649498874702164,0.6649498874701232,0.514312149354822,-0.6649498874701383,-0.6649498874701407
29.55,1.9953139219262812,1.5474390152814266e-05,0.3040731107216259,0.12268154921869812,0.6971177405296121,0.6971177405295208,0.5038289265067601,-0.6971177405295348,-0.6971177405295375
29.6,1.9969917346576456,1.5415851017053228e-05,0.307044100333709,0.12714668858218703,0.7285923431718047,0.7285923431717152,0.49345818182592427,-0.7285923431717276,-0.7285923431717304
29.65,1.9987347122871821,1.5522521880306783e-05,0.30807755391912917,0.13231606704397247,0.7592798197215394,0.7592798197214514,0.48322712749571517,-0.7592798197214631,-0.7592798197214659
29.7,1.9985306429200111,1.5826467107071807e-05,0.30915792151697663,0.1374388820166068,0.7891663591803235,0.7891663591802378,0.47312042246881525,-0.7891663591802482,-0.7891663591802509
29.75,1.9966415107082514,1.6180899273354754e-05,0.3104795740816848,0.1419568564107958,0.8182897390139339,0.8182897390138495,0.46308840489778547,-0.8182897390138593,-0.8182897390138617
29.8,1.9952606113187812,1.637200339699163e-05,0.31024296279228647,0.14615509594905207,0.8466601271059835,0.8466601271059004,0.45308919813516013,-0.8466601271059092,-0.8466601271059118
29.85,1.9959412189963328,1.6200727954718275e-05,0.3067331231428998,0.1507859676007297,0.8742232913203523,0.874223291320271,0.4431174250551817,-0.8742232913202785,-0.874223291320281
29.9,1.9978749118040617,1.5505512195090887e-05,0.3002571679601178,0.15615339294521569,0.9009052908045367,0.9009052908044564,0.43318661557488003,-0.9009052908044632,-0.9009052908044661
29.95,1.998850956478647,1.4275542122854645e-05,0.2928639811034355,0.16172858908040988,0.9266812277605083,0.926681227760429,0.4232937675361672,-0.9266812277604354,-0.9266812277604383
30.0,1.9977942425192186,1.2785276897187003e-05,0.2860989741128983,0.16676433803562052,0.9515864905662841,0.9515864905662057,0.4134131756064987,-0.9515864905662116,-0.9515864905662141
30.05,1.99597496105306,1.1527268891420306e-05,0.2793042921426907,0.17118039722430378,0.9756584597371956,0.9756584597371187,0.403514839162165,-0.9756584597371234,-0.9756584597371257
30.1,1.995473540180861,1.0992268134168981e-05,0.2704622182925951,0.1756337969571724,0.9988787034102258,0.9988787034101492,0.39358566873658773,-0.998878703410154,-0.9988787034101563
30.15,1.996816300929238,1.1514724424621647e-05,0.25856229104760686,0.18070993342663177,1.0211811898453955,1.0211811898453191,0.38363049736818566,-1.0211811898453236,-1.0211811898453258
30.2,1.9984697312403532,1.3183419248052886e-05,0.2448352562327507,0.18620811884624766,1.0425111856086826,1.0425111856086067,0.37365421031050516,-1.042511185608611,-1.042511185608613
30.25,1.9985971002789646,1.573313468705706e-05,0.23152201925358895,0.19135651744548454,1.0628639640585353,1.0628639640584598,0.3636568985432149,-1.0628639640584638,-1.0628639640584658
30.3,1.997135002516459,1.854171717896591e-05,0.21944705732572678,0.1957247977911032,1.0822608723615494,1.0822608723614744,0.3536384410994089,-1.0822608723614777,-1.0822608723614797
30.35,1.9957934758478304,2.0835168838884144e-05,0.20720542227938132,0.1997285249355154,1.1006949654884022,1.1006949654883276,0.34360183460103366,-1.100694965488331,-1.100694965488333
30.4,1.9960569628465563,2.1933340887958508e-05,0.19291694814030147,0.20410908852761556,1.1181105117284182,1.1181105117283434,0.3335554879591185,-1.1181105117283465,-1.1181105117283487
30.45,1.9975970148354705,2.139143810331312e-05,0.17649225259275836,0.20903049373138227,1.134435226170261,1.134435226170186,0.32350855412136914,-1.134435226170189,-1.1344352261701913
30.5,1.9987104039580648,1.9131837866614987e-05,0.1599264516185701,0.21386176987145644,1.1496228087430078,1.1496228087429325,0.3134748508903733,-1.1496228087429359,-1.1496228087429379
30.55,1.9982163993552657,1.5588053758675002e-05,0.14524274775675794,0.21791047048075152,1.1636574914512698,1.1636574914511941,0.3034826799996715,-1.1636574914511972,-1.1636574914511995
30.6,1.9967466101608649,1.166929766682756e-05,0.13234106216029007,0.22124492016929875,1.1765207285089485,1.1765207285088721,0.2935673120476756,-1.1765207285088746,-1.1765207285088772
30.65,1.995955140453009,8.490620703627272e-06,0.1193056520894431,0.22459764955971817,1.1881633383270782,1.188163338327001,0.28376203939742406,-1.1881633383270045,-1.1881633383270063
30.7,1.9966819105499205,7.057252186193352e-06,0.10478952249622564,0.22846738092495444,1.1985149171593212,1.1985149171592435,0.27409367738960055,-1.198514917159247,-1.1985149171592488
30.75,1.9981298237274392,8.007403859977558e-06,0.08972376798590531,0.2325057419815968,1.2075141759363734,1.2075141759362944,0.2645858622991124,-1.2075141759362984,-1.2075141759363
30.8,1.9987433246338249,1.1376669891927094e-05,0.0764998677747517,0.23591419188969098,1.2151238273801799,1.2151238273801002,0.2552798869003565,-1.2151238273801042,-1.2151238273801055
30.85,1.9978973621520701,1.6480045446964908e-05,0.06643570622262618,0.23839208351731211,1.2213177432625315,1.2213177432624505,0.24623471225005078,-1.2213177432624551,-1.2213177432624562
30.9,1.9965578340208312,2.207276637467004e-05,0.0584255219243881,0.24049303176194492,1.2260612419253936,1.226061241925311,0.2375072090945336,-1.2260612419253163,-1.2260612419253174
30.95,1.9961799436384664,2.6710420959030756e-05,0.05041191101619846,0.2429451864860801,1.229310724304304,1.2293107243042198,0.22914059957997157,-1.2293107243042258,-1.2293107243042267
31.0,1.9971753711980977,2.909916518878397e-05,0.041894456677869174,0.2457601524620694,1.231029899301972,1.231029899301886,0.2211596418788324,-1.2310298993018927,-1.2310298993018938
31.05,1.9985007094685143,2.8407638272831548e-05,0.03464054606841005,0.2482090297729751,1.2311998415738354,1.2311998415737477,0.21358968359256836,-1.2311998415737557,-1.231199841573757
31.1,1.9987267741848997,2.45723571676848e-05,0.030844258776925093,0.2496836718058748,1.229811318723586,1.2298113187234962,0.20647814148237242,-1.2298113187235051,-1.2298113187235065
31.15,1.9976004203920066,1.8441031831573085e-05,0.03069767030141679,0.25042373805551543,1.2268533209241723,1.2268533209240804,0.19987998787966488,-1.2268533209240902,-1.2268533209240915
31.2,1.9963428429819492,1.1599080515400928e-05,0.032252857412247815,0.2512268720413431,1.2223162979796314,1.2223162979795372,0.19383823937470357,-1.2223162979795483,-1.2223162979795488
31.25,1.9963265256940808,5.965593586010343e-06,0.0337572746364041,0.2524706330652293,1.2162072524572547,1.2162072524571579,0.1883713905382569,-1.21620725245717,-1.2162072524571703
31.3,1.997622258391792,3.3139874069387787e-06,0.0356499795183729,0.2536607689550907,1.2085553032643044,1.208555303264206,0.1834766070879943,-1.2085553032642187,-1.2085553032642193
31.35,1.9988514880988109,4.763010862163242e-06,0.04007389854994825,0.2540290543468475,1.199396474740047,1.199396474739946,0.17916054835729467,-1.1993964747399604,-1.1993964747399604
31.4,1.9986196360067405,1.0351373251227258e-05,0.048431559941450875,0.25345340284963,1.1887562261590663,1.1887562261589624,0.17544512203451967,-1.188756226158978,-1.1887562261589775
31.45,1.9971222450956434,1.8937005338059976e-05,0.059690711596570134,0.25261323854990825,1.176654217982585,1.1766542179824784,0.17234692074912283,-1.1766542179824948,-1.1766542179824948
31.5,1.9959928665017128,2.8490646770018557e-05,0.07151640912954038,0.25217320655953057,1.1631280598463478,1.1631280598462381,0.16986243338398221,-1.1631280598462563,-1.1631280598462563
31.55,1.996513163647489,3.659920486653867e-05,0.08285979170820301,0.2519827690635075,1.1482476869469849,1.1482476869468727,0.1679606756920795,-1.1482476869468923,-1.1482476869468918
31.6,1.9981831797632508,4.103811746425379e-05,0.09495937268384758,0.2512825797762259,1.132095938950318,1.1320959389502028,0.1666021667051285,-1.1320959389502236,-1.1320959389502236
31.65,1.9991349543247336,4.0391562012853655e-05,0.1098208075068432,0.24961980909240467,1.1147332190344026,1.1147332190342845,0.1657612855995172,-1.1147332190343067,-1.1147332190343067
31.7,1.9982064952775092,3.456638052057315e-05,0.12776321101177057,0.24739910054362158,1.0961890516669321,1.0961890516668114,0.1654149898022097,-1.0961890516668347,-1.0961890516668347
31.75,1.9963680966117798,2.4936423825838716e-05,0.14685181849462037,0.24540565976308493,1.0764942551953067,1.0764942551951826,0.165529127614926,-1.076494255195208,-1.0764942551952077
31.8,1.9956784088700652,1.4045803328421869e-05,0.1649576278521634,0.24386334518683372,1.0557178121376891,1.0557178121375617,0.16605176098821728,-1.0557178121375888,-1.0557178121375888
31.85,1.99696989360076,4.995242750105433e-06,0.18194216778175765,0.24219258425606327,1.0339615601030618,1.033961560102931,0.16691760334426853,-1.0339615601029597,-1.0339615601029593
31.9,1.9988389426274857,6.143063968622187e-07,0.19956483646039302,0.2397261123559491,1.0113129066680853,1.0113129066679512,0.16806632740112937,-1.0113129066679818,-1.0113129066679813
31.95,1.9991002414275425,2.574283196388194e-06,0.21933025076812052,0.23651360642909047,0.9878062391616849,0.9878062391615479,0.16944224515153383,-0.9878062391615796,-0.9878062391615792
32.0,1.99734798181925,1.0796450532923885e-05,0.24054223107437034,0.23327662709788854,0.9634418998200003,0.96344189981986,0.17098518337087443,-0.963441899819893,-0.9634418998198926
32.05,1.9955287405887046,2.3438994702029703e-05,0.2608911626779655,0.2305447735978443,0.9382453302381468,0.9382453302380038,0.17263098897272822,-0.9382453302380385,-0.938245330238038
32.1,1.9957221452670282,3.7386394596161665e-05,0.2788973795487977,0.22803505707379035,0.9122940564758624,0.9122940564757158,0.17431287111511784,-0.9122940564757525,-0.9122940564757518
32.15,1.9977664663378016,4.901809434776361e-05,0.29531279540411903,0.2250207187894695,0.885677172412382,0.8856771724122328,0.17596678517576958,-0.8856771724122705,-0.88567717241227
32.2,1.9993277078412868,5.514367672443399e-05,0.3121001246259736,0.22119800639145581,0.8584319715850688,0.8584319715849165,0.1775303759749196,-0.858431971584956,-0.858431971584955
32.25,1.9985191572021397,5.393836530931395e-05,0.33006125138063336,0.21705610808589704,0.8305297643555409,0.8305297643553855,0.17893514392431253,-0.8305297643554264,-0.8305297643554255
32.3,1.996191816141483,4.554405053891486e-05,0.34770820626759047,0.21329269950543361,0.8019352175369177,0.8019352175367587,0.1801126484445319,-0.8019352175368015,-0.8019352175368003
32.35,1.9949964281674684,3.2111191790029636e-05,0.36279582750980577,0.20996985681251568,0.7726733590860022,0.7726733590858403,0.18100241373159642,-0.7726733590858841,-0.772673359085883
32.4,1.9963227142559734,1.731595846710121e-05,0.37467744562049266,0.20646066657103757,0.7428232514416147,0.7428232514414495,0.18155167159365626,-0.742823251441495,-0.7428232514414937
32.45,1.9986871627484784,5.436618276899452e-06,0.3848293280875499,0.20220114173634363,0.7124463535881411,0.712446353587973,0.18170857375886618,-0.71244635358802,-0.7124463535880186
32.5,1.9993239762992205,1.1436432778566541e-07,0.39510424767207164,0.19735564043600196,0.6815335084124401,0.6815335084122685,0.18141167995982954,-0.6815335084123171,-0.6815335084123157
32.55,1.9974189011016632,3.1990971631756793e-06,0.40547842271511714,0.19262900894465318,0.6500353154385323,0.6500353154383571,0.180596411273509,-0.6500353154384078,-0.6500353154384063
32.6,1.995140515250592,1.4180506312300167e-05,0.4139076039015892,0.18840769041169714,0.6179446865186793,0.6179446865185012,0.17921120589171124,-0.6179446865185533,-0.6179446865185516
32.65,1.9951093937998232,3.035395130623897e-05,0.41853948608185676,0.1842944144600427,0.5853353968910935,0.5853353968909127,0.17722228019035025,-0.5853353968909658,-0.5853353968909644
32.7,1.9973862105166393,4.753814207791862e-05,0.41965462916382146,0.1795968059255375,0.5523123510698453,0.5523123510696615,0.1746052431349403,-0.552312351069716,-0.5523123510697148
32.75,1.9993513725924121,6.116369471564909e-05,0.4192818625137069,0.17413926085462395,0.5189336817140457,0.5189336817138592,0.17132981169152028,-0.518933681713915,-0.5189336817139136
32.8,1.9986784060871248,6.753369424128408e-05,0.41886488455036774,0.16848378465793967,0.4851997510870052,0.4851997510868151,0.1673577445087766,-0.48519975108687297,-0.4851997510868712
32.85,1.996117652914056,6.48736389532445e-05,0.4174845054966203,0.16325514722139456,0.45112456912911236,0.45112456912892007,0.16265962678245227,-0.45112456912897914,-0.45112456912897736
32.9,1.9946355623789807,5.382614769766647e-05,0.4128345477141546,0.1583694072538302,0.4168069615610708,0.41680696156087516,0.15722794953840014,-0.41680696156093605,-0.4168069615609343
32.95,1.9959468573076227,3.7326476160393085e-05,0.4038191760565222,0.1531445894002137,0.3824221523681479,0.38242215236794985,0.15107633984335944,-0.3824221523680121,-0.3824221523680103
33.0,1.998560769210801,1.990408852847736e-05,0.39177378311081057,0.14711656899583847,0.34814883564799737,0.3481488356477973,0.14422727186609707,-0.34814883564786064,-0.3481488356478588
33.05,1.9994320304732915,6.461308482919037e-06,0.37904594807414904,0.1406016453513157,0.3141212003060234,0.3141212003058209,0.1367012988778762,-0.31412120030588553,-0.3141212003058837
33.1,1.9975246113315828,8.321207241035466e-07,0.3663224211611005,0.13434496061765078,0.2804647601579553,0.28046476015775057,0.12852503599599951,-0.2804647601578162,-0.2804647601578144
33.15,1.9950724353592637,4.666480286186214e-06,0.35184252986108744,0.12860689724971763,0.2473677964710137,0.24736779647080676,0.11974690885793748,-0.24736779647087365,-0.24736779647087206
33.2,1.9949286156016277,1.7005919155987925e-05,0.33355586371625723,0.12284443172431292,0.21510400539800023,0.21510400539779106,0.11044523559498454,-0.21510400539785932,-0.2151040053978576
33.25,1.9972753340221148,3.457286729502407e-05,0.3116246155094822,0.11638859259186152,0.18398335623320827,0.18398335623299733,0.10072362397806756,-0.1839833562330666,-0.18398335623306494
33.3,1.9994051589267978,5.267136431230668e-05,0.2884846864919015,0.10925836393690869,0.1542902110485258,0.15429021104831397,0.09069564892638371,-0.1542902110483838,-0.15429021104838217
33.35,1.998819451346088,6.650297431676222e-05,0.266310726557359,0.10219047698694217,0.1262823418545631,0.12628234185434994,0.08047711751519127,-0.12628234185442044,-0.1262823418544189
33.4,1.9962155813405027,7.24831259966141e-05,0.24466177493276153,0.0957666262772805,0.10024003756508737,0.10024003756487376,0.07019384858981281,-0.10024003756494468,-0.1002400375649433
33.45,1.994659061704831,6.913028743760208e-05,0.22130054561667345,0.08969546169518328,0.07649471330500845,0.07649471330479507,0.05999446105164585,-0.07649471330486592,-0.07649471330486458
33.5,1.9959686851469207,5.7372253429832654e-05,0.19519593310744132,0.083206541667177,0.05540427535125292,0.05540427535103909,0.05005238822495328,-0.05540427535111059,-0.05540427535110952
33.55,1.998656281339748,4.028465632344158e-05,0.16811327036479295,0.07601925635788631,0.03730212569044977,0.03730212569023594,0.04055264531448177,-0.03730212569030747,-0.037302125690306505
33.6,1.9995801625808918,2.2280934252716378e-05,0.14306270951393252,0.06874410421576749,0.022476694105719286,0.022476694105506123,0.03167435183465628,-0.022476694105577247,-0.02247669410557656
33.65,1.997644748316738,7.913521567814996e-06,0.1211375919398594,0.062208521094341274,0.011192815882550278,0.011192815882338003,0.023587169086691784,-0.011192815882408454,-0.011192815882407958
33.7,1.9951488152279337,6.611805167811013e-07,0.1006185117633569,0.05644609018483049,0.0037056859344817283,0.00370568593427123,0.01646150729258622,-0.0037056859343409763,-0.003705685934340712
33.75,1.9950279664342603,2.0548982133661298e-06,0.07953972271285137,0.050692781898762584,0.0002426286989223314,0.00024262869871383153,0.010471319780492205,-0.0002426286987822107,-0.00024262869878209048
33.8,1.9974561942473121,1.1321629127314381e-05,0.05844588618618385,0.044389418080033494,0.000970315323266302,0.0009703153230593564,0.005781344892318074,-0.0009703153231267988,-0.00097031532312692
33.85,1.999618974798819,2.5632156756660862e-05,0.04020765393949999,0.03791324745622093,0.005985666253389255,0.005985666253185418,0.002531093680285812,-0.0059856662532513025,-0.005985666253251686
33.9,1.9989331277334283,4.09225870345864e-05,0.027031965292816373,0.032209471618117824,0.015333418434016366,0.015333418433815416,0.0008307120053783201,-0.015333418433879985,-0.015333418433880575
33.95,1.9961998845686015,5.302751978497611e-05,0.018085219370576944,0.027649838672725746,0.02901198550361528,0.029011985503418325,0.0007677103566012811,-0.02901198550348131,-0.029011985503482107
34.0,1.9946579686172148,5.875328086268894e-05,0.010841784106442542,0.023590568001614187,0.04695190440440422,0.04695190440421104,0.002407775407154311,-0.04695190440427194,-0.046951904404272916
34.05,1.9961334583534245,5.663747216866355e-05,0.004360028498859414,0.019233949838351805,0.06899360016135514,0.0689936001611664,0.005782862902731001,-0.06899360016122524,-0.06899360016122649
34.1,1.9989470590679386,4.727832283579758e-05,0.00047220576021733685,0.01463866385879209,0.0949028788779005,0.09490287887771665,0.010885305800274914,-0.09490287887777296,-0.09490287887777443
34.15,1.9997512788869785,3.316834126843027e-05,0.0017297707225107928,0.01070739880705096,0.1244132402932756,0.12441324029309642,0.017676913156428053,-0.12441324029315001,-0.12441324029315169
34.2,1.9975341523935835,1.805304732638291e-05,0.008294785688300443,0.00809891523699724,0.1572428302509543,0.15724283025078023,0.02609918919135068,-0.15724283025083163,-0.15724283025083358
34.25,1.994925003465734,5.973348049970184e-06,0.017661961515332614,0.00639277046985276,0.19306477731500515,0.19306477731483596,0.03607023843713009,-0.19306477731488447,-0.1930647773148866
34.3,1.9950070417796792,2.187910479456434e-07,0.027585494667591526,0.004643401744721221,0.2314736591306885,0.2314736591305251,0.047469501848046214,-0.23147365913057044,-0.23147365913057283
34.35,1.9977214593673667,2.4311315578451342e-06,0.038420948177931624,0.0025514949906026985,0.2720044898482181,0.2720044898480598,0.06013764052294812,-0.27200448984810244,-0.272004489848105
34.4,1.9998766006630377,1.211089814900923e-05,0.05238777669771366,0.0008225083384827414,0.31420626435903554,0.31420626435888255,0.0739016585748824,-0.3142062643589225,-0.31420626435892507
34.45,1.998841448762645,2.6717346653493124e-05,0.07062698566988734,0.00030707493546167086,0.3576858949568531,0.35768589495670544,0.08859625733038712,-0.35768589495674286,-0.3576858949567456
34.5,1.995817966730539,4.236244353572616e-05,0.09143568984600625,0.000900671119036911,0.402080142549758,0.40208014254961477,0.10405958258227788,-0.40208014254964997,-0.40208014254965274
34.55,1.9943880333439212,5.488041756240847e-05,0.11197783201440847,0.0016638104854500568,0.446994121473264,0.4469941214731259,0.12011131769157801,-0.4469941214731585,-0.4469941214731612
34.6,1.9962332170023673,6.094707303150315e-05,0.13120312822107838,0.0019727943568459416,0.49199390158006717,0.4919939015799337,0.13654814484961042,-0.49199390157996364,-0.4919939015799665
34.65,1.9992158184048505,5.8952100645548455e-05,0.15053890228701583,0.0022231265272545375,0.5366786682853486,0.53667866828522,0.1531702084386497,-0.5366786682852476,-0.5366786682852505
34.7,1.9997655909911762,4.941970580873978e-05,0.17186855415800162,0.003329193801685948,0.5807517678437237,0.5807517678435996,0.16981203991403993,-0.5807517678436247,-0.5807517678436277
34.75,1.997182611700243,3.487787856482072e-05,0.19492792205815013,0.00555075192425436,0.6240096203907468,0.6240096203906274,0.18634453910333448,-0.6240096203906502,-0.6240096203906529
34.8,1.9945269696008,1.9198743019810394e-05,0.21727663230931227,0.008133678980795755,0.666259542176874,0.6662595421767583,0.20264257108628736,-0.6662595421767795,-0.6662595421767822
34.85,1.9948999391847642,6.566697574150737e-06,0.23687282075035143,0.010231675987771194,0.7072696195248636,0.7072696195247519,0.21856704186930043,-0.707269619524771,-0.7072696195247737
34.9,1.9978724806592256,3.3538663934962187e-07,0.2540319242100153,0.011875417896826779,0.7468089715035411,0.7468089715034325,0.23398182898107223,-0.7468089715034503,-0.7468089715034527
34.95,1.999957053774521,2.07722839062896e-06,0.270779340226204,0.013893889105112578,0.7847339281544226,0.7847339281543175,0.24878562455820852,-0.784733928154333,-0.7847339281543355
35.0,1.9986624310507477,1.111374586049152e-05,0.28833874870595766,0.01687921408348303,0.8210109192386883,0.8210109192385864,0.26292564500772775,-0.8210109192386004,-0.8210109192386028
35.05,1.995522773469214,2.4714163086692054e-05,0.3055157905729593,0.02041745715800447,0.8556484902679107,0.8556484902678108,0.27637309729209836,-0.8556484902678234,-0.8556484902678261
35.1,1.994212793256163,3.892316506481919e-05,0.31997353349312974,0.023592765983176278,0.8886175639804603,0.8886175639803628,0.28909099777183433,-0.8886175639803746,-0.8886175639803771
35.15,1.9962261110377388,4.9730530495617487e-05,0.33077282177876643,0.026070218451776483,0.9198509996051667,0.919850999605071,0.3010311103855523,-0.9198509996050819,-0.919850999605084
35.2,1.9992332247402584,5.419626775093889e-05,0.33926743449361974,0.02844638097749219,0.9493153216450665,0.9493153216449732,0.31216103207985624,-0.9493153216449823,-0.9493153216449848
35.25,1.9997168682953845,5.1218222798965485e-05,0.3475654385236986,0.03152566657710931,0.9770640326320073,0.9770640326319158,0.32248796628332066,-0.977064032631924,-0.9770640326319264
35.3,1.9971297689150553,4.1762740497386375e-05,0.35608841395997715,0.035315516371147604,1.0032084904661156,1.0032084904660257,0.33204815978584,-1.003208490466033,-1.0032084904660352
35.35,1.9945224400714905,2.8518786566955612e-05,0.36307718433290614,0.03900838882067781,1.0278372966783644,1.0278372966782763,0.3408755310786602,-1.0278372966782827,-1.0278372966782847
35.4,1.9948829719528076,1.5097905494698693e-05,0.36663532724130965,0.041964817867899296,1.0509784753532703,1.050978475353183,0.34898204838665103,-1.0509784753531886,-1.0509784753531908
35.45,1.9977766252763842,5.025537490821463e-06,0.36682196621129526,0.04444122046184673,1.072639572884837,1.072639572884751,0.3563709562451365,-1.0726395728847566,-1.0726395728847582
35.5,1.999869869664057,7.875823486713784e-07,0.3656231489419852,0.04727861151639301,1.0928704540892933,1.092870454089208,0.3630666690146733,-1.0928704540892131,-1.0928704540892145
35.55,1.99875797238877,3.164235352182132e-06,0.364805503016461,0.050891173234669296,1.1117751496062858,1.1117751496062014,0.36912263345980634,-1.1117751496062063,-1.1117751496062074
35.6,1.9957950727898461,1.1046369450706806e-05,0.36393463073787125,0.05474644944932727,1.1294605688173178,1.1294605688172341,0.3746003735058383,-1.1294605688172386,-1.1294605688172392
35.65,1.9944175881770534,2.1820381499670916e-05,0.36095130000053555,0.05802288951804302,1.1459842875991737,1.1459842875990902,0.37954530002254727,-1.1459842875990942,-1.145984287599095
35.7,1.9961572813780042,3.2201478879390066e-05,0.35456132342432944,0.06058904620999961,1.1613593219531093,1.1613593219530256,0.3839839532653926,-1.1613593219530296,-1.1613593219530307
35.75,1.9990192733888954,3.9218994991596645e-05,0.34570111723329466,0.06314053432254974,1.1756024173219903,1.175602417321907,0.3879451122663511,-1.175602417321911,-1.175602417321912
35.8,1.9997318282876604,4.103416679113181e-05,0.3366370411027657,0.06639069903614558,1.1887668082308909,1.1887668082308078,0.3914779790305192,-1.1887668082308114,-1.1887668082308123
35.85,1.99754170381356,3.737201696996095e-05,0.3284894903079838,0.0701966559146947,1.200924236322887,1.2009242363228037,0.3946455090217531,-1.200924236322807,-1.200924236322808
35.9,1.9950449666215688,2.9481473738712793e-05,0.32002591628963395,0.07372964784807978,1.2121212527927954,1.2121212527927119,0.3975044466171793,-1.212121252792715,-1.212121252792716
35.95,1.9950736275663092,1.9674041493278338e-05,0.3091828808125143,0.07649041638565768,1.2223615680610178,1.2223615680609337,0.4000938305946353,-1.222361568060937,-1.2223615680609379
36.0,1.997554145407213,1.0615624511212118e-05,0.29544073897317746,0.07888629659286339,1.2316294514230477,1.2316294514229627,0.40244320745526907,-1.2316294514229664,-1.2316294514229669
36.05,1.9996650386665935,4.595532738571606e-06,0.28051121949124447,0.08175906616132345,1.2399211399710408,1.239921139970955,0.40459123715432255,-1.239921139970959,-1.2399211399709589
36.1,1.9990329479609583,2.9509453529641405e-06,0.26659131818456205,0.08538147027652032,1.2472494209363265,1.2472494209362404,0.4065905461757846,-1.2472494209362446,-1.2472494209362441
36.15,1.9964817638572878,5.757780726867168e-06,0.2539458961170822,0.08910407748613025,1.2536209265991678,1.2536209265990803,0.40849653249869156,-1.253620926599085,-1.2536209265990848
36.2,1.9949699290268055,1.1866407007676827e-05,0.24073506062713035,0.09215050177790718,1.2590173748485767,1.2590173748484885,0.41035499091889194,-1.2590173748484934,-1.259017374848493
36.25,1.9961578596360747,1.9300654302778497e-05,0.225251520336738,0.09454790909399735,1.2634019809447916,1.2634019809447024,0.4122001094010401,-1.2634019809447077,-1.2634019809447072
36.3,1.99867595945959,2.589290333521177e-05,0.20792238509209016,0.0970787720448798,1.2667392970146676,1.2667392970145768,0.4140658786462965,-1.2667392970145828,-1.2667392970145817
36.35,1.9996770642453907,2.9912046683344684e-05,0.19104141080334514,0.10036347930953449,1.2690033354951638,1.2690033354950723,0.4159952175003414,-1.2690033354950783,-1.2690033354950776
36.4,1.9980933843463642,3.0486753996639138e-05,0.1763401299459013,0.10408620781688338,1.2701679238852044,1.2701679238851111,0.41803477197302663,-1.270167923885118,-1.2701679238851171
36.45,1.9958226679217153,2.774990036336078e-05,0.16312679397471053,0.10736372841597053,1.2701959954762643,1.2701959954761692,0.42022474729019854,-1.2701959954761772,-1.2701959954761757
36.5,1.995428063924511,2.2696864065530065e-05,0.14928060860575076,0.1098224687718432,1.2690432957552156,1.2690432957551185,0.4225924582868934,-1.2690432957551274,-1.2690432957551256
36.55,1.9972945294128759,1.6808400910672816e-05,0.1338115018132826,0.11202244880399559,1.2666708688280663,1.2666708688279675,0.4251583823717686,-1.266670868827977,-1.2666708688279757
36.6,1.9993051943554678,1.159135885497875e-05,0.11811981357932444,0.11479047567991607,1.2630487616962012,1.2630487616961004,0.4279497017705003,-1.2630487616961115,-1.2630487616961095
36.65,1.999210646200725,8.206038890623546e-06,0.10465874011669696,0.11821721447431166,1.2581463501746102,1.2581463501745072,0.4309984531193629,-1.2581463501745191,-1.2581463501745174
36.7,1.9971998776336795,7.230024611892816e-06,0.09425484191494782,0.12151662220558279,1.2519245893224484,1.2519245893223427,0.4343289919084037,-1.2519245893223563,-1.2519245893223545
36.75,1.9955952680758475,8.553556770207749e-06,0.08530833214008116,0.12397757713468405,1.244343741019486,1.2443437410193776,0.43794900411228754,-1.2443437410193918,-1.24434374101939
36.8,1.9961494281841257,1.1465697671519948e-05,0.07582600146029073,0.12580893976565788,1.2353811430045285,1.235381143004417,0.44185276010858443,-1.2353811430044335,-1.235381143004432
36.85,1.9981977269367477,1.4946921134573188e-05,0.06577552008529408,0.12786223423399035,1.2250363899455021,1.225036389945388,0.44604071288626246,-1.225036389945406,-1.225036389945404
36.9,1.9994342936359233,1.8015168490093103e-05,0.057274202768377025,0.13061280887054982,1.2133145865404984,1.2133145865403812,0.45052652586000663,-1.213314586540401,-1.2133145865403985
36.95,1.998497792479032,1.9966642341273655e-05,0.05231543862003196,0.13355477698673202,1.2002072572306925,1.200207257230572,0.45531876759680556,-1.200207257230593,-1.2002072572305906
37.0,1.9964965528181857,2.0503363514556838e-05,0.05051192579260455,0.13580455149220372,1.1856952828676421,1.1856952828675185,0.4604027945605358,-1.185695282867541,-1.1856952828675387
37.05,1.995670708387426,1.975961727596065e-05,0.049644301455352036,0.13716737636019394,1.1697748944893196,1.1697748944891924,0.46573999806977184,-1.1697748944892168,-1.1697748944892141
37.1,1.9968869126266677,1.8177445705092055e-05,0.048275561579909976,0.1383409616048552,1.1524788404282162,1.152478840428085,0.4712942616460709,-1.1524788404281108,-1.152478840428108
37.15,1.9987637205749795,1.628572751544155e-05,0.04735408406710184,0.1400736811918386,1.1338631710124225,1.133863171012288,0.47705655822242354,-1.1338631710123153,-1.1338631710123126
37.2,1.999192678645704,1.4550004926228155e-05,0.049180583599259364,0.14225443794852644,1.1139716287785781,1.1139716287784396,0.4830270057833679,-1.1139716287784687,-1.113971628778466
37.25,1.997703042896026,1.3317569306448007e-05,0.05472235007818016,0.14403177683751833,1.0928188318777956,1.0928188318776533,0.489180982090186,-1.0928188318776844,-1.0928188318776815
37.3,1.9959723059614296,1.2747938544332982e-05,0.062424851686877725,0.14484855156530618,1.0704142277108457,1.0704142277106996,0.4954593353996075,-1.0704142277107325,-1.0704142277107298
37.35,1.9959025095530145,1.2760901444863748e-05,0.06998549224929107,0.14509279623138593,1.0468049408428457,1.0468049408426956,0.5017939418356254,-1.0468049408427307,-1.0468049408427276
37.4,1.9975372411158367,1.3124239750972322e-05,0.07686762585985552,0.14560902839812773,1.0220840489644947,1.0220840489643406,0.5081499127844262,-1.0220840489643777,-1.0220840489643745
37.45,1.9990356238368694,1.3609543995318774e-05,0.0847696642470086,0.14669037889653724,0.9963506758249221,0.9963506758247642,0.5145255908962747,-0.9963506758248032,-0.9963506758247999
37.5,1.998689975128578,1.4059538484989531e-05,0.09558130258687636,0.14771434004207995,0.9696618705872306,0.9696618705870685,0.5209078520780306,-0.9696618705871102,-0.9696618705871067
37.55,1.996864425464377,1.4402349595599162e-05,0.10902584215743794,0.14790180941888265,0.9420339727499984,0.9420339727498324,0.5272463453111589,-0.9420339727498754,-0.9420339727498723
37.6,1.9955906516153772,1.468800193138442e-05,0.12284022625216817,0.14725723231163235,0.9134978800797449,0.9134978800795743,0.5334699841161914,-0.9134978800796196,-0.9134978800796166
37.65,1.9962697680503043,1.504899453674824e-05,0.13523324096277523,0.14653965562107096,0.8841419599742342,0.884141959974059,0.5395317877986181,-0.8841419599741067,-0.8841419599741034
37.7,1.9981272389820823,1.5549948080728626e-05,0.14669027778421828,0.14635980612286548,0.8540903977898027,0.8540903977896233,0.5454310019444002,-0.854090397789673,-0.8540903977896697
37.75,1.999045339831045,1.6116705315205593e-05,0.15923539533544284,0.14645630028920653,0.8234362953357741,0.8234362953355903,0.5511766328288112,-0.8234362953356422,-0.8234362953356387
37.8,1.9979329217602713,1.6621552500151182e-05,0.17392691598505783,0.1460171327297206,0.7922071653596339,0.792207165359446,0.5567498051532418,-0.7922071653595,-0.7922071653594962
37.85,1.9960159570853722,1.693989159479159e-05,0.18943616496447246,0.14467567928581193,0.7604087740458847,0.7604087740456924,0.5621053843628254,-0.760408774045749,-0.7604087740457453
37.9,1.9954470496527579,1.6918688086065004e-05,0.2034249257759173,0.142940650266695,0.7280978904353819,0.7280978904351856,0.5672021866507961,-0.7280978904352438,-0.7280978904352396
37.95,1.9968566438804174,1.642092517606386e-05,0.2150150419975736,0.14158147102171714,0.6953973510347402,0.6953973510345397,0.5720342708117383,-0.6953973510346004,-0.6953973510345961
38.0,1.998636556838652,1.5446290624332448e-05,0.22555850726886817,0.14072584763467288,0.6624325739136179,0.6624325739134136,0.576619648923848,-0.662432573913476,-0.662432573913472
38.05,1.9987132518575565,1.414942013155951e-05,0.23694397470413708,0.1397146811348451,0.6292635580748409,0.6292635580746324,0.5809690162276846,-0.6292635580746968,-0.6292635580746928
38.1,1.996952428818702,1.2779482206237702e-05,0.2492544093743967,0.13791652332493443,0.5958939720226284,0.5958939720224157,0.585077678394343,-0.5958939720224823,-0.5958939720224783
38.15,1.9953534877075652,1.1683536012885298e-05,0.26052293426841633,0.13549708513008518,0.5623491890808803,0.5623491890806633,0.588933942467329,-0.5623491890807321,-0.562349189080728
38.2,1.995733624842266,1.1275950617672947e-05,0.2688548416766654,0.13321467230983597,0.5287312671561164,0.5287312671558957,0.5925346986867321,-0.5287312671559663,-0.5287312671559623
38.25,1.997652278444585,1.1840387020178866e-05,0.2744036803901162,0.1315289720489985,0.4951847167466985,0.4951847167464747,0.595892002561786,-0.49518471674654696,-0.49518471674654285
38.3,1.9988890160930182,1.3350306597104122e-05,0.27907387403681705,0.13006821450880102,0.4618161651574004,0.4618161651571737,0.5990258756787727,-0.4618161651572476,-0.46181616515724355
38.35,1.9979837126895912,1.5507783429180577e-05,0.2842531790142475,0.1280927787603119,0.42866446276468695,0.42866446276445647,0.6019636855847157,-0.428664462764532,-0.42866446276452796
38.4,1.9959746818484205,1.785731125547585e-05,0.289108488409727,0.12540920959171942,0.39575767646257654,0.3957576764623427,0.6047326924404468,-0.3957576764624201,-0.3957576764624162
38.45,1.9951830907781067,1.9829422087447313e-05,0.2914741093771571,0.1226063136368909,0.36318975607335835,0.3631897560731221,0.6073456523586698,-0.3631897560732007,-0.36318975607319687
38.5,1.9965098417670848,2.0848223920122422e-05,0.29025537780831456,0.12035239318319002,0.3311251509805786,0.331125150980339,0.6098018419582911,-0.33112515098041917,-0.3311251509804154
38.55,1.9984197562885315,2.0550156309528944e-05,0.28661217633448954,0.1186110654153445,0.29972988473409323,0.2997298847338512,0.6121043926797614,-0.29972988473393236,-0.2997298847339288
38.6,1.9986906724978424,1.8905400275270878e-05,0.2826533199793393,0.11669324613655041,0.26911451122237473,0.26911451122213026,0.6142856761163396,-0.2691145112222124,-0.269114511222209
38.65,1.99701932510979,1.618799989211439e-05,0.2790048427358176,0.11410755669355943,0.23935450051778728,0.23935450051754037,0.6164037916313738,-0.2393545005176237,-0.23935450051762036
38.7,1.9953763765267158,1.2967042586797817e-05,0.27409121491116717,0.11116765113882687,0.21056015985793097,0.21056015985768184,0.6185001297018402,-0.21056015985776633,-0.2105601598577631
38.75,1.995661824397129,1.0084119261843938e-05,0.2660025301226592,0.10861140864932661,0.18290956132875036,0.1829095613284999,0.6205733421232975,-0.18290956132858507,-0.18290956132858194
38.8,1.997534059134719,8.419126877434735e-06,0.2547422328416782,0.10671780630069994,0.15660742887685486,0.15660742887660262,0.6226027582132247,-0.15660742887668838,-0.15660742887668538
38.85,1.998828139920747,8.549156331305596e-06,0.24235920260249166,0.10497229538921493,0.13182510487778432,0.13182510487753052,0.6246007325736289,-0.13182510487761703,-0.13182510487761423
38.9,1.9980655475003075,1.058166718137521e-05,0.23074702958869997,0.10269117382953175,0.10869143188297081,0.10869143188271546,0.6266336195933473,-0.10869143188280289,-0.10869143188280028
38.95,1.9961904122051948,1.4154667935750709e-05,0.21956549039094808,0.09986382381242453,0.08733811474201447,0.08733811474175823,0.6287701742527525,-0.08733811474184588,-0.08733811474184353
39.0,1.9954054528093403,1.8465538827339145e-05,0.20681090413538938,0.09716260331551929,0.06793757389737864,0.06793757389712152,0.6310243331212075,-0.06793757389720939,-0.06793757389720728
39.05,1.996598530614793,2.2420052820049108e-05,0.19135261452084595,0.0951153176943016,0.05068674277087881,0.050686742770621906,0.6333633286942093,-0.050686742770709725,-0.05068674277070792
39.1,1.9983934908361927,2.4976382442476464e-05,0.1744809270487777,0.09345811246099256,0.03576145659256369,0.03576145659230745,0.635769377818147,-0.03576145659239478,-0.03576145659239324
39.15,1.9987385981649073,2.5461680708493972e-05,0.15872848225991332,0.09144144698650525,0.023296815871377552,0.023296815871122423,0.6382890710565121,-0.023296815871209364,-0.023296815871208132
39.2,1.9972947897444748,2.3689202597321213e-05,0.14516560910123388,0.08874502929452222,0.013408020418458122,0.013408020418204547,0.6409970969571692,-0.013408020418290686,-0.01340802041828974
39.25,1.9957905595163183,1.9999096355860502e-05,0.13239241575825078,0.08587212630361774,0.006214078323316219,0.006214078323063532,0.6439217949238816,-0.006214078323149328,-0.006214078323148614
39.3,1.995951166799447,1.527106922782906e-05,0.11849193181686912,0.08351762790521233,0.0018300233640020647,0.0018300233637515984,0.6470303451620425,-0.0018300233638364604,-0.0018300233638360321
39.35,1.997581319408069,1.0731606524760906e-05,0.10356060701392478,0.0817050621071469,0.0003401791674513266,0.0003401791672028587,0.6502793934995055,-0.00034017916728655887,-0.00034017916728642643
39.4,1.998829688533236,7.559870195184004e-06,0.08992199673945844,0.07974186935182392,0.0017891874733595436,0.0017891874731137403,0.6536760345663282,-0.0017891874731958287,-0.0017891874731960093
39.45,1.9982968789242628,6.552975910345538e-06,0.07970840364318699,0.07705485589635686,0.006197794408433044,0.006197794408190127,0.6572709695517807,-0.006197794408270724,-0.0061977944082712575
39.5,1.9966498903489969,7.954474351423713e-06,0.0725527615516337,0.07390105225515953,0.013573400634303345,0.013573400634064203,0.6610893547169652,-0.013573400634142916,-0.013573400634143659
39.55,1.9957914611318903,1.1366881246477334e-05,0.06626783259285984,0.07104599979416149,0.023894914247150734,0.0238949142469147,0.6651014599680354,-0.023894914246991764,-0.02389491424699291
39.6,1.996683036233755,1.5818671196488054e-05,0.05965389363543849,0.06880766385330972,0.03709206337877369,0.037092063378542095,0.6692547624278176,-0.037092063378616744,-0.03709206337861815
39.65,1.9983278155108382,2.0095707186751355e-05,0.05405114928879562,0.06666492223458498,0.05305203084928545,0.05305203084905763,0.6735219203665757,-0.0530520308491303,-0.05305203084913199
39.7,1.998864878076002,2.3154068940378636e-05,0.05193290901476022,0.06388972499674006,0.07164979340946731,0.07164979340924393,0.6779136532830536,-0.07164979340931454,-0.07164979340931647
39.75,1.9976924414120627,2.4353639240803915e-05,0.05404316728476499,0.060455646436208266,0.09276181106821157,0.0927618110679922,0.6824310090043295,-0.09276181106806086,-0.09276181106806304
39.8,1.9961598787139216,2.3539925045890087e-05,0.05852747811998338,0.05709057384372174,0.1162415628741491,0.11624156287393506,0.6870353880622808,-0.11624156287400106,-0.11624156287400347
39.85,1.9959969532974418,2.1080111743287944e-05,0.06316676974657431,0.054380442255335115,0.1418876947414136,0.1418876947412051,0.6916708168351933,-0.14188769474126817,-0.14188769474127083
39.9,1.997400893178435,1.77578620033092e-05,0.06790336877866077,0.05206366637099635,0.16945212766576145,0.16945212766555784,0.6962928806034094,-0.1694521276656184,-0.16945212766562132
39.95,1.9988010806320988,1.4479065779893219e-05,0.07478569266741841,0.049367299725353586,0.1986891984287451,0.1986891984285466,0.7008791268613148,-0.19868919842860436,-0.1986891984286074
40.0,1.9985804552032547,1.1986321076573603e-05,0.08544624323535555,0.045967320589031635,0.22939183234378868,0.2293918323435955,0.7054017749508819,-0.2293918323436508,-0.22939183234365398
40.05,1.99696175735836,1.0715909930292256e-05,0.09896755847368954,0.04241900035156565,0.2613710381496288,0.2613710381494403,0.7098062687923266,-0.26137103814949325,-0.2613710381494967
40.1,1.9957698687863508,1.071398835605919e-05,0.11278649842120858,0.039489254753021896,0.29440384999824487,0.2944038499980619,0.7140350624652694,-0.294403849998112,-0.29440384999811564
40.15,1.9963573356035789,1.1617094586746646e-05,0.12549279564271165,0.03722769982654772,0.3282183036902486,0.3282183036900701,0.718050107458164,-0.32821830369011745,-0.32821830369012117
40.2,1.998091609606763,1.2838524934943862e-05,0.1381472207331731,0.034935650915393524,0.36254159088159943,0.36254159088142623,0.7218272764489773,-0.3625415908814711,-0.36254159088147464
40.25,1.9989883624601903,1.3884092880278587e-05,0.15279687053710167,0.03202721113287499,0.3971616795460773,0.39716167954590853,0.7253311089782861,-0.39716167954595116,-0.3971616795459548
40.3,1.9979637890837045,1.4527614317749737e-05,0.16982864377176132,0.02876648132586368,0.43193087815320963,0.4319308781530462,0.728498402095203,-0.4319308781530859,-0.43193087815308967
40.35,1.9961437602031262,1.4795780777454581e-05,0.1872450584137586,0.025967410359430954,0.46670603533368027,0.4667060353335215,0.7312674658274616,-0.46670603533355903,-0.4667060353335629
40.4,1.9955865282472298,1.491144803278388e-05,0.20277577396017232,0.02400267647504295,0.5012983116549568,0.5012983116548024,0.7336105408158626,-0.5012983116548377,-0.5012983116548415
40.45,1.9969467971757653,1.5198055878240524e-05,0.2162136069893661,0.022372822112363355,0.5354959314249452,0.5354959314247956,0.7355236163843908,-0.5354959314248282,-0.5354959314248321
40.5,1.99869760102451,1.588036798128023e-05,0.2293660974306584,0.02032254724803817,0.5691370939695726,0.5691370939694271,0.7369908370160334,-0.5691370939694577,-0.5691370939694617
40.55,1.9987939546994113,1.6922591452139812e-05,0.24379899406198735,0.0177527370779611,0.6021487883366465,0.6021487883365051,0.7379604940968878,-0.6021487883365335,-0.6021487883365374
40.6,1.9970606553990886,1.8056545923794687e-05,0.2588291645945495,0.015357578411672623,0.6345045652545618,0.6345045652544246,0.7383710225186695,-0.634504565254451,-0.634504565254455
40.65,1.9954464602122404,1.889278260058802e-05,0.2721502464828971,0.013780474667320242,0.6661495415901564,0.6661495415900234,0.7381968309092182,-0.6661495415900476,-0.6661495415900514
40.7,1.9957889797998085,1.8996146641026e-05,0.2823399134583737,0.012835661071992854,0.6969800731584392,0.6969800731583093,0.7374520503149302,-0.6969800731583323,-0.6969800731583357
40.75,1.9977271678546595,1.8028777481360336e-05,0.2902793710957188,0.011745957563767284,0.7269002838945198,0.7269002838943934,0.7361508924483073,-0.7269002838944139,-0.7269002838944176
40.8,1.9990489076038727,1.5987429331065783e-05,0.2980500519963134,0.010060892828731571,0.7558878876462729,0.7558878876461494,0.7342682732737558,-0.7558878876461681,-0.7558878876461719
40.85,1.9981904945815552,1.331070833821002e-05,0.30650252447025483,0.008200470630118417,0.7839901114104335,0.7839901114103132,0.7317474822133185,-0.7839901114103303,-0.783990111410334
40.9,1.9960903688610225,1.0740398353581426e-05,0.3141974740242677,0.006954525844971693,0.8112529453599506,0.8112529453598334,0.7285497629430431,-0.8112529453598486,-0.8112529453598523
40.95,1.9951296585360938,9.093918598157558e-06,0.31900846332347577,0.006519278563069442,0.8376647860327695,0.8376647860326552,0.7246815651368319,-0.8376647860326689,-0.8376647860326726
41.0,1.9964120915469323,9.047791464711352e-06,0.3204733504692876,0.006269569135853192,0.8631774912321502,0.8631774912320382,0.720170738600832,-0.8631774912320507,-0.8631774912320542
41.05,1.998507079769185,1.0883139997197588e-05,0.3202553817884217,0.005499957914258058,0.8877766413117067,0.8877766413115973,0.7150215769360233,-0.8877766413116086,-0.8877766413116119
41.1,1.9990125132734557,1.4291706426083906e-05,0.32030799846231073,0.0042525665194887985,0.9115175505200983,0.9115175505199913,0.7091958806018825,-0.9115175505200013,-0.9115175505200046
41.15,1.9973139207658916,1.8442556976028257e-05,0.32066046129487,0.0032796715494407547,0.9344853729958615,0.9344853729957561,0.7026450402932247,-0.9344853729957654,-0.9344853729957683
41.2,1.9953315339863094,2.2255754957622997e-05,0.3193770750127243,0.0031354229523339328,0.9567259558295875,0.956725955829484,0.695350571616205,-0.9567259558294926,-0.9567259558294954
41.25,1.9953177066227819,2.4668721640752622e-05,0.31478131822507427,0.003505727329537134,0.9782257538267372,0.9782257538266357,0.6873268891228081,-0.9782257538266432,-0.9782257538266457
41.3,1.9973136314355486,2.4880246830338848e-05,0.30733927953646223,0.0035916552733252782,0.9989592758990007,0.9989592758989003,0.6785910883686377,-0.9989592758989074,-0.9989592758989095
41.35,1.9990770755956502,2.2637523790169922e-05,0.29919728312059446,0.003043581902605119,1.0189445505741639,1.0189445505740649,0.6691289213804317,-1.0189445505740713,-1.0189445505740733
41.4,1.9985854819718158,1.8415648019631803e-05,0.29185375813845615,0.002387483878002694,1.038242033387327,1.038242033387229,0.6588962030145846,-1.038242033387235,-1.0382420333872369
41.45,1.996383174438241,1.3314791740270948e-05,0.2844831894407842,0.0024093485226752698,1.0569004713647954,1.056900471364699,0.6478538089397916,-1.056900471364704,-1.0569004713647059
41.5,1.9949751784769054,8.755656531356237e-06,0.2749322840335964,0.0032019006784795856,1.0749124252443687,1.0749124252442734,0.6359919790671507,-1.074912425244278,-1.0749124252442797
41.55,1.995969878412421,6.119242024427152e-06,0.26223314099661454,0.004060311470959643,1.0922286701216368,1.0922286701215422,0.6233285861102495,-1.0922286701215467,-1.092228670121548
41.6,1.9982813623932918,6.34274392563583e-06,0.2477609155917091,0.004321112303303121,1.1088093627353965,1.1088093627353026,0.609884430265017,-1.1088093627353066,-1.108809362735308
41.65,1.9993009753157425,9.557705057616772e-06,0.23384883149627012,0.004148728088789522,1.124650841186778,1.1246508411866845,0.5956574577257736,-1.124650841186688,-1.1246508411866891
41.7,1.997854120430251,1.5005454943706198e-05,0.2212536459991583,0.004367469033694338,1.1397616148062972,1.1397616148062037,0.580628471158684,-1.139761614806207,-1.1397616148062086
41.75,1.9955896699609013,2.128894717667862e-05,0.20837497525621518,0.005471523414660506,1.1541183802340012,1.154118380233908,0.5647876319016929,-1.154118380233911,-1.1541183802339121
41.8,1.9950891841351048,2.6762529809820634e-05,0.19323217012380534,0.007024008992653652,1.1676534482093028,1.1676534482092096,0.5481560402671541,-1.1676534482092125,-1.167653448209213
41.85,1.9969528562520367,2.9926191546625347e-05,0.17584360098121143,0.008193639015676268,1.1802848573854812,1.1802848573853875,0.5307863707834493,-1.1802848573853906,-1.1802848573853904
41.9,1.9991124669406217,2.9831442427408206e-05,0.15839229118698417,0.008741110626035109,1.1919486937310952,1.191948693731001,0.5127363229823967,-1.1919486937310046,-1.1919486937310038
41.95,1.999104265369204,2.640143154586383e-05,0.14298728310747966,0.009329907771145285,1.2025990023528754,1.2025990023527813,0.49404080309068243,-1.202599002352785,-1.202599002352784
42.0,1.9969253649436658,2.048691868372643e-05,0.12939277590925657,0.010750878677088682,1.2121809961235683,1.212180996123473,0.4747191518107665,-1.2121809961234775,-1.2121809961234757
42.05,1.9950732091601642,1.3645004015350182e-05,0.11549527196067877,0.012948729479895782,1.22061109956597,1.2206110995658737,0.45481152001897684,-1.2206110995658785,-1.2206110995658763
42.1,1.9956724501109424,7.752618195411287e-06,0.09996710615286641,0.01509970060169774,1.2277891067687454,1.227789106768648,0.43440512682099097,-1.2277891067686535,-1.2277891067686513
42.15,1.9980968492238225,4.510114502309648e-06,0.08396890632187404,0.016605536425839285,1.2336228780700975,1.233622878069998,0.41362170731061965,-1.2336228780700045,-1.2336228780700027
42.2,1.9996081987183827,4.920156206456028e-06,0.07011668343032929,0.017816339405255066,1.2380358729588996,1.2380358729587988,0.39257406810447404,-1.2380358729588061,-1.238035872958804
42.25,1.9984441419572332,8.961114458472252e-06,0.05972339628049639,0.019645588073632148,1.2409557555919224,1.2409557555918194,0.3713419880814606,-1.2409557555918278,-1.2409557555918251
42.3,1.9959344219012396,1.5606567522752357e-05,0.05145359546186534,0.022449173406166034,1.242302798497263,1.2423027984971575,0.3499978293286212,-1.242302798497167,-1.2423027984971649
42.35,1.9949653105460354,2.312090634459807e-05,0.04313893289144621,0.025581092899297442,1.2419964589681045,1.2419964589679968,0.32864889304037903,-1.241996458968007,-1.2419964589680044
42.4,1.996676180744366,2.9499021339196574e-05,0.03447479742101933,0.028193368221439474,1.2399707345468078,1.2399707345466975,0.3074447465534371,-1.2399707345467093,-1.2399707345467064
42.45,1.999168981033605,3.298170065679784e-05,0.027542775034021805,0.030248520265645062,1.2361771379159727,1.2361771379158593,0.2865370372242011,-1.2361771379158728,-1.2361771379158695
42.5,1.9995565313216452,3.254442852451689e-05,0.024670738970233197,0.03259213825899199,1.2305726397580992,1.2305726397579826,0.26603809570656356,-1.2305726397579977,-1.2305726397579941
42.55,1.9973482925352468,2.8199659368510765e-05,0.02583737603585945,0.03592818620477667,1.2231124662196784,1.2231124662195587,0.24602770205606195,-1.2231124662195754,-1.2231124662195714
42.6,1.9950951967338897,2.102701995010392e-05,0.02881991441041265,0.039926343546576426,1.2137629947201949,1.2137629947200714,0.22659688707040804,-1.2137629947200903,-1.213762994720086
42.65,1.9953953858102027,1.2940896189528317e-05,0.03192451430630783,0.04363623001713712,1.2025215263198998,1.2025215263197722,0.20787070283719755,-1.2025215263197928,-1.2025215263197888
42.7,1.9979557501406653,6.2228367272432195e-06,0.03592259239210627,0.04663416441920232,1.1894157730105381,1.1894157730104067,0.18998293071852146,-1.1894157730104293,-1.189415773010425
42.75,1.9998456261920985,2.8969700649472685e-06,0.0432117054623502,0.04953218584256369,1.1744802256440432,1.1744802256439075,0.17303355184978808,-1.1744802256439328,-1.1744802256439277
42.8,1.998808082154712,4.135884164035986e-06,0.05504797164764552,0.053250751226253,1.157736921666702,1.1577369216665616,0.15707825974539968,-1.1577369216665896,-1.157736921666584
42.85,1.9960153297301026,9.90153840385588e-06,0.06996634770150978,0.05785285190910283,1.1392091245293807,1.1392091245292357,0.14215855563812396,-1.1392091245292661,-1.1392091245292602
42.9,1.9947029416520412,1.8919220581281593e-05,0.08544706360090126,0.0624572831827237,1.1189554820319876,1.118955482031838,0.128330532265859,-1.118955482031871,-1.1189554820318643
42.95,1.9963966068347618,2.8975491896066075e-05,0.1006939355728731,0.06632292105253801,1.0970811722855793,1.097081172285425,0.11565644564865463,-1.0970811722854608,-1.0970811722854537
43.0,1.999188844988451,3.7466857947254795e-05,0.11730030712164807,0.06971918644347497,1.0737060639635116,1.073706063963352,0.10417421440057373,-1.0737060639633904,-1.0737060639633835
43.05,1.9997917346403258,4.207204441453172e-05,0.13727692449293816,0.07361381361313324,1.0489205417839442,1.0489205417837792,0.09388228982380964,-1.0489205417838203,-1.0489205417838134
43.1,1.9974313865233029,4.138822195631775e-05,0.16045462387571074,0.0784623072788806,1.0227823327039456,1.0227823327037755,0.0847554326833222,-1.022782332703819,-1.022782332703812
43.15,1.994846912676342,3.537424424226998e-05,0.18442870911829545,0.08361806885129419,0.9953649705687435,0.9953649705685677,0.07676962991002201,-0.9953649705686143,-0.9953649705686065
43.2,1.9950244449584997,2.5467228876419057e-05,0.20713767847208286,0.08814284960014662,0.9667970428732766,0.9667970428730954,0.06990620438163209,-0.9667970428731452,-0.9667970428731372
43.25,1.997784280560305,1.4298198077966617e-05,0.22886019446509898,0.0919240147735656,0.9372407695635927,0.937240769563406,0.06413623639556221,-0.9372407695634581,-0.9372407695634499
43.3,1.9999244229036102,5.040443642911896e-06,0.25159233991199326,0.09580156790580263,0.9068327407102847,0.9068327407100925,0.05940832951192565,-0.9068327407101475,-0.9068327407101395
43.35,1.9988684375878485,5.402228095974237e-07,0.27649402789630395,0.10054695396200497,0.8756470089241446,0.8756470089239468,0.05565278306280419,-0.8756470089240044,-0.8756470089239967
43.4,1.9958169216253712,2.471205070353477e-06,0.3022109986289585,0.10588191223773746,0.8437310444894477,0.8437310444892445,0.05279568704144966,-0.8437310444893049,-0.8437310444892971
43.45,1.9943190501711496,1.0789056278825981e-05,0.32619967142669326,0.11083605431618881,0.811177496955328,0.8111774969551198,0.05076692341767819,-0.8111774969551826,-0.8111774969551747
43.5,1.9960997576055146,2.3678489662337654e-05,0.34736467955256267,0.11493592947870912,0.7781361198479622,0.7781361198477486,0.0494963136986879,-0.778136119847814,-0.7781361198478062
43.55,1.9991138520389804,3.7998042318410086e-05,0.3669439986995937,0.11875380272015224,0.7447531331735098,0.7447531331732908,0.04890754567580746,-0.744753133173359,-0.7447531331733512
43.6,1.9998017143936486,5.007864887573987e-05,0.38688939966382163,0.12323313520032886,0.711104478241003,0.7111044782407787,0.04891814667577221,-0.7111044782408495,-0.7111044782408422
43.65,1.9973096042851228,5.668529965419111e-05,0.4073808976512123,0.12851829436720985,0.677201220439168,0.6772012204389397,0.049444754620527664,-0.6772012204390123,-0.677201220439005
43.7,1.9945542534343172,5.59177918235676e-05,0.42638322753147784,0.13377968334716583,0.6430691148053747,0.6430691148051408,0.050407495694662074,-0.6430691148052162,-0.6430691148052089
43.75,1.994723522951066,4.779915605657159e-05,0.4418143951486164,0.13825612257818842,0.6088041624236076,0.6088041624233687,0.05173019011022473,-0.6088041624234464,-0.6088041624234393
43.8,1.9976205129220599,3.436935871192759e-05,0.4536516920617788,0.1421554258443889,0.5745415858064638,0.5745415858062204,0.05333828827581466,-0.5745415858063003,-0.5745415858062932
43.85,1.9998670299394172,1.9238908902874385e-05,0.46376754996624725,0.14641238904401188,0.5403747973487736,0.5403747973485258,0.05515805555259523,-0.5403747973486075,-0.5403747973486006
43.9,1.9987976497174766,6.667548948513513e-06,0.4736869793135545,0.151558885577862,0.5063224734724627,0.5063224734722107,0.05711820583673033,-0.5063224734722948,-0.506322473472288
43.95,1.9956783851476174,3.6253085289317255e-07,0.48266523079050505,0.15705681647197478,0.472385226492833,0.47238522649257697,0.059151551143793224,-0.4723852264926627,-0.47238522649265613
44.0,1.9941647866083143,2.364075508465291e-06,0.48843304080661243,0.16198253327768208,0.4386256711919416,0.4386256711916814,0.06119496930876078,-0.4386256711917692,-0.43862567119176266
44.05,1.9959919277976554,1.242066528561736e-05,0.48967305229435465,0.166148934608229,0.40517791316375495,0.40517791316349117,0.0631883181595374,-0.4051779131635804,-0.4051779131635741
44.1,1.9990407509972157,2.8046751324506403e-05,0.4873657002305869,0.17031245237333326,0.37217812356188507,0.3721781235616177,0.06507456058105099,-0.37217812356170876,-0.37217812356170266
44.15,1.9997348920836604,4.5194844388696254e-05,0.48368416948367,0.17527466045090456,0.33970237921709856,0.3397023792168281,0.06680183296181053,-0.3397023792169205,-0.3397023792169148
44.2,1.9972833280978346,5.934068424728878e-05,0.47946457950132815,0.18087724078193013,0.3077856910325676,0.3077856910322936,0.06832508459957021,-0.3077856910323879,-0.3077856910323823
44.25,1.994616731719896,6.670518932527791e-05,0.47319315826357133,0.1861924237283663,0.276497987478447,0.2764979874781701,0.06960532227794758,-0.2764979874782659,-0.27649798747826065
44.3,1.9948360104420333,6.527874708850412e-05,0.46276880743245785,0.19066831836764897,0.24598740623212056,0.245987406231841,0.07060700064944947,-0.24598740623193827,-0.2459874062319333
44.35,1.9976702797059331,5.537402961275362e-05,0.4478877325298205,0.19476069444693733,0.2164440576846165,0.21644405768433428,0.0712967061460994,-0.21644405768443292,-0.21644405768442837
44.4,1.999818031256962,3.9591105785774516e-05,0.43048968177934865,0.1993756442609338,0.18803295940273745,0.18803295940245368,0.07164539647358503,-0.1880329594025533,-0.188032959402549
44.45,1.9987855063978415,2.2192176199364866e-05,0.4127113584345199,0.20474019197659032,0.16087952543495065,0.1608795254346651,0.07163229006039296,-0.16087952543476564,-0.16087952543476158
44.5,1.9958754913806844,7.975200510212943e-06,0.3944954849831064,0.21008091961920616,0.13511813025789565,0.13511813025760855,0.07124681639385022,-0.13511813025770983,-0.13511813025770608
44.55,1.994540330710097,9.182703004650961e-07,0.37382010432515944,0.21457546705400232,0.11094011167134821,0.11094011167106022,0.07048746586637522,-0.11094011167116208,-0.11094011167115869
44.6,1.996299581677202,3.032893148180449e-06,0.3492466444756752,0.21832199374344463,0.08858465905609236,0.08858465905580437,0.06935887400933538,-0.08858465905590626,-0.08858465905590328
44.65,1.9991052676397945,1.3804386088889231e-05,0.3218002036331251,0.22216953883675017,0.06828694137119751,0.06828694137090885,0.06787138531975856,-0.06828694137101099,-0.06828694137100833
44.7,1.9996930660040806,3.0357033061978456e-05,0.294203978640305,0.22665806156573765,0.05024770724707173,0.05024770724678218,0.06604404896039662,-0.050247707246884744,-0.0502477072468825
44.75,1.997457967374006,4.826445959449366e-05,0.26803471517927435,0.23128562095106142,0.03465195711125135,0.034651957110962694,0.06390795488266199,-0.03465195711106434,-0.03465195711106252
44.8,1.995122884779654,6.277582277625093e-05,0.2421840965677844,0.23509846695744874,0.021700766610211586,0.021700766609923816,0.06150695198611511,-0.021700766610025214,-0.02170076661002372
44.85,1.995396473440454,7.010245509642132e-05,0.2145971256070105,0.23783904606700013,0.01161149171939524,0.011611491719109024,0.05889349875396288,-0.011611491719209562,-0.011611491719208503
44.9,1.997930933862238,6.838582774615354e-05,0.18507347587545908,0.24017687794560239,0.004586666740019396,0.004586666739734735,0.05612378689147457,-0.0045866667398344815,-0.004586666739833826
44.95,1.9997854612420354,5.812047447095736e-05,0.15601760308502888,0.24284731961197492,0.0007906628161231666,0.000790662815841392,0.05325692767155932,-0.0007906628159394607,-0.000790662815939288
45.0,1.9988359136833087,4.199566708096292e-05,0.13018094696987093,0.24568223462199157,0.0003567653872611487,0.0003567653869822607,0.05035776783318058,-0.0003567653870791393,-0.000356765387079399
45.05,1.9963030395874501,2.420246902135048e-05,0.10778952544679044,0.24776670398611333,0.003401237453977135,0.003401237453702244,0.047499371734016194,-0.0034012374537969983,-0.003401237453797644
45.1,1.9951782042823465,9.327862983576907e-06,0.08675937626356633,0.24855938333774352,0.010014674531786838,0.010014674531515722,0.044759775595301976,-0.010014674531608505,-0.010014674531609476
45.15,1.9967120566855088,1.121043250007503e-06,0.06565811054534931,0.24848811311552876,0.0202370593148673,0.02023705931460018,0.04221559436186073,-0.020237059314690956,-0.0202370593146923
45.2,1.99912418505776,1.508972384600682e-06,0.04576740223309894,0.24836777928516485,0.03404922852313019,0.034049228522867736,0.03993970441943784,-0.03404922852295604,-0.0340492285229578
45.25,1.9996199478206673,1.0121278127828148e-05,0.03006730815395864,0.2483769464046106,0.05139190394175697,0.051391903941500505,0.03800147253990582,-0.051391903941585965,-0.051391903941588
45.3,1.997674806611156,2.4414252649318513e-05,0.019988545249252088,0.24780611201464775,0.07218478770482228,0.07218478770457137,0.03646713405638202,-0.07218478770465414,-0.07218478770465653
45.35,1.9956147326800586,4.038267298445142e-05,0.013911338098473447,0.24595624378210168,0.09631232707054949,0.09631232707030479,0.035396095719504306,-0.09631232707038417,-0.09631232707038678
45.4,1.9957887146713609,5.368927095128484e-05,0.009398834194943362,0.2429899214165272,0.12359258036782994,0.12359258036759169,0.03483573836164222,-0.12359258036766795,-0.12359258036767082
45.45,1.9979619093914418,6.083508367149548e-05,0.006168478929122312,0.2396946341018984,0.15377288103005404,0.153772881029822,0.03482440164592493,-0.15377288102989475,-0.1537728810298979
45.5,1.9996252801156507,6.0009401443572585e-05,0.006463101496526846,0.23654761294547377,0.18656713202188357,0.1865671320216582,0.035394076924529116,-0.18656713202172742,-0.1865671320217307
45.55,1.998840981062146,5.148498360907361e-05,0.01241052688738531,0.23315801611174192,0.22170091814411963,0.22170091814390114,0.03656656939265002,-0.22170091814396709,-0.2217009181439705
45.6,1.9965425867964923,3.7533684304591475e-05,0.02328491577211822,0.22880763181666763,0.25891004399141293,0.258910043991202,0.03834862882307277,-0.25891004399126377,-0.2589100439912674
45.65,1.9953844173711455,2.1833486571587457e-05,0.03624746156426273,0.22338759214662973,0.29789311651183015,0.29789311651162587,0.04072847338341279,-0.2978931165116844,-0.297893116511688
45.7,1.9966500113242398,8.483118152824431e-06,0.049521245465279806,0.21753814554819906,0.33828518582262346,0.3382851858224267,0.04368445416558164,-0.33828518582248146,-0.33828518582248507
45.75,1.9988755167785466,9.308179236278136e-07,0.06406752618137146,0.2119186837670981,0.37969476792346657,0.37969476792327694,0.047196559957351614,-0.37969476792332785,-0.37969476792333157
45.8,1.9994666176267903,1.0834260553149733e-06,0.08213422799797532,0.20647734963601483,0.42177397646649606,0.4217739764663131,0.051240613011728,-0.4217739764663605,-0.42177397646636416
45.85,1.9977071476483428,8.758907842576491e-06,0.10418590625559032,0.20058644851139906,0.46424715070019285,0.46424715070001676,0.05578097621888478,-0.46424715070006073,-0.4642471507000644
45.9,1.9956239200057464,2.1692187502697635e-05,0.12793360889936567,0.19388738142978568,0.5068613491166043,0.5068613491164347,0.06076784245744471,-0.5068613491164752,-0.5068613491164791
45.95,1.9955802589741487,3.620990635599952e-05,0.15070553482609794,0.1867592228659931,0.549325791136988,0.5493257911368248,0.06614222390176794,-0.5493257911368623,-0.5493257911368661
46.0,1.9975961826001614,4.8322581903015305e-05,0.17207508964512508,0.17989597987967354,0.5913207095110171,0.5913207095108604,0.07185246868559503,-0.5913207095108945,-0.5913207095108979
46.05,1.9993389821070016,5.479810379882544e-05,0.19386605204852847,0.17354140401423024,0.6325694033094846,0.6325694033093332,0.07785501964945318,-0.6325694033093647,-0.6325694033093681
46.1,1.9987486167890482,5.3968904259793504e-05,0.21765397998053526,0.1672538828637884,0.6728975306285481,0.6728975306284017,0.08410764690322647,-0.6728975306284309,-0.6728975306284337
46.15,1.99647741989956,4.6153491590983364e-05,0.2425310816481192,0.16050289436226262,0.7122053514129285,0.7122053514127871,0.09056797705830322,-0.7122053514128137,-0.7122053514128164
46.2,1.9951246705684964,3.353352545865107e-05,0.26588011883605844,0.1533452183954429,0.7503829460493847,0.7503829460492486,0.09718752862793245,-0.7503829460492728,-0.7503829460492752
46.25,1.9962036063344744,1.9492163069401158e-05,0.28610868548141166,0.14636866462693243,0.7872732746673803,0.7872732746672486,0.10391620202770446,-0.7872732746672706,-0.7872732746672727
46.3,1.998459085697153,7.692281141391533e-06,0.30408719317438404,0.1400268277047978,0.8227221360401971,0.8227221360400694,0.11071255561356441,-0.8227221360400891,-0.822722136040091
46.35,1.9992673392107236,1.143527154301438e-06,0.3219037231576998,0.13413130287177055,0.8566551311866553,0.8566551311865314,0.11754727390435615,-0.8566551311865492,-0.8566551311865507
46.4,1.9976635694316778,1.3720337459499632e-06,0.34027258478973477,0.128104793636743,0.8890880023308041,0.8890880023306833,0.12440787492862748,-0.8890880023307,-0.8890880023307008
46.45,1.995488450321825,7.94184938479603e-06,0.35756273870693467,0.12169511847925385,0.9200545362988088,0.9200545362986912,0.13128634739980072,-0.9200545362987064,-0.9200545362987069
46.5,1.9952133556465643,1.8633107749854716e-05,0.37157822954950426,0.11527348196729914,0.9495383832771052,0.9495383832769906,0.13816076388484255,-0.9495383832770042,-0.9495383832770041
46.55,1.9971179797205356,3.0206595493798005e-05,0.3818940484847675,0.10939698924273866,0.9774848664439353,0.9774848664438238,0.14500120468931144,-0.977484866443836,-0.9774848664438358
46.6,1.9990059054659641,3.93603393851194e-05,0.3901981150544933,0.10416396016759233,1.0038725669087751,1.0038725669086654,0.15178866132291047,-1.003872566908677,-1.0038725669086759
46.65,1.9986933732269594,4.3605750410735666e-05,0.3983602311351948,0.09910048434488794,1.028756647898474,1.0287566478983665,0.1585336611147512,-1.0287566478983772,-1.0287566478983758
46.7,1.996549843384584,4.192905358579857e-05,0.40628413680774766,0.09373335140772565,1.0522319827055806,1.0522319827054745,0.16526895796575558,-1.0522319827054847,-1.0522319827054831
46.75,1.9950401717453123,3.5014431854385464e-05,0.41203379284228214,0.08815108848866382,1.0743601659175392,1.0743601659174344,0.17201358430543223,-1.0743601659174442,-1.0743601659174415
46.8,1.9958519024299655,2.4915515174583902e-05,0.4140331528128951,0.08288840648610485,1.0951442608659399,1.0951442608658362,0.1787573552311379,-1.0951442608658448,-1.0951442608658424
46.85,1.9980324714489797,1.4398913943836078e-05,0.41279143095054716,0.0782967941446775,1.1145732163854456,1.114573216385343,0.18548365440515302,-1.114573216385352,-1.1145732163853492
46.9,1.9990890484061392,6.225665611259146e-06,0.4103797247721155,0.07412503541417981,1.1326771730926486,1.1326771730925473,0.19220389074653088,-1.1326771730925551,-1.1326771730925522
46.95,1.9978394725819268,2.4314011164427995e-06,0.4081715616304322,0.0698099362792517,1.1495284140787803,1.1495284140786795,0.19896964247153348,-1.1495284140786874,-1.149528414078684
47.0,1.9957576365668828,3.733723312970838e-06,0.4053422824360826,0.06514495390190245,1.165190361959394,1.1651903619592936,0.2058367496370579,-1.1651903619593016,-1.1651903619592971
47.05,1.9952117211139242,9.371152988935094e-06,0.3998759176204649,0.060516828147059165,1.1796771443555945,1.1796771443554943,0.21282595771244806,-1.1796771443555016,-1.1796771443554972
47.1,1.9967766099367468,1.7455824647960583e-05,0.3908712461979027,0.05644275612575966,1.1929675992156115,1.1929675992155115,0.21993079309657082,-1.1929675992155189,-1.1929675992155144
47.15,1.9986656567275152,2.5581330378887657e-05,0.3796060586277783,0.052959103447805855,1.205050263250867,1.205050263250767,0.22715567889866017,-1.205050263250774,-1.20505026325077
47.2,1.9987598287837582,3.147303034412019e-05,0.36824735533992703,0.04956675712454883,1.21594460167218,1.21594460167208,0.23454878342490781,-1.2159446016720872,-1.2159446016720827
47.25,1.9970197712324458,3.361331167894832e-05,0.35750495042371,0.04582253373820455,1.2256777843685236,1.225677784368423,0.24218637935497966,-1.2256777843684306,-1.2256777843684254
47.3,1.9954678815362217,3.1650520524451053e-05,0.3459236968024211,0.04186933916117397,1.2342499289058204,1.2342499289057187,0.250123615828284,-1.2342499289057265,-1.2342499289057212
47.35,1.9958264446671603,2.6373667488366337e-05,0.33163900513118705,0.03826533077260086,1.2416293789582087,1.241629378958106,0.25837792092161993,-1.2416293789581145,-1.2416293789581085
47.4,1.9976552834433217,1.934429832894935e-05,0.3145631764215482,0.03532552912866582,1.2477778892076552,1.2477778892075513,0.266954083618957,-1.2477778892075602,-1.2477778892075542
47.45,1.9989080852935917,1.2444274386513854e-05,0.2966551459681961,0.032743604779126745,1.2526713438303636,1.2526713438302581,0.275881203633352,-1.2526713438302677,-1.2526713438302612
47.5,1.9982302481740875,7.409287461568326e-06,0.27990407254451877,0.029949238515695642,1.2562936058592604,1.2562936058591532,0.28522619555893125,-1.2562936058591636,-1.2562936058591567
47.55,1.996464517639698,5.355704743026379e-06,0.26420244414964333,0.026797174446532068,1.2586175370312707,1.2586175370311616,0.29505768633115315,-1.258617537031173,-1.2586175370311659
47.6,1.9956099907900866,6.494526942457668e-06,0.24762969670235702,0.023749515635728358,1.2596009810575683,1.259600981057457,0.30541213824634816,-1.2596009810574698,-1.2596009810574627
47.65,1.996576178380638,1.0185955050978635e-05,0.22879978634876075,0.021329583965730148,1.2592016108872555,1.2592016108871422,0.31629943518177184,-1.259201610887156,-1.2592016108871484
47.7,1.9982788129434241,1.5212550378063128e-05,0.20860301517617508,0.019501141432735736,1.2573885098415232,1.2573885098414073,0.3277246993187619,-1.2573885098414224,-1.2573885098414144
47.75,1.9988521703711362,2.0114359538636606e-05,0.18946443047232764,0.017704084797335318,1.254135692326624,1.2541356923265052,0.3397164510584001,-1.2541356923265217,-1.2541356923265137
47.8,1.997716993130079,2.3583211437916418e-05,0.17279326294574204,0.015527636436364567,1.24940946635954,1.2494094663594182,0.352321934123089,-1.2494094663594364,-1.249409466359428
47.85,1.9961871157758975,2.4841659780783232e-05,0.1575392976988319,0.013219111028773156,1.2431717521338261,1.243171752133701,0.3655739429984175,-1.2431717521337209,-1.243171752133712
47.9,1.9959410330777658,2.379590955836619e-05,0.1416165705793231,0.011394043961534983,1.235398337091271,1.2353983370911426,0.37947971348889586,-1.235398337091164,-1.235398337091155
47.95,1.9972290533805404,2.0922867147277202e-05,0.12447507590665619,0.01029869051089527,1.2260881376639414,1.2260881376638093,0.394025305903555,-1.2260881376638326,-1.2260881376638233
48.0,1.9986532876496281,1.707406706108472e-05,0.10794224003975961,0.009508574394808011,1.215249806946207,1.215249806946071,0.4091905384644392,-1.2152498069460962,-1.2152498069460864
48.05,1.9986634471884397,1.3277792492383256e-05,0.0943892925750025,0.008429329349809223,1.2028804070931418,1.202880407093002,0.4249684643168321,-1.2028804070930295,-1.2028804070930192
48.1,1.997271300515133,1.047504017015477e-05,0.08415524946985098,0.007021481618395775,1.1889661374185563,1.188966137418412,0.44135360555916137,-1.1889661374184413,-1.1889661374184315
48.15,1.996018804619406,9.254356953647402e-06,0.07530494019748857,0.005857313297351174,1.1735103651625636,1.1735103651624148,0.4583241888064773,-1.1735103651624463,-1.1735103651624366
48.2,1.9962690545034847,9.746938828492091e-06,0.06602904533523368,0.005423520415181127,1.15655640129674,1.1565564012965865,0.4758364190098723,-1.1565564012966207,-1.1565564012966103
48.25,1.997772639700904,1.167212371666615e-05,0.05681365697393481,0.005527217442379939,1.1381751761389876,1.1381751761388295,0.493823938361726,-1.1381751761388657,-1.138175176138855
48.3,1.998898547637971,1.442096720172259e-05,0.0500180311177294,0.00551395329004345,1.118429069550066,1.1184290695499026,0.5122166666356951,-1.118429069549941,-1.1184290695499306
48.35,1.9983793194452415,1.7200769398595384e-05,0.04726211480978604,0.005051219310119759,1.0973518024601578,1.0973518024599895,0.5309526733489589,-1.0973518024600302,-1.0973518024600204
48.4,1.996762045027597,1.9281755667677203e-05,0.04755677351927212,0.004539042217756695,1.074972427463135,1.0749724274629613,0.5499703639160085,-1.0749724274630046,-1.0749724274629944
48.45,1.9958230988493657,2.020565138449726e-05,0.04848855741199065,0.004616071894348428,1.0513583448080586,1.0513583448078798,0.5692006587145544,-1.0513583448079253,-1.0513583448079153
48.5,1.9966208157694696,1.982611701745185e-05,0.048998113782871666,0.005369659285145101,1.026624009521021,1.0266240095208363,0.5885585763198404,-1.0266240095208847,-1.0266240095208747
48.55,1.9983237565832912,1.8273432434101622e-05,0.05051643994241273,0.0062198356722760195,1.0008913886950694,1.0008913886948794,0.6079466067243793,-1.0008913886949307,-1.0008913886949204
48.6,1.9990205387739897,1.5947641357705322e-05,0.05529970286897212,0.006602363108742626,0.9742428774113332,0.9742428774111374,0.6272684784189257,-0.9742428774111911,-0.9742428774111809
48.65,1.9978569308102032,1.345609760416977e-05,0.0637221924909932,0.006651736178611811,0.9467206778376229,0.9467206778374218,0.6464331114270521,-0.9467206778374779,-0.9467206778374677
48.7,1.9960896264496724,1.1437565457406151e-05,0.07370535678704848,0.007035421858748281,0.9183796530546786,0.9183796530544721,0.665354233138268,-0.918379653054531,-0.9183796530545207
48.75,1.9956975852951935,1.0393425740051754e-05,0.08302608384136367,0.008121519525525756,0.8893311137948721,0.8893311137946598,0.6839450724232801,-0.8893311137947213,-0.8893311137947113
48.8,1.9971704753526425,1.0599908740971387e-05,0.09167677988585066,0.009524040828155389,0.8597216703807442,0.8597216703805262,0.7021109462610189,-0.8597216703805904,-0.8597216703805807
48.85,1.998883697750569,1.2029541550440115e-05,0.10168308713359675,0.010557308629949969,0.8296707784062916,0.8296707784060682,0.7197523943223185,-0.8296707784061355,-0.8296707784061252
48.9,1.9988294932976853,1.4301125967897121e-05,0.11463872829984867,0.011053429577286389,0.7992318170692982,0.7992318170690691,0.736773489098336,-0.799231817069139,-0.7992318170691288
48.95,1.9969798262148306,1.6792125090425714e-05,0.12964659783412902,0.011570055001308699,0.7684258284224406,0.7684258284222061,0.7530912273846746,-0.7684258284222786,-0.7684258284222684
49.0,1.9954046168242734,1.8871800971487218e-05,0.14417294124209912,0.012696267079659318,0.7373136400383109,0.7373136400380711,0.7686388709737426,-0.7373136400381461,-0.7373136400381364
49.05,1.995909394272884,2.0056571283344482e-05,0.15678231781633034,0.014323106105531558,0.706016093324997,0.7060160933247523,0.7833565751295604,-0.70601609332483,-0.7060160933248201
49.1,1.9979720305070772,2.0061677661109556e-05,0.16850848154310327,0.01577580741963236,0.6746586852850291,0.6746586852847789,0.7971800475386315,-0.6746586852848594,-0.6746586852848497
49.15,1.9992220997621992,1.8871212986715236e-05,0.18150158687251228,0.016612103253642818,0.6433031611048503,0.643303161104595,0.8100397367296872,-0.6433031611046776,-0.6433031611046681
49.2,1.9981350040411594,1.6790724731041706e-05,0.19638753938033382,0.017159844798397828,0.6119452694225451,0.6119452694222844,0.8218723260144545,-0.6119452694223694,-0.6119452694223603
49.25,1.9958974670733014,1.4357463118619407e-05,0.2113363041561287,0.0181182099898205,0.5805861136318022,0.5805861136315369,0.8326319886708424,-0.5805861136316242,-0.5805861136316154
49.3,1.9950660342674096,1.2171414237371891e-05,0.22401644875630944,0.019689980103549498,0.5492941241166864,0.549294124116416,0.8422864672044659,-0.5492941241165057,-0.549294124116497
49.35,1.9966193398301941,1.077442459429534e-05,0.23406083685092205,0.021338808376878404,0.5181851860059661,0.5181851860056907,0.8508025478993739,-0.5181851860057833,-0.5181851860057748
49.4,1.998801547982992,1.0528974060397545e-05,0.24328206336395697,0.02242972412109978,0.48734496098996893,0.4873449609896894,0.8581379098918767,-0.48734496098978375,-0.48734496098977553
49.45,1.999047218161416,1.145847475214623e-05,0.25350902828775146,0.02298806920762253,0.4567854161337417,0.45678541613345747,0.8642491075924472,-0.4567854161335543,-0.45678541613354645
49.5,1.9970053640906948,1.3214580311116109e-05,0.2643343486182148,0.023680859105468244,0.42648785154255275,0.426487851542265,0.8691067198282418,-0.42648785154236346,-0.4264878515423558
49.55,1.995012677657178,1.5259226338493193e-05,0.2734451701160041,0.02499526961233345,0.396481181385993,0.3964811813857012,0.8726975274895157,-0.3964811813858019,-0.3964811813857946
49.6,1.9953665083255454,1.707569922304586e-05,0.2791729729237189,0.026639618781319818,0.3668649180623216,0.36686491806202604,0.8750133527767472,-0.3668649180621285,-0.3668649180621215
49.65,1.9976850771167092,1.826531532556075e-05,0.2822377083418486,0.027902160254140718,0.33775288466149656,0.33775288466119724,0.8760409938489833,-0.3377528846613016,-0.3377528846612947
49.7,1.999288606598373,1.8614599838651102e-05,0.2848664420051916,0.028497853747580848,0.3092057520526197,0.30920575205231726,0.8757641152723497,-0.3092057520524232,-0.3092057520524166
49.75,1.998273727481018,1.8163687932171158e-05,0.28820205034286284,0.028929616066911024,0.281234433767783,0.28123443376747703,0.8741732639286897,-0.28123443376758456,-0.28123443376757834
49.8,1.9957978304064774,1.7157861053274104e-05,0.2908889423236647,0.02988548129800117,0.2538685302014414,0.2538685302011321,0.8712690888379095,-0.25386853020124145,-0.2538685302012354
49.85,1.9947276984641418,1.590333082379658e-05,0.2905937693136349,0.03138818326909054,0.2272072144609818,0.22720721446066916,0.8670573107091428,-0.22720721446077985,-0.2272072144607742
49.9,1.996303899663186,1.4688134665652441e-05,0.28663805904099027,0.03277394609935369,0.20139789369530892,0.2013978936949934,0.8615470149619646,-0.20139789369510538,-0.20139789369510017
49.95,1.9987260059239835,1.3756891044325315e-05,0.2807417772684111,0.03349130310927473,0.17657219301540428,0.17657219301508675,0.8547548651446513,-0.17657219301519986,-0.176572193015195
