Frequency,Absorption,Re_alpha_m_eff,Im_alpha_m_eff
1.5,0.0032195218680838578,0.0784919592035069,0.005441458391472111
1.5008752188047012,0.0032314333255426433,0.07859259276921143,0.0054584056141146154
1.5017504376094024,0.003243400743220256,0.07869353314149967,0.005475427553738747
1.5026256564141036,0.003255424456242059,0.0787947816496079,0.005492524645206306
1.5035008752188046,0.003267504802191132,0.07889633963039175,0.005509697326510755
1.5043760940235058,0.0032796421211296533,0.07899820842838008,0.005526946038804131
1.505251312828207,0.0032918367556204957,0.07910038939582958,0.005544271226424247
1.5061265316329082,0.0033040890507490413,0.07920288389277959,0.005561673336922147
1.5070017504376094,0.0033163993541451987,0.0793056932871074,0.00557915282108982
1.5078769692423106,0.003328768016005678,0.07940881895458415,0.005596710132988244
1.5087521880470118,0.003341195389116458,0.07951226227893111,0.005614345729975657
1.5096274068517128,0.0033536818288755032,0.07961602465187648,0.005632060072736148
1.510502625656414,0.0033662276933157033,0.07972010747321265,0.005649853625308525
1.5113778444611152,0.00337883334312804,0.0798245121508539,0.005667726855115459
1.5122530632658164,0.003391499141685,0.07992924010089465,0.00568568023299295
1.5131282820705176,0.0034042254550642266,0.08003429274766827,0.005703714233220071
1.5140035008752188,0.0034170126520724113,0.08013967152380622,0.005721829333549036
1.51487871967992,0.003429861104269419,0.08024537787029788,0.005740026015235532
1.5157539384846213,0.003442771185992678,0.08035141323655072,0.005758304763069404
1.5166291572893222,0.00345574327438181,0.0804577790804512,0.005776666065405627
1.5175043760940234,0.0034687777494035238,0.0805644768684259,0.005795110414195609
1.5183795948987246,0.003481874993876739,0.08067150807550351,0.005813638305018788
1.5192548137034259,0.0034950353934980107,0.08077887418537712,0.005832250237114594
1.520130032508127,0.003508259336867171,0.08088657669046705,0.005850946713414684
1.5210052513128283,0.0035215472155132677,0.08099461709198436,0.005869728240575553
1.5218804701175295,0.003534899423920761,0.08110299689999484,0.005888595329011464
1.5227556889222305,0.0035483163595559906,0.08121171763348348,0.005907548492927708
1.5236309077269317,0.003561798422893926,0.08132078082041974,0.005926588250354233
1.5245061265316329,0.003575346017445169,0.081430187997823,0.00594571512317957
1.525381345336334,0.00358895954978328,0.08153994071182892,0.005964929637185173
1.5262565641410353,0.003602639429572344,0.08165004051775618,0.005984232322080053
1.5271317829457365,0.00361638606959486,0.081760488980174,0.00600362371153582
1.5280070017504377,0.0036301998857799053,0.08187128767297001,0.0060231043432220676
1.528882220555139,0.0036440812972315896,0.0819824381794189,0.006042674758842103
1.5297574393598399,0.0036580307262578213,0.08209394209225147,0.006062335504169096
1.530632658164541,0.0036720485983993746,0.08220580101372463,0.00608208712908257
1.5315078769692423,0.003686135342459242,0.08231801655569157,0.006101930187605277
1.5323830957739435,0.0037002913905323275,0.082430590339673,0.006121865237940475
1.5332583145786447,0.0037145171780354237,0.08254352399692858,0.006141892842509573
1.534133533383346,0.0037288131437375237,0.08265681916852928,0.006162013567990184
1.535008752188047,0.0037431797297904535,0.08277047750543044,0.006182227985354589
1.535883970992748,0.00375761738175981,0.08288450066854498,0.006202536669908565
1.5367591897974493,0.0037721265486562574,0.08299889032881802,0.006222940201330675
1.5376344086021505,0.003786707682967125,0.08311364816730138,0.006243439163711921
1.5385096274068517,0.0038013612406883686,0.08322877587522944,0.006264034145595864
1.539384846211553,0.0038160876813568426,0.08334427515409495,0.0062847257400191125
1.5402600650162541,0.0038308874680829485,0.08346014771572632,0.006305514544552295
1.5411352838209553,0.003845761067583606,0.0835763952823649,0.006326401161341423
1.5420105026256563,0.003860708950215599,0.08369301958674329,0.0063473861971497375
1.5428857214303575,0.0038757315900092627,0.08381002237216448,0.006368470263399956
1.5437609402350587,0.0038908294647025253,0.08392740539258121,0.006389653976216979
1.54463615903976,0.003906003055775357,0.08404517041267665,0.006410937956471102
1.5455113778444611,0.0039212528484845206,0.08416331920794519,0.006432322829821588
1.5463865966491623,0.003936579331898772,0.08428185356477455,0.0064538092267608215
1.5472618154538635,0.003951982998934383,0.08440077528052817,0.006475397782658844
1.5481370342585645,0.003967464346391078,0.08452008616362854,0.0064970891378084185
1.5490122530632657,0.003983023874988369,0.08463978803364142,0.006518883937470588
1.549887471867967,0.003998662089402225,0.08475988272136036,0.006540782831920633
1.5507626906726681,0.004014379498302227,0.08488037206889253,0.006562786476494654
1.5516379094773693,0.004030176614389058,0.085001257929745,0.006584895531636571
1.5525131282820706,0.004046053954432422,0.08512254216891187,0.006607110662945627
1.5533883470867718,0.004062012039309411,0.08524422666296227,0.006629432541224494
1.554263565891473,0.004078051394043222,0.085366313300129,0.006651861842527773
1.555138784696174,0.004094172547842354,0.08548880398039814,0.006674399248211115
1.5560140035008752,0.004110376034140231,0.0856117006155995,0.006697045444980866
1.5568892223055764,0.004126662390635219,0.0857350051294976,0.006719801124944198
1.5577644411102776,0.004143032159331122,0.08585871945788386,0.0067426669856598355
1.5586396599149788,0.004159485886578117,0.08598284554866946,0.00676564373018934
1.55951487871968,0.004176024123114116,0.08610738536197887,0.006788732067148903
1.5603900975243812,0.004192647424106631,0.08623234087024484,0.006811932710761788
1.5612653163290822,0.004209356349195037,0.08635771405830331,0.006835246380911245
1.5621405351337834,0.004226151462533392,0.08648350692349031,0.006858673803194145
1.5630157539384846,0.004243033332833616,0.08660972147573874,0.006882215708975022
1.5638909727431858,0.0042600025334092705,0.08673635973767667,0.0069058728354409035
1.564766191547887,0.004277059642219724,0.08686342374472637,0.006929645925656586
1.5656414103525882,0.004294205241914891,0.0869909155452043,0.006953535728620642
1.5665166291572894,0.004311439919880407,0.08711883720042182,0.00697754299932197
1.5673918479619906,0.004328764268283348,0.08724719078478725,0.0070016684987970045
1.5682670667666916,0.004346178884118431,0.08737597838590833,0.0070259129941875375
1.5691422855713928,0.004363684369254778,0.08750520210469627,0.00705027725879924
1.570017504376094,0.004381281330483154,0.08763486405547025,0.007074762072160765
1.5708927231807952,0.004398970379563759,0.08776496636606296,0.007099368220083542
1.5717679419854964,0.004416752133274567,0.08789551117792761,0.00712409649472225
1.5726431607901976,0.004434627213460207,0.0880265006462453,0.007148947694635967
1.5735183795948988,0.0044525962470813646,0.08815793694003378,0.007173922624849961
1.5743935983995998,0.004470659866264799,0.08828982224225712,0.007199022096918246
1.575268817204301,0.004488818708353884,0.08842215874993654,0.007224246928986797
1.5761440360090022,0.00450707341595972,0.08855494867426202,0.007249597945857453
1.5770192548137034,0.0045254246370128705,0.0886881942407052,0.00727507597905262
1.5778944736184046,0.004543873024815638,0.08882189768913334,0.007300681866880628
1.5787696924231058,0.004562419238094961,0.08895606127392418,0.007326416454501869
1.579644911227807,0.004581063941055918,0.08909068726408201,0.007352280593995669
1.580520130032508,0.004599807803435825,0.08922577794335487,0.007378275144427923
1.5813953488372092,0.004618651500558987,0.08936133561035302,0.0074044009719195225
1.5822705676419104,0.004637595713392037,0.08949736257866796,0.007430658949715521
1.5831457864466116,0.004656641128599924,0.08963386117699323,0.007457049958255099
1.5840210052513128,0.004675788438602563,0.08977083374924612,0.00748357488524235
1.584896224056014,0.004695038341632129,0.08990828265469038,0.007510234625717875
1.5857714428607153,0.004714391541791002,0.09004621026806042,0.0075370300821311735
1.5866466616654162,0.004733848749110385,0.09018461897968648,0.0075639621644138745
1.5875218804701174,0.00475341067960964,0.09032351119562114,0.007591031790053859
1.5883970992748186,0.00477307805535622,0.09046288933776675,0.007618239884170115
1.5892723180795199,0.004792851604526406,0.09060275584400462,0.007645587379588603
1.590147536884221,0.004812732061466681,0.09074311316832491,0.007673075216918891
1.5910227556889223,0.004832720166755841,0.09088396378095819,0.007700704344631734
1.5918979744936235,0.0048528166672678315,0.09102531016850796,0.0077284757191375154
1.5927731932983247,0.00487302231623532,0.09116715483408472,0.007756390304865642
1.5936484121030257,0.004893337873314004,0.09130950029744114,0.007784449074344804
1.5945236309077269,0.004913764104647695,0.09145234909510874,0.007812653008284253
1.595398849712428,0.00493430178293413,0.09159570378053557,0.007841003095655918
1.5962740685171293,0.004954951687491602,0.0917395669242257,0.007869500333777596
1.5971492873218305,0.0049757146043263424,0.09188394111387964,0.007898145728397032
1.5980245061265317,0.004996591326200713,0.09202882895453646,0.007926940293777029
1.598899724931233,0.005017582652702212,0.09217423306871707,0.007955885052781546
1.5997749437359339,0.005038689390313273,0.092320156096569,0.00798498103696279
1.600650162540635,0.0050599123524819375,0.09246660069601279,0.008014229286649402
1.6015253813453363,0.005081252359693302,0.09261356954288928,0.008043630851035568
1.6024006001500375,0.005102710239541871,0.09276106533110899,0.00807318678827129
1.6032758189547387,0.00512428682680475,0.0929090907728027,0.00810289816555367
1.60415103775944,0.005145982963515726,0.09305764859847326,0.008132766059219311
1.605026256564141,0.005167799499040218,0.09320674155714945,0.008162791554837793
1.6059014753688423,0.005189737290151126,0.09335637241654092,0.00819297574730624
1.6067766941735433,0.005211797201105613,0.09350654396319483,0.00822331974094508
1.6076519129782445,0.0052339801037227865,0.09365725900265412,0.008253824649594883
1.6085271317829457,0.005256286877462333,0.09380852035961719,0.008284491596714409
1.609402350587647,0.005278718409504059,0.09396033087809925,0.008315321715479749
1.6102775693923481,0.005301275594828489,0.0941126934215955,0.008346316148884803
1.6111527881970493,0.005323959336298307,0.09426561087324542,0.008377476049842777
1.6120280070017505,0.005346770544740915,0.0944190861359993,0.008408802581289085
1.6129032258064515,0.005369710139031887,0.09457312213278599,0.008440296916285336
1.6137784446111527,0.005392779046179537,0.09472772180668275,0.00847196023812473
1.614653663415854,0.0054159782014104145,0.09488288812108636,0.008503793740438572
1.6155288822205551,0.0054393085482559115,0.09503862405988611,0.008535798627304171
1.6164041010252563,0.005462771038639946,0.09519493262763895,0.008567976113354085
1.6172793198299575,0.005486366632967645,0.09535181684974575,0.008600327423886582
1.6181545386346587,0.005510096300215167,0.09550927977262981,0.00863285379497753
1.61902975743936,0.005533961018020638,0.09566732446391703,0.008665556473593647
1.619904976244061,0.0055579617727761505,0.09582595401261776,0.008698436717707071
1.6207801950487621,0.0055820995597209745,0.09598517152931103,0.008731495796411448
1.6216554138534633,0.00560637538303585,0.09614498014632984,0.008764734990039325
1.6225306326581646,0.005630790255938476,0.09630538301794912,0.008798155590281045
1.6234058514628658,0.005655345200780195,0.09646638332057511,0.008831758900305122
1.624281070267567,0.005680041249143867,0.096627984252937,0.008865546234880072
1.625156289072268,0.00570487944194293,0.0967901890362802,0.00889951892049772
1.6260315078769692,0.005729860829521757,0.096953000914562,0.008933678295498116
1.6269067266816704,0.005754986471757222,0.09711642315464893,0.008968025710195933
1.6277819454863716,0.005780257438161516,0.09728045904651621,0.009002562527008413
1.6286571642910728,0.005805674807986337,0.09744511190344944,0.00903729012058503
1.629532383095774,0.005831239670328257,0.09761038506224805,0.009072209877938572
1.6304076019004752,0.005856953124235556,0.09777628188343136,0.00910732319857808
1.6312828207051764,0.005882816278816279,0.09794280575144612,0.009142631494643253
1.6321580395098774,0.005908830253347723,0.09810996007487674,0.009178136191040662
1.6330332583145786,0.005934996177387314,0.09827774828665771,0.00921383872558165
1.6339084771192798,0.005961315190884824,0.09844617384428762,0.009249740549121912
1.634783695923981,0.005987788444296062,0.0986152402300461,0.009285843125702867
1.6356589147286822,0.006014417098698012,0.0987849509512129,0.009322147932694856
1.6365341335333834,0.006041202325905411,0.09895530954028887,0.00935865646094209
1.6374093523380846,0.006068145308588807,0.09912631955521972,0.009395370214909424
1.6382845711427856,0.0060952472403941515,0.09929798457962172,0.009432290712831056
1.6391597899474868,0.006122509326063924,0.0994703082230104,0.009469419486861091
1.640035008752188,0.006149932781559742,0.0996432941210307,0.009506758083225942
1.6409102275568892,0.006177518834186648,0.0998169459356906,0.009544308062378822
1.6417854463615904,0.006205268722718912,0.09999126735559648,0.009582070999156086
1.6426606651662916,0.00623318369752748,0.10016626209619123,0.009620048482935607
1.6435358839709928,0.006261265020709066,0.10034193389999485,0.0096582421177972
1.644411102775694,0.006289513966216956,0.10051828653684788,0.009696653522685148
1.645286321580395,0.006317931819993376,0.10069532380415668,0.009735284331572636
1.6461615403850962,0.006346519880103776,0.10087304952714235,0.009774136193628602
1.6470367591897974,0.006375279456872663,0.10105146755909153,0.00981321077338646
1.6479119779944986,0.00640421187302131,0.10123058178160996,0.009852509750915136
1.6487871967991998,0.006433318463807248,0.1014103961048792,0.009892034821992336
1.649662415603901,0.006462600577165553,0.10159091446791564,0.009931787698279997
1.6505376344086022,0.006492059573852003,0.1017721408388326,0.009971770107502066
1.6514128532133032,0.006521696827588121,0.10195407921510503,0.010011983793624607
1.6522880720180044,0.006551513725208091,0.10213673362383731,0.010052430517038202
1.6531632908227056,0.00658151166680762,0.10232010812203353,0.010093112054742762
1.6540385096274068,0.006611692065894779,0.10250420679687126,0.010134030200534782
1.654913728432108,0.006642056349542813,0.10268903376597767,0.010175186765197032
1.6557889472368092,0.006672605958544987,0.10287459317770925,0.010216583576690742
1.6566641660415105,0.006703342347571476,0.10306088921143403,0.010258222480350312
1.6575393848462117,0.006734266985328358,0.10324792607781734,0.010300105339080637
1.6584146036509126,0.006765381354718656,0.10343570801911024,0.010342234033556927
1.6592898224556138,0.006796686953005669,0.10362423930944165,0.010384610462427377
1.660165041260315,0.006828185291978267,0.10381352425511281,0.01042723654251823
1.6610402600650163,0.006859877898118623,0.10400356719489608,0.010470114209041892
1.6619154788697175,0.0068917663127720215,0.10419437250033604,0.010513245415807544
1.6627906976744187,0.0069238520923190555,0.10438594457605449,0.010556632135434748
1.6636659164791197,0.006956136808350069,0.1045782878600586,0.010600276359569814
1.6645411352838209,0.006988622047842022,0.10477140682405255,0.010644180099105126
1.665416354088522,0.00702130941333763,0.10496530597375221,0.010688345384401297
1.6662915728932233,0.0070542005231270565,0.10515998984920405,0.010732774265512472
1.6671667916979245,0.0070872970114319615,0.10535546302510686,0.010777468812414502
1.6680420105026257,0.007120600528592145,0.10555173011113751,0.010822431115236373
1.6689172293073269,0.007154112741254627,0.10574879575228022,0.010867663284494573
1.669792448112028,0.007187835332565375,0.10594666462915912,0.010913167451330771
1.670667666916729,0.0072217700023636255,0.10614534145837527,0.010958945767752666
1.6715428857214303,0.007255918467378875,0.10634483099284675,0.011005000406878135
1.6724181045261315,0.007290282461430538,0.10654513802215285,0.011051333563182657
1.6732933233308327,0.0073248637356303934,0.10674626737288212,0.011097947452750183
1.674168542135534,0.007359664058587762,0.10694822390898438,0.011144844313527372
1.675043760940235,0.007394685216617562,0.10715101253212646,0.011192026405581344
1.6759189797449363,0.007429929013951221,0.10735463818205228,0.011239496011360995
1.6767941985496373,0.007465397272950445,0.10755910583694653,0.011287255435961789
1.6776694173543385,0.007501091834324097,0.10776442051380311,0.011335307007394413
1.6785446361590397,0.007537014557347918,0.1079705872687971,0.011383653076856898
1.679419854963741,0.00757316732008739,0.10817761119766126,0.011432296019010642
1.6802950737684421,0.0076095520196237405,0.10838549743606683,0.01148123823226027
1.6811702925731433,0.0076461705722830065,0.10859425116000858,0.011530482139037289
1.6820455113778445,0.007683024913868382,0.10880387758619418,0.011580030186087763
1.6829207301825457,0.007720116999895823,0.10901438197243837,0.011629884844764009
1.6837959489872467,0.007757448805832853,0.10922576961806088,0.01168004861132022
1.684671167791948,0.007795022327340938,0.10943804586429003,0.011730524007212506
1.6855463865966491,0.00783283958052104,0.10965121609466981,0.011781313579402814
1.6864216054013503,0.0078709026021628,0.10986528573547225,0.011832419900667333
1.6872968242060515,0.007909213449997211,0.11008026025611473,0.011883845569909198
1.6881720430107527,0.007947774202952848,0.11029614516958149,0.011935593212475561
1.689047261815454,0.007986586961415769,0.11051294603285047,0.011987665480479161
1.689922480620155,0.008025653847493092,0.11073066844732496,0.01204006505312447
1.6907976994248561,0.008064977005280381,0.11094931805927032,0.012092794637038459
1.6916729182295573,0.008104558601132758,0.11116890056025544,0.012145856966605988
1.6925481370342585,0.008144400823940003,0.11138942168759976,0.012199254804310092
1.6934233558389598,0.008184505885405566,0.1116108872248254,0.012252990941077077
1.694298574643661,0.00822487602032955,0.11183330300211436,0.01230706819662649
1.6951737934483622,0.008265513486895817,0.11205667489677114,0.01236148941982618
1.6960490122530634,0.008306420566963239,0.11228100883369102,0.012416257489052427
1.6969242310577644,0.008347599566361137,0.11250631078583351,0.012471375312555256
1.6977994498624656,0.008389052815189039,0.11273258677470142,0.01252684582882902
1.6986746686671668,0.00843078266812073,0.11295984287082594,0.012582672006988297
1.699549887471868,0.008472791504712784,0.11318808519425666,0.01263885684714927
1.7004251062765692,0.008515081729717586,0.11341731991505827,0.012695403380816636
1.7013003250812704,0.008557655773400882,0.11364755325381246,0.012752314671276079
1.7021755438859714,0.008600516091864071,0.11387879148212617,0.012809593813992581
1.7030507626906726,0.008643665167371119,0.11411104092314568,0.012867243937014376
1.7039259814953738,0.00868710550868036,0.11434430795207681,0.012925268201382978
1.704801200300075,0.00873083965138109,0.11457859899671129,0.012983669801549011
1.7056764191047762,0.008774870158235287,0.11481392053795961,0.013042451965794417
1.7065516379094774,0.008819199619524189,0.11505027911039,0.013101617956660577
1.7074268567141786,0.00886383065340018,0.11528768130277407,0.013161171071382979
1.7083020755188798,0.00890876590624381,0.11552613375863875,0.013221114642332188
1.709177294323581,0.008954008053026109,0.11576564317682497,0.013281452037461314
1.710052513128282,0.008999559797676391,0.11600621631205321,0.013342186660760227
1.7109277319329832,0.009045423873455485,0.11624785997549576,0.013403321952716433
1.7118029507376844,0.009091603043334548,0.11649058103535558,0.013464861390782807
1.7126781695423856,0.009138100100379621,0.11673438641745264,0.013526808489852377
1.7135533883470868,0.009184917868141919,0.11697928310581719,0.01358916680274016
1.714428607151788,0.00923205920105399,0.11722527814329012,0.013651939920672174
1.715303825956489,0.009279526984831905,0.11747237863213061,0.013715131473781889
1.7161790447611902,0.009327324136883516,0.11772059173463152,0.013778745131614102
1.7170542635658914,0.009375453606722846,0.11796992467374173,0.013842784603636353
1.7179294823705926,0.00942391837639084,0.11822038473369645,0.013907253639758142
1.7188047011752938,0.00947272146088253,0.11847197926065528,0.013972156030858015
1.719679919979995,0.009521865908580613,0.11872471566334777,0.014037495609318527
1.7205551387846962,0.00957135480169582,0.1189786014137275,0.014103276249569545
1.7214303575893974,0.009621191256713884,0.11923364404763334,0.01416950186863963
1.7223055763940984,0.009671378424849412,0.11948985116545945,0.014236176426715891
1.7231807951987996,0.009721919492506819,0.11974723043283377,0.014303303927712535
1.7240560140035008,0.00977281768174826,0.12000578958130427,0.014370888419847962
1.724931232808202,0.009824076250768785,0.12026553640903385,0.014438933996230736
1.7258064516129032,0.009875698494378998,0.12052647878150434,0.01450744479545477
1.7266816704176045,0.00992768774449505,0.12078862463222866,0.0145764250022035
1.7275568892223057,0.009980047370636291,0.12105198196347222,0.014645878847863439
1.7284321080270066,0.010032780780430697,0.121316558846983,0.014715810611147283
1.7293073268317078,0.010085891420128253,0.12158236342473136,0.014786224618726782
1.730182545636409,0.010139382775122153,0.12184940390965801,0.014857125245875154
1.7310577644411103,0.010193258370478448,0.1221176885864326,0.014928516917119904
1.7319329832458115,0.01024752177147385,0.12238722581222107,0.015000404106905627
1.7328082020505127,0.01030217658414198,0.12265802401746266,0.015072791340267132
1.7336834208552139,0.010357226455828412,0.12293009170665724,0.015145683193513426
1.734558639659915,0.010412675075754291,0.12320343745916192,0.015219084294922093
1.735433858464616,0.010468526175589004,0.123478069929998,0.015292999325444883
1.7363090772693173,0.01052478353003199,0.12375399785066869,0.015367433019424427
1.7371842960740185,0.010581450957403631,0.1240312300299859,0.015442390165322114
1.7380595148787197,0.010638532320245789,0.1243097753549089,0.015517875606457777
1.7389347336834209,0.01069603152593178,0.12458964279139288,0.015593894241760945
1.739809952488122,0.010753952527286241,0.1248708413852486,0.01567045102653421
1.740685171292823,0.010812299323214826,0.1251533802630126,0.01574755097322865
1.7415603900975243,0.010871075959344226,0.12543726863282953,0.015825199152231885
1.7424356089022255,0.010930286528672296,0.12572251578534457,0.015903400692668525
1.7433108277069267,0.010989935172228823,0.1260091310946081,0.01598216078321363
1.744186046511628,0.011050026079747024,0.1262971240189918,0.016061484672919367
1.745061265316329,0.011110563490345856,0.12658650410211655,0.016141377672054813
1.7459364841210303,0.01117155169322347,0.12687728097379208,0.01622184515295951
1.7468117029257315,0.011232995028362034,0.12716946435096937,0.01630289255091087
1.7476869217304327,0.011294897887243995,0.1274630640387046,0.016384525365005616
1.7485621405351337,0.011357264713580072,0.12775808993113616,0.016466749159055574
1.749437359339835,0.011420100004049367,0.12805455201247437,0.01654956956249832
1.7503125781445361,0.011483408309051419,0.12835246035800352,0.01663299227132241
1.7511877969492373,0.011547194233470804,0.12865182513509746,0.016717023049008014
1.7520630157539385,0.011611462437454428,0.1289526566042487,0.01680166772748305
1.7529382345586397,0.011676217637201525,0.1292549651201102,0.01688693220809487
1.7538134533633407,0.011741464605766944,0.12955876113255116,0.016972822462598243
1.754688672168042,0.011807208173877771,0.12986405518772745,0.01705934453415962
1.7555638909727431,0.011873453230763473,0.13017085792916444,0.017146504538377953
1.7564391097774443,0.011940204725000046,0.13047918009885567,0.01723430866432266
1.7573143285821455,0.012007467665368275,0.13078903253837534,0.017322763175588854
1.7581895473868467,0.012075247121726406,0.1311004261900054,0.017411874411370185
1.759064766191548,0.012143548225897477,0.13141337209787768,0.01750164878754963
1.7599399849962492,0.01221237617257172,0.1317278814091315,0.01759209279780873
1.7608152038009504,0.012281736220224172,0.1320439653750862,0.017683213014755398
1.7616904226056513,0.012351633692047738,0.13236163535242926,0.01777501609107063
1.7625656414103525,0.012422073976902401,0.13268090280442082,0.01786750876067502
1.7634408602150538,0.01249306253028026,0.13300177930211357,0.017960697839914528
1.764316079019755,0.012564604875287268,0.13332427652558937,0.018054590228766747
1.7651912978244562,0.01263670660364175,0.1336484062652125,0.018149192912067683
1.7660665166291571,0.012709373376689913,0.13397418042289913,0.018244512960759254
1.7669417354338584,0.012782610926439066,0.1343016110134052,0.018340557533158504
1.7678169542385596,0.012856425056608329,0.13463071016562955,0.018437333876248126
1.7686921730432608,0.012930821643697781,0.13496149012393663,0.01853484932698961
1.769567391847962,0.013005806638076007,0.13529396324949622,0.018633111313658805
1.7704426106526632,0.013081386065086412,0.1356281420216407,0.01873212735720443
1.7713178294573644,0.013157566026173037,0.13596403903924204,0.018831905072630453
1.7721930482620656,0.013234352700025777,0.13630166702210647,0.01893245217040215
1.7730682670667668,0.01331175234374575,0.1366410388123883,0.01903377645787678
1.7739434858714678,0.013389771294031008,0.13698216737602326,0.01913588584075912
1.774818704676169,0.013468415968383225,0.13732506580418138,0.01923878832458266
1.7756939234808702,0.013547692866335377,0.1376697473147393,0.01934249201621636
1.7765691422855714,0.013627608570701328,0.13801622525377308,0.019447005125398275
1.7774443610902726,0.01370816974884747,0.13836451309707173,0.01955233596629601
1.7783195798949738,0.013789383153986784,0.13871462445167082,0.019658492959094633
1.7791947986996748,0.013871255626496094,0.1390665730574077,0.01976548463161287
1.780070017504376,0.013953794095256725,0.1394203727884983,0.019873319620947915
1.7809452363090772,0.014037005579019013,0.13977603765513513,0.019982006675149315
1.7818204551137784,0.014120897187791418,0.14013358180510765,0.020091554654922957
1.7826956739184796,0.014205476124254452,0.1404930195254451,0.020201972535365275
1.7835708927231808,0.014290749685200116,0.14085436524408224,0.020313269407728672
1.784446111527882,0.014376725262997317,0.14121763353154787,0.020425454481218613
1.7853213303325832,0.01446341034708375,0.14158283910267738,0.020538537084823023
1.7861965491372844,0.01455081252548477,0.14194999681834827,0.02065252666917463
1.7870717679419854,0.01463893948636001,0.14231912168724078,0.02076743280844719
1.7879469867466866,0.014727799019578124,0.142690228867623,0.020883265202286
1.7888222055513878,0.014817399018320214,0.14306333366916033,0.02100003367777343
1.789697424356089,0.014907747480712679,0.1434384515547508,0.021117748191430346
1.7905726431607902,0.014998852511490073,0.14381559814238637,0.021236418831254166
1.7914478619654914,0.015090722323688502,0.14419478920703976,0.021356055818794135
1.7923230807701924,0.015183365240370287,0.14457604068257854,0.021476669511264774
1.7931982995748936,0.015276789696380553,0.14495936866370587,0.021598270403698244
1.7940735183795948,0.015371004240136278,0.14534478940792842,0.021720869131136345
1.794948737184296,0.015466017535448753,0.14573231933755276,0.021844476470863183
1.7958239559889972,0.015561838363379852,0.14612197504170937,0.021969103344679154
1.7966991747936985,0.015658475624133115,0.14651377327840603,0.02209476082121733
1.7975743935983997,0.015755938338980154,0.1469077309766098,0.022221460118302918
1.7984496124031009,0.01585423565222324,0.14730386523835906,0.02234921260535684
1.799324831207802,0.015953376833194904,0.14770219334090534,0.022478029805844457
1.800200050012503,0.016053371278295182,0.148102732738886,0.022607923399770108
1.8010752688172043,0.016154228513067533,0.148505501066528,0.022738905226218884
1.8019504876219055,0.01625595819431398,0.14891051613988276,0.022870987285946172
1.8028257064266067,0.016358570112250555,0.14931779595909364,0.02300418174401627
1.8037009252313079,0.01646207419270392,0.14972735871069556,0.023138500932491254
1.8045761440360089,0.016566480499349803,0.15013922276994782,0.02327395735317075
1.80545136284071,0.016671799235994614,0.15055340670320105,0.02341056368038436
1.8063265816454113,0.01677804074890051,0.15096992927029704,0.02354833276383697
1.8072018004501125,0.01688521552915558,0.15138880942700417,0.023687277631509084
1.8080770192548137,0.016993334215089785,0.15181006632748825,0.02382741149261285
1.8089522380595149,0.017102407594737495,0.15223371932681842,0.02396874774060488
1.809827456864216,0.01721244660834802,0.15265978798350952,0.024111299956257496
1.8107026756689173,0.017323462350944945,0.1530882920621018,0.02425508191078944
1.8115778944736185,0.017435466074935423,0.15351925153577783,0.024400107569057403
1.8124531132783195,0.017548469192770578,0.1539526865890173,0.024546391092809795
1.8133283320830207,0.017662483279658133,0.15438861762029127,0.024693946844004142
1.814203550887722,0.017777520076328192,0.15482706524479442,0.02484278938818911
1.815078769692423,0.017893591491853964,0.1552680502972187,0.024992933497953514
1.8159539884971243,0.01801070960652789,0.15571159383456626,0.0251443941564427
1.8168292073018255,0.018128886674795144,0.15615771713900473,0.025297186560944835
1.8177044261065265,0.01824813512824517,0.15660644172076318,0.025451326126547734
1.8185796449112277,0.018368467578663214,0.15705778932107214,0.025606828489868807
1.819454863715929,0.01848989682114245,0.15751178191514476,0.025763709512858682
1.82033008252063,0.018612435837258873,0.15796844171520386,0.025921985286681205
1.8212053013253313,0.018736097798309734,0.15842779117355216,0.026081672135670805
1.8220805201300325,0.018860896068617405,0.15888985298568872,0.026242786621369404
1.8229557389347337,0.01898684420890002,0.15935465009347077,0.026405345546644615
1.823830957739435,0.019113955979710277,0.15982220568832242,0.026569365959890807
1.8247061765441361,0.019242245344944252,0.16029254321449107,0.026734865159315363
1.8255813953488371,0.019371726475421625,0.16076568637235164,0.02690186069731178
1.8264566141535383,0.01950241375253923,0.16124165912176056,0.027070370384921966
1.8273318329582395,0.019634321771999065,0.1617204856854582,0.027240412296389033
1.8282070517629407,0.019767465347613387,0.16220219055252336,0.027412004773803893
1.829082270567642,0.019901859515187754,0.16268679848187775,0.02758516643184655
1.8299574893723431,0.02003751953648461,0.16317433450584373,0.02775991616262538
1.8308327081770441,0.020174460903268656,0.1636648239337541,0.02793627314061582
1.8317079269817453,0.020312699341436705,0.16415829235561685,0.02811425682770172
1.8325831457864465,0.02045225081523298,0.16465476564583298,0.028293886978320578
1.8334583645911477,0.02059313153155283,0.16515426996697105,0.028475183644716223
1.834333583395849,0.020735357944336626,0.1656568317735979,0.028658167182301134
1.8352088022005502,0.020878946759055786,0.1661624778161666,0.028842858255130634
1.8360840210052514,0.021023914937293227,0.16667123514496196,0.029029277841491893
1.8369592398099526,0.021170279701420797,0.1671831311141061,0.029217447239610714
1.8378344586146538,0.021318058539375642,0.1676981933856233,0.02940738807347852
1.8387096774193548,0.021467269209537967,0.16821644993356594,0.02959912229880256
1.839584896224056,0.021617929745712985,0.16873792904820292,0.02979267220908259
1.8404601150287572,0.02177005846221882,0.1692626593402694,0.02998806044181628
1.8413353338334584,0.021923673959083876,0.16979066974528217,0.03018530998483761
1.8422105526381596,0.022078795127355607,0.17032198952791847,0.03038444418279046
1.8430857714428606,0.022235441154523704,0.1708566482864612,0.03058548674374121
1.8439609902475618,0.02239363153006061,0.17139467595731106,0.030788461745933735
1.844836209052263,0.022553386051081748,0.17193610281956578,0.030993393644689806
1.8457114278569642,0.022714724828129185,0.17248095949966896,0.031200307279459275
1.8465866466616654,0.022877668291080983,0.17302927697612844,0.03140922788102284
1.8474618654663666,0.02304223719518997,0.1735810865843059,0.03162018107885195
1.8483370842710678,0.02320845262725469,0.1741364200212779,0.03183319290862905
1.849212303075769,0.023376336011926114,0.174695309350771,0.032048289819932615
1.8500875218804702,0.02354590911815343,0.1752577870081702,0.03226549868409097
1.8509627406851712,0.023717194065772152,0.17582388580560293,0.032484846802208756
1.8518379594898724,0.023890213332238827,0.17639363893710056,0.032706361913371285
1.8527131782945736,0.024064989759514703,0.17696707998383504,0.032930072203029556
1.8535883970992748,0.024241546561103874,0.1775442429194374,0.033156006311572714
1.854463615903976,0.02441990732924815,0.1781251621153933,0.03338419334309059
1.8553388347086772,0.024600096042283835,0.17870987234652158,0.03361466287433254
1.8562140535133782,0.02478213707216379,0.17929840879653436,0.03384744496386687
1.8570892723180794,0.024966055192149485,0.1798908070636803,0.0340825701614462
1.8579644911227806,0.025151875584676887,0.18048710316647276,0.03432006951758381
1.8588397099274818,0.025339623849401284,0.18108733354950377,0.034559974593346705
1.859714928732183,0.025529326011425074,0.1816915350893453,0.034802317470370735
1.8605901475368842,0.02572100852971362,0.1822997451005382,0.03504713076110345
1.8614653663415854,0.025914698305703702,0.1829120013416711,0.035294447619280515
1.8623405851462866,0.026110422692110117,0.1835283420215502,0.035544301750642326
1.8632158039509878,0.02630820950193485,0.1841488058054604,0.03579672742389596
1.8640910227556888,0.026508087017684732,0.1847734318215202,0.036051759481929874
1.86496624156039,0.026710084000802835,0.18540225966713128,0.03630943335328755
1.8658414603650912,0.026914229701319084,0.1860353294155232,0.036569785063906686
1.8667166791697924,0.02712055386772587,0.1866726816223953,0.03683285124913102
1.8675918979744937,0.027329086757085157,0.18731435733265772,0.03709866916600255
1.8684671167791949,0.027539859145372284,0.18796039808727075,0.03736727670584034
1.8693423355838958,0.027752902338063455,0.1886108459301857,0.037638712407114625
1.870217554388597,0.027968248180973508,0.18926574341538854,0.03791301546862382
1.8710927731932983,0.02818592907134966,0.18992513361404506,0.03819022576298165
1.8719679919979995,0.028405977969229525,0.19058906012175247,0.038470383850424075
1.8728432108027007,0.028628428409069356,0.19125756706589625,0.038753530992943507
1.8737184296074019,0.028853314511650314,0.19193069911311395,0.039039709168759464
1.874593648412103,0.029080670996270364,0.19260850147686787,0.039328961087135066
1.8754688672168043,0.029310533193229026,0.19329101992512657,0.03962133020354786
1.8763440860215055,0.029542937056613826,0.19397830078815856,0.03991686073522583
1.8772193048262065,0.029777919177395654,0.19467039096643682,0.04021559767705716
1.8780945236309077,0.0300155167968425,0.19536733793865751,0.04051758681788527
1.8789697424356089,0.030255767820259273,0.19606918976987203,0.040822874757198264
1.87984496124031,0.030498710831063636,0.196775995119736,0.041131508922224995
1.8807201800450113,0.030744385105206697,0.19748780325087403,0.04144353758544814
1.8815953988497123,0.03099283062594795,0.19820466403736284,0.0417590098825458
1.8824706176544135,0.031244088098994795,0.19892662797333335,0.04207797583077401
1.8833458364591147,0.031498198968016144,0.1996537461816921,0.042400486347801566
1.884221055263816,0.031755205430541215,0.2003860704229643,0.04272659327101064
1.885096274068517,0.03201515045425398,0.20112365310425862,0.04305634937727572
1.8859714928732183,0.032278077793694473,0.20186654728835485,0.043389808403234406
1.8868467116779195,0.03254403200737838,0.20261480670291565,0.04372702506606378
1.8877219304826207,0.03281305847534691,0.20336848574982253,0.0440680550847769
1.888597149287322,0.03308520341715861,0.20412763951463678,0.04441295520205331
1.8894723680920231,0.033360513910336856,0.2048923237761878,0.044761783206620234
1.890347586896724,0.03363903790928463,0.20566259501628695,0.045114597956198405
1.8912228057014253,0.033920824264681085,0.20643851042956957,0.045471459401029896
1.8920980245061265,0.034205922743372974,0.20722012793346387,0.04583242860800385
1.8929732433108277,0.034494384048775695,0.208007506178289,0.046197567785397665
1.893848462115529,0.03478625984179852,0.20880070455748131,0.046566940308251384
1.89472368092023,0.03508160276230905,0.20959978321794925,0.04694061074439326
1.8955988997249311,0.03538046645115304,0.21040480307055817,0.04731864488113585
1.8964741185296323,0.03568290557274475,0.21121582580074202,0.04770110975266112
1.8973493373343335,0.035988975838246076,0.21203291387924636,0.04808807366811622
1.8982245561390347,0.03629873402935018,0.2128561305729982,0.048479606240439045
1.899099774943736,0.03661223802268846,0.21368553995610498,0.04887577841593618
1.8999749937484371,0.03692954681487885,0.21452120692098106,0.049276662504634854
1.9008502125531384,0.03725072054823445,0.21536319718960145,0.04968233221143169
1.9017254313578396,0.03757582053715188,0.21621157732488136,0.05009286266806167
1.9026006501625405,0.03790490929520017,0.21706641474218116,0.05050833046591233
1.9034758689672417,0.03823805056293091,0.2179277777209363,0.05092881368970796
1.904351087771943,0.03857530933643046,0.2187957354164078,0.0513543919520889
1.9052263065766442,0.03891675189663786,0.2196703578715553,0.05178514642911445
1.9061015253813454,0.03926244583945059,0.22055171602902884,0.05222115989671571
1.9069767441860466,0.039612460106642336,0.22143988174327733,0.05266251676812769
1.9078519629907476,0.0399668650176172,0.22233492779277167,0.05310930313232983
1.9087271817954488,0.040325732302026254,0.22323692789234031,0.05356160679352612
1.90960240060015,0.0406891351332717,0.22414595670561227,0.05401951731169511
1.9104776194048512,0.04105714816292729,0.22506208985756743,0.05448312604424433
1.9113528382095524,0.04142984755610179,0.22598540394718772,0.05495252618880106
1.9122280570142536,0.04180731102777526,0.22691597656020687,0.055427812827175425
1.9131032758189548,0.04218961788013802,0.22785388628195324,0.0559090829705315
1.913978494623656,0.04257684904096323,0.2287992127102823,0.05639643560580366
1.9148537134283572,0.04296908710304499,0.22975203646859071,0.05688997174339619
1.9157289322330582,0.04336641636473594,0.2307124392189105,0.05738979446620742
1.9166041510377594,0.04376892287161798,0.2316805036750739,0.057896008980018246
1.9174793698424606,0.04417669445934145,0.23265631361594238,0.05840872266528753
1.9183545886471618,0.04458982079767028,0.23363995389869371,0.05892804513039955
1.919229807451863,0.045008393435770504,0.23463151047215908,0.059454088266408196
1.920105026256564,0.04543250584878174,0.23563107039020106,0.05998696630332527
1.9209802450612652,0.04586225348571236,0.23663872182512405,0.060526795868002074
1.9218554638659664,0.04629773381869929,0.23765455408110447,0.061073696043652786
1.9227306826706676,0.04673904639367838,0.23867865760763585,0.061627788431075324
1.9236059014753688,0.047186292882507946,0.2397111240129713,0.062189197211620216
1.92448112028007,0.04763957713659335,0.24075204607755377,0.06275804921196504
1.9253563390847712,0.04809900524206107,0.24180151776742234,0.06333447397075256
1.9262315578894724,0.04856468557653125,0.2428596342475763,0.0639186038071509
1.9271067766941736,0.049036728867541485,0.24392649189528617,0.06451057389139939
1.9279819954988748,0.049515248252674525,0.24500218831333187,0.0651105223174026
1.9288572143035758,0.05000035934144604,0.24608682234315313,0.0657185901774403
1.929732433108277,0.05049218027901005,0.24718049407789353,0.06633492163906209
1.9306076519129782,0.0509908318117391,0.24828330487531294,0.06695966402423448
1.9314828707176794,0.05149643735474478,0.2493953573705566,0.06759296789081999
1.9323580895223806,0.052009123061398654,0.25051675548874897,0.06823498711645914
1.9332333083270816,0.05252901789492171,0.2516476044573937,0.06888587898493717
1.9341085271317828,0.053056253702110125,0.25278801081855196,0.06954580427511663
1.934983745936484,0.05359096528926707,0.2539380824407689,0.07021492735251898
1.9358589647411852,0.054133290500416584,0.25509792853072477,0.07089341626364627
1.9367341835458864,0.054683370297872486,0.25626765964457315,0.07158144283313005
1.9376094023505877,0.05524134884524309,0.25744738769893627,0.0722791827638038
1.9384846211552889,0.05580737359295288,0.2586372259815207,0.07298681573979623
1.93935983995999,0.05638159536636474,0.25983728916131466,0.07370452553274495
1.9402350587646913,0.05696416845659158,0.26104769329832755,0.07443250011123674
1.9411102775693923,0.05755525071408744,0.2622685558528285,0.07517093175358192
1.9419854963740935,0.058155003645112585,0.2634999956940374,0.07592001716403572
1.9428607151787947,0.0587635925111686,0.26474213310821854,0.07667995759258112
1.9437359339834959,0.05938118643150673,0.2659950898061274,0.07745095895839635
1.944611152788197,0.06000795848881287,0.26725898892975386,0.07823323197713057
1.9454863715928983,0.060644085838177535,0.26853395505830313,0.0790269922921166
1.9463615903975993,0.061289749819463,0.2698201142133497,0.07983246060965483
1.9472368092023005,0.061945136073186725,0.2711175938631042,0.08064986283850997
1.9481120280070017,0.06261043466003756,0.27242652292571334,0.08147943023375985
1.9489872468117029,0.0632858401841534,0.27374703177152504,0.08232139954514901
1.949862465616404,0.06397155192028964,0.2750792522242368,0.08317601317010193
1.9507376844211053,0.06466777394501104,0.2764233175608403,0.0840435193115531
1.9516129032258065,0.06537471527204919,0.27777936251027524,0.08492417214076357
1.9524881220305077,0.06609258999196757,0.27914752325069336,0.08581823196529322
1.953363340835209,0.06682161741628595,0.28052793740523335,0.08672596540230851
1.95423855963991,0.06756202222621902,0.2819207440361971,0.08764764555741111
1.955113778444611,0.0683140346261903,0.28332608363751405,0.08858355220917802
1.9559889972493123,0.06907789050228678,0.28474409812536594,0.08953397199961015
1.9568642160540135,0.06985383158583056,0.2861749308268514,0.09049919863069925
1.9577394348587147,0.0706421056222438,0.2876187264665443,0.09147953306732219
1.9586146536634157,0.07144296654539399,0.28907563115080276,0.0924752837466849
1.959489872468117,0.0722566746576138,0.2905457923496764,0.09348676679454704
1.960365091272818,0.07308349681559102,0.29202935887623827,0.09451430624845858
1.9612403100775193,0.0739237066223402,0.2935264808631752,0.09555823428826063
1.9621155288822205,0.07477758462546787,0.2950373097364459,0.0966188914741008
1.9629907476869217,0.07564541852195354,0.296561998185808,0.09769662699222735
1.963865966491623,0.07652750336967733,0.2981007001320063,0.09879179890883516
1.9647411852963241,0.07742414180593202,0.2996535706903975,0.09990477443224607
1.9656164041010253,0.07833564427316768,0.3012207661307757,0.10103593018371683
1.9664916229057265,0.07926232925222325,0.30280244383314575,0.10218565247717641
1.9673668417104275,0.08020452350330966,0.3043987622391753,0.10335433760820535
1.9682420605151287,0.0811625623150221,0.3060098807990486,0.1045423921525862
1.96911727931983,0.08213678976165971,0.3076359599134094,0.10575023327475365
1.9699924981245311,0.08312755896915147,0.3092771608700814,0.10697828904649756
1.9708677169292323,0.08413523238989044,0.31093364577522364,0.10822699877627641
1.9717429357339333,0.08516018208678966,0.3126055774785558,0.10949681334951045
1.9726181545386345,0.08620279002688899,0.3142931194922759,0.11078819558024385
1.9734933733433357,0.08726344838484248,0.3159964359032523,0.11210162057456413
1.974368592148037,0.08834255985664187,0.31771569127806837,0.11343757610619874
1.9752438109527382,0.08944053798393035,0.31945105056045026,0.1147965630047056
1.9761190297574394,0.09055780748927947,0.321202678960592,0.11617909555669706
1.9769942485621406,0.0916948046228123,0.32297074183585783,0.11758570192054818
1.9778694673668418,0.09285197752056966,0.32475540456230945,0.11901692455505587
1.978744686171543,0.09402978657502578,0.3265568323964688,0.12047332066252693
1.979619904976244,0.09522870481817623,0.32837519032669615,0.12195546264679112
1.9804951237809452,0.09644921831763285,0.3302106429135204,0.1234639385866503
1.9813703425856464,0.09769182658616872,0.3320633541182097,0.12499935272528222
1.9822455613903476,0.09895704300517931,0.33393348711884513,0.12656232597614625
1.9831207801950488,0.1002453952625306,0.3358212041130941,0.12815349644594157
1.98399599899975,0.10155742580528034,0.33772666610683805,0.12977351997518669
1.984871217804451,0.10289369230777483,0.3396500326877569,0.13142307069700754
1.9857464366091522,0.10425476815563652,0.34159146178291766,0.13310284161473537
1.9866216554138534,0.10564124294616235,0.34355110939934025,0.1348135451989211
1.9874968742185546,0.10705372300568182,0.3455291293464747,0.13655591400440495
1.9883720930232558,0.1084928319244212,0.34752567293943104,0.1383307013080777
1.989247311827957,0.10995921110943958,0.34954088868174565,0.14013868176798994
1.9901225306326582,0.11145352035621413,0.3515749219263831,0.1419806521044794
1.9909977494373594,0.112976438439461,0.3536279145135964,0.14385743180399535
1.9918729682420606,0.11452866372379075,0.3557000043841764,0.1457698638463124
1.9927481870467616,0.11611091479480355,0.3577913251665309,0.14771881545583196
1.9936234058514628,0.11772393111124206,0.35990200573593234,0.14970517887768273
1.994498624656164,0.11936847367882011,0.3620321697441714,0.15172987217933057
1.9953738434608652,0.12104532574636163,0.36418193511774205,0.15379384007842425
1.9962490622655664,0.12275529352487399,0.3663514135225578,0.15589805479759056
1.9971242810702674,0.12449920693019438,0.36854070979308456,0.158043516946906
1.9979994998749686,0.12627792034984192,0.3707499213236313,0.16023125643476283
1.9988747186796698,0.12809231343469543,0.3729791374193933,0.16246233340782998
1.999749937484371,0.1299432919161354,0.3752284386047114,0.16473783922082733
2.0006251562890722,0.13183178844924928,0.37749789588582394,0.16705889743678282
2.0015003750937734,0.13375876348270385,0.37978756996522917,0.1694266648584432
2.0023755938984746,0.1357252061558676,0.3820975104045986,0.1718423325914812
2.003250812703176,0.13773213522373537,0.384427754732974,0.17430712714010071
2.004126031507877,0.13978060001018813,0.38677832749679003,0.17682231153561528
2.0050012503125783,0.14187168139007278,0.3891492392480303,0.17938918649851196
2.0058764691172795,0.14400649280056163,0.3915404854666151,0.1820090916344795
2.00675168792198,0.146186181282179,0.39395204541284545,0.18468340666478666
2.0076269067266814,0.14841192854984317,0.3963838809054958,0.1874135526913447
2.0085021255313826,0.15068495209418337,0.3988359350208477,0.19020099349667782
2.009377344336084,0.15300650631332274,0.40130813070767896,0.19304723687893427
2.010252563140785,0.15537788367522126,0.4038003693129116,0.19595383602195057
2.0111277819454862,0.1578004159105609,0.4063125290122862,0.19892239090023997
2.0120030007501875,0.16027547523603003,0.4088444631400884,0.20195454971861815
2.0128782195548887,0.16280447560773115,0.41139599841158897,0.20505201038601367
2.01375343835959,0.16538887400426674,0.41396693303146653,0.20821652202279814
2.014628657164291,0.16803017173887852,0.4165570346810772,0.21144988650074845
2.0155038759689923,0.17072991579981228,0.419166038377005,0.21475396001450067
2.0163790947736935,0.17348970021783952,0.4217936441928662,0.21813065468305542
2.0172543135783947,0.17631116745960979,0.42443951483587067,0.221581940179578
2.018129532383096,0.1791960098452222,0.4271032730691457,0.22510984538738182
2.019004751187797,0.18214597098805346,0.4297844989702868,0.22871646007955196
2.0198799699924983,0.18516284725452203,0.4324827270160568,0.23240393661922426
2.0207551887971995,0.1882484892410595,0.4351974429825859,0.23617449167703428
2.0216304076019007,0.1914048032650867,0.43792808064981004,0.2400304079616673
2.0225056264066015,0.194633752866274,0.4406740182982575,0.24397403595880657
2.0233808452113027,0.19793736031381354,0.44343457498566197,0.24800779567310077
2.024256064016004,0.2013177081147476,0.44620900659016455,0.2521341783669359
2.025131282820705,0.2047769405177472,0.4489965016062197,0.2563557482890019
2.0260065016254063,0.20831726500589545,0.4517961766785598,0.2606751443846204
2.0268817204301075,0.21194095377117222,0.4546070718588454,0.265095081978754
2.0277569392348087,0.21565034516239254,0.45742814556889305,0.26961835442146587
2.02863215803951,0.21944784509723878,0.46025826925357827,0.2742478346842491
2.029507376844211,0.22333592842788158,0.46309622170575887,0.27898647689424827
2.0303825956489123,0.22731714024836144,0.46594068304478586,0.28383731779179344
2.0312578144536135,0.23139409713045492,0.4687902283293835,0.2888034780949078
2.0321330332583143,0.23556948827319404,0.4716433207849532,0.29388816375256577
2.0330082520630155,0.2398460765494351,0.474498304624598,0.29909466706633125
2.0338834708677167,0.24422669943094935,0.47735339744246474,0.30442636765767955
2.034758689672418,0.24871426977145517,0.48020668215738527,0.30988673325582344
2.035633908477119,0.2533117764246402,0.4830560984841695,0.3154793202780005
2.0365091272818203,0.25802228467174493,0.48589943390943663,0.3212077741711906
2.0373843460865215,0.2628489364304804,0.48873431414844826,0.3270758294808554
2.0382595648912227,0.2677949502140867,0.4915581930591771,0.3330873096087222
2.039134783695924,0.2728636208059941,0.49436834198970536,0.3392461262176063
2.040010002500625,0.27805831861201996,0.49716183853516227,0.34555627823702395
2.0408852213053263,0.28338248864813503,0.4999355546807348,0.35202185041866124
2.0417604401100276,0.2888396491175916,0.5026861443078645,0.35864701138567856
2.0426356589147288,0.294433389526707,0.5054100300417109,0.3654360111144304
2.04351087771943,0.30016736828360374,0.5081033894192417,0.372393177781204
2.044386096524131,0.30604530971895816,0.5107621403591016,0.3795229139002966
2.0452613153288324,0.312071000462085,0.5133819259166906,0.386829691672912
2.0461365341335336,0.3182482850995938,0.5159580983107855,0.3943180474590803
2.047011752938235,0.32458106103734385,0.5184857022116339,0.401992575277048
2.0478869717429355,0.33107327247946683,0.5209594572848405,0.4098579192262953
2.0487621905476368,0.33772890343096457,0.5233737399907117,0.41791876472170814
2.049637409352338,0.34455196962251416,0.5257225646450309,0.42617982841707824
2.050512628157039,0.3515465092481676,0.5279995637548516,0.4346458466866902
2.0513878469617404,0.35871657239804,0.5301979676517282,0.44332156252359173
2.0522630657664416,0.36606620905936627,0.5323105834552082,0.45221171070285365
2.053138284571143,0.37359945555036694,0.5343297734115121,0.46132100104760887
2.054013503375844,0.3813203192421503,0.5362474326662552,0.47065409962484034
2.054888722180545,0.3892327614147827,0.5380549665461437,0.4802156076872543
2.0557639409852464,0.39734067808456514,0.539743267442939,0.4900100381669889
2.0566391597899476,0.4056478786307791,0.5413026914138851,0.5000417895167494
2.0575143785946484,0.414158062041879,0.5427230346364944,0.5103151166844504
2.0583895973993496,0.422874790593547,0.5439935098822793,0.5208340989988575
2.0592648162040508,0.43180146076451004,0.5451027232039894,0.5316026047364575
2.060140035008752,0.4409412711909825,0.5460386510643606,0.5426242521343666
2.061015253813453,0.4502971874572575,0.546788618171517,0.5539023666107805
2.0618904726181544,0.4598719035191092,0.5473392763271883,0.5654399339542158
2.0627656914228556,0.4696677995585552,0.5476765846389313,0.5772395492459279
2.063640910227557,0.47968689607413695,0.5477857914966764,0.5893033612875761
2.064516129032258,0.48993080402055095,0.5476514187671279,0.6016330123188609
2.065391347836959,0.5004006708264639,0.5472572487167752,0.6142295728290038
2.0662665666416604,0.5110971221402152,0.5465863142352485,0.6270934712922068
2.0671417854463616,0.5220201991810969,0.5456208929951296,0.6402244186921321
2.068017004251063,0.5331692916099945,0.5443425062514962,0.6536213277451451
2.068892223055764,0.5445430658784989,0.5427319230536616,0.667282226787912
2.0697674418604652,0.5561393890715733,0.5407691707116469,0.681204168363622
2.0706426606651664,0.5679552483263745,0.5384335524295404,0.6953831326236509
2.0715178794698677,0.5799866659905534,0.535703673085257,0.7098139257598857
2.072393098274569,0.5922286107781569,0.532557474199158,0.7244900737981644
2.07326831707927,0.6046749052913327,0.5289722791899412,0.7394037122167862
2.074143535883971,0.6173181304024555,0.5249248500619764,0.7545454720069894
2.075018754688672,0.6301495271343807,0.5203914567003411,0.7699043629650404
2.0758939734933732,0.6431588968368207,0.5153479599640007,0.7854676551986695
2.0767691922980744,0.6563345006342234,0.5097699097591524,0.8012207600438136
2.0776444111027756,0.6696629593136884,0.5036326592387907,0.8171471118192962
2.078519629907477,0.6831291550294308,0.4969114962052486,0.8332280520959353
2.079394848712178,0.696716136420048,0.4895817926842121,0.849442718418837
2.0802700675168793,0.7104050289631847,0.4816191734853286,0.8657679396933929
2.0811452863215805,0.7241749526238256,0.4729997043603773,0.8821781407202242
2.0820205051262817,0.738002949081671,0.46370010010930107,0.8986452586350872
2.082895723930983,0.7518639210417827,0.45369795266263835,0.9151386742667216
2.0837709427356836,0.7657305863318431,0.4429719787824042,0.9316251616577972
2.084646161540385,0.7795734496584759,0.43150228657008005,0.9480688591888745
2.085521380345086,0.7933607950212491,0.41927065945084824,0.9644312658871246
2.0863965991497873,0.8070587018540887,0.40626085571968773,0.9806712665759328
2.0872718179544885,0.8206310879642409,0.3924589210947533,0.9967451895097518
2.0881470367591897,0.8340397822553333,0.3778535110359658,1.012606900024857
2.089022255563891,0.8472446300385161,0.3624362188669543,1.0282079335032688
2.089897474368592,0.8602036334412383,0.3462019050055112,1.043497670578887
2.0907726931732933,0.8728731290059775,0.32914902188539813,1.058423556999151
2.0916479119779945,0.8852080040232496,0.311279928469309,1.0729313698832543
2.0925231307826957,0.8971619524609392,0.2926011876418004,1.086965531285485
2.093398349587397,0.9086877705375829,0.27312383926762107,1.1004694689829355
2.094273568392098,0.9197376910491958,0.25286364134289874,1.1133860232715522
2.0951487871967993,0.9302637545134691,0.23184127149205208,1.1256578972931333
2.0960240060015005,0.9402182140658827,0.2100824811075609,1.1372281470582648
2.0968992248062017,0.9495539698616833,0.18761819472416108,1.1480407059156033
2.097774443610903,0.9582250275454988,0.16448454778782942,1.158040936794654
2.098649662415604,0.9661869741935035,0.1407228568371226,1.167176204173957
2.099524881220305,0.9733974640630875,0.11637951726197814,1.1753964564614232
2.100400100025006,0.979816705556318,0.09150582523055982,1.1826548083836987
2.1012753188297073,0.9854079400703069,0.06615772205020574,1.1889081121315201
2.1021505376344085,0.9901379029206758,0.040395461109063405,1.1941175054582607
2.1030257564391097,0.9939772563267693,0.014283199572764926,1.1982489247300339
2.103900975243811,0.9969009845725387,-0.012111480889197801,1.2012735711166178
2.104776194048512,0.998888741923949,-0.038718117981766706,1.203168318714159
2.1056514128532133,0.9999251446954428,-0.06546396890930602,1.20391605440518
2.1065266316579145,1.0,-0.0922746565859386,1.2035059406696818
2.1074018504626157,0.9991084651568819,-0.11907485024088875,1.2019335943221385
2.108277069267317,0.9972511334188736,-0.14578896754902332,1.1992011762019923
2.1091522880720177,0.9944340435524894,-0.17234188464719133,1.1953173891115136
2.110027506876719,0.9906686127847244,-0.19865964007780282,1.190297383682999
2.11090272568142,0.9859714946364663,-0.22467011884982524,1.1841625742682018
2.1117779444861213,0.9803643651112758,-0.2503037034195842,1.1769403692752562
2.1126531632908225,0.9738736425184182,-0.2754938794380039,1.1686638225359418
2.1135283820955237,0.9665301478079451,-0.3001777855382604,1.159371214182241
2.114403600900225,0.9583687136231783,-0.32429669817807294,1.1491055710748472
2.115278819704926,0.9494277512874475,-0.3477964445223483,1.1379141380053326
2.1161540385096274,0.9397487856104559,-0.3706277384642233,1.125847811657478
2.1170292573143286,0.9293759677162202,-0.3927464370440345,1.1129605496527257
2.1179044761190298,0.9183555760683382,-0.41411371664663155,1.0993087669326194
2.118779694923731,0.90673551552375,-0.4346961703581908,1.0849507312782887
2.119654913728432,0.894564823621271,-0.4544658296749918,1.0699459689806585
2.1205301325331334,0.8818931924536014,-0.47340011532527915,1.0543546906134202
2.1214053513378346,0.868770513434905,-0.4914817232544799,1.0382372455891349
2.122280570142536,0.8552464511172178,-0.508698452812441,1.0216536127658908
2.123155788947237,0.8413700509830001,-0.525042984865203,1.004662932884096
2.124031007751938,0.8271893849004892,-0.5405126179417631,0.9873230871130968
2.124906226556639,0.812751236718985,-0.5551089706398704,0.9696903245301413
2.12578144536134,0.7981008293414509,-0.5688376583841276,0.9518189399856256
2.1266566641660414,0.78328159357252,-0.5817079522905354,0.9337610025648309
2.1275318829707426,0.7683349781220667,-0.5937324273846025,0.9155661337618344
2.128407101775444,0.7533002993628627,-0.6049266067844887,0.8972813335531477
2.129282320580145,0.7382146287999464,-0.6153086077372288,0.8789508518015262
2.130157539384846,0.7231127157099171,-0.6248987946202624,0.8606161018344521
2.1310327581895474,0.7080269420436247,-0.6337194432255574,0.8423156126182458
2.1319079769942486,0.6929873064463189,-0.6417944198567787,0.8240850156758128
2.13278319579895,0.6780214341218742,-0.6491488780141222,0.8059570627571876
2.133658414603651,0.6631546092376719,-0.6558089747339478,0.787961670249442
2.134533633408352,0.6484098266186759,-0.6618016080036835,0.7701259863874003
2.135408852213053,0.6338078595974231,-0.6671541760948841,0.7524744774798263
2.136284071017754,0.6193673410566576,-0.6718943591527872,0.7350290295799148
2.1371592898224554,0.6051048549084659,-0.6760499229505637,0.7178090622863217
2.1380345086271566,0.591035035487107,-0.6796485443584334,0.7008316516485052
2.138909727431858,0.5771706725799965,-0.6827176577888605,0.684111659453136
2.139784946236559,0.5635228200745728,-0.685284321653555,0.6676618664773193
2.14066016504126,0.5501009064500254,-0.6873751037001555,0.6514931075998297
2.1415353838459614,0.536912845586405,-0.6890159839796208,0.6356144069567607
2.1424106026506626,0.5239651465950804,-0.6902322741227191,0.6200331116078064
2.143285821455364,0.5112630215904089,-0.6910485515690215,0.6047550224397757
2.144161040260065,0.4988104905212109,-0.6914886073880089,0.5897845212730762
2.1450362590647662,0.4866104823604799,-0.6915754063535329,0.5751246933528232
2.1459114778694675,0.4746649321127169,-0.691331057974479,0.5607774445990682
2.1467866966741687,0.46297487324037384,-0.6907767972413439,0.5467436131604786
2.14766191547887,0.4515405252345754,-0.6899329739164005,0.533023074963297
2.148537134283571,0.44036137616196364,-0.6888190492706068,0.5196148430742801
2.1494123530882723,0.4294362601098154,-0.6874535992504222,0.5065171608034283
2.1502875718929735,0.41876342952730494,-0.6858543231397555,0.49372758856183385
2.1511627906976742,0.4083406225230679,-0.6840380568643857,0.48124308456332604
2.1520380095023754,0.39816512522950454,-0.6820207901667702,0.4690600795175458
2.1529132283070767,0.38823382938417467,-0.6798176869570327,0.4571745455085958
2.153788447111778,0.3785432853089561,-0.6774431082201106,0.4455820592884748
2.154663665916479,0.3690897504903495,-0.6749106369290497,0.4342778602404817
2.1555388847211803,0.35986923397997217,-0.6722331044797485,0.42325690328536325
2.1564141035258815,0.35087753684422396,-0.6694226182229166,0.4125139070137794
2.1572893223305827,0.3421102888971921,-0.6664905897245258,0.40204339733371725
2.158164541135284,0.33356298195204837,-0.6634477634366586,0.39183974692193835
2.159039759939985,0.32523099982409476,-0.6603042455065162,0.381897210765147
2.1599149787446863,0.3171096453139185,-0.657069532492616,0.372209958070128
2.160790197549387,0.30919416439248676,-0.6537525397941625,0.36277210081341893
2.1616654163540883,0.3014797678017594,-0.6503616296324383,0.35357771919052694
2.1625406351587895,0.2939616502752148,-0.6469046384522144,0.34462088421309395
2.1634158539634907,0.2866350075724004,-0.6433889036367122,0.3358956776895559
2.164291072768192,0.27949505151128934,-0.6398212894521809,0.3273962098119848
2.165166291572893,0.2725370231712802,-0.6362082121576152,0.31911663455826017
2.1660415103775943,0.2657562044288951,-0.6325556642320933,0.31105116310542763
2.1669167291822955,0.2591479279774832,-0.6288692376867449,0.30319407543689003
2.1677919479869967,0.25270758597171167,-0.6251541464408156,0.29553973031317987
2.168667166791698,0.24643063742747096,-0.6214152477518661,0.28808257376364144
2.169542385596399,0.24031261449795438,-0.6176570626990172,0.28081714624431275
2.1704176044011003,0.23434912773737943,-0.6138837957256167,0.27373808859597626
2.1712928232058015,0.22853587045486942,-0.6100993532538171,0.26684014692546393
2.1721680420105027,0.22286862225263132,-0.6063073613885674,0.26011817652312363
2.173043260815204,0.21734325183468386,-0.6025111827325623,0.25356714491979443
2.173918479619905,0.21195571916493847,-0.5987139323368342,0.2471821341776139
2.1747936984246063,0.20670207704658938,-0.5949184928141447,0.2409583425006988
2.1756689172293076,0.20157847218829686,-0.5911275286441106,0.23489108524391872
2.1765441360340083,0.1965811458167137,-0.5873434997002827,0.22897579539082125
2.1774193548387095,0.19170643388936306,-0.5835686740301785,0.22320802356508465
2.1782945736434107,0.18695076695686472,-0.579805139919753,0.2175834376338358
2.179169792448112,0.18231066971869161,-0.5760548172737897,0.21209782195538107
2.180045011252813,0.17778276031247858,-0.5723194683436371,0.20674707631889183
2.1809202300575143,0.17336374937286173,-0.5686007078332457,0.20152721461873338
2.1817954488622155,0.16905043889225635,-0.5649000124139307,0.19643436330183964
2.1826706676669168,0.16483972091267377,-0.5612187296775685,0.19146475962257178
2.183545886471618,0.16072857607466057,-0.557558086557102,0.18661474973588474
2.184421105276319,0.15671407204672058,-0.5539191972423478,0.18188078665636748
2.1852963240810204,0.1527933618560498,-0.5503030706180833,0.17725942810769804
2.186171542885721,0.1489636821391945,-0.5467106172504279,0.1727473342844028
2.1870467616904223,0.1452223513291342,-0.5431426559464347,0.16834126554529358
2.1879219804951235,0.1415667677935023,-0.5395999199108197,0.16403808005582246
2.1887971992998247,0.13799440793687573,-0.5360830625226017,0.1598347313944754
2.189672418104526,0.13450282427863042,-0.5325926627534598,0.15572826613661592
2.190547636909227,0.13108964351644367,-0.5291292302485218,0.15171582142750983
2.1914228557139284,0.12775256458428616,-0.5256932100892858,0.14779462255479048
2.1922980745186296,0.12448935671264333,-0.522284987257387,0.1439619805293172
2.1931732933233308,0.12129785749769778,-0.5189048908169407,0.14021528968218452
2.194048512128032,0.11817597098530261,-0.5155531978322598,0.13655202528457377
2.194923730932733,0.11512166577477793,-0.5122301370368476,0.1329697411961955
2.1957989497374344,0.11213297314682737,-0.5089358922686754,0.12946606754720433
2.1966741685421356,0.10920798521923511,-0.5056706056859435,0.12603870845771695
2.197549387346837,0.10634485313342414,-0.5024343807767049,0.12268543979838323
2.198424606151538,0.10354178527444301,-0.4992272851749852,0.11940410699485601
2.199299824956239,0.10079704552648706,-0.4960493532952866,0.11619262287846527
2.2001750437609404,0.09810895156566886,-0.49290058879669657,0.11304896558494365
2.2010502625656416,0.09547587319136484,-0.48978096688713396,0.10997117650259824
2.2019254813703424,0.09289623069718272,-0.48669043647767385,0.10695735827099367
2.2028007001750436,0.09036849328227364,-0.4836289221962658,0.10400567283083896
2.203675918979745,0.08789117750351842,-0.4805963262696562,0.10111433952554542
2.204551137784446,0.08546284576883331,-0.47759253028171766,0.0982816332545935
2.205426356589147,0.0830821048717125,-0.4746173968159639,0.0955058826786999
2.2063015753938484,0.08074760456692931,-0.4716707709895183,0.09278546847655127
2.2071767941985496,0.07845803618717734,-0.4687524818853653,0.09011882165271007
2.208052013003251,0.07621213130031505,-0.46586234388929854,0.08750442189616434
2.208927231807952,0.07400866040676911,-0.4630001579375863,0.08494079598887047
2.2098024506126532,0.07184643167655921,-0.4601657126809955,0.08242651626353402
2.2106776694173544,0.0697242897253378,-0.4573587855704785,0.07996019910979628
2.211552888222055,0.06764111442876493,-0.4545791438694895,0.07754050352791385
2.2124281070267564,0.0655958197744873,-0.45182654559757934,0.07516612972896117
2.2133033258314576,0.06358735275096353,-0.449100740409664,0.07283581778056006
2.214178544636159,0.061614692272311304,-0.44640147041503325,0.07054834629706551
2.21505376344086,0.059676848138355026,-0.44372847093996004,0.06830253117314537
2.2159289822455612,0.05777286002902274,-0.4410814712375106,0.06609722435965959
2.2168042010502624,0.05590179653221571,-0.4384601951479191,0.06393131268071994
2.2176794198549636,0.05406275420428545,-0.43586436171270476,0.061803716690827036
2.218554638659665,0.052254856662229315,-0.4332936857454854,0.059713389570958494
2.219429857464366,0.05047725370673265,-0.43074787836227796,0.057659316062504525
2.2203050762690673,0.04872912047517161,-0.42822664747388,0.05564051143793488
2.2211802950737685,0.047009656623709865,-0.4257296982427808,0.05365602050710673
2.2220555138784697,0.045318085537627735,-0.4232567335068897,0.051704916658132156
2.222930732683171,0.04365365356902818,-0.42080745417222526,0.04978630093173432
2.223805951487872,0.042015629301083185,-0.4183815595765749,0.04789930112804649
2.2246811702925733,0.040403302837991845,-0.4159787478260089,0.04604307094482006
2.2255563890972745,0.038815985119848156,-0.4135987161060195,0.044216789146041734
2.2264316079019757,0.037253007261614776,-0.41124116096893093,0.0424196587599608
2.227306826706677,0.03571371991543774,-0.4089057785991411,0.04065090630557493
2.2281820455113777,0.034197492655538314,-0.4065922650576459,0.03890978104662717
2.229057264316079,0.03270371338494279,-0.4043003165072037,0.037195554272197714
2.22993248312078,0.0312317877633394,-0.4020296294194349,0.03550751860300942
2.2308077019254813,0.029781138655347213,-0.39977990076503167,0.0338449873225635
2.2316829207301825,0.02835120559852888,-0.3975508281882229,0.03220729373227841
2.2325581395348837,0.02694144429047992,-0.3953421101665371,0.03059379052980824
2.233433358339585,0.025551326094350124,-0.3931534461568515,0.02900384920974544
2.234308577144286,0.024180337562178113,-0.39098453672865874,0.02743685948594429
2.2351837959489873,0.022827979975434995,-0.38883508368542186,0.02589222873472064
2.2360590147536885,0.02149376890218579,-0.3867047901748236,0.024369381458200348
2.2369342335583897,0.020177233770311193,-0.3845933607886898,0.022867758767129407
2.2378094523630905,0.018877917456231998,-0.38250050165329147,0.021386817882460694
2.2386846711677917,0.017595375888610633,-0.3804259205107072,0.019926031655070835
2.239559889972493,0.016329177666518674,-0.37836932679188273,0.018484888102978946
2.240435108777194,0.015078903691568644,-0.3763304316819708,0.017062889965451702
2.2413103275818953,0.013844146813534047,-0.37430894817851756,0.015659554273410082
2.2421855463865965,0.012624511488993484,-0.37230459114301684,0.014274411935568434
2.2430607651912977,0.011419613452554137,-0.3703170773463262,0.0129070073397603
2.243935983995999,0.010229079400219013,-0.36834612550840595,0.011556897968917328
2.2448112028007,0.009052546684483818,-0.36639145633281794,0.010223654031193583
2.2456864216054013,0.007889663020757838,-0.364452792536389,0.008906858103738773
2.2465616404101025,0.006740086204725975,-0.3625298588744314,0.007606104789651108
2.2474368592148037,0.005603483840269062,-0.36062238216187237,0.006321000387641973
2.248312078019505,0.004479533077587695,-0.3587300912906421,0.0050511625739777105
2.249187296824206,0.003367920361175979,-0.35685271724363604,0.0037962200962665515
2.2500625156289074,0.0022683411873103054,-0.35498999310555357,0.0025558124786810724
2.2509377344336086,0.0011804998707263608,-0.3531416540709006,0.0013295897382170098
2.2518129532383098,0.00010410932017064302,-0.35130743744941956,0.0001172121116051853
2.252688172043011,-0.0009611091774742256,-0.34948708266920725,-0.0010816502074908524
2.2535633908477117,-0.002015426164787772,-0.3476803312777498,-0.0022673173213539864
2.254438609652413,-0.0030591042134130047,-0.34588692694110545,-0.003440099871510733
2.255313828457114,-0.004092398115932218,-0.344106615441452,-0.004600299272777611
2.2561890472618154,-0.005115555070284625,-0.34233914467319165,-0.005748207938382233
2.2570642660665166,-0.006128814856980655,-0.3405842646378058,-0.006884109496469566
2.2579394848712178,-0.007132410009354533,-0.3388417274376467,-0.008008278998288043
2.258814703675919,-0.008126565977100078,-0.33711128726882533,-0.009120983118352988
2.25968992248062,-0.009111501283314722,-0.3353927004133669,-0.010222480346861549
2.2605651412853214,-0.010087427675277939,-0.3336857252307809,-0.011313021174633816
2.2614403600900226,-0.011054550269180407,-0.33199012214919243,-0.012392848270842865
2.262315578894724,-0.012013067689010093,-0.3303056536561765,-0.01346219665378433
2.2631907976994246,-0.012963172199803103,-0.3286320842894184,-0.014521293854937183
2.2640660165041258,-0.013905049835453938,-0.3269691806273314,-0.01557036007655177
2.264941235308827,-0.014838880521273025,-0.3253167112797517,-0.016609608342993024
2.265816454113528,-0.015764838191484436,-0.32367444687881564,-0.017639244646071413
2.2666916729182294,-0.016683090901840284,-0.3220421600701311,-0.018659468084575432
2.2675668917229306,-0.01759380093752558,-0.32041962550435077,-0.019670470998215495
2.268442110527632,-0.01849712491653135,-0.31880661982923403,-0.020672439096193106
2.269317329332333,-0.019393213888656075,-0.31720292168230113,-0.021665551580588572
2.270192548137034,-0.02028221343030314,-0.31560831168416253,-0.02264998126476854
2.2710677669417354,-0.021164263735231628,-0.3140225724326111,-0.02362589468700241
2.2719429857464366,-0.02203949970141637,-0.31244548849755865,-0.024593452219474565
2.272818204551138,-0.022908051014170743,-0.31087684641689145,-0.025552808172875963
2.273693423355839,-0.023770042225678682,-0.3093164346933263,-0.026504110896750397
2.27456864216054,-0.0246255928310876,-0.30776404379232764,-0.02744750287577587
2.2754438609652414,-0.025474817341300453,-0.30621946614116496,-0.028383120822146113
2.2763190797699426,-0.026317825352613785,-0.3046824961291649,-0.029311095764226188
2.277194298574644,-0.027154721613336832,-0.3031529301092299,-0.03023155313164271
2.278069517379345,-0.027985606087532946,-0.3016305664006738,-0.031144612836975318
2.2789447361840462,-0.028810574016017547,-0.3001152052934348,-0.03205038935420803
2.279819954988747,-0.02962971597474541,-0.2986066490537211,-0.03294899179409668
2.280695173793448,-0.03044311793072422,-0.29710470193113336,-0.03384052397661306
2.2815703925981494,-0.031250861295580495,-0.29560917016732186,-0.03472508450061372
2.2824456114028506,-0.032053022976913016,-0.2941198620062147,-0.035602766810890925
2.283320830207552,-0.03284967542756173,-0.29263658770586387,-0.03647365926275493
2.284196049012253,-0.033640886692921215,-0.29115915955194843,-0.03733784518429745
2.2850712678169542,-0.03442672045642614,-0.28968739187297393,-0.0381954029364839
2.2859464866216554,-0.03520723608333779,-0.2882211010572002,-0.039046405971223476
2.2868217054263567,-0.035982488662958285,-0.2867601055713306,-0.0398909228875627
2.287696924231058,-0.03675252904940104,-0.2853042259809893,-0.040729017486150015
2.288572143035759,-0.037517403901041455,-0.2838532849730191,-0.041560748822113525
2.28944736184046,-0.038277155718778925,-0.2824071073796129,-0.04238617125650098
2.290322580645161,-0.03903182288323528,-0.2809655202043058,-0.04320533450642466
2.2911977994498622,-0.03978143969101387,-0.2795283526498463,-0.044018283694051925
2.2920730182545634,-0.04052603639015291,-0.27809543614795135,-0.04482505939459219
2.2929482370592646,-0.041265639214896135,-0.27666660439096136,-0.04562569768341936
2.293823455863966,-0.04200027041990862,-0.27524169336540355,-0.046420230182472974
2.294698674668667,-0.04272994831406902,-0.2738205413874594,-0.04720868410608534
2.2955738934733683,-0.043454687293963255,-0.2724029891403418,-0.047991082306374035
2.2964491122780695,-0.04417449787721044,-0.2709888797135734,-0.04876744331834541
2.2973243310827707,-0.04488938673575002,-0.26957805864415846,-0.049537781404852196
2.298199549887472,-0.04559935672921848,-0.2681703739596345,-0.050302106601547235
2.299074768692173,-0.04630440693854716,-0.26676567622298547,-0.051060424761978265
2.2999499874968743,-0.047004532699908244,-0.2653638185793979,-0.05181273760296359
2.3008252063015755,-0.04769972563914254,-0.2639646568048265,-0.05255904275039509
2.3017004251062767,-0.048389973706796034,-0.2625680493563458,-0.053299333785607125
2.302575643910978,-0.04907526121389722,-0.2611738574242429,-0.05403360029245554
2.303450862715679,-0.04975556886860394,-0.25978194498581786,-0.05476182790524612
2.3043260815203803,-0.050430873813850446,-0.25839217886083743,-0.05548399835765435
2.305201300325081,-0.051101149666123696,-0.2570044287685932,-0.056200089532775714
2.3060765191297823,-0.051766366555498045,-0.2556185673865043,-0.0569100755144453
2.3069517379344835,-0.05242649116705336,-0.2542344704102064,-0.0576139266399611
2.3078269567391847,-0.05308148678380963,-0.2528520166150458,-0.05831160955435301
2.308702175543886,-0.053731313331297485,-0.25147108791891504,-0.05900308726632503
2.309577394348587,-0.0543759274238938,-0.250091569446339,-0.05968831920600768
2.3104526131532883,-0.05501528241304384,-0.24871334959372782,-0.06036726128464927
2.3113278319579895,-0.05564932843748988,-0.24733632009570106,-0.06103986595637226
2.3122030507626907,-0.0562780124756274,-0.2459603760923816,-0.061706082282122356
2.313078269567392,-0.056901278400103575,-0.24458541619755184,-0.06236585599592993
2.313953488372093,-0.05751906703477365,-0.2432113425675561,-0.06301912957360437
2.314828707176794,-0.05813131621412289,-0.24183806097083485,-0.0636658423039731
2.315703925981495,-0.058737960845266717,-0.2404654808579509,-0.06430593036278132
2.3165791447861963,-0.0593389329726248,-0.23909351543199003,-0.06493932688935093
2.3174543635908975,-0.05993416184537652,-0.23772208171917952,-0.06556596206610815
2.3183295823955987,-0.06052357398778702,-0.23635110063958678,-0.06618576320107038
2.3192048012003,-0.06110709327249673,-0.2349804970777395,-0.06679865481338551
2.320080020005001,-0.06168464099685667,-0.2336101999530121,-0.06740455872200618
2.3209552388097023,-0.06225613596239165,-0.23224014228960405,-0.06800339413757973
2.3218304576144035,-0.0628214945574599,-0.23087026128594454,-0.06859507775762075
2.3227056764191047,-0.06338063084317927,-0.22950049838334086,-0.06917952386503372
2.323580895223806,-0.06393345664267618,-0.228130799333686,-0.06975664443003853
2.324456114028507,-0.06447988163371052,-0.22676111426603707,-0.07032634921554773
2.3253313328332084,-0.06501981344472021,-0.22539139775186615,-0.07088854588603406
2.3262065516379096,-0.06555315775431966,-0.22402160886878653,-0.07144314011991658
2.3270817704426108,-0.06607981839427962,-0.2226517112625482,-0.0719900357254858
2.327956989247312,-0.0665996974560067,-0.22128167320709025,-0.07252913476037876
2.328832208052013,-0.06711269540052905,-0.21991146766244163,-0.07306033765460133
2.3297074268567144,-0.06761871117198572,-0.2185410723302533,-0.07358354333708626
2.330582645661415,-0.06811764231460916,-0.2171704697067383,-0.07409864936576566
2.3314578644661164,-0.06860938509317621,-0.21579964713280045,-0.07460555206112215
2.3323330832708176,-0.06909383461689098,-0.21442859684113563,-0.07510414664317004
2.3332083020755188,-0.06957088496665821,-0.2130573160000648,-0.07559432737181183
2.33408352088022,-0.07004042932568562,-0.21168580675388896,-0.07607598769049503
2.334958739684921,-0.0705023601133453,-0.2103140762595345,-0.0765490203730844
2.3358339584896224,-0.07095656912221446,-0.2089421367192631,-0.07701331767385469
2.3367091772943236,-0.0714029476581974,-0.20757000540922935,-0.07746877148048939
2.337584396099025,-0.07184138668362354,-0.2061977047036582,-0.07791527346996337
2.338459614903726,-0.07227177696319947,-0.20482526209443255,-0.0783527152671695
2.339334833708427,-0.0726940092126812,-0.2034527102058726,-0.07878098860613746
2.340210052513128,-0.07310797425012107,-0.20208008680450001,-0.07919998549367974
2.341085271317829,-0.0735135631495291,-0.20070743480358205,-0.07960959837528524
2.3419604901225304,-0.07391066739677321,-0.19933480226226755,-0.08000972030306469
2.3428357089272316,-0.07429917904753759,-0.19796224237911045,-0.08040024510554655
2.343710927731933,-0.07467899088713555,-0.19658981347981383,-0.08078106755909868
2.344586146536634,-0.07504999659196802,-0.19521757899901665,-0.08115208356074535
2.345461365341335,-0.07541209089240372,-0.19384560745596002,-0.08151319030213412
2.3463365841460364,-0.07576516973684366,-0.192473972423888,-0.08186428644439302
2.3472118029507376,-0.07610913045672493,-0.19110275249303602,-0.08220527229361103
2.348087021755439,-0.07644387193220283,-0.18973203122708815,-0.08253604997665855
2.34896224056014,-0.0767692947582431,-0.188361897112985,-0.08285652361705732
2.3498374593648412,-0.07708530141084417,-0.18699244350398708,-0.08316659951059781
2.3507126781695424,-0.07739179641310087,-0.18562376855590695,-0.08346618630039299
2.3515878969742436,-0.07768868650081029,-0.18425597515644793,-0.08375519515104791
2.352463115778945,-0.0779758807873157,-0.18288917084759176,-0.08403353992161919
2.353338334583646,-0.0782532909272733,-0.18152346774100828,-0.08430113733702808
2.3542135533883473,-0.07852083127902333,-0.18015898242646733,-0.08455790715758843
2.3550887721930485,-0.07877841906523972,-0.17879583587325745,-0.08480377234630328
2.3559639909977497,-0.0790259745315287,-0.17743415332463391,-0.08503865923358171
2.3568392098024504,-0.07926342110264359,-0.17607406418533578,-0.0852624976790242
2.3577144286071516,-0.07949068553597963,-0.17471570190223384,-0.08547522122992311
2.358589647411853,-0.07970769807201189,-0.17335920383819658,-0.0856767672761243
2.359464866216554,-0.07991439258134006,-0.17200471113926497,-0.08586707720089827
2.3603400850212553,-0.08011070670800353,-0.17065236859526858,-0.08604609652746961
2.3612153038259565,-0.08029658200873321,-0.16930232449402238,-0.08621377506085777
2.3620905226306577,-0.08047196408780988,-0.16795473046926626,-0.0863700670246872
2.362965741435359,-0.08063680272720353,-0.16660974134253584,-0.08651493119263028
2.36384096024006,-0.08079105201167415,-0.16526751495916642,-0.08664833101415444
2.3647161790447613,-0.08093467044852239,-0.16392821201865146,-0.08677023473425426
2.3655913978494625,-0.0810676210816849,-0.1625919958996084,-0.08688061550685677
2.3664666166541632,-0.08118987159988185,-0.16125903247960657,-0.08697945150160327
2.3673418354588645,-0.08130139443853293,-0.15992948995013945,-0.0870667260037208
2.3682170542635657,-0.08140216687517055,-0.15860353862705068,-0.08714242750671085
2.369092273068267,-0.08149217111809354,-0.15728135075671668,-0.08720654979759909
2.369967491872968,-0.08157139438801782,-0.15596310031832783,-0.0872590920345049
2.3708427106776693,-0.08163982899249665,-0.15464896282261392,-0.08730005881630727
2.3717179294823705,-0.08169747239289947,-0.15333911510737633,-0.0873294602442023
2.3725931482870717,-0.08174432726375623,-0.1520337351302013,-0.08734731197496633
2.373468367091773,-0.08178040154429235,-0.15073300175874613,-0.08735363526575987
2.374343585896474,-0.08180570848199849,-0.14943709455899035,-0.08734845701032759
2.3752188047011753,-0.08182026666810034,-0.1481461935818663,-0.08733180976647247
2.3760940235058765,-0.08182410006481335,-0.1468604791486793,-0.08730373177470417
2.3769692423105777,-0.08181723802428917,-0.1455801316357465,-0.08726426696798485
2.377844461115279,-0.08179971529918324,-0.14430533125867473,-0.08721346497251987
2.37871967991998,-0.08177157204479335,-0.14303625785671692,-0.08715138109956329
2.3795948987246813,-0.08173285381274394,-0.14177309067763394,-0.08707807632823433
2.3804701175293825,-0.08168361153621202,-0.14051600816350232,-0.08699361727936346
2.3813453363340837,-0.08162390150671449,-0.13926518773789834,-0.08689807618041219
2.3822205551387845,-0.08155378534249934,-0.13802080559489063,-0.08679153082153511
2.3830957739434857,-0.08147332994860594,-0.13678303649026743,-0.08667406450287567
2.383970992748187,-0.08138260746868342,-0.13555205353542804,-0.08654576597321365
2.384846211552888,-0.08128169522867665,-0.1343280279943399,-0.08640672936010223
2.3857214303575893,-0.08117067567251347,-0.1331111290839812,-0.0862570540916591
2.3865966491622905,-0.08104963628994731,-0.13190152377865866,-0.08609684481019635
2.3874718679669917,-0.08091866953673008,-0.13069937661858716,-0.08592621127789611
2.388347086771693,-0.08077787274731191,-0.1295048495231073,-0.08574526827476084
2.389222305576394,-0.08062734804028204,-0.12831810160889426,-0.0855541354890854
2.3900975243810954,-0.08046720221678595,-0.12713928901350793,-0.08535293740071974
2.3909727431857966,-0.08029754665216939,-0.12596856472460782,-0.08514180315740615
2.3918479619904973,-0.0801184971811193,-0.12480607841514615,-0.0849208664444951
2.3927231807951985,-0.07993017397658493,-0.12365197628482608,-0.08469026534835677
2.3935983995998997,-0.07973270142277948,-0.12250640090810844,-0.08445014221382267
2.394473618404601,-0.07952620798257393,-0.12136949108900884,-0.08420064349600234
2.395348837209302,-0.07931082605960814,-0.12024138172292266,-0.08394191960683378
2.3962240560140033,-0.07908669185545578,-0.11912220366569104,-0.08367412475673706
2.3970992748187046,-0.0788539452221878,-0.11801208361009405,-0.08339741679174827
2.3979744936234058,-0.07861272951068901,-0.11691114396993903,-0.08311195702652009
2.398849712428107,-0.07836319141508902,-0.11581950277189201,-0.08281791007358155
2.399724931232808,-0.07810548081367327,-0.11473727355516913,-0.08251544366925265
2.4006001500375094,-0.07783975060664673,-0.11366456527919307,-0.08220472849661595
2.4014753688422106,-0.07756615655112306,-0.11260148223928816,-0.0818859380059464
2.402350587646912,-0.07728485709371603,-0.11154812399046955,-0.08155924823300315
2.403225806451613,-0.07699601320110828,-0.11050458527935697,-0.08122483761558467
2.404101025256314,-0.07669978818897426,-0.10947095598422693,-0.08088288680874911
2.4049762440610154,-0.07639634754962812,-0.10844732106318478,-0.08053357849909404
2.4058514628657166,-0.07608585877876815,-0.10743376051042981,-0.08017709721848924
2.406726681670418,-0.0757684912016816,-0.10643034932055584,-0.07981362915764795
2.4076019004751186,-0.07544441579926929,-0.10543715746081475,-0.07944336197991461
2.40847711927982,-0.07511380503424152,-0.10445424985124598,-0.07906648463563902
2.409352338084521,-0.07477683267783244,-0.10348168635256946,-0.07868318717750082
2.410227556889222,-0.0744336736373644,-0.10251952176169839,-0.07829366057713003
2.4111027756939234,-0.07408450378499151,-0.10156780581473669,-0.07789809654336724
2.4119779944986246,-0.07372949978793572,-0.10062658319729188,-0.07749668734248806
2.412853213303326,-0.07336883894052047,-0.09969589356192833,-0.07708962562070765
2.413728432108027,-0.07300269899829218,-0.09877577155256625,-0.07667710422926423
2.414603650912728,-0.07263125801451066,-0.09786624683562518,-0.07625931605237046
2.4154788697174294,-0.0722546941792719,-0.09696734413768966,-0.07583645383830147
2.4163540885221306,-0.07187318566151726,-0.09607908328947407,-0.07540871003387853
2.4172293073268314,-0.07148691045416575,-0.09520147927584553,-0.07497627662258786
2.4181045261315326,-0.07109604622259239,-0.09433454229165772,-0.07453934496655891
2.418979744936234,-0.07070077015666269,-0.09347827780314445,-0.07409810565261299
2.419854963740935,-0.07030125882651538,-0.09263268661460843,-0.0736527483425726
2.420730182545636,-0.0698976880422714,-0.09179776494013833,-0.07320346162800777
2.4216054013503374,-0.06949023271783378,-0.09097350448008577,-0.07275043288957994
2.4224806201550386,-0.06907906673892514,-0.09015989250202422,-0.07229384816112572
2.42335583895974,-0.06866436283549611,-0.08935691192591402,-0.07183389199860774
2.424231057764441,-0.06824629245862131,-0.08856454141319302,-0.07137074735404256
2.4251062765691422,-0.06782502566198775,-0.08778275545951555,-0.07090459545450237
2.4259814953738434,-0.06740073098806111,-0.08701152449085674,-0.07043561568626709
2.4268567141785446,-0.06697357535900596,-0.08625081496270721,-0.06996398548419351
2.427731932983246,-0.06654372397241792,-0.08550058946207978,-0.0694898802263486
2.428607151787947,-0.06611134020191436,-0.08476080681205496,-0.06901347313394245
2.4294823705926483,-0.06567658550261633,-0.08403142217859558,-0.06853493517658167
2.4303575893973495,-0.06523961932154015,-0.08331238717936328,-0.06805443498284905
2.4312328082020507,-0.06480059901290755,-0.08260364999427734,-0.06757213875620512
2.432108027006752,-0.06435967975836854,-0.08190515547755964,-0.0670882101961924
2.432983245811453,-0.06391701449211946,-0.08121684527101332,-0.06660281042491073
2.433858464616154,-0.06347275383089254,-0.08053865791829738,-0.06611609791872523
2.434733683420855,-0.06302704600877396,-0.07987052897995334,-0.0656282284451498
2.4356089022255563,-0.06258003681680957,-0.07921239114896401,-0.06513935500484984
2.4364841210302575,-0.062131869547334524,-0.07856417436661334,-0.06464962777868546
2.4373593398349587,-0.06168268494296676,-0.07792580593844145,-0.06415919407971982
2.43823455863966,-0.06123262115018778,-0.0772972106500862,-0.06366819831010055
2.439109777444361,-0.06078181367743077,-0.07667831088281567,-0.06317678192271915
2.4399849962490623,-0.06033039535758758,-0.07606902672856401,-0.06268508338754396
2.4408602150537635,-0.059878496314839845,-0.07546927610429056,-0.06219323816251704
2.4417354338584647,-0.059426243935714655,-0.07487897486549414,-0.061701378668899874
2.442610652663166,-0.05897376284425893,-0.07429803691872026,-0.06120963427094696
2.4434858714678667,-0.05852117488122085,-0.07372637433290855,-0.0607181312597805
2.444361090272568,-0.05806859908712619,-0.07316389744943955,-0.06022699284133952
2.445236309077269,-0.05761615168913023,-0.07261051499074624,-0.05973633912826926
2.4461115278819703,-0.05716394609152378,-0.07206613416736486,-0.059246287135615326
2.4469867466866715,-0.05671209286976924,-0.07153066078330891,-0.058756950780184246
2.4478619654913727,-0.05626069976794183,-0.07100399933966066,-0.05826844088343227
2.448737184296074,-0.05580987169944707,-0.07048605313627998,-0.05778086517773974
2.449612403100775,-0.05535971075088563,-0.06997672437154095,-0.057294328315929566
2.4504876219054763,-0.05491031618893605,-0.06947591424001474,-0.0568089318838873
2.4513628407101775,-0.05446178447012383,-0.06898352302802357,-0.0563247744161395
2.4522380595148787,-0.05401420925334812,-0.06849945020700196,-0.05584195141424948
2.45311327831958,-0.053567681415033944,-0.0680235945246051,-0.05536055536788717
2.453988497124281,-0.053122289066781146,-0.06755585409351415,-0.05488067577843329
2.4548637159289823,-0.05267811757538149,-0.06709612647789479,-0.05440239918497852
2.4557389347336835,-0.05223524958507581,-0.06664430877747196,-0.05392580919257992
2.4566141535383847,-0.05179376504192498,-0.06620029770918996,-0.05345098650263807
2.457489372343086,-0.05135374122017163,-0.06576398968643565,-0.052978008945263264
2.458364591147787,-0.050915252750467745,-0.06533528089580412,-0.0525069515134967
2.459239809952488,-0.050478371649850765,-0.06491406737139771,-0.05203788639926105
2.460115028757189,-0.05004316735334676,-0.06450024506664856,-0.05157088303091111
2.4609902475618903,-0.04960970674708971,-0.06409370992366716,-0.05110600811226617
2.4618654663665915,-0.04917805420283959,-0.06369435794011653,-0.050643325662999526
2.4627406851712927,-0.04874827161379172,-0.06330208523362235,-0.050182897060271243
2.463615903975994,-0.04832041843157031,-0.06291678810373111,-0.04972478108149067
2.464491122780695,-0.04789455170430139,-0.06253836309143318,-0.04926903394809831
2.4653663415853964,-0.047470726115664524,-0.062166707036270565,-0.04881570937026089
2.4662415603900976,-0.04704899402482588,-0.06180171713105422,-0.048364858592377234
2.4671167791947988,-0.04662940550715713,-0.06144329097421715,-0.047916530439294884
2.4679919979995,-0.04621200839565052,-0.0610913266198352,-0.047470771363143476
2.4688672168042007,-0.045796848322941286,-0.06074572262534766,-0.047027625490692136
2.469742435608902,-0.04538396876385113,-0.06040637809701238,-0.046587134671141076
2.470617654413603,-0.044973411078376616,-0.06007319273313745,-0.04614933852426822
2.4714928732183044,-0.044565214555038,-0.059746066865124264,-0.04571427448884317
2.4723680920230056,-0.04415941645451944,-0.059424901496368754,-0.045281977871237174
2.4732433108277068,-0.04375605205352562,-0.0591095983390613,-0.0448524818941517
2.474118529632408,-0.043355154688789324,-0.058800059848933,-0.0444258177453983
2.474993748437109,-0.042956755801163836,-0.058496189257993346,-0.04400201462666181
2.4758689672418104,-0.04256088497973904,-0.05819789060530775,-0.043581099802184456
2.4767441860465116,-0.04216757000592297,-0.057905068765863335,-0.043163098647311285
2.477619404851213,-0.04177683689743331,-0.05761762947757251,-0.042748034696840666
2.478494623655914,-0.041388709952146996,-0.057335479366464624,-0.04233592969312709
2.479369842460615,-0.04100321179175841,-0.05705852597011588,-0.041926803633886484
2.4802450612653164,-0.04062036340519987,-0.056786677759368874,-0.04152067481965726
2.4811202800700176,-0.04024018419178092,-0.0565198441583922,-0.04111755990087356
2.481995498874719,-0.03986269200400596,-0.05625793556313242,-0.04071747392451045
2.48287071767942,-0.03948790319003158,-0.056000863358208156,-0.04032043038026248
2.4837459364841212,-0.039115832635728945,-0.05574853993229881,-0.03992644124622148
2.484621155288822,-0.038746493806318325,-0.05550087869207806,-0.03953551703402131
2.485496374093523,-0.038379898787543,-0.05525779407474133,-0.03914766683341729
2.4863715928982244,-0.038016058326359674,-0.05501920155918096,-0.03876289835627862
2.4872468117029256,-0.0376549818711131,-0.05478501767585393,-0.038381217979962044
2.488122030507627,-0.03729667761117673,-0.054555160015395114,-0.038002630790049965
2.488997249312328,-0.03694115251603423,-0.054329547236021965,-0.03762714062242889
2.4898724681170292,-0.03658841237378471,-0.054108099069779717,-0.03725475010469231
2.4907476869217304,-0.03623846182905301,-0.05389073632767342,-0.03688546069685067
2.4916229057264316,-0.03589130442028946,-0.05367738090373311,-0.036519272731334484
2.492498124531133,-0.035546942616445594,-0.05346795577805752,-0.0361561854522783
2.493373343335834,-0.03520537785301313,-0.053262385018880525,-0.03579619705407451
2.494248562140535,-0.034866610567416564,-0.05306059378370444,-0.035439304719189095
2.495123780945236,-0.034530640233748584,-0.05286250831954165,-0.035085504655229895
2.495998999749937,-0.03419746539684361,-0.05266805596230801,-0.03473479213126473
2.4968742185546384,-0.03386708370568007,-0.052477165135406595,-0.034387161513381545
2.4977494373593396,-0.03353949194610864,-0.052289765347542747,-0.0340426062994896
2.498624656164041,-0.03321468607290275,-0.05210578718980901,-0.03370111915335989
2.499499874968742,-0.03289266124112764,-0.051925162332076835,-0.03336269193790288
2.5003750937734432,-0.03257341183682838,-0.051747823518732285,-0.03302731574768577
2.5012503125781445,-0.032256931507035264,-0.05157370456379104,-0.032694980940689664
2.5021255313828457,-0.03194321318908799,-0.051402740345427085,-0.03236567716930981
2.503000750187547,-0.031632249139279825,-0.051234866799948445,-0.03203939341060204
2.503875968992248,-0.03132403096082519,-0.05107002091525304,-0.03171611799578076
2.5047511877969493,-0.03101854963115242,-0.05090814072379487,-0.03139583863897203
2.5056264066016505,-0.030715795528527396,-0.05074916529509193,-0.03107854246522938
2.5065016254063517,-0.030415758458011866,-0.05059303472780468,-0.03076421603781796
2.507376844211053,-0.03011842767676202,-0.050439690141413446,-0.030452845384774514
2.508252063015754,-0.029823791918673383,-0.050289073667522007,-0.030144416024751
2.5091272818204553,-0.02953183941837906,-0.050141128440814045,-0.02983891299215081
2.5100025006251565,-0.029242557934607234,-0.049995798589687404,-0.029536320861565154
2.5108777194298577,-0.028955934772906804,-0.04985302922659078,-0.029236623771520382
2.511752938234559,-0.02867195680774818,-0.04971276643808649,-0.028939805447544965
2.5126281570392597,-0.028390610504008103,-0.04957495727466162,-0.0286458492245668
2.513503375843961,-0.028111881937846122,-0.049439549740309056,-0.028354738068650024
2.514378594648662,-0.027835756816984247,-0.049306492781900316,-0.028066454598084788
2.5152538134533633,-0.027562220500395418,-0.04917573627836826,-0.027780981103837015
2.5161290322580645,-0.027291258017413476,-0.049047231029720466,-0.02749829956937263
2.5170042510627657,-0.02702285408627254,-0.04892092874590063,-0.02721839168986576
2.517879469867467,-0.026756993132086532,-0.04879678203551573,-0.026941238890803052
2.5187546886721677,-0.026493659304278456,-0.04867474439444566,-0.02666682234599548
2.519629907476869,-0.02623283649346951,-0.048554770194351025,-0.026395122995009016
2.52050512628157,-0.025974508347839688,-0.048436814671094945,-0.02612612156002744
2.5213803450862713,-0.02571865828896801,-0.04832083391309243,-0.02585979856215679
2.5222555638909725,-0.025465269527164637,-0.04820678484960181,-0.025596134337185123
2.5231307826956737,-0.025214325076304656,-0.048094625238971095,-0.02533510905080878
2.524006001500375,-0.024965807768174246,-0.047984313656851726,-0.025076702713337173
2.524881220305076,-0.024719700266339326,-0.04787580948439141,-0.024820895193887534
2.5257564391097773,-0.024475985079548224,-0.04776907289641766,-0.024567666234082398
2.5266316579144785,-0.02423464457467736,-0.047664064849622115,-0.024316995461260118
2.5275068767191797,-0.023995660989232025,-0.0475607470707561,-0.02406886240121162
2.528382095523881,-0.023759016443411093,-0.04745908204484671,-0.02382324649045352
2.529257314328582,-0.023524692951747684,-0.047359033003442526,-0.023580127088050646
2.5301325331332833,-0.023292672434334156,-0.0472605639128972,-0.023339483486997575
2.5310077519379846,-0.02306293672764354,-0.04716363946269917,-0.023101294925172284
2.5318829707426858,-0.022835467594955746,-0.047068225053854544,-0.022865540595871377
2.532758189547387,-0.022610246736399962,-0.046974286787330635,-0.022632199657939212
2.533633408352088,-0.022387255798622004,-0.046881791452566365,-0.022401251245500853
2.5345086271567894,-0.022166476384087364,-0.04679070651605594,-0.022172674477310368
2.5353838459614906,-0.021947890060028497,-0.04670100011001132,-0.021946448465724074
2.536259064766192,-0.021731478367047027,-0.046612641021108965,-0.021722552325310236
2.537134283570893,-0.02151722282737901,-0.046525598679325826,-0.021500965181104285
2.5380095023755938,-0.0213051049528337,-0.04643984314686916,-0.02128166617652079
2.538884721180295,-0.02109510625241336,-0.046355345107204314,-0.02106463448093058
2.539759939984996,-0.02088720823962541,-0.04627207585418497,-0.020849849296915107
2.5406351587896974,-0.020681392439492647,-0.04619000728128857,-0.020637289867204502
2.5415103775943986,-0.020477640395272743,-0.04610911187096106,-0.020426935481311307
2.5423855963991,-0.020275933674894078,-0.04602936268407358,-0.020218765481867632
2.543260815203801,-0.02007625387711665,-0.04595073334949397,-0.020012759270675192
2.5441360340085017,-0.0198785826374263,-0.045873198053775675,-0.019808896314477093
2.545011252813203,-0.019682901633669474,-0.04579673153096593,-0.019607156150459208
2.545886471617904,-0.01948919259143806,-0.04572130905253599,-0.019407518391491425
2.5467616904226054,-0.01929743728920963,-0.045646906417434345,-0.019209962731114492
2.5476369092273066,-0.01910761756325249,-0.045573499942264985,-0.01901446894828262
2.5485121280320078,-0.01891971531230193,-0.045501066451592055,-0.018821016911868632
2.549387346836709,-0.018733712502015113,-0.04542958326837197,-0.018629586584939795
2.55026256564141,-0.018549591169211354,-0.045359028204513846,-0.018440158028811406
2.5511377844461114,-0.018367333425905245,-0.045289379551569586,-0.018252711406886245
2.5520130032508126,-0.01818692146313841,-0.04522061607155348,-0.01806722698828605
2.552888222055514,-0.01800833755461723,-0.04515271698789258,-0.017883685151282833
2.553763440860215,-0.017831564060162446,-0.04508566197650774,-0.017702066386536406
2.554638659664916,-0.017656583428976982,-0.045019431157025606,-0.01752235130014483
2.5555138784696174,-0.017483378202737977,-0.044954005084121715,-0.017344520616514224
2.5563890972743186,-0.01731193101851925,-0.0448893647389947,-0.01716855518105448
2.55726431607902,-0.017142224611549284,-0.044825491520971206,-0.01699443596270642
2.558139534883721,-0.016974241817811063,-0.0447623672392414,-0.016822144056307033
2.5590147536884222,-0.016807965576488837,-0.044699974104724885,-0.016651660684798158
2.5598899724931234,-0.016643378932267156,-0.044638294722066,-0.016482967201284403
2.5607651912978247,-0.016480465037487253,-0.04457731208175853,-0.016316045090945547
2.561640410102526,-0.016319207154166345,-0.04451700955239884,-0.01615087597280942
2.562515628907227,-0.016159588655883798,-0.04445737087306674,-0.015987441601389357
2.563390847711928,-0.016001593029540018,-0.04439838014583341,-0.015825723868192504
2.564266066516629,-0.015845203876991554,-0.04434002182839521,-0.015665704803102587
2.5651412853213302,-0.01569040491656806,-0.044282280726832914,-0.015507366575643104
2.5660165041260314,-0.015537179984474693,-0.04422514198849497,-0.015350691496124773
2.5668917229307326,-0.01538551303608419,-0.04416859109500373,-0.015195662016681615
2.567766941735434,-0.015235388147123406,-0.04411261385538396,-0.01504226073220078
2.568642160540135,-0.015086789514757514,-0.044057196399311924,-0.014890470381149417
2.5695173793448363,-0.01493970145857643,-0.044002325170484344,-0.014740273846303413
2.570392598149537,-0.014794108421486641,-0.04394798692010563,-0.014591654155381327
2.5712678169542382,-0.014649994970512512,-0.04389416870049238,-0.014444594481587773
2.5721430357589394,-0.014507345797510653,-0.04384085785879369,-0.014299078144070033
2.5730182545636406,-0.014366145719800303,-0.04378804203082611,-0.01415508860829094
2.573893473368342,-0.014226379680713547,-0.04373570913502157,-0.014012609486322084
2.574768692173043,-0.014088032750068414,-0.04368384736648735,-0.013871624537060446
2.5756439109777443,-0.013951090124567958,-0.04363244519117639,-0.013732117666371774
2.5765191297824455,-0.013815537128128462,-0.04358149134016656,-0.013594072927163896
2.5773943485871467,-0.013681359212139511,-0.04353097480404754,-0.013457474519392883
2.578269567391848,-0.013548541955658999,-0.043480884827413885,-0.013322306790005201
2.579144786196549,-0.013417071065545757,-0.04343121090346269,-0.013188554232818703
2.5800200050012503,-0.013286932376532319,-0.04338194276869463,-0.013056201488344988
2.5808952238059515,-0.0131581118512406,-0.04333307039771652,-0.012925233343556096
2.5817704426106527,-0.01303059558014289,-0.04328458399814442,-0.012795634731597939
2.582645661415354,-0.012904369781470514,-0.04323647400560536,-0.01266739073145297
2.583520880220055,-0.012779420801072664,-0.04318873107883658,-0.012540486567554614
2.5843960990247563,-0.012655735112227538,-0.04314134609488037,-0.012414907609355728
2.5852713178294575,-0.012533299315407908,-0.043094310144373586,-0.012290639370853224
2.5861465366341587,-0.012412100138003408,-0.04304761452692984,-0.012167667510071247
2.58702175543886,-0.012292124434001411,-0.04300125074661332,-0.012045977828504794
2.587896974243561,-0.01217335918362847,-0.04295521050750233,-0.011925556270525873
2.5887721930482623,-0.01205579149295439,-0.042909485709341666,-0.011806388922754223
2.589647411852963,-0.011939408593460717,-0.04286406844328183,-0.01168846201339451
2.5905226306576643,-0.011824197841574857,-0.04281895098770382,-0.011571761911541202
2.5913978494623655,-0.011710146718172833,-0.042774125804128385,-0.011456275126454205
2.5922730682670667,-0.011597242828050785,-0.042729585533207784,-0.011341988306805363
2.593148287071768,-0.011485473899367988,-0.042685322990798955,-0.011228888239898656
2.594023505876469,-0.01137482778306217,-0.04264133116411674,-0.011116961850864908
2.5948987246811703,-0.01126529245223914,-0.04259760320796547,-0.01100619620183301
2.595773943485871,-0.011156856001537888,-0.04255413244104795,-0.010896578491078878
2.5966491622905723,-0.011049506646472224,-0.04251091234235001,-0.010788096052153216
2.5975243810952735,-0.01094323272275131,-0.04246793654759981,-0.01068073635299046
2.5983995998999747,-0.010838022685578971,-0.0424251988458,-0.010574486994998784
2.599274818704676,-0.010733865108934103,-0.0423826931758318,-0.010469335712133552
2.600150037509377,-0.010630748684832877,-0.042340413623129604,-0.010365270369954839
2.6010252563140783,-0.010528662222573953,-0.04229835441642472,-0.010262278964670354
2.6019004751187795,-0.010427594647967841,-0.04225650992455703,-0.010160349622164793
2.6027756939234807,-0.010327535002551468,-0.042214874653353426,-0.010059470597016779
2.603650912728182,-0.010228472442788858,-0.04217344324257143,-0.009959630271504238
2.604526131532883,-0.010130396239259026,-0.04213221046290724,-0.009860817154599359
2.6054013503375844,-0.010033295775832127,-0.0420911712130666,-0.009763019880954118
2.6062765691422856,-0.00993716054883424,-0.04205032051689751,-0.009666227209876829
2.6071517879469868,-0.00984198016620247,-0.04200965352058351,-0.00957042802430131
2.608027006751688,-0.009747744346630475,-0.04196916548989636,-0.009475611329748834
2.608902225556389,-0.009654442918705536,-0.04192885180750708,-0.00938176625328395
2.6097774443610904,-0.00956206582003794,-0.04188870797035403,-0.009288882042464927
2.6106526631657916,-0.009470603096383525,-0.04184872958706721,-0.009196948064289681
2.611527881970493,-0.009380044900759513,-0.04180891237544726,-0.0091059538041373
2.612403100775194,-0.00929038149255526,-0.04176925215999855,-0.009015888864706768
2.613278319579895,-0.009201603236637677,-0.04172974486951495,-0.008926742964952637
2.6141535383845964,-0.009113700602452398,-0.04169038653471736,-0.008838505939018743
2.615028757189297,-0.009026664163121438,-0.04165117328594205,-0.008751167735170625
2.6159039759939984,-0.008940484594537149,-0.04161210135087851,-0.008664718414726519
2.6167791947986996,-0.00885515267445425,-0.04157316705235638,-0.008579148150988637
2.617654413603401,-0.008770659281579232,-0.041534366806179716,-0.008494447228174027
2.618529632408102,-0.008686995394658325,-0.041495697119008274,-0.008410606040346203
2.619404851212803,-0.008604152091564428,-0.04145715458628459,-0.008327615090347906
2.6202800700175044,-0.008522120548383237,-0.041418735890205935,-0.008245464988735227
2.621155288822205,-0.008440892038499294,-0.04138043779774023,-0.00816414645271379
2.6220305076269064,-0.008360457931681978,-0.041342257158685,-0.008083650305077014
2.6229057264316076,-0.008280809693172497,-0.041304190903768793,-0.008003967473147458
2.623780945236309,-0.008201938882771464,-0.04126623604279361,-0.00792508898772086
2.62465616404101,-0.008123837153927935,-0.04122838966281795,-0.0078470059820137
2.625531382845711,-0.008046496252830177,-0.041190648926379594,-0.007769709690614522
2.6264066016504124,-0.007969908017498395,-0.04115301106975711,-0.00769319144843927
2.6272818204551136,-0.007894064376879749,-0.041115473401269385,-0.007617442689690903
2.628157039259815,-0.007818957349946032,-0.04107803329961245,-0.007542454946823656
2.629032258064516,-0.007744579044794224,-0.04104068821223273,-0.007468219849512154
2.629907476869217,-0.0076709216577501805,-0.041003435653735966,-0.0073947291236256055
2.6307826956739184,-0.007597977472475768,-0.040966273204331126,-0.007321974590207346
2.6316579144786196,-0.007525738859079691,-0.040929198508308506,-0.0072499481644599986
2.632533133283321,-0.007454198273232121,-0.040892209272551334,-0.00717864185473631
2.633408352088022,-0.007383348255283502,-0.04085530326508018,-0.007108047761536011
2.6342835708927232,-0.007313181429387638,-0.04081847831362939,-0.007038158076508818
2.6351587896974245,-0.0072436905026292495,-0.040781732304255046,-0.006968965081463699
2.6360340085021257,-0.007174868264156253,-0.04074506317997361,-0.006900461147384673
2.636909227306827,-0.007106707584316948,-0.04070846893943067,-0.006832638733453276
2.637784446111528,-0.007039201413802,-0.040671947635599164,-0.006765490386077587
2.6386596649162293,-0.006972342782791909,-0.04063549737450645,-0.006699008737928462
2.6395348837209305,-0.006906124800109535,-0.04059911631398955,-0.006633186506982528
2.6404101025256312,-0.006840540652378133,-0.04056280266247806,-0.006568016495572391
2.6412853213303324,-0.006775583603184967,-0.040526554677803986,-0.006503491589444066
2.6421605401350337,-0.006711246992250717,-0.04049037066603824,-0.006439604756821852
2.643035758939735,-0.006647524234604447,-0.04045424898035272,-0.006376349047480402
2.643910977744436,-0.0065844088197646545,-0.04041818801990798,-0.006313717591824454
2.6447861965491373,-0.006521894310926184,-0.04038218622876544,-0.0062517035999760185
2.6456614153538385,-0.006459974344153361,-0.04034624209482409,-0.006190300360869341
2.6465366341585397,-0.006398642627579058,-0.04031035414878071,-0.006129501241353337
2.6474118529632404,-0.006337892940610236,-0.040274520963113375,-0.006069299685302019
2.6482870717679416,-0.006277719133139476,-0.04023874115108764,-0.006009689212732397
2.649162290572643,-0.006218115124763241,-0.04020301336578504,-0.005950663418930603
2.650037509377344,-0.006159074904006211,-0.040167336299153214,-0.005892215973585528
2.6509127281820453,-0.006100592527552199,-0.04013170868107727,-0.005834340619930491
2.6517879469867465,-0.006042662119481599,-0.0400961292784721,-0.0057770311738928265
2.6526631657914477,-0.0059852778705153245,-0.040060596894394875,-0.0057202815232513925
2.653538384596149,-0.00592843403726534,-0.04002511036717754,-0.0056640856268020115
2.65441360340085,-0.005872124941491788,-0.03998966856957878,-0.0056084375135308845
2.6552888222055513,-0.005816344969366758,-0.03995427040795502,-0.005553331281795974
2.6561640410102525,-0.005761088570744663,-0.039918914821450005,-0.005498761098516305
2.6570392598149537,-0.005706350258439318,-0.039883600781202705,-0.0054447211983692815
2.657914478619655,-0.0056521246075077304,-0.03984832728957296,-0.005391205882995963
2.658789697424356,-0.005598406254540481,-0.039813093379384656,-0.00533820952021423
2.6596649162290573,-0.005545189896958889,-0.03977789811318582,-0.005285726543239935
2.6605401350337585,-0.005492470292318874,-0.039742740582525554,-0.005233751449915997
2.6614153538384597,-0.005440242257621403,-0.03970761990724711,-0.005182278801949276
2.662290572643161,-0.005388500668629766,-0.03967253523479712,-0.005131303224155465
2.663165791447862,-0.005337240459193478,-0.039637485739550324,-0.005080819403711769
2.6640410102525633,-0.005286456620578848,-0.03960247062214951,-0.005030822089417413
2.6649162290572646,-0.005236144200806218,-0.03956748910886049,-0.004981306090961941
2.6657914478619658,-0.0051862983039939105,-0.039532540450941636,-0.004932266278201345
2.6666666666666665,-0.005136914089708676,-0.03949762392402775,-0.0048836975804417955
2.6675418854713677,-0.00508798677232286,-0.039462738827527676,-0.004835594985731169
2.668417104276069,-0.005039511620378196,-0.03942788448403594,-0.004787953540158263
2.66929232308077,-0.004991483955956068,-0.03939306023875745,-0.0047407683471595375
2.6701675418854713,-0.004943899154054304,-0.039358265458945364,-0.004694034566833419
2.6710427606901725,-0.004896752641970662,-0.03932349953335172,-0.004647747415262305
2.6719179794948738,-0.004850039898692556,-0.03928876187169053,-0.004601902163841819
2.6727931982995745,-0.004803756454293479,-0.03925405190411324,-0.004556494138617746
2.6736684171042757,-0.004757897889335577,-0.03921936908069582,-0.0045115187196300855
2.674543635908977,-0.004712459834278949,-0.03918471287093791,-0.004466971340264781
2.675418854713678,-0.004667437968897012,-0.03915008276327316,-0.00442284748661247
2.6762940735183793,-0.004622828021698342,-0.03911547826459071,-0.004379142696834619
2.6771692923230805,-0.004578625769354743,-0.03908089889976777,-0.004335852560536804
2.6780445111277817,-0.004534827036135565,-0.039046344211212766,-0.004292972718149132
2.678919729932483,-0.004491427693348242,-0.03901181375841889,-0.004250498860313773
2.679794948737184,-0.00444842365878498,-0.03897730711752796,-0.004208426727279495
2.6806701675418854,-0.004405810896175565,-0.0389428238809043,-0.004166752108303191
2.6815453863465866,-0.004363585414646252,-0.03890836365671815,-0.004125470841058309
2.6824206051512878,-0.004321743268184698,-0.03887392606853895,-0.004084578811050166
2.683295823955989,-0.004280280555110879,-0.038839510754937634,-0.004044071951038059
2.68417104276069,-0.004239193417553937,-0.0388051173690984,-0.004003946240464092
2.6850462615653914,-0.004198478040934975,-0.03877074557843903,-0.003964197704888759
2.6859214803700926,-0.004158130653455654,-0.03873639506424025,-0.003924822415433094
2.686796699174794,-0.004118147525592614,-0.03870206552128347,-0.003885816488227404
2.687671917979495,-0.004078524969597682,-0.03866775665749685,-0.0038471760838665473
2.688547136784196,-0.004039259339003774,-0.038633468193609646,-0.003808897406871636
2.6894223555888974,-0.004000347028136449,-0.038599199862814376,-0.003770976705158127
2.6902975743935986,-0.003961784471631105,-0.03856495141043692,-0.0037334102695102556
2.6911727931983,-0.0039235681439557316,-0.038530722593614175,-0.003696194433061744
2.6920480120030006,-0.0038856945589392025,-0.03849651318097916,-0.003659325570782728
2.692923230807702,-0.0038481602693049397,-0.038462322952353425,-0.0036228000989727456
2.693798449612403,-0.0038109618662102085,-0.0384281516984466,-0.0035866144747600144
2.694673668417104,-0.0037740959787905546,-0.03839399922056296,-0.0035507651956065223
2.6955488872218054,-0.003737559273709725,-0.038359865330314616,-0.0035152487988192363
2.6964241060265066,-0.003701348454714754,-0.03832574984934159,-0.003480061861067127
2.697299324831208,-0.0036654602621963295,-0.03829165260903827,-0.0034452009979040864
2.698174543635909,-0.0036298914727543544,-0.03825757345028628,-0.003410662863297667
2.69904976244061,-0.0035946388987685585,-0.03822351222319353,-0.0033764441491634695
2.699924981245311,-0.0035596993879741913,-0.03818946878683938,-0.0033425415849052177
2.700800200050012,-0.003525069823042843,-0.03815544300902581,-0.0033089519369605353
2.7016754188547134,-0.0034907471211681283,-0.03812143476603425,-0.0032756720083521717
2.7025506376594146,-0.003456728233656279,-0.03808744394238834,-0.0032426986382447028
2.703425856464116,-0.003423010145521719,-0.03805347043062191,-0.0032100287015067643
2.704301075268817,-0.0033895898750873356,-0.038019514131052735,-0.0031776591082785435
2.7051762940735182,-0.0033564644735896423,-0.03798557495156142,-0.0031455868035446845
2.7060515128782194,-0.003323631024788581,-0.037951652807375495,-0.0031138087667123837
2.7069267316829206,-0.0032910866445819958,-0.03791774762085861,-0.0030823220111946604
2.707801950487622,-0.0032588284806248312,-0.03788385932130471,-0.003051123583998878
2.708677169292323,-0.003226853711952764,-0.037849987844737046,-0.0030202105653201958
2.7095523880970243,-0.003195159548610469,-0.037816133133711884,-0.0029895800681401592
2.7104276069017255,-0.003163743231284339,-0.03778229513712697,-0.00295922923783022
2.7113028257064267,-0.0031326020309396067,-0.0377484738100344,-0.0029291552517601528
2.712178044511128,-0.003101733248461863,-0.037714669113457985,-0.002899355318911331
2.713053263315829,-0.0030711342143029396,-0.037680881014215,-0.0028698266794948343
2.7139284821205303,-0.003040802288131018,-0.03764710948474202,-0.0028405666045742384
2.7148037009252315,-0.0030107348584850406,-0.03761335450292507,-0.0028115723956931575
2.7156789197299327,-0.00298092934243327,-0.03757961605193373,-0.0027828413845073763
2.716554138534634,-0.0029513831852360324,-0.03754589412005913,-0.0027543709324215977
2.717429357339335,-0.00292209386001251,-0.03751218870055601,-0.0027261584302306716
2.718304576144036,-0.0028930588674116564,-0.03747849979148838,-0.0026982012977653596
2.719179794948737,-0.0028642757352869744,-0.03744482739557893,-0.0026704969835423882
2.7200550137534383,-0.00283574201837552,-0.03741117152006208,-0.002643042964419115
2.7209302325581395,-0.0028074552979805304,-0.03737753217654061,-0.0026158367452522374
2.7218054513628407,-0.0027794131816581214,-0.037343909380845565,-0.0025888758585609502
2.722680670167542,-0.002751613302907709,-0.03731030315289973,-0.002562157864194221
2.723555888972243,-0.0027240533208662816,-0.037276713516584306,-0.0025356803490022956
2.724431107776944,-0.0026967309200063767,-0.03724314049960883,-0.002509440926512273
2.725306326581645,-0.0026696438098377058,-0.0372095841333842,-0.002483437236607711
2.7261815453863463,-0.002642789724612569,-0.03717604445289894,-0.0024576669452123696
2.7270567641910475,-0.0026161664230347553,-0.037142521496598246,-0.0024321277439777965
2.7279319829957487,-0.0025897716879720125,-0.03710901530626617,-0.0024068173499748446
2.72880720180045,-0.002563603326172152,-0.037075525926910546,-0.0023817335053891477
2.729682420605151,-0.002537659167982504,-0.03704205340665089,-0.0023568739772203023
2.7305576394098523,-0.002511937067072923,-0.037008597796608825,-0.0023322365569849192
2.7314328582145535,-0.00248643490016211,-0.03697515915080142,-0.0023078190604233296
2.7323080770192547,-0.002461150566747362,-0.03694173752603701,-0.002283619327210026
2.733183295823956,-0.0024360819888375983,-0.03690833298181357,-0.0022596352206677105
2.734058514628657,-0.0024112271106897097,-0.03687494558021981,-0.0022358646274849648
2.7349337334333583,-0.002386583898548086,-0.036841575385838383,-0.0022123054574374103
2.7358089522380595,-0.0023621503403874313,-0.036808222465651845,-0.0021889556431124555
2.7366841710427607,-0.002337924445658662,-0.036774886888950635,-0.0021658131396374175
2.737559389847462,-0.002313904245037995,-0.036741568727243615,-0.0021428759244111295
2.738434608652163,-0.00229008779017905,-0.036708268054170656,-0.0021201419968388466
2.7393098274568644,-0.0022664731534681112,-0.03667498494541755,-0.0020976093780705877
2.7401850462615656,-0.0022430584277822823,-0.03664171947863295,-0.0020752761107426516
2.7410602650662668,-0.00221984172625072,-0.036608471733347435,-0.002053140258722481
2.741935483870968,-0.0021968211820187268,-0.03657524179089468,-0.002031199906856654
2.742810702675669,-0.002173994948014814,-0.03654202973433452,-0.0020094531607221075
2.74368592148037,-0.002151361196720583,-0.036508835648378056,-0.001987898146380437
2.744561140285071,-0.0021289181199434497,-0.036475659619314545,-0.0019665330101352936
2.7454363590897723,-0.002106663928592231,-0.03644250173494036,-0.0019453559182928935
2.7463115778944736,-0.0020845968524553777,-0.03640936208448953,-0.0019243650569254213
2.7471867966991748,-0.002062715139982073,-0.03637624075856619,-0.00190355863163753
2.748062015503876,-0.0020410170580658802,-0.036343137849078826,-0.0018829348673356477
2.748937234308577,-0.0020195008918312066,-0.03631005344917604,-0.0018624920080003104
2.749812453113278,-0.00199816494442226,-0.03627698765318416,-0.0018422283164612379
2.750687671917979,-0.0019770075367946797,-0.03624394055654631,-0.0018221420741752958
2.7515628907226803,-0.001956027007509753,-0.03621091225576323,-0.001802231581007272
2.7524381095273815,-0.001935221712531095,-0.0361779028483355,-0.0017824951550133312
2.7533133283320828,-0.0019145900250238548,-0.03614491243270737,-0.0017629311322272156
2.754188547136784,-0.0018941303351564312,-0.036111941108212024,-0.0017435378664491603
2.755063765941485,-0.0018738410499045694,-0.03607898897501829,-0.0017243137290374033
2.7559389847461864,-0.0018537205928579187,-0.0360460561340788,-0.0017052571087023535
2.7568142035508876,-0.0018337674040289258,-0.036013142687079475,-0.0016863664113033045
2.757689422355589,-0.0018139799396641066,-0.0359802487363904,-0.0016676400596477162
2.75856464116029,-0.0017943566720576244,-0.035947374385017994,-0.0016490764932930008
2.759439859964991,-0.0017748960893671575,-0.03591451973655852,-0.0016306741683507913
2.7603150787696924,-0.001755596695432042,-0.03588168489515271,-0.0016124315572936673
2.7611902975743936,-0.0017364570095936222,-0.035848869965441815,-0.0015943471487642794
2.762065516379095,-0.0017174755665178502,-0.035816075052524696,-0.0015764194473869
2.762940735183796,-0.001698650916019998,-0.03578330026191615,-0.0015586469735812687
2.763815953988497,-0.0016799816228915887,-0.03575054569950642,-0.0015410282633788292
2.7646911727931984,-0.0016614662667294073,-0.035717811471521727,-0.001523561868241222
2.7655663915978996,-0.0016431034417666063,-0.035685097684485974,-0.0015062463548810412
2.766441610402601,-0.0016248917567059059,-0.035652404445183486,-0.0014890803050848504
2.767316829207302,-0.0016068298345548316,-0.03561973186062282,-0.0014720623155384043
2.7681920480120032,-0.00158891631246295,-0.03558708003800155,-0.0014551909976540263
2.769067266816704,-0.0015711498415611185,-0.035554449084672105,-0.0014384649774001647
2.769942485621405,-0.001553529086802671,-0.03552183910810844,-0.0014218828951330354
2.7708177044261064,-0.0015360527268065958,-0.035489250215873895,-0.001405443405430414
2.7716929232308076,-0.0015187194537025985,-0.0354566825155898,-0.0013891451769274634
2.772568142035509,-0.0015015279729780494,-0.03542413611490499,-0.0013729868921545953
2.77344336084021,-0.0014844770033268064,-0.03539161112146629,-0.0013569672473773542
2.7743185796449112,-0.0014675652764999229,-0.035359107642889805,-0.0013410849524383259
2.7751937984496124,-0.0014507915371581074,-0.0353266257867331,-0.001325338730600948
2.776069017254313,-0.0014341545427260457,-0.03529416566046813,-0.0013097273183953124
2.7769442360590144,-0.0014176530632484345,-0.035261727371455,-0.0012942494654658266
2.7778194548637156,-0.0014012858812478646,-0.03522931102691662,-0.0012789039344208476
2.778694673668417,-0.0013850517915843259,-0.035196916733913966,-0.0012636895006840813
2.779569892473118,-0.001368949601316492,-0.03516454459932218,-0.0012486049523478858
2.7804451112778192,-0.001352978129564686,-0.03513219472980737,-0.0012336490900283828
2.7813203300825204,-0.0013371362073754665,-0.03509986723180415,-0.0012188207267223227
2.7821955488872216,-0.0013214226775879248,-0.035067562211493854,-0.0012041186876657764
2.783070767691923,-0.001305836394701545,-0.035035279774783476,-0.0011895418101945182
2.783945986496624,-0.00129037622474571,-0.03500302002728517,-0.0011750889436061716
2.7848212053013253,-0.0012750410451507837,-0.034970783074296526,-0.0011607589490240492
2.7856964241060265,-0.0012598297446207206,-0.034938569020781435,-0.0011465506992626398
2.7865716429107277,-0.0012447412230072652,-0.034906377971351474,-0.0011324630786947944
2.787446861715429,-0.0012297743911856543,-0.0348742100302481,-0.0011184949831205319
2.78832208052013,-0.0012149281709318087,-0.03484206530132522,-0.0011046453196374415
2.7891972993248313,-0.00120020149480104,-0.03480994388803245,-0.001090913006512712
2.7900725181295325,-0.0011855933060082057,-0.03477784589339896,-0.0010772969730567135
2.7909477369342337,-0.0011711025583093016,-0.03474577142001779,-0.0010637961594981225
2.791822955738935,-0.0011567282158845052,-0.03471372057003074,-0.001050409516860605
2.792698174543636,-0.001142469253222615,-0.03468169344511373,-0.0010371360068409908
2.7935733933483373,-0.001128324655006886,-0.03464969014646281,-0.0010239746016889504
2.7944486121530385,-0.0011142934160022575,-0.034617710774780514,-0.0010109242840881574
2.7953238309577393,-0.0011003745409438965,-0.03458575543026277,-0.0009979840470388686
2.7961990497624405,-0.0010865670444271107,-0.034553824212586216,-0.0009851528937419667
2.7970742685671417,-0.0010728699507985867,-0.03452191722089614,-0.0009724298374844211
2.797949487371843,-0.0010592822940489611,-0.034490034553794686,-0.000959813901526172
2.798824706176544,-0.0010458031177065824,-0.0344581763093296,-0.0009473041189883054
2.7996999249812453,-0.0010324314747326663,-0.03442634258498337,-0.000934899532742698
2.8005751437859465,-0.0010191664274176273,-0.03439453347766283,-0.0009225991953029371
2.8014503625906473,-0.0010060070472787013,-0.0343627490836891,-0.0009104021687166104
2.8023255813953485,-0.0009929524149587356,-0.034330989498787934,-0.0008983075244588539
2.8032008002000497,-0.0009800016201262738,-0.0342992548180806,-0.000886314343327273
2.804076019004751,-0.0009671537613767426,-0.03426754513607489,-0.0008744217153380539
2.804951237809452,-0.0009544079461348833,-0.0342358605466567,-0.0008626287396233951
2.8058264566141533,-0.0009417632905583248,-0.034204201143081904,-0.0008509345243301634
2.8067016754188545,-0.0009292189194422964,-0.03417256701796858,-0.0008393381865197676
2.8075768942235557,-0.0009167739661255017,-0.0341409582632895,-0.0008278388520692687
2.808452113028257,-0.0009044275723970846,-0.03410937497036513,-0.0008164356555736612
2.809327331832958,-0.0008921788884047302,-0.03407781722985682,-0.0008051277402493603
2.8102025506376593,-0.0008800270725638267,-0.03404628513176027,-0.0007939142578388272
2.8110777694423605,-0.0008679712914677378,-0.034014778765399545,-0.0007827943685163743
2.8119529882470617,-0.000856010719799116,-0.033983298219421,-0.0007717672407950842
2.812828207051763,-0.0008441445402422753,-0.03395184358178797,-0.0007608320514348578
2.813703425856464,-0.0008323719433966176,-0.033920414939775274,-0.0007499879853515827
2.8145786446611654,-0.0008206921276910571,-0.03388901237996444,-0.0007392342355273711
2.8154538634658666,-0.0008091042992994687,-0.033857635988238766,-0.0007285700029218866
2.8163290822705678,-0.0007976076720571445,-0.03382628584977906,-0.0007179944963847434
2.817204301075269,-0.0007862014673782307,-0.03379496204905931,-0.0007075069325689519
2.81807951987997,-0.0007748849141741253,-0.033763664669842805,-0.0006971065358453891
2.8189547386846714,-0.0007636572487728648,-0.033732393795178416,-0.0006867925382183192
2.8198299574893726,-0.0007525177148394469,-0.03370114950739713,-0.0006765641792419106
2.8207051762940734,-0.0007414655632970733,-0.03366993188810885,-0.0006664207059377382
2.8215803950987746,-0.0007305000522493504,-0.03363874101819931,-0.0006563613727132973
2.8224556139034758,-0.0007196204469033793,-0.033607576977827375,-0.0006463854412814704
2.823330832708177,-0.0007088260194937804,-0.03357643984642245,-0.0006364921805809803
2.824206051512878,-0.0006981160492075651,-0.03354532970268208,-0.0006266808666977543
2.8250812703175794,-0.0006874898221099225,-0.033514246624569845,-0.000616950782787253
2.8259564891222806,-0.0006769466310708634,-0.03348319068931336,-0.0006073012189977152
2.8268317079269814,-0.0006664857756927299,-0.03345216197340252,-0.0005977314723943192
2.8277069267316826,-0.0006561065622385137,-0.03342116055258786,-0.0005882408468842119
2.8285821455363838,-0.000645808303561096,-0.03339018650187929,-0.000578828653142502
2.829457364341085,-0.0006355903190332282,-0.03335923989554475,-0.000569494208539055
2.830332583145786,-0.0006254519344783582,-0.033328320807109166,-0.0005602368370661803
2.8312078019504874,-0.0006153924821022857,-0.03329742930935365,-0.0005510558692671969
2.8320830207551886,-0.0006054113004255914,-0.03326656547431469,-0.0005419506421658218
2.83295823955989,-0.0005955077342168459,-0.03323572937328363,-0.0005329204991963886
2.833833458364591,-0.0005856811344265988,-0.03320492107680621,-0.0005239647901348936
2.834708677169292,-0.0005759308581221605,-0.03317414065468244,-0.0005150828710308773
2.8355838959739934,-0.0005662562684231066,-0.03314338817596627,-0.0005062741041400792
2.8364591147786946,-0.0005566567344375268,-0.033112663708965824,-0.000497537857857882
2.837334333583396,-0.0005471316311990643,-0.03308196732124343,-0.0004888735066535864
2.838209552388097,-0.0005376803396046166,-0.033051299079615994,-0.0004802804310053968
2.8390847711927982,-0.0005283022463527863,-0.033020659050155346,-0.00047175801733619836
2.8399599899974994,-0.0005189967438830737,-0.03299004729818887,-0.00046330565795011367
2.8408352088022006,-0.0005097632303156989,-0.03295946388830015,-0.00045492275096973975
2.841710427606902,-0.0005006011093921902,-0.032928908884329734,-0.0004466087002741843
2.842585646411603,-0.0004915097904166177,-0.03289838234937608,-0.00043836291543779103
2.8434608652163043,-0.00048248868819748716,-0.03286788434579653,-0.000430184811669568
2.8443360840210055,-0.0004735372229903689,-0.0328374149352085,-0.00042207380975338226
2.8452113028257067,-0.0004646548204411011,-0.03280697417849062,-0.0004140293359887769
2.8460865216304074,-0.00045584091152972063,-0.03277656213578419,-0.00040605082213254534
2.8469617404351086,-0.00044709493251495657,-0.032746178866494474,-0.0003981377053409145
2.84783695923981,-0.0004384163248794574,-0.032715824429292314,-0.0003902894281124875
2.848712178044511,-0.0004298045352755558,-0.03268549888211572,-0.0003825054382317704
2.8495873968492123,-0.00042125901547170085,-0.03265520228217162,-0.0003747851887133964
2.8504626156539135,-0.00041277922229948616,-0.032624934685937586,-0.0003671281377469829
2.8513378344586147,-0.00040436461760130006,-0.03259469614916376,-0.00035953374864264336
2.852213053263316,-0.0003960146681785478,-0.032564486726874786,-0.00035200148977710777
2.8530882720680166,-0.0003877288457404793,-0.0325343064733719,-0.0003445308345404807
2.853963490872718,-0.0003795066268535748,-0.03250415544223497,-0.00033712126128359194
2.854838709677419,-0.0003713474928915756,-0.03247403368632478,-0.00032977225326601833
2.8557139284821202,-0.00036325092998597806,-0.03244394125778517,-0.0003224832986046113
2.8565891472868215,-0.0003552164289771867,-0.03241387820804551,-0.00031525389022270413
2.8574643660915227,-0.0003472434853661485,-0.03238384458782295,-0.0003080835257998402
2.858339584896224,-0.00033933159926657615,-0.032353840447125005,-0.000300971707722115
2.859214803700925,-0.00033148027535770337,-0.032323865835251965,-0.0002939179430330819
2.8600900225056263,-0.00032368902283756533,-0.0322939208007996,-0.0002869217433852129
2.8609652413103275,-0.00031595735537682054,-0.03226400539166165,-0.000279982624991929
2.8618404601150287,-0.0003082847910730745,-0.03223411965503269,-0.00027310010858016225
2.86271567891973,-0.00030067085240574295,-0.032204263637410725,-0.0002662737193434834
2.863590897724431,-0.00029311506619138743,-0.032174437384600074,-0.00025950298689573326
2.8644661165291323,-0.0002856169635396039,-0.032144640941714195,-0.0002527874452252288
2.8653413353338335,-0.00027817607980936326,-0.03211487435317863,-0.0002461266326494526
2.8662165541385347,-0.0002707919545658517,-0.03208513766273383,-0.00023952009177026807
2.867091772943236,-0.0002634641315378118,-0.032055430913438286,-0.0002329673694296588
2.867966991747937,-0.00025619215857534847,-0.03202575414767146,-0.00022646801666596032
2.8688422105526383,-0.0002489755876082112,-0.0319961074071369,-0.00022002158867059278
2.8697174293573395,-0.00024181397460452708,-0.031966490732865324,-0.00021362764474527093
2.8705926481620407,-0.00023470687953003637,-0.03193690416521781,-0.00020728574825973638
2.871467866966742,-0.0002276538663077201,-0.03190734774388889,-0.00020099546660991313
2.8723430857714427,-0.00022065450277796025,-0.031877821507909916,-0.00019475637117660966
2.873218304576144,-0.000213708360659028,-0.03184832549565211,-0.0001885680372845861
2.874093523380845,-0.0002068150155081588,-0.03181885974483007,-0.00018243004416221403
2.8749687421855463,-0.00019997404668293793,-0.03178942429250488,-0.00017634197490148294
2.8758439609902475,-0.00019318503730315385,-0.031760019175087584,-0.0001703034164184933
2.8767191797949487,-0.00018644757421310386,-0.03173064442834249,-0.00016431395941441914
2.87759439859965,-0.00017976124794428087,-0.031701300087390596,-0.0001583731983368787
2.8784696174043507,-0.0001731256526784902,-0.031671986186712964,-0.00015248073134175352
2.879344836209052,-0.00016654038621136003,-0.03164270276015422,-0.0001466361602554241
2.880220055013753,-0.00016000504991628368,-0.03161344984092592,-0.0001408390905374547
2.8810952738184543,-0.0001535192487087359,-0.03158422746161017,-0.00013508913124367478
2.8819704926231555,-0.00014708259101097737,-0.03155503565416304,-0.00012938589498966965
2.8828457114278567,-0.00014069468871718196,-0.03152587444991808,-0.00012372899791470915
2.883720930232558,-0.00013435515715890496,-0.03149674387958988,-0.00011811805964604194
2.884596149037259,-0.00012806361507095804,-0.031467643973277636,-0.0001125527032636121
2.8854713678419603,-0.0001218196845576649,-0.03143857476046875,-0.0001070325552651746
2.8863465866466615,-0.00011562299105946145,-0.03140953627004227,-0.00010155724553177665
2.8872218054513628,-0.00010947316331987913,-0.031380528530272726,-9.612640729363853e-05
2.888097024256064,-0.00010336983335289329,-0.031351551568833506,-9.073967709641657e-05
2.888972243060765,-9.731263641062338e-05,-0.03132260541280065,-8.539669476783654e-05
2.8898474618654664,-9.130121095137621e-05,-0.031293690088656366,-8.009710338468836e-05
2.8907226806701676,-8.533519860805419e-05,-0.03126480562229274,-7.484054924020102e-05
2.891597899474869,-7.94142441569024e-05,-0.031235952039015375,-6.962668181177373e-05
2.89247311827957,-7.353799548659805e-05,-0.031207129363547,-6.445515372906594e-05
2.893348337084271,-6.770610356766724e-05,-0.03117833762003123,-5.932562074243175e-05
2.8942235558889724,-6.191822242224985e-05,-0.031149576832036157,-5.4237741691716774e-05
2.8950987746936736,-5.617400909417463e-05,-0.03112084702255804,-4.919117847538325e-05
2.895973993498375,-5.047312361938606e-05,-0.031092148214025016,-4.418559601999891e-05
2.896849212303076,-4.481522899665542e-05,-0.031063480428300753,-3.922066225003007e-05
2.8977244311077768,-3.919999115864904e-05,-0.031034843686688202,-3.429604805800185e-05
2.898599649912478,-3.36270789432715e-05,-0.03100623800993316,-2.941142727495298e-05
2.899474868717179,-2.8096164065346026e-05,-0.03097766341822812,-2.4566476641238948e-05
2.9003500875218804,-2.2606921088600893e-05,-0.030949119931215838,-1.976087577765547e-05
2.9012253063265816,-1.715902739793209e-05,-0.030920607567993093,-1.499430715685567e-05
2.902100525131283,-1.1752163171988205e-05,-0.030892126347114374,-1.026645607510042e-05
2.902975743935984,-6.386011356054332e-06,-0.03086367628659556,-5.5770106243209905e-06
2.9038509627406848,-1.060257635208781e-06,-0.030835257403917637,-9.256616644703254e-07
2.904726181545386,4.225409592227338e-06,-0.030806869716030295,3.6878972038200397e-06
2.905601400350087,9.471299240934601e-06,-0.03077851323935577,8.26396966626672e-06
2.9064766191547884,1.467771756459201e-05,-0.03075018798979244,1.2802856721696295e-05
2.9073518379594896,1.984496818155803e-05,-0.030721893982718445,1.730485670848349e-05
2.908227056764191,2.497335210031346e-05,-0.030693631232995514,2.1770265330734007e-05
2.909102275568892,3.0063167744601934e-05,-0.030665399754972518,2.6199375684156545e-05
2.909977494373593,3.511471097832653e-05,-0.03063719956248916,3.059247828167573e-05
2.9108527131782944,4.012827513015209e-05,-0.030609030668879676,3.4949861078742435e-05
2.9117279319829956,4.510415101787478e-05,-0.030580893086976466,3.9271809498395836e-05
2.912603150787697,5.004262697251732e-05,-0.03055278682911371,4.355860645604151e-05
2.913478369592398,5.494398886215871e-05,-0.030524711907131113,4.781053238395384e-05
2.9143535883970992,5.9808520115534186e-05,-0.030496668332377398,5.202786525553429e-05
2.9152288072018004,6.463650174537059e-05,-0.030468656115714036,5.621088060929609e-05
2.9161040260065016,6.942821237145388e-05,-0.030440675267518858,6.035985157257262e-05
2.916979244811203,7.418392824350388e-05,-0.030412725797689603,6.447504888501578e-05
2.917854463615904,7.890392326375664e-05,-0.03038480771564759,6.855674092179789e-05
2.9187296824206053,8.358846900933555e-05,-0.030356921030341277,7.260519371658842e-05
2.9196049012253065,8.823783475436947e-05,-0.030329065750249837,7.662067098426974e-05
2.9204801200300077,9.28522874918971e-05,-0.030301241883386752,8.060343414342631e-05
2.921355338834709,9.743209195551433e-05,-0.030273449437303368,8.455374233857069e-05
2.92223055763941,0.00010197751064082916,-0.03024568841909246,8.84718524621623e-05
2.923105776444111,0.00010648880382664677,-0.030217958835391762,9.23580191763529e-05
2.923980995248812,0.00011096622959596693,-0.030190260692387456,9.62124949345301e-05
2.9248562140535133,0.00011541004385675615,-0.030162593995817798,0.00010003553000262706
2.9257314328582145,0.00011982050036247263,-0.03013495875097652,0.0001038273724801797
2.9266066516629157,0.00012419785073242363,-0.030107354962716396,0.00010758826832120084
2.927481870467617,0.00012854234447185733,-0.03007978263545268,0.0001113184613547873
2.928357089272318,0.00013285422899189948,-0.03005224177316661,0.00011501819330555512
2.9292323080770193,0.0001371337496292316,-0.030024732379408867,0.00011868770381381509
2.93010752688172,0.00014138114966558832,-0.029997254457302985,0.00012232723045555515
2.9309827456864213,0.00014559667034706573,-0.029969808009548817,0.00012593700876222379
2.9318579644911225,0.00014978055090317986,-0.02994239303842595,0.00012951727224026177
2.9327331832958237,0.00015393302856579332,-0.02991500954579711,0.00013306825239048508
2.933608402100525,0.00015805433858778232,-0.02988765753311156,0.00013659017872720867
2.934483620905226,0.00016214471426155485,-0.029860337001408475,0.00014008327879720748
2.9353588397099273,0.00016620438693734546,-0.029833047951320295,0.00014354777819845056
2.9362340585146285,0.00017023358604134186,-0.029805790383076097,0.00014698390059865647
2.9371092773193297,0.0001742325390936254,-0.029778564296504932,0.0001503918677536549
2.937984496124031,0.00017820147172588794,-0.0297513696910391,0.0001537718995255224
2.938859714928732,0.00018214060769903136,-0.02972420656571755,0.00015712421390058466
2.9397349337334333,0.00018605016892051613,-0.029697074919189076,0.00016044902700716995
2.9406101525381345,0.00018993037546158282,-0.029669974749715666,0.00016374655313322159
2.9414853713428357,0.0001937814455742622,-0.02964290605517571,0.0001670170047436966
2.942360590147537,0.00019760359570823564,-0.029615868833067306,0.00017026059249780433
2.943235808952238,0.00020139704052751228,-0.029588863080511434,0.00017347752526605662
2.9441110277569393,0.00020516199292691523,-0.029561888794255226,0.00017666801014712288
2.9449862465616405,0.00020889866404843807,-0.0295349459706751,0.00017983225248454366
2.9458614653663417,0.00021260726329739777,-0.029508034605780043,0.0001829704558832391
2.946736684171043,0.0002162879983584472,-0.029481154695214704,0.00018608282222586737
2.947611902975744,0.00021994107521139888,-0.02945430623426255,0.00018916955168899136
2.9484871217804454,0.00022356669814691514,-0.02942748921784905,0.00019223084275910162
2.949362340585146,0.00022716506978202083,-0.029400703640544777,0.0001952668922484589
2.9502375593898473,0.00023073639107545698,-0.02937394949656847,0.00019827789531077076
2.9511127781945485,0.00023428086134287838,-0.02934722677979022,0.00020126404545670732
2.9519879969992497,0.00023779867827191097,-0.029320535483734447,0.00020422553456926815
2.952863215803951,0.00024129003793703976,-0.029293875601583034,0.0002071625529189768
2.953738434608652,0.00024475513481435275,-0.029267247126178314,0.00021007528917892446
2.9546136534133534,0.00024819416179612335,-0.029240650050026115,0.00021296393043964855
2.955488872218054,0.00025160731020526755,-0.029214084365298803,0.00021582866222387735
2.9563640910227553,0.00025499476980963897,-0.029187550063838177,0.00021866966850110907
2.9572393098274565,0.00025835672883617756,-0.02916104713715856,0.0002214871317020403
2.9581145286321577,0.00026169337398492074,-0.029134575576449714,0.00022428123273285017
2.958989747436859,0.0002650048904428762,-0.02910813537257974,0.0002270521509893412
2.95986496624156,0.0002682914618977492,-0.029081726516098073,0.00022980006437093006
2.9607401850462614,0.0002715532705515282,-0.02905534899723834,0.00023252514929449257
2.9616154038509626,0.00027479049713394346,-0.02902900280592128,0.00023522758070807499
2.9624906226556638,0.00027800332091578405,-0.02900268793175761,0.00023790753210446022
2.963365841460365,0.0002811919197220819,-0.02897640436405089,0.000240565175534596
2.964241060265066,0.0002843564699451633,-0.028950152091800383,0.00024320068162088585
2.9651162790697674,0.0002874971465575667,-0.028923931103703795,0.0002458142195703426
2.9659914978744686,0.0002906141231248391,-0.028897741388160234,0.00024840595718761437
2.96686671667917,0.0002937075718182015,-0.028871582933272865,0.00025097606088787556
2.967741935483871,0.0002967776634270783,-0.028845455726851748,0.00025352469570957977
2.968617154288572,0.0002998245673715084,-0.028819359756416602,0.00025605202532708753
2.9694923730932734,0.00030284845171444594,-0.02879329500919953,0.000258558212063179
2.9703675918979746,0.000305849483173905,-0.028767261472147743,0.0002610434169014104
2.971242810702676,0.00030882782713502656,-0.028741259131926256,0.0002635077994983828
2.972118029507377,0.00031178364766198035,-0.028715287974920664,0.00026595151819584783
2.9729932483120782,0.00031471710750979084,-0.028689347987239665,0.0002683747300327281
2.9738684671167794,0.0003176283681360027,-0.028663439154717866,0.00027077759075697886
2.97474368592148,0.0003205175897122749,-0.02863756146291835,0.00027316025483736827
2.9756189047261814,0.00032338493113583116,-0.028611714897135297,0.0002755228754751143
2.9764941235308826,0.00032623055004079085,-0.02858589944239663,0.00027786560461539933
2.977369342335584,0.00032905460280942495,-0.028560115083466592,0.00028018859295880083
2.978244561140285,0.0003318572445832544,-0.028534361804848297,0.00028249198997256747
2.9791197799449862,0.0003346386292740788,-0.02850863959078635,0.00028477594390181594
2.9799949987496874,0.00033739890957486425,-0.028482948425269307,0.0002870406017805887
2.980870217554388,0.0003401382369705493,-0.028457288292032284,0.0002892861094428223
2.9817454363590894,0.00034285676174873164,-0.028431659174559375,0.00029151261153319475
2.9826206551637906,0.0003455546330102458,-0.028406061056086236,0.00029372025151786174
2.983495873968492,0.000348231998679649,-0.028380493919602512,0.0002959091716950954
2.984371092773193,0.000350889005515596,-0.02835495774785431,0.00029807951320581
2.985246311577894,0.0003535257991211151,-0.028329452523346635,0.00030023141604398613
2.9861215303825954,0.00035614252395378275,-0.028303978228345836,0.00030236501906698895
2.9869967491872966,0.0003587393233357936,-0.028278534844881967,0.00030448046000578063
2.987871967991998,0.0003613163394639478,-0.028253122354751276,0.0003065778754750447
2.988747186796699,0.0003638737134195193,-0.028227740739518493,0.00030865740098319077
2.9896224056014002,0.00036641158517804087,-0.028202389980519212,0.000310719170942272
2.9904976244061015,0.0003689300936189982,-0.028177070058862302,0.0003127633186778074
2.9913728432108027,0.0003714293765354144,-0.02815178095543215,0.0003147899764384946
2.992248062015504,0.00037390957064335414,-0.028126522650891033,0.000316799275405837
2.993123280820205,0.00037637081159132735,-0.028101295125681394,0.0003187913457036689
2.9939984996249063,0.00037881323396961417,-0.02807609836002814,0.0003207663164075979
2.9948737184296075,0.00038123697131947393,-0.02805093233394089,0.00032272431555433183
2.9957489372343087,0.00038364215614230277,-0.028025797027216245,0.0003246654701509463
2.99662415603901,0.00038602891990866434,-0.028000692419440018,0.0003265899061840286
2.997499374843711,0.00038839739306725194,-0.027975618489989446,0.0003284977486287472
2.9983745936484123,0.0003907477050537778,-0.02795057521803541,0.0003303891214578443
2.9992498124531135,0.0003930799842997414,-0.0279255625825446,0.00033226414765051023
3.0001250312578147,0.00039539435824114007,-0.027900580562281726,0.0003341229492011931
3.0010002500625155,0.00039769095332709085,-0.027875629135811673,0.00033596564712831895
3.0018754688672167,0.0003999698950283752,-0.027850708281501557,0.0003377923614829303
3.002750687671918,0.00040223130784587,-0.027825817977522992,0.00033960321135721494
3.003625906476619,0.0004044753153189429,-0.0278009582018541,0.00034139831489298877
3.0045011252813203,0.00040670204003373376,-0.027776128932281662,0.00034317778929006767
3.0053763440860215,0.0004089116036313753,-0.027751330146403172,0.0003449417508145743
3.0062515628907227,0.0004111041268161184,-0.0277265618216289,0.00034669031480714875
3.0071267816954235,0.0004132797293634002,-0.027701823935183993,0.0003484235956910982
3.0080020005001247,0.00041543853012781834,-0.027677116464110432,0.0003501417069804514
3.008877219304826,0.00041758064705102487,-0.027652439385269123,0.00035184476128793306
3.009752438109527,0.00041970619716958176,-0.02762779267534189,0.000353532870332891
3.0106276569142283,0.0004218152966226842,-0.027603176310833453,0.0003552061449490984
3.0115028757189295,0.0004239080606598579,-0.027578590268073407,0.00035686469509252095
3.0123780945236307,0.00042598460364855976,-0.027554034523218213,0.0003585086298489879
3.013253313328332,0.00042804503908171887,-0.027529509052253116,0.00036013805744180156
3.014128532133033,0.00043008947958518914,-0.02750501383099408,0.00036175308523925714
3.0150037509377343,0.00043211803692515336,-0.02748054883508974,0.00036335381976211
3.0158789697424355,0.0004341308220154372,-0.02745611404002331,0.00036494036669095355
3.0167541885471367,0.0004361279449247598,-0.027431709421114406,0.0003665128308735316
3.017629407351838,0.00043810951488392836,-0.027407334953521,0.0003680713163319901
3.018504626156539,0.00044007564029294524,-0.027382990612241274,0.0003696159262700436
3.0193798449612403,0.0004420264287280676,-0.02735867637211544,0.0003711467630800887
3.0202550637659416,0.0004439619869487716,-0.027334392207827594,0.0003726639283502259
3.0211302825706428,0.0004458824209046881,-0.02731013809390751,0.0003741675228712442
3.022005501375344,0.00044778783574244546,-0.027285914004732535,0.00037565764664351667
3.022880720180045,0.00044967833581246433,-0.027261719914529272,0.000377134398883843
3.0237559389847464,0.0004515540246756691,-0.027237555797375426,0.0003785978780322109
3.0246311577894476,0.00045341500511015815,-0.027213421627201567,0.0003800481817585108
3.025506376594149,0.00045526137911779655,-0.02718931737779289,0.000381485406969174
3.0263815953988495,0.0004570932479307551,-0.027165243022790928,0.0003829096498137546
3.0272568142035507,0.0004589107120179952,-0.02714119853569526,0.0003843210056914543
3.028132033008252,0.0004607138710916578,-0.02711718388986532,0.00038571956925755556
3.029007251812953,0.00046250282411344664,-0.027093199058522012,0.00038710543442983965
3.0298824706176544,0.0004642776693009028,-0.027069244014749427,0.0003884786943949013
3.0307576894223556,0.00046603850413365594,-0.02704531873149651,0.00038983944161443383
3.0316329082270568,0.0004677854253595915,-0.027021423181578734,0.00039118776783143307
3.0325081270317575,0.00046951852900097767,-0.026997557337679744,0.0003925237640763564
3.0333833458364587,0.00047123791036053126,-0.026973721172352978,0.00039384752067322053
3.03425856464116,0.00047294366402742124,-0.026949914658023325,0.0003951591272456365
3.035133783445861,0.00047463588388322415,-0.02692613776698871,0.00039645867272279417
3.0360090022505624,0.0004763146631078197,-0.026902390471421688,0.0003977462453453858
3.0368842210552636,0.0004779800941852342,-0.026878672743371045,0.00039902193267147694
3.0377594398599648,0.0004796322689094223,-0.02685498455476338,0.0004002858215823145
3.038634658664666,0.0004812712783900152,-0.02683132587740463,0.0004015379982880978
3.039509877469367,0.0004828972130579917,-0.026807696682981674,0.0004027785483336745
3.0403850962740684,0.00048451016267131214,-0.026784096943063794,0.0004040075566041964
3.0412603150787696,0.00048611021632049406,-0.02676052662910426,0.0004052251073307163
3.042135533883471,0.0004876974624341336,-0.02673698571244185,0.00040643128409573057
3.043010752688172,0.0004892719887843983,-0.02671347416430228,0.0004076261698386877
3.043885971492873,0.0004908338824924308,-0.02668999195579977,0.00040880984686141383
3.0447611902975744,0.0004923832300337361,-0.026666539057938463,0.00040998239683351476
3.0456364091022756,0.0004939201172435059,-0.026643115441613942,0.0004111439007977161
3.046511627906977,0.0004954446293218938,-0.02661972107761461,0.0004122944391751538
3.047386846711678,0.0004969568508392485,-0.026596355936623236,0.00041343409177062074
3.0482620655163792,0.0004984568657412851,-0.02657301998921826,0.000414562937777752
3.0491372843210804,0.0004999447573542303,-0.026549713205875312,0.00041568105578418017
3.0500125031257816,0.0005014206083899045,-0.026526435556968583,0.00041678852377662913
3.050887721930483,0.0005028845009507567,-0.02650318701277221,0.00041788541914596013
3.0517629407351836,0.0005043365165348681,-0.026479967543461665,0.0004189718186921825
3.052638159539885,0.0005057767360408946,-0.026456777119115128,0.0004200477986294054
3.053513378344586,0.0005072052397729757,-0.02643361570971487,0.00042111343459075366
3.0543885971492872,0.0005086221074455909,-0.026410483285148563,0.0004221688016332307
3.0552638159539884,0.0005100274181883708,-0.026387379815210672,0.00042321397424253585
3.0561390347586896,0.0005114212505508768,-0.026364305269603733,0.00042424902633784783
3.057014253563391,0.0005128036825073237,-0.026341259617939677,0.0004252740312765518
3.057889472368092,0.0005141747914612711,-0.026318242829741195,0.00042628906185893285
3.058764691172793,0.0005155346542502593,-0.026295254874442956,0.00042729419033281574
3.059639909977494,0.0005168833471504143,-0.026272295721392933,0.00042828948839817053
3.0605151287821952,0.0005182209458810064,-0.026249365339853673,0.00042927502721167244
3.0613903475868964,0.0005195475256089758,-0.026226463699003572,0.00043025087739122556
3.0622655663915976,0.0005208631609533898,-0.026203590767938104,0.00043121710902042345
3.063140785196299,0.0005221679259899118,-0.02618074651567109,0.0004321737916530111
3.064016004001,0.0005234618942551665,-0.02615793091113592,0.0004331209943172535
3.0648912228057013,0.0005247451387511245,-0.026135143923186766,0.00043405878552031267
3.0657664416104025,0.0005260177319493984,-0.0261123855205998,0.0004349872332525442
3.0666416604151037,0.000527279745795546,-0.026089655672074438,0.00043590640499179223
3.067516879219805,0.0005285312517132859,-0.026066954346234433,0.0004368163677076046
3.068392098024506,0.0005297723206087334,-0.02604428151162917,0.0004377171878654579
3.0692673168292073,0.0005310030228745307,-0.026021637136734794,0.0004386089314308871
3.0701425356339085,0.00053222342839401,-0.025999021189955337,0.0004394916638736369
3.0710177544386097,0.0005334336065452584,-0.02597643363962392,0.0004403654501717228
3.071892973243311,0.0005346336262051922,-0.025953874454003892,0.0004412303548154948
3.072768192048012,0.000535823555753564,-0.025931343601289934,0.00044208644181163763
3.0736434108527133,0.0005370034630769519,-0.025908841049609208,0.0004429337746871505
3.0745186296574145,0.0005381734155727104,-0.02588636676702246,0.00044377241649328647
3.0753938484621157,0.0005393334801528815,-0.02586392072152516,0.0004446024298094546
3.076269067266817,0.0005404837232480639,-0.025841502881048528,0.0004454238767470796
3.077144286071518,0.0005416242108112719,-0.025819113213460667,0.0004462368189534462
3.078019504876219,0.0005427550083217365,-0.025796751686567698,0.0004470413176154908
3.07889472368092,0.0005438761807886835,-0.02577441826811466,0.0004478374334635651
3.0797699424856213,0.0005449877927550749,-0.02575211292578677,0.0004486252267751667
3.0806451612903225,0.0005460899083013249,-0.02572983562721033,0.0004494047573786389
3.0815203800950237,0.0005471825910489631,-0.025707586339953837,0.00045017608465682343
3.082395598899725,0.0005482659041642943,-0.025685365031528982,0.00045093926755070184
3.083270817704426,0.0005493399103620026,-0.025663171669391693,0.0004516943645629875
3.084146036509127,0.0005504046719087285,-0.02564100622094316,0.0004524414337616869
3.085021255313828,0.0005514602506266333,-0.02561886865353078,0.0004531805327836454
3.0858964741185293,0.0005525067078968965,-0.02559675893444924,0.00045391171883803287
3.0867716929232305,0.00055354410466322,-0.025574677030941458,0.00045463504870982713
3.0876469117279317,0.0005545725014352693,-0.025552622910199555,0.00045535057876324114
3.088522130532633,0.000555591958292111,-0.025530596539365857,0.00045605836494514064
3.089397349337334,0.0005566025348856087,-0.02550859788553383,0.00045675846278842236
3.0902725681420353,0.0005576042904437783,-0.025486626915749048,0.0004574509274153522
3.0911477869467365,0.0005585972837741393,-0.025464683597010172,0.0004581358135408961
3.0920230057514377,0.0005595815732670067,-0.025442767896269796,0.00045881317547599476
3.092898224556139,0.0005605572168987878,-0.02542087978043549,0.0004594830671308379
3.09377344336084,0.0005615242722352157,-0.025399019216370628,0.0004601455420180813
3.0946486621655414,0.0005624827964345789,-0.025377186170895374,0.000460800653256054
3.0955238809702426,0.000563432846250923,-0.025355380610787553,0.0004614484535719384
3.0963990997749438,0.0005643744780371956,-0.025333602502783516,0.0004620889953048976
3.097274318579645,0.0005653077477484058,-0.025311851813579124,0.00046272233040921024
3.098149537384346,0.0005662327109447259,-0.025290128509830527,0.00046334851045735215
3.0990247561890474,0.0005671494227945769,-0.0252684325581551,0.00046396758664305913
3.0998999749937486,0.0005680579380776853,-0.025246763925132296,0.00046457960978436223
3.10077519379845,0.0005689583111881188,-0.0252251225773045,0.00046518463032659983
3.101650412603151,0.0005698505961372808,-0.02520350848117788,0.0004657826983453909
3.102525631407852,0.0005707348465569023,-0.025181921603223256,0.0004663738635496013
3.103400850212553,0.0005716111157019852,-0.025160361909876895,0.0004669581752842659
3.104276069017254,0.000572479456453735,-0.025138829367541325,0.00046753568253349564
3.1051512878219554,0.0005733399213224658,-0.025117323942586263,0.0004681064339233587
3.1060265066266566,0.0005741925624504655,-0.02509584560134932,0.0004686704777247237
3.106901725431358,0.0005750374316148666,-0.02507439431013684,0.00046922786185610174
3.107776944236059,0.0005758745802304554,-0.025052970035224713,0.00046977863388643516
3.10865216304076,0.0005767040593524915,-0.025031572742859175,0.0004703228410378884
3.109527381845461,0.0005775259196794827,-0.025010202399257553,0.00047086053018859856
3.110402600650162,0.0005783402115559325,-0.024988858970609075,0.000471391747875399
3.1112778194548634,0.0005791469849750832,-0.02496754242307564,0.0004719165402965345
3.1121530382595646,0.0005799462895816277,-0.02494625272279258,0.0004724349533143465
3.113028257064266,0.0005807381746743786,-0.024924989835869417,0.0004729470324579189
3.113903475868967,0.0005815226892089489,-0.024903753728390605,0.0004734528229257288
3.114778694673668,0.0005822998818003817,-0.024882544366416272,0.00047395236958825153
3.1156539134783694,0.000583069800725771,-0.024861361715982976,0.0004744457169905542
3.1165291322830706,0.0005838324939268552,-0.02484020574310444,0.0004749329093548619
3.117404351087772,0.0005845880090125957,-0.024819076413772234,0.00047541399058310783
3.118279569892473,0.0005853363932617256,-0.024797973693956532,0.0004758890042594556
3.119154788697174,0.0005860776936252705,-0.024776897549606804,0.00047635799365279325
3.1200300075018754,0.0005868119567290758,-0.02475584794665253,0.00047682100171922957
3.1209052263065766,0.0005875392288762711,-0.024734824851003888,0.000477278071104534
3.121780445111278,0.0005882595560497575,-0.024713828228552472,0.0004777292441465923
3.122655663915979,0.0005889729839146335,-0.024692858045171916,0.0004781745628778067
3.1235308827206802,0.0005896795578206331,-0.024671914266718633,0.0004786140690275039
3.1244061015253815,0.0005903793228045203,-0.02465099685903248,0.00047904780402430153
3.1252813203300827,0.0005910723235924835,-0.024630105787937392,0.0004794758089984719
3.126156539134784,0.0005917586046024864,-0.024609241019242056,0.0004798981247842661
3.127031757939485,0.0005924382099466166,-0.02458840251874058,0.00048031479192223257
3.1279069767441863,0.0005931111834334159,-0.02456759025221315,0.00048072585066151664
3.128782195548887,0.0005937775685701673,-0.024546804185426596,0.000481131340962121
3.1296574143535882,0.0005944374085652029,-0.024526044284135132,0.00048153130249717975
3.1305326331582894,0.000595090746330149,-0.024505310514080902,0.00048192577465517764
3.1314078519629907,0.0005957376244821824,-0.024484602840994685,0.0004823147965421744
3.132283070767692,0.0005963780853462543,-0.024463921230596423,0.0004826984069839995
3.133158289572393,0.0005970121709573069,-0.024443265648595888,0.0004830766445284369
3.1340335083770943,0.0005976399230624533,-0.0244226360606933,0.0004834495474473769
3.1349087271817955,0.0005982613831231549,-0.024402032432579875,0.0004838171537389621
3.1357839459864962,0.0005988765923173768,-0.024381454729938475,0.0004841795011297116
3.1366591647911974,0.000599485591541717,-0.024360902918444147,0.0004845366270766217
3.1375343835958986,0.0006000884214135397,-0.024340376963764773,0.00048488856876926486
3.1384096024006,0.0006006851222730545,-0.02431987683156156,0.0004852353631318425
3.139284821205301,0.0006012757341854175,-0.02429940248748971,0.0004855770468252517
3.1401600400100023,0.0006018602969427863,-0.024278953897198904,0.0004859136562491112
3.1410352588147035,0.0006024388500663741,-0.024258531026333907,0.0004862452275437834
3.1419104776194047,0.000603011432808479,-0.024238133840535133,0.0004865717965923728
3.142785696424106,0.000603578084154496,-0.02421776230543917,0.0004868933990227072
3.143660915228807,0.000604138842824922,-0.02419741638667933,0.00048721007020931034
3.1445361340335083,0.0006046937472773278,-0.024177096049886212,0.0004875218452753439
3.1454113528382095,0.000605242835708332,-0.0241568012606882,0.0004878287590945484
3.1462865716429107,0.0006057861460555437,-0.024136531984712037,0.0004881308462931553
3.147161790447612,0.000606323715999494,-0.024116288187583334,0.0004884281412517875
3.148037009252313,0.0006068555829655623,-0.02409606983492706,0.0004887206781073514
3.1489122280570143,0.0006073817841258625,-0.024075876892368106,0.0004890084907548951
3.1497874468617155,0.0006079023564011434,-0.02405570932553176,0.0004892916128494732
3.1506626656664167,0.0006084173364626431,-0.024035567100044224,0.0004895700778079727
3.151537884471118,0.0006089267607339537,-0.024015450181533136,0.0004898439188109436
3.152413103275819,0.000609430665392855,-0.023995358535628016,0.0004901131688044019
3.1532883220805203,0.0006099290863731464,-0.02397529212796081,0.0004903778605016277
3.1541635408852216,0.0006104220593664445,-0.023955250924166352,0.0004906380263849329
3.1550387596899223,0.0006109096198239813,-0.023935234889882823,0.0004908936987074268
3.1559139784946235,0.000611391802958384,-0.023915243990752254,0.0004911449094947631
3.1567891972993247,0.0006118686437454461,-0.023895278192421,0.0004913916905468785
3.157664416104026,0.0006123401769258658,-0.023875337460540234,0.0004916340734397002
3.158539634908727,0.0006128064370069846,-0.02385542176076631,0.0004918720895268524
3.1594148537134283,0.0006132674582645223,-0.023835531058761347,0.0004921057699413564
3.1602900725181295,0.0006137232747442649,-0.023815665320193583,0.00049233514559729
3.1611652913228303,0.0006141739202637717,-0.023795824510737886,0.0004925602471914593
3.1620405101275315,0.000614619428414049,-0.023776008596076162,0.0004927811052050421
3.1629157289322327,0.0006150598325612249,-0.02375621754189781,0.0004929977499052282
3.163790947736934,0.0006154951658481872,-0.023736451313900182,0.0004932102113468276
3.164666166541635,0.0006159254611962373,-0.023716709877788948,0.0004934185193738896
3.1655413853463363,0.0006163507513067054,-0.023696993199278607,0.0004936227036212878
3.1664166041510375,0.0006167710686625745,-0.02367730124409282,0.0004938227935163087
3.1672918229557387,0.0006171864455300662,-0.02365763397796491,0.0004940188182802087
3.16816704176044,0.0006175969139602372,-0.02363799136663824,0.000494210806929776
3.169042260565141,0.0006180025057905558,-0.0236183733758666,0.0004943987882788736
3.1699174793698424,0.0006184032526464495,-0.023598779971414664,0.000494582790939958
3.1707926981745436,0.0006187991859428659,-0.02357921111905834,0.0004947628433256048
3.1716679169792448,0.0006191903368858055,-0.02355966678458521,0.0004949389736500095
3.172543135783946,0.0006195767364738446,-0.023540146933794914,0.0004951112099304783
3.173418354588647,0.0006199584154996433,-0.023520651532499496,0.0004952795799889043
3.1742935733933484,0.0006203354045514519,-0.023501180546523854,0.0004954441114532402
3.1751687921980496,0.000620707734014588,-0.02348173394170609,0.000495604831758945
3.176044011002751,0.0006210754340729248,-0.023462311683897882,0.0004957617681504365
3.176919229807452,0.0006214385347103423,-0.023442913738964878,0.0004959149476825137
3.177794448612153,0.0006217970657121862,-0.02342354007278703,0.0004960643972217809
3.1786696674168544,0.0006221510566667013,-0.023404190651259007,0.0004962101434480503
3.1795448862215556,0.0006225005369664686,-0.02338486544029053,0.0004963522128557451
3.1804201050262564,0.0006228455358098129,-0.023365564405806737,0.0004964906317552768
3.1812953238309576,0.0006231860822022147,-0.023346287513748502,0.0004966254262744227
3.182170542635659,0.0006235222049577031,-0.023327034730072867,0.0004967566223596875
3.18304576144036,0.0006238539327002365,-0.023307806020753316,0.0004968842457776523
3.183920980245061,0.0006241812938650792,-0.023288601351780163,0.0004970083221163174
3.1847961990497624,0.0006245043167001565,-0.023269420689160845,0.0004971288767864266
3.1856714178544636,0.0006248230292674099,-0.023250263998920315,0.0004972459350227898
3.1865466366591644,0.0006251374594441376,-0.023231131247101338,0.0004973595218855899
3.1874218554638656,0.0006254476349243163,-0.023212022399764814,0.0004974696622616754
3.188297074268567,0.0006257535832199274,-0.023192937422990126,0.0004975763808658513
3.189172293073268,0.0006260553316622629,-0.02317387628287549,0.0004976797022421546
3.190047511877969,0.0006263529074032166,-0.023154838945538186,0.000497779650765114
3.1909227306826704,0.0006266463374165816,-0.02313582537711497,0.000497876250641013
3.1917979494873716,0.0006269356484993194,-0.023116835543762326,0.0004979695259091297
3.192673168292073,0.0006272208672728292,-0.023097869411656778,0.0004980595004429726
3.193548387096774,0.0006275020201842062,-0.02307892694699525,0.0004981461979515067
3.1944236059014752,0.000627779133507487,-0.0230600081159953,0.000498229641980368
3.1952988247061764,0.0006280522333448835,-0.023041112884895434,0.0004983098559130657
3.1961740435108776,0.0006283213456280213,-0.023022241219955455,0.0004983868629721865
3.197049262315579,0.0006285864961191414,-0.023003393087456674,0.000498460686220568
3.19792448112028,0.0006288477104123214,-0.022984568453702267,0.0004985313485624852
3.1987996999249813,0.0006291050139346651,-0.022965767285017535,0.0004985988727448101
3.1996749187296825,0.0006293584319474993,-0.022946989547750162,0.000498663281358176
3.2005501375343837,0.0006296079895475498,-0.022928235208270552,0.000498724596838122
3.201425356339085,0.0006298537116681076,-0.022909504232972045,0.0004987828414662282
3.202300575143786,0.000630095623080198,-0.022890796588271235,0.0004988380373712528
3.2031757939484873,0.0006303337483937261,-0.02287211224060821,0.0004988902065302465
3.2040510127531885,0.0006305681120586265,-0.02285345115644686,0.0004989393707696695
3.2049262315578897,0.0006307987383659926,-0.022834813302275082,0.0004989855517664912
3.2058014503625905,0.0006310256514491995,-0.02281619864460511,0.0004990287710492813
3.2066766691672917,0.0006312488752850282,-0.0227976071499737,0.0004990690499993017
3.207551887971993,0.0006314684336947671,-0.02277903878494245,0.000499106409851578
3.208427106776694,0.0006316843503453171,-0.02276049351609802,0.0004991408716959723
3.2093023255813953,0.0006318966487502738,-0.0227419713100524,0.0004991724564782355
3.2101775443860965,0.0006321053522710178,-0.022723472133443123,0.0004992011850010655
3.2110527631907977,0.0006323104841177794,-0.02270499595293356,0.0004992270779251421
3.211927981995499,0.0006325120673507139,-0.022686542735213103,0.0004992501557701701
3.2128032008001997,0.0006327101248809534,-0.02266811244699748,0.0004992704389159005
3.213678419604901,0.0006329046794716549,-0.022649705055028883,0.0004992879476031478
3.214553638409602,0.0006330957537390411,-0.022631320526076325,0.0004993027019348009
3.2154288572143033,0.0006332833701534361,-0.02261295882693577,0.0004993147218768268
3.2163040760190045,0.0006334675510402851,-0.022594619924430414,0.0004993240272592607
3.2171792948237057,0.0006336483185811778,-0.02257630378541091,0.0004993306377771971
3.218054513628407,0.0006338256948148473,-0.02255801037675555,0.0004993345729917611
3.218929732433108,0.0006339997016381827,-0.022539739665370526,0.0004993358523310871
3.2198049512378093,0.0006341703608072099,-0.02252149161819014,0.0004993344950912723
3.2206801700425105,0.000634337693938092,-0.022503266202177005,0.0004993305204373435
3.2215553888472117,0.0006345017225080902,-0.022485063384322268,0.0004993239474041916
3.222430607651913,0.0006346624678565495,-0.022466883131645795,0.0004993147948975232
3.223305826456614,0.0006348199511858516,-0.02244872541119644,0.0004993030816947858
3.2241810452613153,0.000634974193562373,-0.022430590190052176,0.0004992888264460958
3.2250562640660165,0.0006351252159174369,-0.022412477435320332,0.0004992720476751581
3.2259314828707177,0.0006352730390482517,-0.022394387114137815,0.0004992527637801772
3.226806701675419,0.0006354176836188392,-0.02237631919367126,0.0004992309930347544
3.22768192048012,0.000635559170160972,-0.022358273641117254,0.000499206753588795
3.2285571392848214,0.0006356975190750825,-0.022340250423702517,0.0004991800634693886
3.2294323580895226,0.0006358327506311843,-0.02232224950868413,0.0004991509405816992
3.2303075768942238,0.0006359648849697661,-0.022304270863349643,0.0004991194027098318
3.231182795698925,0.0006360939421027046,-0.02228631445501734,0.0004990854675177126
3.2320580145036257,0.0006362199419141432,-0.02226838025103639,0.0004990491525499415
3.232933233308327,0.0006363429041613846,-0.022250468218786994,0.000499010475232653
3.233808452113028,0.0006364628484757653,-0.022232578325680652,0.000498969452874362
3.2346836709177293,0.0006365797943635283,-0.022214710539160253,0.0004989261026668071
3.2355588897224306,0.0006366937612066869,-0.02219686482670027,0.0004988804416857864
3.2364341085271318,0.0006368047682638836,-0.02217904115580698,0.0004988324868919849
3.237309327331833,0.0006369128346712431,-0.022161239494018558,0.0004987822551317999
3.2381845461365337,0.00063701797944321,-0.02214345980890533,0.0004987297631381508
3.239059764941235,0.0006371202214734005,-0.022125702068069845,0.0004986750275312987
3.239934983745936,0.0006372195795354196,-0.022107966239147108,0.0004986180648196385
3.2408102025506373,0.0006373160722837036,-0.022090252289804723,0.0004985588914005087
3.2416854213553385,0.0006374097182543238,-0.022072560187743045,0.00049849752356097
3.2425606401600398,0.0006375005358658089,-0.022054889900695335,0.0004984339774785969
3.243435858964741,0.0006375885434199535,-0.022037241396427938,0.000498368269222258
3.244311077769442,0.0006376737591026117,-0.022019614642740375,0.0004983004147528819
3.2451862965741434,0.0006377562009845029,-0.022002009607465588,0.0004982304299242332
3.2460615153788446,0.000637835887021991,-0.021984426258470007,0.0004981583304836646
3.246936734183546,0.0006379128350578739,-0.021966864563653744,0.0004980841320728772
3.247811952988247,0.0006379870628221578,-0.0219493244909507,0.0004980078502286679
3.248687171792948,0.0006380585879328282,-0.021931806008328752,0.0004979295003836713
3.2495623905976494,0.0006381274278966225,-0.021914309083789864,0.0004978490978671028
3.2504376094023506,0.0006381936001097794,-0.021896833685370237,0.0004977666579054837
3.251312828207052,0.0006382571218588011,-0.02187937978114043,0.0004976821956233722
3.252188047011753,0.0006383180103211959,-0.021861947339205517,0.0004975957260440798
3.253063265816454,0.0006383762825662273,-0.021844536327705215,0.0004975072640903924
3.2539384846211554,0.0006384319555556486,-0.02182714671481401,0.0004974168245852761
3.2548137034258566,0.0006384850461444293,-0.021809778468741284,0.000497324422252579
3.255688922230558,0.0006385355710814945,-0.021792431557731445,0.0004972300717177386
3.256564141035259,0.0006385835470104327,-0.02177510595006409,0.0004971337875084661
3.25743935983996,0.0006386289904702156,-0.021757801614054044,0.0004970355840554376
3.258314578644661,0.0006386719178959116,-0.021740518518051557,0.0004969354756929794
3.259189797449362,0.0006387123456193884,-0.021723256630442403,0.0004968334766597441
3.2600650162540634,0.0006387502898700132,-0.021706015919648,0.0004967296010993838
3.2609402350587646,0.0006387857667753424,-0.02168879635412552,0.0004966238630612131
3.261815453863466,0.000638818792361817,-0.021671597902368007,0.0004965162765008766
3.262690672668167,0.0006388493825554472,-0.0216544205329045,0.0004964068552810066
3.263565891472868,0.0006388775531824866,-0.021637264214300143,0.0004962956131718715
3.264441110277569,0.0006389033199701062,-0.021620128915156262,0.0004961825638520225
3.26531632908227,0.0006389266985470676,-0.021603014604110526,0.0004960677209089402
3.2661915478869714,0.0006389477044443848,-0.021585921249837034,0.0004959510978396693
3.2670667666916726,0.000638966353095982,-0.021568848821046403,0.0004958327080514509
3.267941985496374,0.0006389826598393543,-0.021551797286485902,0.0004957125648623552
3.268817204301075,0.0006389966399162037,-0.021534766614939523,0.0004955906815018934
3.2696924231057762,0.0006390083084730956,-0.021517756775228103,0.0004954670711116466
3.2705676419104774,0.0006390176805620986,-0.02150076773620942,0.0004953417467458781
3.2714428607151786,0.0006390247711414085,-0.02148379946677829,0.0004952147213721346
3.27231807951988,0.0006390295950759903,-0.021466851935866654,0.000495086007871859
3.273193298324581,0.0006390321671381996,-0.02144992511244367,0.0004949556190409877
3.2740685171292823,0.0006390325020084022,-0.021433018965515842,0.0004948235675905433
3.2749437359339835,0.0006390306142755905,-0.021416133464127067,0.0004946898661472265
3.2758189547386847,0.0006390265184380004,-0.02139926857735874,0.0004945545272540056
3.276694173543386,0.0006390202289037148,-0.02138242427432987,0.0004944175633706951
3.277569392348087,0.0006390117599912657,-0.0213656005241971,0.0004942789868745328
3.2784446111527883,0.0006390011259302315,-0.02134879729615487,0.0004941388100607522
3.2793198299574895,0.0006389883408618388,-0.021332014559435463,0.0004939970451431561
3.2801950487621907,0.0006389734188395474,-0.021315252283309074,0.0004938537042546783
3.281070267566892,0.0006389563738296315,-0.02129851043708392,0.0004937087994479406
3.281945486371593,0.0006389372197117673,-0.021281788990106302,0.0004935623426958131
3.282820705176294,0.0006389159702796093,-0.021265087911760714,0.0004934143458919662
3.283695923980995,0.0006388926392413617,-0.021248407171469863,0.0004932648208514169
3.2845711427856963,0.0006388672402203438,-0.021231746738694778,0.0004931137793110701
3.2854463615903975,0.0006388397867555586,-0.02121510658293491,0.0004929612329302615
3.2863215803950987,0.0006388102923022524,-0.02119848667372817,0.000492807193291293
3.2871967991998,0.000638778770232473,-0.021181886980651,0.0004926516718999646
3.288072018004501,0.000638745233835615,-0.021165307473318462,0.0004924946801860977
3.2889472368092023,0.0006387096963189755,-0.021148748121384297,0.0004923362295040643
3.289822455613903,0.0006386721708082938,-0.021132208894540996,0.0004921763311333032
3.2906976744186043,0.0006386326703482906,-0.02111568976251985,0.0004920149962788346
3.2915728932233055,0.0006385912079032128,-0.021099190695091058,0.0004918522360717797
3.2924481120280067,0.0006385477963573542,-0.02108271166206374,0.0004916880615698589
3.293323330832708,0.00063850244851559,-0.021066252633286035,0.0004915224837579011
3.294198549637409,0.0006384551771039047,-0.021049813578645157,0.0004913555135483471
3.2950737684421103,0.0006384059947699016,-0.02103339446806742,0.0004911871617817374
3.2959489872468115,0.0006383549140833361,-0.021016995271518353,0.0004910174392272179
3.2968242060515127,0.0006383019475366158,-0.021000615959002735,0.0004908463565830194
3.297699424856214,0.0006382471075453142,-0.020984256500564617,0.0004906739244769464
3.298574643660915,0.0006381904064486794,-0.020967916866287444,0.0004905001534668619
3.2994498624656163,0.0006381318565101328,-0.020951597026294056,0.0004903250540411627
3.3003250812703175,0.0006380714699177693,-0.020935296950746755,0.0004901486366192567
3.3012003000750187,0.0006380092587848529,-0.020919016609847366,0.0004899709115520338
3.30207551887972,0.0006379452351503057,-0.020902755973837277,0.0004897918891223333
3.302950737684421,0.0006378794109792031,-0.02088651501299752,0.0004896115795454132
3.3038259564891224,0.0006378117981632486,-0.02087029369764876,0.0004894299929694046
3.3047011752938236,0.0006377424085212562,-0.020854091998151393,0.0004892471394757707
3.3055763940985248,0.0006376712537996402,-0.020837909884905588,0.0004890630290797703
3.306451612903226,0.00063759834567287,-0.020821747328351292,0.0004888776717308942
3.307326831707927,0.0006375236957439595,-0.02080560429896833,0.0004886910773133281
3.3082020505126284,0.0006374473155449174,-0.020789480767276408,0.0004885032556463832
3.309077269317329,0.0006373692165372271,-0.020773376703835174,0.00048831421648495
3.3099524881220304,0.0006372894101122959,-0.020757292079244247,0.00048812396951992726
3.3108277069267316,0.0006372079075919181,-0.020741226864143262,0.00048793252437866186
3.3117029257314328,0.0006371247202287248,-0.020725181029211923,0.00048773989062537645
3.312578144536134,0.0006370398592066414,-0.02070915454517003,0.00048754607776160336
3.313453363340835,0.0006369533356413264,-0.020693147382777492,0.0004873510952266027
3.3143285821455364,0.0006368651605806228,-0.020677159512834404,0.0004871549523977908
3.315203800950237,0.0006367753450049984,-0.02066119090618108,0.0004869576585911573
3.3160790197549384,0.0006366838998279829,-0.020645241533698032,0.0004867592230616811
3.3169542385596396,0.000636590835896598,-0.02062931136630606,0.00048655965500373974
3.3178294573643408,0.0006364961639918011,-0.020613400374966277,0.00048635896355152806
3.318704676169042,0.0006363998948289018,-0.02059750853068012,0.00048615715777945565
3.319579894973743,0.000636302039057992,-0.02058163580448938,0.00048595424670255436
3.3204551137784444,0.0006362026072643765,-0.020565782167476263,0.00048575023927688527
3.3213303325831456,0.0006361016099689802,-0.020549947590763378,0.0004855451443999271
3.322205551387847,0.0006359990576287701,-0.020534132045513787,0.0004853389709109757
3.323080770192548,0.0006358949606371777,-0.02051833550293104,0.00048513172759154244
3.323955988997249,0.0006357893293244925,-0.020502557934259164,0.0004849234231657308
3.3248312078019504,0.000635682173958282,-0.020486799310782722,0.00048471406630063227
3.3257064266066516,0.0006355735047438001,-0.02047105960382685,0.00048450366560671217
3.326581645411353,0.0006354633318243724,-0.0204553387847572,0.00048429222963817826
3.327456864216054,0.0006353516652818203,-0.020439636824980085,0.0004840797668933778
3.3283320830207552,0.0006352385151368354,-0.020423953695942382,0.00048386628581515584
3.3292073018254564,0.0006351238913493812,-0.020408289369131628,0.0004836517947912346
3.3300825206301576,0.0006350078038190917,-0.02039264381607602,0.0004834363021545889
3.330957739434859,0.0006348902623856462,-0.020377017008344406,0.00048321981618380366
3.33183295823956,0.0006347712768291675,-0.02036140891754635,0.0004830023451034478
3.3327081770442613,0.0006346508568705944,-0.020345819515332108,0.00048278389708442967
3.3335833958489625,0.0006345290121720696,-0.02033024877339268,0.000482564480244361
3.3344586146536632,0.0006344057523373116,-0.020314696663459787,0.0004823441026479109
3.3353338334583644,0.0006342810869119915,-0.02029916315730591,0.0004821227723071608
3.3362090522630656,0.0006341550253841096,-0.02028364822674431,0.00048190049718196016
3.337084271067767,0.0006340275771843573,-0.02026815184362902,0.00048167728518026977
3.337959489872468,0.0006338987516864883,-0.020252673979854873,0.0004814531441585117
3.3388347086771692,0.0006337685582076837,-0.020237214607357494,0.000481228081921914
3.3397099274818705,0.0006336370060089139,-0.020221773698113354,0.00048100210622485255
3.3405851462865717,0.0006335041042952942,-0.020206351224139725,0.0004807752247711876
3.3414603650912724,0.0006333698622164447,-0.02019094715749473,0.0004805474452146029
3.3423355838959736,0.0006332342888668481,-0.02017556147027732,0.0004803187751589428
3.343210802700675,0.0006330973932861939,-0.020160194134627316,0.0004800892221585387
3.344086021505376,0.0006329591844597308,-0.020144845122725377,0.00047985879371854054
3.3449612403100772,0.0006328196713186194,-0.020129514406793055,0.00047962749729524903
3.3458364591147784,0.0006326788627402686,-0.02011420195909276,0.0004793953402964342
3.3467116779194797,0.0006325367675486819,-0.020098907751927766,0.00047916233008166094
3.347586896724181,0.0006323933945147976,-0.020083631757642256,0.00047892847396260993
3.348462115528882,0.0006322487523568242,-0.020068373948621265,0.0004786937792033942
3.3493373343335833,0.0006321028497405781,-0.020053134297290744,0.0004784582530208769
3.3502125531382845,0.0006319556952798129,-0.020037912776117512,0.00047822190258498177
3.3510877719429857,0.0006318072975365546,-0.020022709357609286,0.0004779847350190086
3.351962990747687,0.0006316576650214245,-0.020007524014314677,0.0004777467573999382
3.352838209552388,0.0006315068061939676,-0.01999235671882318,0.0004775079767587408
3.3537134283570893,0.0006313547294629792,-0.019977207443765188,0.0004772684000806834
3.3545886471617905,0.0006312014431868222,-0.019962076161811993,0.00047702803430562914
3.3554638659664917,0.0006310469556737479,-0.019946962845675754,0.0004767868863283385
3.356339084771193,0.0006308912751822107,-0.019931867468109526,0.0004765449629987662
3.357214303575894,0.0006307344099211887,-0.019916790001907256,0.0004763022711223617
3.3580895223805953,0.0006305763680504897,-0.019901730419903747,0.00047605881746035826
3.3589647411852965,0.0006304171576810675,-0.01988668869497471,0.0004758146087300687
3.3598399599899977,0.0006302567868753243,-0.019871664800036697,0.0004755696516051716
3.3607151787946985,0.0006300952636474231,-0.01985665870804714,0.0004753239527160033
3.3615903975993997,0.0006299325959635848,-0.019841670392004324,0.0004750775186498384
3.362465616404101,0.0006297687917424008,-0.01982669982494739,0.0004748303559511816
3.363340835208802,0.0006296038588551202,-0.019811746979956312,0.00047458247112204
3.3642160540135033,0.0006294378051259587,-0.019796811830151927,0.00047433387062221084
3.3650912728182045,0.0006292706383323843,-0.019781894348695872,0.0004740845608695517
3.3659664916229057,0.000629102366205423,-0.01976699450879063,0.00047383454824026565
3.3668417104276065,0.0006289329964299401,-0.019752112283679474,0.00047358383906916665
3.3677169292323077,0.0006287625366449346,-0.019737247646646482,0.00047333243964995514
3.368592148037009,0.0006285909944438283,-0.01972240057101652,0.0004730803562354895
3.36946736684171,0.0006284183773747488,-0.01970757103015525,0.000472827595038051
3.3703425856464113,0.0006282446929408156,-0.01969275899746908,0.00047257416222961317
3.3712178044511125,0.0006280699486004193,-0.019677964446405183,0.0004723200639421025
3.3720930232558137,0.0006278941517675044,-0.019663187350451472,0.00047206530626766414
3.372968242060515,0.0006277173098118493,-0.0196484276831366,0.0004718098952589235
3.373843460865216,0.0006275394300593355,-0.019633685418029904,0.0004715538369292398
3.3747186796699173,0.0006273605197922281,-0.019618960528741455,0.0004712971372529682
3.3755938984746185,0.0006271805862494482,-0.019604252988922,0.0004710398021657139
3.3764691172793198,0.0006269996366268391,-0.019589562772262946,0.00047078183756458353
3.377344336084021,0.0006268176780774395,-0.01957488985249637,0.0004705232493084391
3.378219554888722,0.0006266347177117503,-0.01956023420339498,0.0004702640432181481
3.3790947736934234,0.0006264507625979946,-0.01954559579877211,0.00047000422507682805
3.3799699924981246,0.0006262658197623896,-0.019530974612481693,0.0004697438006300989
3.380845211302826,0.0006260798961893977,-0.019516370618418256,0.0004694827755863202
3.381720430107527,0.0006258929988219988,-0.019501783790516886,0.000469221155616843
3.382595648912228,0.0006257051345619378,-0.01948721410275324,0.00046895894635624397
3.3834708677169294,0.0006255163102699835,-0.019472661529143467,0.000468696153402566
3.3843460865216306,0.0006253265327661886,-0.01945812604374429,0.00046843278231756106
3.385221305326332,0.000625135808830135,-0.01944360762065286,0.0004681688386269204
3.3860965241310326,0.0006249441452011897,-0.01942910623400684,0.00046790432782051287
3.3869717429357338,0.0006247515485787563,-0.019414621857984326,0.0004676392553526191
3.387846961740435,0.0006245580256225118,-0.019400154466803838,0.00046737362664215536
3.388722180545136,0.000624363582952667,-0.019385704034724335,0.0004671074470729136
3.3895973993498374,0.0006241682271502044,-0.01937127053604513,0.0004668407219937845
3.3904726181545386,0.0006239719647571161,-0.019356853945105914,0.0004665734567189811
3.39134783695924,0.000623774802276654,-0.019342454236286707,0.00046630565652826993
3.3922230557639406,0.0006235767461735635,-0.019328071384007856,0.0004660373266671906
3.3930982745686418,0.0006233778028743256,-0.01931370536272999,0.00046576847234728013
3.393973493373343,0.0006231779787673855,-0.019299356146954015,0.00046549909874628857
3.394848712178044,0.0006229772802033999,-0.019285023711221077,0.00046522921100840633
3.3957239309827454,0.0006227757134954568,-0.019270708030112545,0.00046495881424447205
3.3965991497874466,0.0006225732849193181,-0.01925640907824999,0.0004646879135321962
3.397474368592148,0.0006223700007136396,-0.019242126830295112,0.00046441651391636855
3.398349587396849,0.00062216586708021,-0.019227861260949806,0.00046414462040907843
3.39922480620155,0.0006219608901841696,-0.01921361234495604,0.0004638722379899198
3.4001000250062514,0.0006217550761542426,-0.0191993800570959,0.00046359937160620667
3.4009752438109526,0.000621548431082951,-0.019185164372191494,0.0004633260261731738
3.401850462615654,0.0006213409610268502,-0.01917096526510501,0.00046305220657419366
3.402725681420355,0.0006211326720067411,-0.019156782710738608,0.0004627779176609756
3.4036009002250562,0.000620923570007888,-0.019142616684034434,0.00046250316425376837
3.4044761190297574,0.0006207136609802469,-0.01912846715997459,0.0004622279511415713
3.4053513378344586,0.0006205029508386715,-0.01911433411358108,0.00046195228308232707
3.40622655663916,0.0006202914454631327,-0.019100217519915804,0.00046167616480312547
3.407101775443861,0.0006200791506989358,-0.019086117354080535,0.0004613996010004045
3.4079769942485623,0.0006198660723569254,-0.019072033591216862,0.000461122596340142
3.4088522130532635,0.0006196522162137032,-0.019057966206506176,0.000460845155458057
3.4097274318579647,0.0006194375880118312,-0.019043915175169623,0.00046056728295979963
3.410602650662666,0.000619222193460046,-0.019029880472468112,0.0004602889834211488
3.4114778694673666,0.0006190060382334613,-0.01901586207370225,0.00046001026138820113
3.412353088272068,0.0006187891279737748,-0.019001859954212292,0.0004597311213775625
3.413228307076769,0.0006185714682894755,-0.018987874089378177,0.0004594515678765402
3.4141035258814703,0.0006183530647560358,-0.01897390445461941,0.0004591716053433231
3.4149787446861715,0.0006181339229161249,-0.018959951025395105,0.000458891238207177
3.4158539634908727,0.000617914048279805,-0.018946013777203924,0.00045861047086862765
3.416729182295574,0.0006176934463247264,-0.018932092685584007,0.00045832930769964235
3.417604401100275,0.0006174721224963244,-0.01891818772611299,0.0004580477530438122
3.418479619904976,0.0006172500822080267,-0.018904298874407963,0.00045776581121654295
3.419354838709677,0.0006170273308414315,-0.018890426106125395,0.0004574834865052221
3.4202300575143783,0.0006168038737465124,-0.018876569396961168,0.00045720078316940736
3.4211052763190795,0.0006165797162418077,-0.01886272872265047,0.00045691770544100275
3.4219804951237807,0.0006163548636146128,-0.018848904058967813,0.0004566342575244357
3.422855713928482,0.0006161293211211627,-0.01883509538172697,0.00045635044359682795
3.423730932733183,0.0006159030939868308,-0.018821302666780948,0.00045606626780817747
3.4246061515378843,0.0006156761874063102,-0.018807525890021964,0.0004557817342815273
3.4254813703425855,0.0006154486065438,-0.018793765027381382,0.0004554968471131379
3.4263565891472867,0.0006152203565331896,-0.01878002005482969,0.00045521161037265787
3.427231807951988,0.0006149914424782457,-0.01876629094837649,0.0004549260281032962
3.428107026756689,0.0006147618694527901,-0.018752577684070397,0.00045464010432198684
3.4289822455613903,0.0006145316425008859,-0.01873888023799908,0.0004543538430195614
3.4298574643660915,0.0006143007666370104,-0.01872519858628916,0.0004540672481609086
3.4307326831707927,0.0006140692468462427,-0.018711532705106206,0.0004537803236851471
3.431607901975494,0.0006138370880844324,-0.018697882570654686,0.0004534930735057826
3.432483120780195,0.0006136042952783838,-0.018684248159177935,0.00045320550151087643
3.4333583395848963,0.0006133708733260264,-0.018670629446958117,0.0004529176115632045
3.4342335583895975,0.0006131368270965894,-0.018657026410316174,0.0004526294075004171
3.4351087771942987,0.0006129021614307782,-0.018643439025611806,0.0004523408931352027
3.435983995999,0.0006126668811409396,-0.018629867269243407,0.00045205207225544044
3.436859214803701,0.000612430991011242,-0.01861631111764806,0.0004517629486243652
3.437734433608402,0.0006121944957978358,-0.018602770547301466,0.00045147352598071713
3.438609652413103,0.0006119574002290286,-0.01858924553471792,0.0004511838080389021
3.4394848712178043,0.0006117197090054467,-0.01857573605645025,0.0004508937984891413
3.4403600900225055,0.0006114814268002088,-0.01856224208908983,0.0004506035009976307
3.4412353088272067,0.0006112425582590861,-0.01854876360926648,0.0004503129192066889
3.442110527631908,0.0006110031080006646,-0.01853530059364845,0.0004500220567349075
3.442985746436609,0.0006107630806165163,-0.018521853018942384,0.00044973091717730705
3.44386096524131,0.0006105224806713539,-0.018508420861893277,0.00044943950410548066
3.444736184046011,0.0006102813127031927,-0.018495004099284413,0.0004491478210677434
3.4456114028507123,0.0006100395812235164,-0.018481602707937358,0.00044885587158928383
3.4464866216554135,0.0006097972907174286,-0.018468216664711896,0.00044856365917230427
3.4473618404601147,0.0006095544456438142,-0.01845484594650599,0.00044827118729616955
3.448237059264816,0.000609311050435497,-0.018441490530255743,0.0004479784594175507
3.449112278069517,0.0006090671094993957,-0.018428150392935362,0.0004476854789705695
3.4499874968742184,0.0006088226272166756,-0.0184148255115571,0.000447392249366938
3.4508627156789196,0.000608577607942908,-0.01840151586317123,0.00044709877399610413
3.4517379344836208,0.0006083320560082161,-0.018388221424865986,0.000446805056225387
3.452613153288322,0.0006080859757174317,-0.018374942173767533,0.00044651109940012053
3.453488372093023,0.0006078393713502477,-0.018361678087039913,0.00044621690684379226
3.4543635908977244,0.000607592247161363,-0.018348429141885024,0.0004459224818581785
3.4552388097024256,0.0006073446073806358,-0.018335195315542552,0.00044562782772348343
3.456114028507127,0.0006070964562132278,-0.018321976585289935,0.00044533294769847276
3.456989247311828,0.0006068477978397523,-0.018308772928442307,0.00044503784502060895
3.457864466116529,0.0006065986364164269,-0.0182955843223525,0.0004447425229061909
3.4587396849212304,0.0006063489760752065,-0.01828241074441093,0.00044444698455047726
3.4596149037259316,0.0006060988209239397,-0.018269252172045624,0.00044415123312782835
3.460490122530633,0.0006058481750465031,-0.018256108582722124,0.00044385527179183085
3.461365341335334,0.0006055970425029515,-0.01824297995394346,0.0004435591036754338
3.4622405601400352,0.0006053454273296483,-0.018229866263250103,0.0004432627318910705
3.463115778944736,0.0006050933335394218,-0.01821676748821994,0.0004429661595307988
3.463990997749437,0.0006048407651216882,-0.018203683606468173,0.00044266938966641646
3.4648662165541384,0.0006045877260426048,-0.01819061459564737,0.0004423724253495994
3.4657414353588396,0.0006043342202451961,-0.018177560433447305,0.00044207526961201907
3.466616654163541,0.0006040802516495031,-0.018164521097595008,0.0004417779254654769
3.467491872968242,0.000603825824152706,-0.01815149656585466,0.000441480395902019
3.4683670917729432,0.0006035709416292696,-0.018138486816027574,0.0004411826838940677
3.469242310577644,0.000603315607931075,-0.01812549182595216,0.0004408847923945423
3.470117529382345,0.0006030598268875508,-0.01811251157350383,0.0004405867243369791
3.4709927481870464,0.0006028036023058092,-0.018099546036594995,0.00044028848263565637
3.4718679669917476,0.0006025469379707753,-0.018086595193175035,0.0004399900701857116
3.472743185796449,0.00060228983764532,-0.018073659021230187,0.0004396914898632642
3.47361840460115,0.0006020323050703887,-0.018060737498783567,0.000439392744525532
3.474493623405851,0.0006017743439651307,-0.018047830603895067,0.00043909383701095023
3.4753688422105524,0.0006015159580270315,-0.018034938314661353,0.00043879477013929153
3.4762440610152536,0.0006012571509320363,-0.0180220606092158,0.0004384955467117795
3.477119279819955,0.0006009979263346758,-0.01800919746572843,0.00043819616951120376
3.477994498624656,0.0006007382878681975,-0.017996348862405892,0.0004378966413020388
3.4788697174293572,0.0006004782391446887,-0.0179835147774914,0.00043759696483055687
3.4797449362340584,0.0006002177837551992,-0.017970695189264686,0.0004372971428249398
3.4806201550387597,0.000599956925269866,-0.01795789007604195,0.00043699717799539317
3.481495373843461,0.0005996956672380395,-0.017945099416175832,0.00043669707303426033
3.482370592648162,0.0005994340131884008,-0.01793232318805533,0.00043639683061613054
3.4832458114528633,0.0005991719666290865,-0.01791956137010578,0.00043609645339795196
3.4841210302575645,0.0005989095310478076,-0.017906813940788805,0.0004357959440191403
3.4849962490622657,0.0005986467099119716,-0.01789408087860226,0.0004354953051016899
3.485871467866967,0.0005983835066687986,-0.017881362162080174,0.0004351945392502794
3.486746686671668,0.0005981199247454404,-0.01786865776979272,0.0004348936490523812
3.4876219054763693,0.0005978559675491017,-0.017855967680346165,0.0004345926370783698
3.48849712428107,0.000597591638467153,-0.01784329187238282,0.00043429150588162663
3.4893723430857713,0.0005973269408672486,-0.017830630324580973,0.00043399025799864576
3.4902475618904725,0.0005970618780974385,-0.01781798301565486,0.00043368889594913747
3.4911227806951737,0.0005967964534862917,-0.017805349924354622,0.00043338742223613844
3.491997999499875,0.000596530670343001,-0.01779273102946624,0.00043308583934610823
3.492873218304576,0.0005962645319575008,-0.017780126309811496,0.00043278414974903665
3.4937484371092773,0.0005959980416005784,-0.017767535744247914,0.0004324823558985439
3.4946236559139785,0.0005957312025239855,-0.017754959311668716,0.0004321804602319829
3.4954988747186793,0.0005954640179605551,-0.017742396991002798,0.000431878465170544
3.4963740935233805,0.0005951964911242993,-0.01772984876121462,0.0004315763731193463
3.4972493123280817,0.0005949286252105332,-0.017717314601304213,0.00043127418646754734
3.498124531132783,0.0005946604233959741,-0.01770479449030712,0.00043097190758843544
3.498999749937484,0.0005943918888388572,-0.017692288407294338,0.0004306695388395326
3.4998749687421853,0.0005941230246790343,-0.017679796331372247,0.00043036708256268664
3.5007501875468865,0.0005938538340380913,-0.017667318241682595,0.0004300645410841751
3.5016254063515877,0.000593584320019445,-0.017654854117402436,0.00042976191671479524
3.502500625156289,0.0005933144857084573,-0.017642403937744078,0.00042945921174996596
3.50337584396099,0.0005930443341725323,-0.017629967681955034,0.00042915642846981695
3.5042510627656913,0.0005927738684612298,-0.017617545329317977,0.00042885356913929053
3.5051262815703925,0.000592503091606357,-0.01760513685915068,0.0004285506360082265
3.5060015003750937,0.0005922320066220853,-0.017592742250805978,0.00042824763131146505
3.506876719179795,0.000591960616505042,-0.01758036148367171,0.0004279445572689329
3.507751937984496,0.0005916889242344184,-0.01756799453717067,0.0004276414160857392
3.5086271567891973,0.000591416932772065,-0.017555641390760556,0.0004273382099522626
3.5095023755938985,0.000591144645062601,-0.017543302023933924,0.0004270349410442496
3.5103775943985998,0.0005908720640335068,-0.017530976416218143,0.00042673161152289863
3.5112528132033005,0.0005905991925952222,-0.01751866454717534,0.00042642822353495006
3.5121280320080017,0.0005903260336412556,-0.017506366396402323,0.000426124779212782
3.513003250812703,0.00059005259004827,-0.017494081943530575,0.0004258212806744911
3.513878469617404,0.0005897788646761847,-0.01748181116822619,0.0004255177300239833
3.5147536884221053,0.0005895048603682772,-0.017469554050189795,0.0004252141293510652
3.5156289072268065,0.0005892305799512734,-0.017457310569156545,0.0004249104807315264
3.5165041260315077,0.0005889560262354437,-0.017445080704896025,0.00042460678622722645
3.517379344836209,0.0005886812020147012,-0.01743286443721224,0.0004243030478861827
3.51825456364091,0.0005884061100666955,-0.017420661745943537,0.0004239992677426558
3.5191297824456114,0.0005881307531529039,-0.017408472610962573,0.0004236954478172313
3.5200050012503126,0.0005878551340187275,-0.01739629701217624,0.00042339159011690696
3.5208802200550138,0.0005875792553935839,-0.017384134929525653,0.00042308769663517614
3.521755438859715,0.0005873031199909979,-0.017371986342986062,0.0004227837693521094
3.522630657664416,0.0005870267305086916,-0.01735985123256681,0.0004224798102344366
3.5235058764691174,0.0005867500896286818,-0.017347729578311297,0.00042217582123563294
3.524381095273818,0.000586473200017365,-0.017335621360296927,0.0004218718042959975
3.5252563140785194,0.0005861960643256071,-0.017323526558635026,0.0004215677613427328
3.5261315328832206,0.0005859186851888366,-0.01731144515347084,0.0004212636942900294
3.5270067516879218,0.0005856410652271287,-0.01729937712498343,0.0004209596050391415
3.527881970492623,0.000585363207045302,-0.017287322453385687,0.0004206554954784731
3.528757189297324,0.0005850851132329932,-0.01727528111892422,0.00042035136748364715
3.5296324081020254,0.0005848067863647586,-0.017263253101879338,0.00042004722291759454
3.5305076269067266,0.0005845282290001455,-0.01725123838256496,0.00041974306363062137
3.531382845711428,0.0005842494436837952,-0.01723923694132865,0.00041943889146049776
3.532258064516129,0.0005839704329455164,-0.01722724875855146,0.000419134708232527
3.53313328332083,0.0005836911993003742,-0.017215273814647946,0.00041883051575962406
3.5340085021255314,0.0005834117452487733,-0.0172033120900661,0.00041852631584239115
3.5348837209302326,0.0005831320732765455,-0.017191363565287297,0.00041822211026919546
3.535758939734934,0.0005828521858550298,-0.017179428220826243,0.0004179179008162417
3.5366341585396346,0.0005825720854411575,-0.017167506037230936,0.0004176136892476486
3.537509377344336,0.0005822917744775339,-0.01715559699508257,0.00041730947731552157
3.538384596149037,0.0005820112553925197,-0.01714370107499557,0.0004170052667600268
3.539259814953738,0.0005817305306003128,-0.017131818257617434,0.0004167010593094638
3.5401350337584394,0.0005814496025010323,-0.01711994852362878,0.00041639685668034095
3.5410102525631406,0.0005811684734807924,-0.01710809185374323,0.0004160926605774426
3.541885471367842,0.0005808871459117909,-0.017096248228707377,0.00041578847269390675
3.542760690172543,0.0005806056221523813,-0.017084417629300745,0.00041548429471129143
3.5436359089772442,0.0005803239045471562,-0.017072600036335726,0.0004151801282996484
3.5445111277819454,0.0005800419954270256,-0.017060795430657527,0.0004148759751175933
3.5453863465866466,0.000579759897109292,-0.017049003793144134,0.00041457183681237376
3.546261565391348,0.000579477611897731,-0.017037225104706236,0.00041426771501994083
3.547136784196049,0.0005791951420826686,-0.01702545934628719,0.00041396361136501834
3.5480120030007503,0.0005789124899410565,-0.017013706498862982,0.00041365952746117015
3.5488872218054515,0.0005786296577365472,-0.017001966543442135,0.0004133554649108681
3.5497624406101522,0.0005783466477195751,-0.016990239461065718,0.00041305142530556323
3.5506376594148534,0.0005780634621274223,-0.016978525232807205,0.00041274741022574637
3.5515128782195546,0.0005777801031843065,-0.01696682383977254,0.00041244342124102467
3.552388097024256,0.0005774965731014407,-0.016955135263099975,0.00041213945991017733
3.553263315828957,0.0005772128740771199,-0.016943459483960102,0.0004118355277812309
3.5541385346336583,0.0005769290082967877,-0.016931796483555733,0.00041153162639152006
3.5550137534383595,0.0005766449779331106,-0.016920146243121926,0.0004112277572677537
3.5558889722430607,0.0005763607851460508,-0.01690850874392584,0.0004109239219260798
3.556764191047762,0.0005760764320829398,-0.016896883967266775,0.0004106201218721513
3.557639409852463,0.0005757919208785487,-0.016885271894476063,0.00041031635860118855
3.5585146286571643,0.0005755072536551573,-0.016873672506917025,0.0004100126335980416
3.5593898474618655,0.0005752224325226324,-0.01686208578598493,0.00040970894833725915
3.5602650662665667,0.0005749374595784892,-0.016850511713106968,0.000409405304283144
3.561140285071268,0.0005746523369079652,-0.016838950269742123,0.00040910170288981925
3.562015503875969,0.0005743670665840939,-0.016827401437381213,0.0004087981456012925
3.56289072268067,0.0005740816506677666,-0.016815865197546773,0.00040849463385151275
3.563765941485371,0.0005737960912078051,-0.016804341531793027,0.000408191169064434
3.5646411602900723,0.0005735103902410345,-0.016792830421705856,0.00040788775265408007
3.5655163790947735,0.0005732245497923383,-0.016781331848902698,0.00040758438602459473
3.5663915978994747,0.0005729385718747397,-0.016769845795032545,0.00040728107057031295
3.567266816704176,0.0005726524584894624,-0.016758372241775857,0.00040697780767581543
3.568142035508877,0.0005723662116259957,-0.01674691117084455,0.00040667459871598677
3.5690172543135783,0.0005720798332621681,-0.016735462563981906,0.00040637144505607976
3.5698924731182795,0.0005717933253641993,-0.016724026402962527,0.00040606834805176443
3.5707676919229807,0.0005715066898867846,-0.01671260266959229,0.0004057653090491992
3.571642910727682,0.0005712199287731453,-0.01670119134570833,0.00040546232938507855
3.572518129532383,0.000570933043955098,-0.016689792413178937,0.00040515941038669396
3.5733933483370843,0.0005706460373531214,-0.016678405853903507,0.0004048565533719926
3.5742685671417855,0.0005703589108764154,-0.01666703164981254,0.0004045537596496305
3.5751437859464863,0.0005700716664229702,-0.016655669782867547,0.0004042510305190336
3.5760190047511875,0.0005697843058796266,-0.016644320235061003,0.00040394836727045087
3.5768942235558887,0.0005694968311221376,-0.016632982988416294,0.00040364577118501
3.57776944236059,0.0005692092440152344,-0.01662165802498771,0.000403343243534775
3.578644661165291,0.0005689215464126847,-0.016610345326860315,0.00040304078558279843
3.5795198799699923,0.0005686337401573546,-0.016599044876149962,0.0004027383985831766
3.5803950987746935,0.0005683458270812774,-0.016587756655003227,0.0004024360837811089
3.5812703175793947,0.0005680578090057035,-0.016576480645597323,0.00040213384241294425
3.582145536384096,0.0005677696877411674,-0.016565216830140107,0.0004018316757062391
3.583020755188797,0.0005674814650875505,-0.016553965190869976,0.00040152958487981306
3.5838959739934984,0.0005671931428341311,-0.016542725710055838,0.00040122757114379425
3.5847711927981996,0.0005669047227596543,-0.016531498369997066,0.0004009256356996798
3.5856464116029008,0.0005666162066323892,-0.016520283153023452,0.0004006237797403868
3.586521630407602,0.00056632759621018,-0.016509080041495136,0.0004003220044502988
3.587396849212303,0.0005660388932405161,-0.016497889017802563,0.0004000203110053259
3.588272068017004,0.0005657500994605798,-0.016486710064366448,0.0003997187005729485
3.589147286821705,0.0005654612165973106,-0.01647554316363767,0.00039941717431227306
3.5900225056264063,0.000565172246367462,-0.016464388298097325,0.0003991157333740829
3.5908977244311076,0.0005648831904776555,-0.016453245450256566,0.00039881437890088576
3.5917729432358088,0.0005645940506244437,-0.01644211460265663,0.0003985131120269688
3.59264816204051,0.0005643048284943534,-0.016430995737868735,0.00039821193387843914
3.593523380845211,0.0005640155257639593,-0.016419888838494046,0.0003979108455732856
3.5943985996499124,0.0005637261440999269,-0.016408793887163653,0.00039760984822141877
3.5952738184546136,0.0005634366851590746,-0.016397710866538483,0.00039730894292472487
3.596149037259315,0.0005631471505884262,-0.016386639759309273,0.0003970081307771124
3.597024256064016,0.0005628575420252617,-0.01637558054819648,0.00039670741286455775
3.597899474868717,0.0005625678610971829,-0.016364533215950296,0.0003964067902651608
3.5987746936734184,0.0005622781094221566,-0.01635349774535056,0.00039610626404918526
3.5996499124781196,0.0005619882886085717,-0.01634247411920666,0.0003958058352791083
3.600525131282821,0.0005616984002552994,-0.016331462320357606,0.0003955055050096722
3.6014003500875216,0.0005614084459517332,-0.016320462331671858,0.00039520527428792243
3.602275568892223,0.0005611184272778544,-0.01630947413604731,0.0003949051441532622
3.603150787696924,0.0005608283458042772,-0.016298497716411297,0.00039460511563749456
3.604026006501625,0.0005605382030923043,-0.01628753305572047,0.00039430518976486985
3.6049012253063264,0.0005602480006939755,-0.016276580136960782,0.0003940053675521297
3.6057764441110276,0.0005599577401521284,-0.016265638943147444,0.00039370565000855815
3.606651662915729,0.0005596674230004342,-0.016254709457324847,0.0003934060381360166
3.60752688172043,0.0005593770507634645,-0.016243791662566544,0.00039310653292899916
3.608402100525131,0.0005590866249567315,-0.016232885541975165,0.0003928071353746702
3.6092773193298324,0.0005587961470867438,-0.016221991078682396,0.00039250784645291216
3.6101525381345336,0.000558505618651055,-0.016211108255848924,0.0003922086671363687
3.611027756939235,0.0005582150411383125,-0.016200237056664367,0.0003919095983904878
3.611902975743936,0.0005579244160283097,-0.01618937746434726,0.0003916106411735667
3.6127781945486372,0.0005576337447920314,-0.01617852946214496,0.000391311796436793
3.6136534133533385,0.0005573430288917082,-0.01616769303333364,0.000391013065124291
3.614528632158039,0.000557052269780859,-0.01615686816121821,0.0003907144481731603
3.6154038509627404,0.0005567614689043455,-0.01614605482913227,0.0003904159465135223
3.6162790697674416,0.000556470627698414,-0.01613525302043808,0.0003901175610685581
3.617154288572143,0.0005561797475907484,-0.01612446271852649,0.0003898192927545541
3.618029507376844,0.0005558888300005196,-0.016113683906816913,0.000389521142480945
3.6189047261815452,0.0005555978763384227,-0.016102916568757227,0.0003892231111503476
3.6197799449862464,0.0005553068880067348,-0.016092160687823785,0.00038892519965861026
3.6206551637909477,0.0005550158663993567,-0.01608141624752135,0.00038862740889485006
3.621530382595649,0.0005547248129018601,-0.01607068323138299,0.00038832973974149357
3.62240560140035,0.0005544337288915338,-0.016059961622970118,0.0003880321930743177
3.6232808202050513,0.000554142615737431,-0.016049251405872378,0.00038773476976249077
3.6241560390097525,0.0005538514748004122,-0.016038552563707627,0.0003874374706686105
3.6250312578144537,0.0005535603074331922,-0.016027865080121842,0.00038714029664874453
3.625906476619155,0.0005532691149803858,-0.016017188938789142,0.0003868432485524706
3.6267816954238556,0.0005529778987785543,-0.0160065241234117,0.0003865463272229167
3.627656914228557,0.0005526866601562443,-0.01599587061771966,0.00038624953349679613
3.628532133033258,0.000552395400434037,-0.015985228405471136,0.0003859528682044493
3.6294073518379593,0.0005521041209245928,-0.01597459747045217,0.0003856563321698833
3.6302825706426605,0.0005518128229326911,-0.015963977796476635,0.00038535992621080634
3.6311577894473617,0.0005515215077552774,-0.01595336936738623,0.00038506365113866913
3.632033008252063,0.0005512301766815052,-0.015942772167050416,0.00038476750775870135
3.632908227056764,0.0005509388309927797,-0.01593218617936634,0.00038447149686994905
3.6337834458614653,0.0005506474719627992,-0.015921611388258827,0.00038417561926531204
3.6346586646661665,0.0005503561008576005,-0.01591104777768034,0.0003838798757315824
3.6355338834708677,0.000550064718935598,-0.01590049533161087,0.00038358426704947874
3.636409102275569,0.0005497733274476279,-0.015889954034057942,0.0003832887939936851
3.63728432108027,0.0005494819276369889,-0.01587942386905655,0.0003829934573328861
3.6381595398849713,0.0005491905207394885,-0.015868904820669102,0.0003826982578298062
3.6390347586896725,0.0005488991079834723,-0.015858396872985382,0.000382403196241238
3.6399099774943733,0.0005486076905898806,-0.015847900010122495,0.0003821082733180884
3.6407851962990745,0.000548316269772279,-0.01583741421622481,0.00038181348980540646
3.6416604151037757,0.0005480248467369016,-0.01582693947546394,0.00038151884644242143
3.642535633908477,0.0005477334226826917,-0.015816475772038662,0.00038122434396257776
3.643410852713178,0.0005474419988013428,-0.015806023090174894,0.00038092998309357005
3.6442860715178793,0.0005471505762773389,-0.01579558141412563,0.00038063576455737877
3.6451612903225805,0.0005468591562879894,-0.015785150728170882,0.00038034168907030095
3.6460365091272817,0.000546567740003478,-0.01577473101661768,0.00038004775734299095
3.646911727931983,0.000546276328586892,-0.015764322263799972,0.00037975397008048803
3.647786946736684,0.0005459849231942662,-0.01575392445407858,0.00037946032798225293
3.6486621655413853,0.0005456935249746243,-0.0157435375718412,0.0003791668317422041
3.6495373843460865,0.0005454021350700096,-0.015733161601502302,0.00037887348204874494
3.6504126031507877,0.0005451107546155326,-0.015722796527503104,0.0003785802795848041
3.651287821955489,0.0005448193847394043,-0.015712442334311533,0.00037828722502786444
3.65216304076019,0.0005445280265629708,-0.015702099006422145,0.00037799431904999447
3.653038259564891,0.0005442366812007602,-0.01569176652835612,0.00037770156231788695
3.653913478369592,0.0005439453497605117,-0.01568144488466118,0.0003774089554928849
3.6547886971742933,0.0005436540333432168,-0.015671134059911572,0.0003771164992310176
3.6556639159789945,0.0005433627330431558,-0.015660834038707976,0.00037682419418303195
3.6565391347836957,0.0005430714499479336,-0.01565054480567751,0.00037653204099442314
3.657414353588397,0.0005427801851385194,-0.01564026634547365,0.000376240040305469
3.658289572393098,0.000542488939689278,-0.01562999864277619,0.0003759481927512579
3.6591647911977994,0.0005421977146680124,-0.015619741682291192,0.0003756564989617239
3.6600400100025006,0.0005419065111359925,-0.015609495448750945,0.00037536495956167366
3.6609152288072018,0.0005416153301479999,-0.015599259926913921,0.000375073575170823
3.661790447611903,0.0005413241727523554,-0.015589035101564728,0.0003747823464038218
3.662665666416604,0.0005410330399909555,-0.015578820957514016,0.0003744912738702861
3.6635408852213054,0.0005407419328993166,-0.015568617479598536,0.0003742003581748343
3.6644161040260066,0.0005404508525065956,-0.015558424652680975,0.0003739095999171071
3.6652913228307074,0.0005401597998356368,-0.015548242461649988,0.0003736189996918062
3.6661665416354086,0.0005398687759030003,-0.015538070891420118,0.00037332855808871996
3.6670417604401098,0.0005395777817189991,-0.01552790992693176,0.0003730382756927546
3.667916979244811,0.0005392868182877306,-0.01551775955315111,0.0003727481530839619
3.668792198049512,0.0005389958866071173,-0.015507619755070137,0.00037245819083757317
3.6696674168542134,0.0005387049876689271,-0.015497490517706481,0.000372168389524019
3.6705426356589146,0.0005384141224588244,-0.015487371826103487,0.0003718787497089703
3.671417854463616,0.0005381232919563879,-0.015477263665330095,0.0003715892719533563
3.672293073268317,0.0005378324971351555,-0.015467166020480809,0.0003712999568134009
3.673168292073018,0.0005375417389626506,-0.015457078876675688,0.0003710108048406469
3.6740435108777194,0.000537251018400416,-0.015447002219060237,0.0003707218165819847
3.6749187296824206,0.0005369603364040499,-0.015436936032805403,0.00037043299257968253
3.675793948487122,0.0005366696939232342,-0.015426880303107527,0.000370144333371412
3.676669167291823,0.0005363790919017686,-0.015416835015188276,0.00036985583949027617
3.6775443860965242,0.0005360885312776062,-0.01540680015429464,0.0003695675114648408
3.678419604901225,0.0005357980129828771,-0.015396775705698824,0.0003692793498191548
3.679294823705926,0.0005355075379439295,-0.015386761654698244,0.00036899135507278437
3.6801700425106274,0.0005352171070813533,-0.015376757986615473,0.0003687035277408351
3.6810452613153286,0.0005349267213100189,-0.015366764686798212,0.00036841586833398314
3.68192048012003,0.0005346363815391044,-0.015356781740619208,0.00036812837735849976
3.682795698924731,0.0005343460886721228,-0.01534680913347624,0.0003678410553162752
3.6836709177294322,0.0005340558436069628,-0.01533684685079205,0.00036755390270485163
3.6845461365341334,0.0005337656472359114,-0.015326894878014316,0.0003672669200174445
3.6854213553388346,0.0005334755004456852,-0.015316953200615588,0.0003669801077429684
3.686296574143536,0.0005331854041174669,-0.015307021804093284,0.00036669346636606823
3.687171792948237,0.0005328953591269267,-0.015297100673969579,0.0003664069963671381
3.6880470117529383,0.0005326053663442601,-0.01528718979579141,0.0003661206982223527
3.6889222305576395,0.0005323154266342126,-0.015277289155130429,0.00036583457240368965
3.6897974493623407,0.0005320255408561134,-0.015267398737582934,0.00036554861937895675
3.690672668167042,0.0005317357098638995,-0.015257518528769824,0.00036526283961181447
3.6915478869717426,0.0005314459345061512,-0.015247648514336593,0.0003649772335618046
3.692423105776444,0.0005311562156261175,-0.015237788679953233,0.0003646918016843727
3.693298324581145,0.000530866554061745,-0.015227939011314211,0.00036440654443089285
3.6941735433858462,0.0005305769506457103,-0.015218099494138465,0.00036412146224869496
3.6950487621905475,0.0005302874062054449,-0.015208270114169276,0.0003638365555810861
3.6959239809952487,0.0005299979215631646,-0.015198450857174299,0.00036355182486737584
3.69679919979995,0.0005297084975358987,-0.015188641708945468,0.0003632672705429008
3.697674418604651,0.0005294191349355212,-0.015178842655298997,0.0003629828930390511
3.6985496374093523,0.0005291298345687706,-0.015169053682075283,0.000362698692783288
3.6994248562140535,0.0005288405972372851,-0.015159274775138907,0.00036241467019917315
3.7003000750187547,0.000528551423737628,-0.015149505920378557,0.0003621308257063906
3.701175293823456,0.0005282623148613177,-0.01513974710370702,0.00036184715972077127
3.702050512628157,0.0005279732713948486,-0.015129998311061097,0.00036156367265431313
3.7029257314328583,0.0005276842941197257,-0.015120259528401578,0.0003612803649152079
3.703800950237559,0.0005273953838124872,-0.015110530741713224,0.0003609972369078623
3.7046761690422603,0.000527106541244735,-0.01510081193700466,0.0003607142890329224
3.7055513878469615,0.0005268177671831564,-0.01509110310030839,0.00036043152168729366
3.7064266066516627,0.0005265290623895568,-0.015081404217680734,0.00036014893526416724
3.707301825456364,0.0005262404276208827,-0.01507171527520177,0.0003598665301530402
3.708177044261065,0.0005259518636292472,-0.015062036258975309,0.0003595843067397376
3.7090522630657663,0.0005256633711619602,-0.015052367155128851,0.00035930226540643705
3.7099274818704675,0.0005253749509615492,-0.015042707949813515,0.0003590204065316875
3.7108027006751687,0.0005250866037657901,-0.015033058629204035,0.00035873873049043436
3.71167791947987,0.0005247983303077332,-0.01502341917949869,0.0003584572376540418
3.712553138284571,0.0005245101313157212,-0.015013789586919256,0.00035817592839030904
3.7134283570892723,0.0005242220075134243,-0.01500416983771099,0.0003578948030634984
3.7143035758939735,0.0005239339596198616,-0.014994559918142579,0.00035761386203435444
3.7151787946986747,0.0005236459883494241,-0.014984959814506055,0.0003573331056601236
3.716054013503376,0.0005233580944119019,-0.014975369513116817,0.0003570525342945766
3.7169292323080767,0.0005230702785125133,-0.014965789000313543,0.00035677214828803294
3.717804451112778,0.0005227825413519204,-0.014956218262458156,0.0003564919479873752
3.718679669917479,0.0005224948836262619,-0.01494665728593581,0.0003562119337360755
3.7195548887221803,0.000522207306027172,-0.014937106057154783,0.0003559321058742127
3.7204301075268815,0.0005219198092418114,-0.01492756456254651,0.0003556524647384969
3.7213053263315827,0.0005216323939528846,-0.01491803278856548,0.0003553730106622858
3.722180545136284,0.0005213450608386681,-0.014908510721689246,0.00035509374397560753
3.723055763940985,0.0005210578105730321,-0.014898998348418315,0.0003548146650051795
3.7239309827456863,0.0005207706438254679,-0.014889495655276181,0.00035453577407443075
3.7248062015503876,0.0005204835612611074,-0.014880002628809223,0.00035425707150351916
3.7256814203550888,0.0005201965635407514,-0.014870519255586698,0.00035397855760935476
3.72655663915979,0.0005199096513208841,-0.014861045522200671,0.00035370023270561306
3.727431857964491,0.0005196228252537106,-0.014851581415266013,0.0003534220971027646
3.7283070767691924,0.0005193360859871674,-0.014842126921420309,0.0003531441511080857
3.7291822955738936,0.0005190494341649502,-0.014832682027323858,0.0003528663950256815
3.7300575143785943,0.0005187628704265402,-0.01482324671965961,0.00035258882915650667
3.7309327331832955,0.00051847639540722,-0.014813820985133112,0.000352311453798381
3.7318079519879968,0.0005181900097381022,-0.014804404810472495,0.00035203426924601175
3.732683170792698,0.0005179037140461484,-0.014794998182428432,0.00035175727579101043
3.733558389597399,0.0005176175089541954,-0.014785601087774063,0.0003514804737219143
3.7344336084021004,0.0005173313950809713,-0.014776213513304982,0.0003512038633242009
3.7353088272068016,0.0005170453730411247,-0.014766835445839179,0.0003509274448803111
3.736184046011503,0.0005167594434452425,-0.014757466872217018,0.00035065121866966533
3.737059264816204,0.0005164736068998711,-0.014748107779301169,0.00035037518496868104
3.737934483620905,0.0005161878640075453,-0.014738758153976605,0.00035009934405079603
3.7388097024256064,0.0005159022153667996,-0.014729417983150514,0.0003498236961864794
3.7396849212303076,0.000515616661572198,-0.014720087253752286,0.00034954824164325546
3.740560140035009,0.0005153312032143507,-0.014710765952733473,0.00034927298068571853
3.74143535883971,0.0005150458408799388,-0.014701454067067733,0.00034899791357555275
3.7423105776444108,0.0005147605751517332,-0.014692151583750812,0.0003487230405715485
3.743185796449112,0.0005144754066086164,-0.014682858489800464,0.0003484483619296208
3.744061015253813,0.0005141903358256044,-0.014673574772256445,0.0003481738779028269
3.7449362340585144,0.0005139053633738669,-0.014664300418180478,0.00034789958874138386
3.7458114528632156,0.0005136204898207476,-0.01465503541465617,0.0003476254946926856
3.746686671667917,0.0005133357157297844,-0.014645779748789006,0.0003473515960013192
3.747561890472618,0.0005130510416607324,-0.014636533407706303,0.00034707789290908445
3.748437109277319,0.0005127664681695825,-0.014627296378557163,0.0003468043856550095
3.7493123280820204,0.000512481995808582,-0.01461806864851243,0.00034653107447536773
3.7501875468867216,0.0005121976251262557,-0.014608850204764653,0.00034625795960369565
3.751062765691423,0.0005119133566674222,-0.014599641034528064,0.0003459850412708069
3.751937984496124,0.0005116291909732195,-0.014590441125038487,0.0003457123197048128
3.7528132033008252,0.0005113451285811228,-0.01458125046355337,0.00034543979513113705
3.7536884221055264,0.0005110611700249614,-0.014572069037351677,0.00034516746777253117
3.7545636409102277,0.0005107773158349419,-0.014562896833733883,0.0003448953378490927
3.7554388597149284,0.000510493566537667,-0.014553733840021937,0.0003446234055782809
3.7563140785196296,0.0005102099226561549,-0.014544580043559205,0.00034435167117493313
3.757189297324331,0.0005099263847098554,-0.014535435431710424,0.000344080134851279
3.758064516129032,0.000509642953214674,-0.014526299991861702,0.0003438087968169592
3.7589397349337332,0.0005093596286829928,-0.014517173711420438,0.0003435376572790427
3.7598149537384344,0.0005090764116236783,-0.014508056577815296,0.00034326671644203537
3.7606901725431356,0.0005087933025421129,-0.014498948578496157,0.0003429959745079038
3.761565391347837,0.0005085103019402081,-0.014489849700934108,0.0003427254316760874
3.762440610152538,0.0005082274103164223,-0.014480759932621365,0.00034245508814351313
3.7633158289572393,0.0005079446281657808,-0.014471679261071251,0.00034218494410461186
3.7641910477619405,0.0005076619559798973,-0.01446260767381817,0.00034191499975133626
3.7650662665666417,0.0005073793942469857,-0.014453545158417536,0.000341645255273171
3.765941485371343,0.0005070969434518844,-0.014444491702445762,0.00034137571085715216
3.766816704176044,0.0005068146040760711,-0.014435447293500204,0.0003411063666878803
3.7676919229807453,0.0005065323765976836,-0.014426411919199137,0.000340837222947537
3.768567141785446,0.0005062502614915349,-0.01441738556718171,0.0003405682798158979
3.7694423605901473,0.0005059682592291317,-0.014408368225107866,0.000340299537470348
3.7703175793948485,0.0005056863702786961,-0.014399359880658394,0.0003400309960858989
3.7711927981995497,0.0005054045951051784,-0.014390360521534806,0.00033976265583520024
3.772068017004251,0.0005051229341702747,-0.014381370135459329,0.00033949451688855434
3.772943235808952,0.0005048413879324495,-0.01437238871017488,0.00033922657941393413
3.7738184546136533,0.0005045599568469478,-0.014363416233445007,0.00033895884357699373
3.7746936734183545,0.0005042786413658178,-0.014354452693053854,0.0003386913095410864
3.7755688922230557,0.0005039974419379213,-0.014345498076806129,0.0003384239774672746
3.776444111027757,0.000503716359008955,-0.014336552372527058,0.0003381568475143466
3.777319329832458,0.0005034353930214691,-0.014327615568062356,0.00033788991983883164
3.7781945486371593,0.0005031545444148808,-0.014318687651278183,0.00033762319459501166
3.7790697674418605,0.0005028738136254942,-0.014309768610061101,0.0003373566719349371
3.7799449862465617,0.0005025932010865111,-0.014300858432318039,0.0003370903520084371
3.7808202050512625,0.0005023127072280594,-0.01429195710597627,0.0003368242349631407
3.7816954238559637,0.0005020323324771953,-0.014283064618983338,0.000336558320944481
3.782570642660665,0.0005017520772579316,-0.014274180959307065,0.0003362926100957167
3.783445861465366,0.0005014719419912476,-0.014265306114935468,0.0003360271025579415
3.7843210802700673,0.0005011919270951073,-0.014256440073876752,0.0003357617984700983
3.7851962990747685,0.0005009120329844745,-0.01424758282415926,0.00033549669796899197
3.7860715178794697,0.0005006322600713336,-0.014238734353831455,0.0003352318011893062
3.786946736684171,0.0005003526087646997,-0.01422989465096184,0.00033496710826361187
3.787821955488872,0.0005000730794706373,-0.014221063703638959,0.0003347026193223828
3.7886971742935733,0.0004997936725922753,-0.014212241499971339,0.0003344383344940078
3.7895723930982745,0.0004995143885298259,-0.014203428028087472,0.0003341742539048057
3.7904476119029757,0.0004992352276805949,-0.014194623276135744,0.0003339103776790349
3.791322830707677,0.0004989561904390023,-0.014185827232284447,0.0003336467059389093
3.792198049512378,0.000498677277196596,-0.014177039884721684,0.00033338323880460974
3.7930732683170794,0.000498398488342065,-0.014168261221655381,0.0003331199763942955
3.79394848712178,0.000498119824261259,-0.014159491231313222,0.00033285691882411946
3.7948237059264813,0.0004978412853372036,-0.014150729901942629,0.0003325940662082405
3.7956989247311825,0.0004975628719501093,-0.014141977221810702,0.00033233141865883227
3.7965741435358837,0.0004972845844773936,-0.014133233179204202,0.0003320689762860996
3.797449362340585,0.0004970064232936916,-0.014124497762429512,0.0003318067391982882
3.798324581145286,0.0004967283887708754,-0.014115770959812587,0.0003315447075017001
3.7991997999499874,0.0004964504812780647,-0.014107052759698941,0.00033128288130070246
3.8000750187546886,0.0004961727011816426,-0.014098343150453581,0.0003310212606977406
3.8009502375593898,0.0004958950488452738,-0.014089642120460995,0.0003307598457933523
3.801825456364091,0.0004956175246299138,-0.014080949658125098,0.00033049863668617625
3.802700675168792,0.0004953401288938271,-0.014072265751869206,0.00033023763347296613
3.8035758939734934,0.0004950628619926018,-0.014063590390136008,0.0003299768362486028
3.8044511127781946,0.0004947857242791622,-0.01405492356138749,0.00032971624510610476
3.805326331582896,0.000494508716103783,-0.014046265254104953,0.00032945586013663925
3.806201550387597,0.0004942318378141057,-0.01403761545678894,0.0003291956814295363
3.8070767691922978,0.0004939550897551543,-0.014028974157959225,0.00032893570907230053
3.807951987996999,0.00049367847226934,-0.014020341346154723,0.00032867594315061637
3.8088272068017,0.0004934019856964887,-0.014011717009933543,0.0003284163837483691
3.8097024256064014,0.0004931256303738443,-0.01400310113787287,0.0003281570309476483
3.8105776444111026,0.0004928494066360889,-0.013994493718568972,0.000327897884828764
3.811452863215804,0.0004925733148153524,-0.013985894740637148,0.00032763894547025466
3.812328082020505,0.0004922973552412303,-0.013977304192711712,0.0003273802129489013
3.813203300825206,0.0004920215282407937,-0.013968722063445922,0.0003271216873397363
3.8140785196299074,0.0004917458341386039,-0.013960148341511979,0.00032686336871605464
3.8149537384346086,0.0004914702732567272,-0.01395158301560098,0.00032660525714942593
3.81582895723931,0.0004911948459147492,-0.013943026074422875,0.0003263473527097062
3.816704176044011,0.0004909195524297836,-0.01393447750670643,0.0003260896554650454
3.8175793948487122,0.0004906443931164906,-0.013925937301199209,0.00032583216548190164
3.8184546136534134,0.0004903693682870876,-0.013917405446667527,0.00032557488282505
3.819329832458114,0.0004900944782513621,-0.013908881931896414,0.00032531780755759365
3.8202050512628154,0.0004898197233166863,-0.013900366745689579,0.0003250609397409747
3.8210802700675166,0.0004895451037880286,-0.013891859876869375,0.0003248042794349843
3.821955488872218,0.0004892706199679677,-0.01388336131427678,0.00032454782669777356
3.822830707676919,0.0004889962721567052,-0.013874871046771329,0.00032429158158586404
3.82370592648162,0.0004887220606520764,-0.013866389063231118,0.00032403554415415655
3.8245811452863214,0.0004884479857495688,-0.013857915352552734,0.0003237797144559452
3.8254563640910226,0.0004881740477423284,-0.013849449903651253,0.00032352409254292374
3.826331582895724,0.00048790024692117403,-0.01384099270546016,0.0003232686784651967
3.827206801700425,0.0004876265835746124,-0.013832543746931372,0.0003230134722712912
3.8280820205051262,0.0004873530579888481,-0.01382410301703516,0.0003227584740081652
3.8289572393098275,0.0004870796704477967,-0.013815670504760123,0.00032250368372121834
3.8298324581145287,0.0004868064212330982,-0.013807246199113167,0.0003222491014543023
3.83070767691923,0.0004865333106241267,-0.013798830089119465,0.00032199472724972895
3.831582895723931,0.00048626033889800517,-0.013790422163822416,0.0003217405611482823
3.832458114528632,0.00048598750632961675,-0.01378202241228361,0.00032148660318922725
3.833333333333333,0.0004857148131916161,-0.013773630823582798,0.000321232853410319
3.8342085521380342,0.0004854422597544438,-0.013765247386817869,0.0003209793118478143
3.8350837709427354,0.00048516984628633276,-0.013756872091104785,0.0003207259785364775
3.8359589897474367,0.000484897573053328,-0.013748504925577594,0.0003204728535095952
3.836834208552138,0.0004846254403192921,-0.01374014587938835,0.0003202199367989815
3.837709427356839,0.0004843534483459216,-0.013731794941707112,0.00031996722843499064
3.8385846461615403,0.0004840815973927535,-0.013723452101721871,0.0003197147284465228
3.8394598649662415,0.00048380988771717866,-0.013715117348638563,0.0003194624368610348
3.8403350837709427,0.0004835383195744602,-0.013706790671681013,0.0003192103537045538
3.841210302575644,0.00048326689321773555,-0.013698472060090899,0.00031895847900168027
3.842085521380345,0.0004829956088980308,-0.013690161503127712,0.0003187068127755989
3.8429607401850463,0.0004827244668642749,-0.013681858990068744,0.0003184553550480901
3.8438359589897475,0.0004824534673633073,-0.013673564510209032,0.00031820410583953597
3.8447111777944487,0.0004821826106398946,-0.013665278052861354,0.0003179530651689334
3.8455863965991495,0.00048191189693673464,-0.013656999607356156,0.0003177022330538982
3.8464616154038507,0.00048164132649447267,-0.013648729163041547,0.000317451609510677
3.847336834208552,0.0004813708995517086,-0.013640466709283258,0.00031720119455415423
3.848212053013253,0.00048110061634501434,-0.013632212235464606,0.0003169509881978644
3.8490872718179543,0.00048083047710893983,-0.013623965730986473,0.00031670099045399817
3.8499624906226555,0.000480560482076023,-0.01361572718526725,0.00031645120133341
3.8508377094273567,0.0004802906314768027,-0.01360749658774283,0.00031620162084562855
3.851712928232058,0.0004800209255398328,-0.013599273927866558,0.00031595224899886725
3.852588147036759,0.00047975136449168574,-0.013591059195109202,0.000315703085800028
3.8534633658414603,0.00047948194855696976,-0.013582852378958924,0.0003154541312547145
3.8543385846461615,0.0004792126779583349,-0.013574653468921245,0.000315205385367237
3.8552138034508627,0.0004789435529164872,-0.013566462454519004,0.00031495684814062373
3.856089022255564,0.00047867457365019696,-0.013558279325292341,0.00031470851957662735
3.856964241060265,0.0004784057403763086,-0.01355010407079866,0.00031446039967573296
3.857839459864966,0.00047813705330975354,-0.013541936680612578,0.0003142124884371683
3.858714678669667,0.0004778685126635612,-0.013533777144325932,0.000313964785858912
3.8595898974743683,0.0004776001186488627,-0.013525625451547691,0.0003137172919376976
3.8604651162790695,0.0004773318714749093,-0.013517481591903977,0.0003134700066690271
3.8613403350837707,0.00047706377134907956,-0.013509345555038016,0.0003132229300471771
3.862215553888472,0.0004767958184768863,-0.013501217330610079,0.0003129760620652047
3.863090772693173,0.00047652801306199283,-0.013493096908297492,0.00031272940271495945
3.8639659914978743,0.00047626035530621587,-0.013484984277794572,0.00031248295198708665
3.8648412103025755,0.00047599284540954197,-0.0134768794288126,0.00031223670987103963
3.8657164291072768,0.0004757254835701337,-0.01346878235107982,0.00031199067635508506
3.866591647911978,0.000475458269984341,-0.013460693034341359,0.0003117448514263117
3.867466866716679,0.0004751912048467105,-0.013452611468359226,0.0003114992350706379
3.8683420855213804,0.0004749242883499958,-0.01344453764291228,0.0003112538272728197
3.8692173043260816,0.0004746575206851651,-0.013436471547796184,0.000311008628016457
3.870092523130783,0.0004743909020414157,-0.013428413172823386,0.00031076363728400446
3.8709677419354835,0.0004741244326061762,-0.013420362507823073,0.0003105188550567745
3.8718429607401847,0.0004738581125651239,-0.01341231954264116,0.0003102742813149491
3.872718179544886,0.0004735919421021886,-0.013404284267140236,0.0003100299160375849
3.873593398349587,0.0004733259213995668,-0.01339625667119956,0.0003097857592026225
3.8744686171542884,0.00047306005063772543,-0.013388236744714994,0.000309541810786891
3.8753438359589896,0.0004727943299954154,-0.013380224477599,0.0003092980707661178
3.8762190547636908,0.0004725287596496825,-0.013372219859780616,0.0003090545391149369
3.877094273568392,0.00047226333977586933,-0.01336422288120538,0.0003088112158068915
3.877969492373093,0.00047199807054763366,-0.01335623353183535,0.0003085681008144473
3.8788447111777944,0.00047173295213694995,-0.013348251801649036,0.00030832519410899453
3.8797199299824956,0.00047146798471412463,-0.013340277680641402,0.00030808249566085947
3.880595148787197,0.00047120316844779934,-0.013332311158823794,0.0003078400054393073
3.881470367591898,0.0004709385035049637,-0.013324352226223945,0.0003075977234125521
3.882345586396599,0.0004706739900509658,-0.013316400872885938,0.00030735564954776447
3.8832208052013004,0.00047040962824951624,-0.013308457088870155,0.0003071137838110757
3.884096024006001,0.0004701454182627012,-0.013300520864253278,0.0003068721261675873
3.8849712428107024,0.0004698813602509874,-0.013292592189128207,0.0003066306765813754
3.8858464616154036,0.0004696174543732361,-0.013284671053604093,0.00030638943501550095
3.886721680420105,0.0004693537007867074,-0.013276757447806277,0.00030614840143201394
3.887596899224806,0.00046909009964706986,-0.013268851361876237,0.00030590757579196056
3.888472118029507,0.0004688266511084117,-0.013260952785971607,0.00030566695805539176
3.8893473368342084,0.00046856335532324584,-0.013253061710266101,0.00030542654818136757
3.8902225556389096,0.000468300212442521,-0.013245178124949505,0.00030518634612796547
3.891097774443611,0.0004680372226156296,-0.013237302020227657,0.0003049463518522867
3.891972993248312,0.0004677743859904149,-0.013229433386322388,0.0003047065653104619
3.8928482120530132,0.0004675117027131816,-0.01322157221347151,0.0003044669864576594
3.8937234308577144,0.00046724917292870286,-0.013213718491928792,0.00030422761524809033
3.8945986496624156,0.0004669867967802292,-0.013205872211963916,0.0003039884516350161
3.895473868467117,0.00046672457440949454,-0.013198033363862442,0.00030374949557075286
3.896349087271818,0.00046646250595673105,-0.013190201937925815,0.00030351074700668253
3.897224306076519,0.00046620059156066835,-0.01318237792447129,0.0003032722058932535
3.89809952488122,0.000465938831358549,-0.013174561313831917,0.0003030338721799912
3.8989747436859212,0.00046567722548613146,-0.013166752096356526,0.00030279574581550144
3.8998499624906224,0.0004654157740777028,-0.013158950262409683,0.00030255782674747984
3.9007251812953236,0.0004651544772660839,-0.01315115580237167,0.00030232011492271584
3.901600400100025,0.00046489333518263606,-0.01314336870663844,0.0003020826102870983
3.902475618904726,0.00046463234795727305,-0.013135588965621597,0.00030184531278562425
3.9033508377094273,0.00046437151571846673,-0.013127816569748386,0.0003016082223624035
3.9042260565141285,0.00046411083859325506,-0.013120051509461618,0.00030137133896066475
3.9051012753188297,0.0004638503167072484,-0.01311229377521969,0.000301134662522761
3.905976494123531,0.00046358995018464167,-0.013104543357496518,0.0003008981929901782
3.906851712928232,0.00046332973914821606,-0.01309680024678152,0.00030066193030353714
3.9077269317329333,0.00046306968371935455,-0.013089064433579618,0.00030042587440260484
3.9086021505376345,0.00046280978401804,-0.013081335908411146,0.0003001900252262942
3.9094773693423353,0.000462550040162871,-0.013073614661811875,0.00029995438271267493
3.9103525881470365,0.00046229045227106627,-0.013065900684332962,0.0002997189467989777
3.9112278069517377,0.0004620310204584709,-0.013058193966540921,0.0002994837174215989
3.912103025756439,0.0004617717448395675,-0.013050494499017599,0.0002992486945161091
3.91297824456114,0.0004615126255274775,-0.013042802272360139,0.00029901387801725443
3.9138534633658413,0.0004612536626339767,-0.013035117277180973,0.00029877926785896775
3.9147286821705425,0.0004609948562694972,-0.013027439504107768,0.00029854486397437076
3.9156039009752437,0.0004607362065431345,-0.013019768943783408,0.0002983106662957798
3.916479119779945,0.0004604777135626588,-0.01301210558686596,0.0002980766747547136
3.917354338584646,0.0004602193774345178,-0.013004449424028659,0.0002978428892818962
3.9182295573893473,0.000459961198263848,-0.01299680044595987,0.00029760930980726524
3.9191047761940485,0.0004597031761544785,-0.012989158643363065,0.00029737593625997526
3.9199799949987497,0.00045944531120894046,-0.012981524006956768,0.0002971427685684044
3.920855213803451,0.00045918760352847205,-0.012973896527474571,0.000296909806660159
3.921730432608152,0.0004589300532130301,-0.012966276195665094,0.0002966770504620814
3.922605651412853,0.00045867266036128933,-0.012958663002291908,0.0002964444999002509
3.923480870217554,0.00045841542507065835,-0.012951056938133573,0.0002962121548999944
3.9243560890222553,0.0004581583474372802,-0.012943457993983585,0.00029598001538588787
3.9252313078269565,0.0004579014275560418,-0.012935866160650334,0.00029574808128176336
3.9261065266316577,0.00045764466552058146,-0.012928281428957094,0.00029551635251071453
3.926981745436359,0.0004573880614232928,-0.012920703789741982,0.0002952848289951
3.92785696424106,0.0004571316153553339,-0.012913133233857942,0.0002950535106565501
3.9287321830457613,0.0004568753274066375,-0.01290556975217272,0.0002948223974159744
3.9296074018504625,0.00045661919766590975,-0.01289801333556881,0.00029459148919356144
3.9304826206551637,0.00045636322622064253,-0.012890463974943466,0.00029436078590878767
3.931357839459865,0.00045610741315712,-0.012882921661208626,0.00029413028748042253
3.932233058264566,0.0004558517585604238,-0.012875386385290944,0.0002938999938265323
3.9331082770692674,0.0004555962625144389,-0.012867858138131707,0.0002936699048644851
3.9339834958739686,0.00045534092510186343,-0.012860336910686837,0.00029344002051095736
3.9348587146786698,0.00045508574640421224,-0.01285282269392686,0.0002932103406819376
3.9357339334833705,0.0004548307265018234,-0.012845315478836876,0.00029298086529273094
3.9366091522880717,0.00045457586547386784,-0.012837815256416528,0.000292751594257966
3.937484371092773,0.00045432116339835175,-0.012830322017679974,0.00029252252749159763
3.938359589897474,0.00045406662035212697,-0.012822835753655878,0.0002922936649069139
3.9392348087021753,0.0004538122364108931,-0.012815356455387368,0.0002920650064165385
3.9401100275068766,0.0004535580116492079,-0.012807884113931987,0.00029183655193243803
3.9409852463115778,0.0004533039461404909,-0.01280041872036172,0.0002916083013659249
3.941860465116279,0.0004530500399570327,-0.01279296026576292,0.0002913802546276645
3.94273568392098,0.0004527962931699959,-0.012785508741236299,0.000291152411627676
3.9436109027256814,0.0004525427058494271,-0.0127780641378969,0.0002909247722753411
3.9444861215303826,0.0004522892780642602,-0.012770626446874064,0.00029069733647940675
3.945361340335084,0.00045203600988232316,-0.012763195659311425,0.00029047010414799034
3.946236559139785,0.00045178290137034356,-0.012755771766366848,0.0002902430751885836
3.947111777944486,0.0004515299525939553,-0.012748354759212434,0.00029001624950805797
3.947986996749187,0.0004512771636177056,-0.012740944629034488,0.00028978962701266974
3.948862215553888,0.0004510245345050585,-0.012733541367033452,0.0002895632076080628
3.9497374343585894,0.00045077206531840325,-0.012726144964423956,0.00028933699119927474
3.9506126531632906,0.00045051975611905764,-0.012718755412434711,0.00028911097769073987
3.951487871967992,0.0004502676069672805,-0.012711372702308552,0.00028888516698629763
3.952363090772693,0.0004500156179222675,-0.012703996825302348,0.00028865955898919074
3.953238309577394,0.00044976378904216515,-0.012696627772687019,0.0002884341536020747
3.9541135283820954,0.0004495121203840741,-0.012689265535747507,0.0002882089507270208
3.9549887471867966,0.0004492606120040533,-0.012681910105782726,0.00028798395026551906
3.955863965991498,0.00044900926395712894,-0.012674561474105558,0.00028775915211848497
3.956739184796199,0.00044875807629729823,-0.01266721963204282,0.00028753455618626224
3.9576144036009,0.000448507049077534,-0.012659884570935231,0.0002873101623686267
3.9584896224056014,0.00044825618234979386,-0.01265255628213739,0.0002870859705647925
3.9593648412103026,0.00044800547616502306,-0.012645234757017766,0.00028686198067341467
3.960240060015004,0.0004477549305731608,-0.012637919986958642,0.0002866381925925939
3.9611152788197046,0.0004475045456231468,-0.012630611963356117,0.0002864146062198812
3.961990497624406,0.0004472543213629267,-0.012623310677620063,0.0002861912214522818
3.962865716429107,0.00044700425783945517,-0.012616016121174111,0.0002859680381862583
3.963740935233808,0.00044675435509870424,-0.012608728285455607,0.0002857450563177361
3.9646161540385094,0.0004465046131856692,-0.01260144716191561,0.0002855222757421077
3.9654913728432106,0.000446255032144372,-0.012594172742018855,0.00028529969635423614
3.966366591647912,0.00044600561201786566,-0.01258690501724372,0.0002850773180484575
3.967241810452613,0.00044575635284824574,-0.012579643979082214,0.00028485514071858943
3.9681170292573142,0.00044550725467664863,-0.012572389619039953,0.00028463316425793046
3.9689922480620154,0.0004452583175432586,-0.01256514192863611,0.0002844113885592651
3.9698674668667167,0.0004450095414873189,-0.012557900899403422,0.00028418981351487137
3.970742685671418,0.00044476092654712824,-0.012550666522888138,0.00028396843901651916
3.971617904476119,0.0004445124727600533,-0.012543438790650025,0.000283747264955479
3.9724931232808203,0.00044426418016252996,-0.012536217694262297,0.0002835262912225231
3.9733683420855215,0.0004440160487900689,-0.012529003225311643,0.00028330551770792945
3.9742435608902222,0.00044376807867726364,-0.012521795375398157,0.0002830849443014879
3.9751187796949234,0.00044352026985779164,-0.01251459413613534,0.00028286457089250094
3.9759939984996246,0.0004432726223644236,-0.012507399499150064,0.00028264439736979037
3.976869217304326,0.0004430251362290244,-0.012500211456082546,0.00028242442362169846
3.977744436109027,0.00044277781148256175,-0.012493029998586343,0.00028220464953609384
3.9786196549137283,0.00044253064815510896,-0.012485855118328285,0.00028198507500037413
3.9794948737184295,0.00044228364627585165,-0.0124786868069885,0.0002817656999014702
3.9803700925231307,0.00044203680587309187,-0.012471525056260356,0.0002815465241258497
3.981245311327832,0.00044179012697425144,-0.012464369857850443,0.00028132754755951964
3.982120530132533,0.00044154360960588224,-0.012457221203478556,0.0002811087700880334
3.9829957489372343,0.0004412972537936635,-0.01245007908487766,0.00028089019159648944
3.9838709677419355,0.00044105105956241465,-0.012442943493793886,0.0002806718119695401
3.9847461865466367,0.00044080502693609274,-0.01243581442198647,0.00028045363109139025
3.985621405351338,0.00044055915593780426,-0.012428691861227772,0.0002802356488458057
3.9864966241560387,0.00044031344658980426,-0.012421575803303218,0.0002800178651161126
3.98737184296074,0.0004400678989135049,-0.012414466240011282,0.00027980027978520376
3.988247061765441,0.0004398225129294787,-0.012407363163163489,0.00027958289273554104
3.9891222805701423,0.00043957728865746286,-0.012400266564584345,0.00027936570384915854
3.9899974993748435,0.0004393322261163657,-0.012393176436111347,0.00027914871300766724
3.9908727181795447,0.0004390873253242704,-0.012386092769594964,0.00027893192009225765
3.991747936984246,0.0004388425862984375,-0.01237901555689857,0.00027871532498370224
3.992623155788947,0.00043859800905531575,-0.012371944789898474,0.00027849892756236255
3.9934983745936483,0.00043835359361053946,-0.012364880460483854,0.0002782827277081877
3.9943735933983495,0.0004381093399789369,-0.01235782256055675,0.0002780667253007206
3.9952488122030507,0.00043786524817453627,-0.012350771082032046,0.0002778509202191022
3.996124031007752,0.00043762131821056615,-0.012343726016837437,0.0002776353123420717
3.996999249812453,0.00043737755009946443,-0.012336687356913408,0.00027741990154797315
3.9978744686171543,0.0004371339438528786,-0.012329655094213205,0.00027720468771475604
3.9987496874218555,0.0004368904994816747,-0.012322629220702824,0.000276989670719981
3.9996249062265563,0.00043664721699593844,-0.012315609728360983,0.0002767748504408215
4.000500125031257,0.0004364040964049794,-0.012308596609179077,0.00027656022675406634
4.001375343835958,0.0004361611377173398,-0.012301589855161185,0.0002763457995361261
4.0022505626406595,0.0004359183409407937,-0.012294589458324037,0.00027613156866303294
4.003125781445361,0.00043567570608235383,-0.012287595410696971,0.0002759175340104451
4.004001000250062,0.0004354332331482769,-0.012280607704321957,0.00027570369545365113
4.004876219054763,0.0004351909221440662,-0.012273626331253515,0.00027549005286757125
4.005751437859464,0.0004349487730744769,-0.01226665128355873,0.00027527660612676187
4.0066266566641655,0.0004347067859435188,-0.012259682553317218,0.0002750633551054172
4.007501875468867,0.00043446496075446374,-0.012252720132621102,0.0002748502996773746
4.008377094273568,0.0004342232975098453,-0.012245764013574979,0.00027463743971611453
4.009252313078269,0.0004339817962114699,-0.012238814188295944,0.00027442477509476826
4.01012753188297,0.0004337404568604124,-0.012231870648913483,0.00027421230568611533
4.0110027506876715,0.00043349927945702713,-0.012224933387569527,0.0002740000313625907
4.011877969492373,0.0004332582640009488,-0.012218002396418398,0.00027378795199628616
4.012753188297074,0.0004330174104910982,-0.012211077667626778,0.00027357606745895393
4.013628407101775,0.000432776718925686,-0.012204159193373707,0.00027336437762200946
4.014503625906476,0.0004325361893022149,-0.012197246965850539,0.00027315288235653335
4.015378844711178,0.00043229582161748625,-0.012190340977260933,0.0002729415815332758
4.016254063515879,0.0004320556158676035,-0.012183441219820823,0.00027273047502265907
4.01712928232058,0.00043181557204797604,-0.012176547685758415,0.00027251956269478024
4.018004501125281,0.00043157569015332226,-0.012169660367314124,0.00027230884441941386
4.018879719929982,0.00043133597017767553,-0.012162779256740594,0.00027209832006601544
4.019754938734684,0.00043109641211438527,-0.012155904346302648,0.0002718879895037231
4.020630157539385,0.0004308570159561255,-0.012149035628277278,0.0002716778526013629
4.021505376344086,0.0004306177816948936,-0.01214217309495362,0.00027146790922744844
4.022380595148787,0.0004303787093220184,-0.012135316738632928,0.0002712581592501867
4.023255813953488,0.000430139798828161,-0.012128466551628556,0.00027104860253747816
4.02413103275819,0.0004299010502033206,-0.012121622526265927,0.00027083923895692156
4.025006251562891,0.00042966246343683826,-0.012114784654882528,0.0002706300683758161
4.025881470367592,0.0004294240385174002,-0.012107952929827876,0.0002704210906611641
4.026756689172293,0.00042918577543304016,-0.012101127343463488,0.0002702123056796726
4.027631907976994,0.0004289476741711473,-0.01209430788816288,0.00027000371329775875
4.028507126781696,0.00042870973471846564,-0.012087494556311524,0.00026979531338154996
4.029382345586397,0.00042847195706109936,-0.012080687340306834,0.00026958710579688726
4.030257564391098,0.00042823434118451916,-0.01207388623255816,0.00026937909040932975
4.031132783195799,0.00042799688707356097,-0.012067091225486727,0.000269171267084154
4.0320080020005005,0.0004277595947124343,-0.012060302311525656,0.00026896363568635977
4.032883220805202,0.0004275224640847228,-0.012053519483119916,0.00026875619608067057
4.033758439609903,0.00042728549517338934,-0.012046742732726302,0.0002685489481315371
4.034633658414604,0.00042704868796078043,-0.012039972052813442,0.0002683418917031405
4.035508877219305,0.00042681204242862717,-0.012033207435861724,0.0002681350266593929
4.0363840960240065,0.0004265755585580526,-0.012026448874363329,0.0002679283528639427
4.037259314828708,0.00042633923632957144,-0.012019696360822172,0.00026772187018017467
4.038134533633408,0.0004261030757230972,-0.012012949887753897,0.00026751557847121425
4.039009752438109,0.00042586707671794257,-0.012006209447685842,0.0002673094775999286
4.03988497124281,0.00042563123929282513,-0.011999475033157035,0.0002671035674289302
4.040760190047512,0.00042539556342587064,-0.011992746636718165,0.00026689784782057925
4.041635408852213,0.00042516004909461553,-0.011986024250931558,0.00026669231863698557
4.042510627656914,0.0004249246962760112,-0.011979307868371149,0.00026648697974001137
4.043385846461615,0.00042468950494642724,-0.011972597481622481,0.00026628183099127383
4.0442610652663165,0.00042445447508165473,-0.011965893083282666,0.0002660768722521471
4.045136284071018,0.0004242196066569106,-0.011959194665960364,0.0002658721033837656
4.046011502875719,0.00042398489964683936,-0.011952502222275773,0.00026566752424702505
4.04688672168042,0.00042375035402551916,-0.01194581574486061,0.00026546313470258694
4.047761940485121,0.00042351596976646024,-0.011939135226358056,0.0002652589346108775
4.0486371592898225,0.0004232817468426151,-0.011932460659422784,0.0002650549238320943
4.049512378094524,0.00042304768522637696,-0.011925792036720907,0.00026485110222620567
4.050387596899225,0.00042281378488958417,-0.011919129350929963,0.00026464746965295375
4.051262815703925,0.00042258004580352355,-0.0119124725947389,0.0002644440259718567
4.052138034508626,0.0004223464679389346,-0.011905821760848036,0.0002642407710422115
4.053013253313328,0.00042211305126601243,-0.011899176841969067,0.00026403770472309635
4.053888472118029,0.00042187979575440904,-0.01189253783082503,0.0002638348268733713
4.05476369092273,0.000421646701373241,-0.011885904720150279,0.00026363213735168366
4.055638909727431,0.00042141376809108757,-0.011879277502690468,0.0002634296360164668
4.0565141285321324,0.0004211809958759973,-0.01187265617120254,0.0002632273227259446
4.057389347336834,0.0004209483846954907,-0.01186604071845469,0.00026302519733813326
4.058264566141535,0.0004207159345165616,-0.011859431137226348,0.00026282325971084254
4.059139784946236,0.00042048364530568343,-0.01185282742030818,0.0002626215097016798
4.060015003750937,0.00042025151702880926,-0.011846229560502032,0.0002624199471680501
4.0608902225556385,0.0004200195496513766,-0.011839637550620926,0.0002622185719671598
4.06176544136034,0.0004197877431383098,-0.011833051383489057,0.00026201738395601794
4.062640660165041,0.00041955609745402534,-0.01182647105194174,0.0002618163829914397
4.063515878969742,0.0004193246125624319,-0.01181989654882542,0.0002616155689300471
4.064391097774443,0.00041909328842693456,-0.011813327866997632,0.0002614149416282713
4.0652663165791445,0.0004188621250104385,-0.011806764999326976,0.00026121450094235537
4.066141535383846,0.00041863112227535064,-0.011800207938693122,0.00026101424672835563
4.067016754188547,0.00041840028018358524,-0.011793656677986765,0.00026081417884214503
4.067891972993248,0.00041816959869656354,-0.011787111210109617,0.0002606142971394134
4.068767191797949,0.0004179390777752196,-0.011780571527974387,0.0002604146014756712
4.0696424106026505,0.0004177087173800027,-0.01177403762450476,0.000260215091706251
4.070517629407352,0.00041747851747087685,-0.011767509492635369,0.00026001576768630786
4.071392848212053,0.0004172484780073313,-0.011760987125311786,0.0002598166292708255
4.072268067016754,0.00041701859894837366,-0.011754470515490488,0.0002596176763146126
4.073143285821455,0.0004167888802525417,-0.011747959656138859,0.00025941890867231017
4.074018504626157,0.0004165593218779023,-0.011741454540235155,0.000259220326198391
4.074893723430858,0.0004163299237820525,-0.011734955160768477,0.0002590219287471606
4.075768942235559,0.0004161006859221264,-0.011728461510738768,0.000258823716172762
4.07664416104026,0.0004158716082547948,-0.011721973583156783,0.00025862568832917487
4.077519379844961,0.00041564269073627024,-0.011715491371044072,0.0002584278450702197
4.078394598649663,0.0004154139333223087,-0.011709014867432968,0.0002582301862495584
4.079269817454364,0.0004151853359682127,-0.011702544065366546,0.00025803271172069675
4.080145036259065,0.0004149568986288339,-0.01169607895789863,0.00025783542133698623
4.081020255063766,0.0004147286212585765,-0.011689619538093754,0.00025763831495162584
4.081895473868467,0.0004145005038113985,-0.011683165799027145,0.00025744139241766365
4.082770692673169,0.000414272546240817,-0.011676717733784713,0.0002572446535879998
4.08364591147787,0.00041404474849990964,-0.011670275335463035,0.00025704809831538774
4.084521130282571,0.0004138171105413142,-0.011663838597169301,0.0002568517264524341
4.085396349087272,0.00041358963231723786,-0.01165740751202134,0.00025665553785160467
4.086271567891973,0.0004133623137794551,-0.011650982073147584,0.00025645953236522304
4.087146786696675,0.00041313515487931117,-0.011644562273687032,0.00025626370984547326
4.088022005501376,0.0004129081555677259,-0.01163814810678925,0.00025606807014440187
4.088897224306077,0.00041268131579519536,-0.011631739565614344,0.00025587261311391964
4.089772443110777,0.0004124546355117946,-0.01162533664333295,0.00025567733860580295
4.090647661915479,0.0004122281146671811,-0.01161893933312619,0.0002554822464716961
4.09152288072018,0.00041200175321059654,-0.011612547628185683,0.000255287336563113
4.092398099524881,0.00041177555109087104,-0.011606161521713527,0.00025509260873143934
4.093273318329582,0.0004115495082564216,-0.011599781006922234,0.0002548980628279323
4.094148537134283,0.00041132362465526117,-0.011593406077034777,0.0002547036987037259
4.095023755938985,0.0004110979002349935,-0.011587036725284506,0.0002545095162098281
4.095898974743686,0.00041087233494282446,-0.011580672944915184,0.000254315515197128
4.096774193548387,0.00041064692872555574,-0.011574314729180933,0.0002541216955163918
4.097649412353088,0.0004104216815295936,-0.011567962071346229,0.0002539280570182689
4.098524631157789,0.0004101965933009494,-0.011561614964685886,0.0002537345995532917
4.099399849962491,0.0004099716639852416,-0.011555273402485014,0.00025354132297187736
4.100275068767192,0.0004097468935276985,-0.011548937378039047,0.00025334822712432957
4.101150287571893,0.0004095222818731625,-0.011542606884653672,0.00025315531186084116
4.102025506376593,0.0004092978289660888,-0.011536281915644847,0.0002529625770314935
4.102900725181295,0.0004090735347505513,-0.011529962464338754,0.0002527700224862605
4.103775943985996,0.00040884939917024344,-0.01152364852407181,0.0002525776480750087
4.104651162790697,0.0004086254221684822,-0.011517340088190633,0.00025238545364750025
4.105526381595398,0.000408401603688207,-0.011511037150052016,0.00025219343905339244
4.106401600400099,0.0004081779436719874,-0.011504739703022926,0.00025200160414224227
4.107276819204801,0.00040795444206201924,-0.01149844774048047,0.00025180994876350426
4.108152038009502,0.00040773109880013365,-0.01149216125581189,0.0002516184727665362
4.109027256814203,0.00040750791382779326,-0.01148588024241453,0.00025142717600059683
4.109902475618904,0.0004072848870860999,-0.011479604693695836,0.0002512360583148508
4.110777694423605,0.0004070620185157926,-0.011473334603073315,0.00025104511955836736
4.111652913228307,0.00040683930805725216,-0.011467069963974537,0.0002508543595801235
4.112528132033008,0.00040661675565050376,-0.011460810769837107,0.00025066377822900547
4.113403350837709,0.0004063943612352186,-0.011454557014108649,0.00025047337535381007
4.11427856964241,0.00040617212475071437,-0.011448308690246786,0.00025028315080324474
4.115153788447111,0.0004059500461359627,-0.01144206579171912,0.0002500931044259326
4.116029007251813,0.0004057281253295849,-0.011435828312003229,0.00024990323607040964
4.116904226056514,0.00040550636226985927,-0.011429596244586627,0.0002497135455851296
4.117779444861215,0.00040528475689472117,-0.011423369582966756,0.0002495240328184636
4.118654663665916,0.00040506330914176573,-0.01141714832065098,0.00024933469761870253
4.1195298824706175,0.00040484201894824866,-0.011410932451156534,0.00024914553983405716
4.120405101275319,0.00040462088625109146,-0.011404721968010546,0.00024895655931266166
4.12128032008002,0.00040439991098688185,-0.011398516864749996,0.0002487677559025739
4.122155538884721,0.00040417909309187596,-0.011392317134921701,0.0002485791294517767
4.123030757689422,0.0004039584325019982,-0.011386122772082294,0.00024839067980817815
4.1239059764941235,0.00040373792915284975,-0.011379933769798225,0.0002482024068196167
4.124781195298825,0.00040351758297970476,-0.01137375012164572,0.000248014310333859
4.125656414103526,0.00040329739391751384,-0.011367571821210766,0.00024782639019860187
4.126531632908227,0.00040307736190090904,-0.01136139886208912,0.0002476386462614758
4.127406851712928,0.00040285748686420266,-0.01135523123788625,0.00024745107837004416
4.1282820705176295,0.0004026377687413903,-0.01134906894221735,0.0002472636863718049
4.129157289322331,0.0004024182074661538,-0.011342911968707316,0.0002470764701141928
4.130032508127032,0.00040219880297186233,-0.011336760310990714,0.00024688942944457997
4.130907726931733,0.0004019795551915767,-0.011330613962711782,0.00024670256421027855
4.131782945736434,0.00040176046405804706,-0.011324472917524394,0.00024651587425853963
4.1326581645411355,0.00040154152950371886,-0.011318337169092052,0.00024632935943655663
4.133533383345837,0.0004013227514607344,-0.011312206711087885,0.00024614301959146646
4.134408602150538,0.00040110412986093304,-0.011306081537194588,0.0002459568545703497
4.135283820955239,0.0004008856646358547,-0.011299961641104457,0.0002457708642202328
4.13615903975994,0.00040066735571674095,-0.011293847016519323,0.00024558504838808904
4.137034258564642,0.00040044920303453926,-0.011287737657150585,0.0002453994069208406
4.137909477369343,0.00040023120651990163,-0.011281633556719146,0.0002452139396653585
4.138784696174044,0.0004000133661031888,-0.011275534708955422,0.00024502864646846453
4.139659914978745,0.00039979568171447116,-0.011269441107599315,0.00024484352717693255
4.1405351337834455,0.0003995781532835338,-0.011263352746400215,0.000244658581637491
4.141410352588147,0.00039936078073987246,-0.01125726961911694,0.0002444738096968209
4.142285571392848,0.0003991435640127,-0.01125119171951777,0.00024428921120155973
4.143160790197549,0.0003989265030309498,-0.011245119041380404,0.00024410478599830353
4.14403600900225,0.0003987095977232727,-0.011239051578491938,0.00024392053393360489
4.1449112278069515,0.00039849284801804085,-0.011232989324648857,0.00024373645485397592
4.145786446611653,0.0003982762538433536,-0.011226932273657021,0.0002435525486058912
4.146661665416354,0.00039805981512703236,-0.011220880419331643,0.00024336881503578514
4.147536884221055,0.00039784353179662864,-0.011214833755497275,0.0002431852539900568
4.148412103025756,0.00039762740377942185,-0.01120879227598778,0.00024300186531506847
4.149287321830458,0.0003974114310024242,-0.011202755974646338,0.00024281864885714895
4.150162540635159,0.0003971956133923807,-0.011196724845325412,0.00024263560446259337
4.15103775943986,0.00039697995087577026,-0.011190698881886731,0.0002424527319776639
4.151912978244561,0.00039676444337881015,-0.011184678078201277,0.0002422700312485927
4.152788197049262,0.00039654909082745656,-0.011178662428149274,0.00024208750212158223
4.153663415853963,0.00039633389314740544,-0.011172651925620178,0.00024190514444280553
4.154538634658664,0.0003961188502640957,-0.011166646564512618,0.0002417229580584085
4.155413853463365,0.0003959039621027107,-0.01116064633873444,0.00024154094281451084
4.156289072268066,0.00039568922858817883,-0.01115465124220264,0.00024135909855720617
4.1571642910727675,0.0003954746496451777,-0.011148661268843391,0.00024117742513256497
4.158039509877469,0.0003952602251981337,-0.011142676412591984,0.0002409959223866341
4.15891472868217,0.0003950459551712246,-0.011136696667392839,0.0002408145901654383
4.159789947486871,0.00039483183948838235,-0.01113072202719949,0.00024063342831498225
4.160665166291572,0.0003946178780732927,-0.011124752485974545,0.00024045243668125015
4.1615403850962736,0.0003944040708493988,-0.011118788037689705,0.00024027161511020793
4.162415603900975,0.0003941904177399022,-0.011112828676325695,0.00024009096344780403
4.163290822705676,0.00039397691866776386,-0.011106874395872319,0.00023991048153996974
4.164166041510377,0.00039376357355570715,-0.011100925190328379,0.00023973016923262142
4.165041260315078,0.0003935503823262196,-0.011094981053701696,0.0002395500263716612
4.16591647911978,0.0003933373449015526,-0.01108904198000908,0.00023937005280297722
4.166791697924481,0.0003931244612037266,-0.011083107963276316,0.00023919024837244638
4.167666916729182,0.00039291173115452806,-0.011077178997538153,0.00023901061292593286
4.168542135533883,0.0003926991546755168,-0.011071255076838277,0.00023883114630929235
4.169417354338584,0.00039248673168802174,-0.011065336195229312,0.00023865184836836966
4.170292573143286,0.00039227446211314795,-0.011059422346772785,0.00023847271894900283
4.171167791947987,0.00039206234587177354,-0.011053513525539118,0.00023829375789702142
4.172043010752688,0.0003918503828845566,-0.011047609725607631,0.00023811496505825064
4.172918229557389,0.0003916385730719308,-0.011041710941066485,0.00023793634027850866
4.17379344836209,0.00039142691635411157,-0.011035817166012702,0.0002377578834036105
4.174668667166792,0.00039121541265109606,-0.011029928394552128,0.00023757959427936782
4.175543885971493,0.00039100406188266384,-0.01102404462079944,0.0002374014727515895
4.176419104776194,0.00039079286396838224,-0.011018165838878108,0.00023722351866608483
4.177294323580895,0.00039058181882760184,-0.011012292042920386,0.0002370457318686608
4.1781695423855965,0.00039037092637946453,-0.0110064232270673,0.00023686811220512694
4.179044761190298,0.00039016018654289985,-0.011000559385468628,0.00023669065952129311
4.179919979994999,0.00038994959923662983,-0.010994700512282895,0.00023651337366297246
4.1807951987997,0.00038973916437916816,-0.010988846601677333,0.00023633625447598097
4.181670417604401,0.0003895288818888254,-0.0109829976478279,0.0002361593018061405
4.1825456364091025,0.0003893187516837066,-0.010977153644919236,0.00023598251549927733
4.183420855213804,0.00038910877368171417,-0.010971314587144655,0.00023580589540122415
4.184296074018505,0.00038889894780054957,-0.010965480468706134,0.00023562944135782074
4.185171292823206,0.00038868927395771676,-0.010959651283814311,0.00023545315321491612
4.186046511627907,0.00038847975207051964,-0.010953827026688427,0.00023527703081836724
4.1869217304326085,0.0003882703820560668,-0.010948007691556355,0.00023510107401404165
4.18779694923731,0.0003880611638312726,-0.01094219327265457,0.00023492528264781794
4.188672168042011,0.00038785209731285634,-0.010936383764228123,0.0002347496565655858
4.189547386846712,0.00038764318241734643,-0.010930579160530631,0.00023457419561324794
4.190422605651413,0.0003874344190610825,-0.01092477945582428,0.0002343988996367217
4.1912978244561145,0.0003872258071602113,-0.010918984644379778,0.00023422376848193635
4.192173043260815,0.0003870173466306966,-0.010913194720476376,0.0002340488019948394
4.193048262065516,0.00038680903738831364,-0.010907409678401807,0.0002338740000213927
4.193923480870217,0.00038660087934865316,-0.010901629512452314,0.00023369936240757522
4.1947986996749185,0.0003863928724271231,-0.010895854216932618,0.00023352488899938426
4.19567391847962,0.0003861850165389501,-0.010890083786155903,0.00023335057964283566
4.196549137284321,0.0003859773115991803,-0.010884318214443795,0.00023317643418396507
4.197424356089022,0.0003857697575226815,-0.010878557496126361,0.00023300245246882852
4.198299574893723,0.0003855623542241421,-0.010872801625542076,0.0002328286343435022
4.1991747936984245,0.0003853551016180772,-0.010867050597037827,0.00023265497965408615
4.200050012503126,0.0003851479996188259,-0.01086130440496889,0.0002324814882467022
4.200925231307827,0.0003849410481405539,-0.010855563043698906,0.0002323081599674959
4.201800450112528,0.0003847342470972546,-0.010849826507599882,0.00023213499466263703
4.202675668917229,0.00038452759640275293,-0.010844094791052163,0.0002319619921783218
4.2035508877219305,0.00038432109597070173,-0.01083836788844443,0.00023178915236077088
4.204426106526632,0.0003841147457145893,-0.010832645794173673,0.00023161647505623364
4.205301325331332,0.00038390854554773494,-0.010826928502645185,0.00023144396011098563
4.206176544136033,0.00038370249538329415,-0.010821216008272537,0.00023127160737133152
4.2070517629407345,0.000383496595134258,-0.010815508305477577,0.00023109941668360493
4.207926981745436,0.0003832908447134561,-0.010809805388690403,0.00023092738789416993
4.208802200550137,0.00038308524403355613,-0.010804107252349364,0.00023075552084942093
4.209677419354838,0.00038287979300706684,-0.010798413890901026,0.0002305838153957843
4.210552638159539,0.00038267449154633673,-0.01079272529880017,0.0002304122713797177
4.2114278569642405,0.0003824693395635602,-0.010787041470509769,0.00023024088864771357
4.212303075768942,0.00038226433697077257,-0.010781362400500991,0.0002300696670462962
4.213178294573643,0.00038205948367985693,-0.010775688083253158,0.00022989860642202585
4.214053513378344,0.00038185477960254245,-0.010770018513253763,0.00022972770662149766
4.214928732183045,0.0003816502246504057,-0.010764353684998416,0.0002295569674913423
4.2158039509877465,0.000381445818734873,-0.010758693592990878,0.0002293863888782276
4.216679169792448,0.0003812415617672215,-0.010753038231742996,0.00022921597062885884
4.217554388597149,0.00038103745365857965,-0.010747387595774729,0.0002290457125899793
4.21842960740185,0.0003808334943199293,-0.010741741679614116,0.0002288756146083713
4.219304826206551,0.00038062968366210566,-0.010736100477797259,0.0002287056765308561
4.2201800450112525,0.0003804260215958019,-0.010730463984868318,0.00022853589820429683
4.221055263815954,0.00038022250803156467,-0.010724832195379492,0.0002283662794755955
4.221930482620655,0.00038001914287980173,-0.010719205103891004,0.0002281968201916978
4.222805701425356,0.00037981592605077825,-0.01071358270497109,0.0002280275201995906
4.223680920230057,0.00037961285745461917,-0.010707964993195977,0.00022785837934630347
4.224556139034759,0.00037940993700131376,-0.010702351963149889,0.0002276893974789113
4.22543135783946,0.0003792071646007113,-0.010696743609425002,0.00022752057444453175
4.226306576644161,0.00037900454016252685,-0.010691139926621457,0.00022735191009032852
4.227181795448862,0.00037880206359633997,-0.010685540909347336,0.00022718340426351074
4.228057014253563,0.0003785997348115971,-0.010679946552218642,0.00022701505681133407
4.228932233058265,0.000378397553717612,-0.010674356849859297,0.00022684686758110123
4.229807451862966,0.00037819552022356746,-0.010668771796901122,0.00022667883642016272
4.230682670667667,0.00037799363423851416,-0.010663191387983814,0.0002265109631759163
4.231557889472368,0.00037779189567137755,-0.010657615617754952,0.0002263432476958108
4.232433108277069,0.0003775903044309539,-0.010652044480869975,0.00022617568982734394
4.233308327081771,0.00037738886042591036,-0.01064647797199215,0.00022600828941806233
4.234183545886472,0.00037718756356479137,-0.010640916085792585,0.00022584104631556494
4.235058764691173,0.00037698641375601637,-0.010635358816950203,0.00022567396036750207
4.235933983495874,0.0003767854109078817,-0.010629806160151734,0.0002255070314215762
4.2368092023005754,0.00037658455492856085,-0.010624258110091683,0.0002253402593255421
4.237684421105277,0.0003763838457261076,-0.010618714661472342,0.0002251736439272088
4.238559639909978,0.0003761832832084542,-0.010613175809003766,0.00022500718507443817
4.239434858714679,0.0003759828672834156,-0.010607641547403743,0.00022484088261514782
4.24031007751938,0.0003757825978586886,-0.010602111871397812,0.00022467473639731003
4.2411852963240815,0.00037558247484185297,-0.010596586775719223,0.00022450874626895275
4.242060515128783,0.00037538249814037374,-0.010591066255108935,0.00022434291207816076
4.242935733933484,0.0003751826676616011,-0.010585550304315601,0.00022417723367307554
4.243810952738184,0.00037498298331277224,-0.010580038918095563,0.0002240117109018964
4.244686171542885,0.00037478344500101185,-0.010574532091212806,0.00022384634361288056
4.245561390347587,0.00037458405263333326,-0.010569029818438987,0.00022368113165434394
4.246436609152288,0.00037438480611664003,-0.010563532094553406,0.00022351607487466196
4.247311827956989,0.0003741857053577264,-0.010558038914342973,0.00022335117312226974
4.24818704676169,0.0003739867502632791,-0.010552550272602223,0.00022318642624566322
4.249062265566391,0.0003737879407398778,-0.010547066164133296,0.00022302183409339914
4.249937484371093,0.0003735892766939954,-0.010541586583745904,0.0002228573965140955
4.250812703175794,0.00037339075803200037,-0.010536111526257335,0.00022269311335643252
4.251687921980495,0.00037319238466015816,-0.010530640986492444,0.00022252898446915368
4.252563140785196,0.0003729941564846297,-0.010525174959283633,0.00022236500970106466
4.2534383595898975,0.00037279607341147547,-0.010519713439470828,0.00022220118890103565
4.254313578394599,0.00037259813534665535,-0.010514256421901487,0.00022203752191800135
4.2551887971993,0.00037240034219602786,-0.010508803901430563,0.00022187400860096025
4.256064016004001,0.00037220269386535387,-0.010503355872920518,0.000221710648798977
4.256939234808701,0.0003720051902602967,-0.010497912331241283,0.0002215474423611822
4.257814453613403,0.0003718078312864215,-0.010492473271270255,0.00022138438913677207
4.258689672418104,0.0003716106168491981,-0.010487038687892296,0.00022122148897501
4.259564891222805,0.0003714135468540026,-0.0104816085759997,0.00022105874172522757
4.260440110027506,0.00037121662120611655,-0.010476182930492208,0.00022089614723682388
4.261315328832207,0.000371019839810728,-0.010470761746276955,0.00022073370535926614
4.262190547636909,0.0003708232025729331,-0.010465345018268487,0.00022057141594209042
4.26306576644161,0.000370626709397738,-0.010459932741388749,0.00022040927883490303
4.263940985246311,0.0003704303601900582,-0.010454524910567047,0.00022024729388737965
4.264816204051012,0.00037023415485472013,-0.01044912152074007,0.00022008546094926662
4.2656914228557135,0.000370038093296462,-0.010443722566851842,0.00021992377987038104
4.266566641660415,0.00036984217541993433,-0.010438328043853733,0.00021976225050061109
4.267441860465116,0.0003696464011297034,-0.010432937946704446,0.0002196008726899182
4.268317079269817,0.0003694507703302475,-0.010427552270369976,0.00021943964628833447
4.269192298074518,0.00036925528292596225,-0.010422171009823646,0.00021927857114596591
4.2700675168792195,0.0003690599388211594,-0.010416794160046048,0.0002191176471129917
4.270942735683921,0.0003688647379200682,-0.010411421716025052,0.00021895687403966478
4.271817954488622,0.0003686696801268353,-0.010406053672755797,0.00021879625177631182
4.272693173293323,0.000368474765345529,-0.010400690025240668,0.0002186357801733356
4.273568392098024,0.000368279993480134,-0.01039533076848928,0.00021847545908121194
4.2744436109027255,0.00036808536443456026,-0.010389975897518494,0.0002183152883504947
4.275318829707427,0.0003678908781126359,-0.010384625407352353,0.00021815526783181165
4.276194048512128,0.00036769653441811516,-0.010379279293022126,0.00021799539737586904
4.277069267316829,0.0003675023332546733,-0.01037393754956625,0.00021783567683344846
4.27794448612153,0.00036730827452591193,-0.010368600172030356,0.00021767610605540999
4.2788197049262315,0.0003671143581353573,-0.010363267155467216,0.00021751668489269113
4.279694923730933,0.0003669205839864628,-0.010357938494936771,0.00021735741319630806
4.280570142535634,0.00036672695198260765,-0.010352614185506084,0.000217198290817355
4.281445361340335,0.00036653346202709973,-0.01034729422224935,0.0002170393176070056
4.282320580145036,0.00036634011402317723,-0.010341978600247883,0.00021688049341651386
4.283195798949738,0.000366146907874006,-0.010336667314590082,0.00021672181809721274
4.284071017754439,0.00036595384348268395,-0.010331360360371446,0.0002165632915005163
4.28494623655914,0.00036576092075223994,-0.010326057732694549,0.00021640491347791919
4.285821455363841,0.000365568139585634,-0.010320759426669017,0.0002162466838809967
4.286696674168542,0.0003653754998857619,-0.010315465437411546,0.00021608860256140726
4.287571892973244,0.00036518300155545085,-0.010310175760045852,0.00021593066937089
4.288447111777945,0.00036499064449746477,-0.010304890389702693,0.00021577288416126748
4.289322330582646,0.00036479842861450126,-0.01029960932151983,0.00021561524678444423
4.290197549387347,0.0003646063538091965,-0.010294332550642035,0.00021545775709240914
4.291072768192048,0.0003644144199841217,-0.010289060072221069,0.00021530041493723355
4.29194798699675,0.00036422262704178767,-0.010283791881415663,0.00021514322017107378
4.292823205801451,0.00036403097488464306,-0.010278527973391523,0.00021498617264617003
4.293698424606152,0.0003638394634150772,-0.010273268343321306,0.00021482927221484795
4.294573643410853,0.0003636480925354197,-0.010268012986384622,0.00021467251872951822
4.2954488622155536,0.00036345686214794024,-0.01026276189776799,0.00021451591204267663
4.296324081020255,0.00036326577215485117,-0.010257515072664859,0.0002143594520069051
4.297199299824956,0.00036307482245830834,-0.010252272506275587,0.0002142031384748725
4.298074518629657,0.00036288401296041047,-0.010247034193807422,0.00021404697129933392
4.298949737434358,0.0003626933435631996,-0.010241800130474491,0.00021389095033313098
4.29982495623906,0.00036250281416866565,-0.010236570311497809,0.00021373507542919433
4.300700175043761,0.00036231242467874166,-0.010231344732105222,0.00021357934644054084
4.301575393848462,0.00036212217499530876,-0.010226123387531443,0.00021342376322027647
4.302450612653163,0.00036193206502019526,-0.01022090627301802,0.0002132683256215954
4.303325831457864,0.0003617420946551775,-0.01021569338381331,0.00021311303349778087
4.304201050262566,0.0003615522638019799,-0.010210484715172502,0.0002129578867022047
4.305076269067267,0.00036136257236227883,-0.010205280262357563,0.00021280288508832964
4.305951487871968,0.00036117302023769775,-0.01020008002063726,0.00021264802850970657
4.306826706676669,0.00036098360732981426,-0.01019488398528714,0.00021249331681997828
4.3077019254813695,0.0003607943335401568,-0.010189692151589514,0.00021233874987287767
4.308577144286071,0.0003606051987702048,-0.010184504514833426,0.00021218432752222752
4.309452363090772,0.0003604162029213938,-0.010179321070314688,0.00021203004962194372
4.310327581895473,0.0003602273458951105,-0.010174141813335822,0.00021187591602603192
4.311202800700174,0.0003600386275926997,-0.010168966739206094,0.0002117219265885918
4.312078019504876,0.00035985004791545805,-0.010163795843241443,0.00021156808116381314
4.312953238309577,0.00035966160676464113,-0.010158629120764533,0.00021141437960597986
4.313828457114278,0.0003594733040414595,-0.01015346656710469,0.00021126082176946786
4.314703675918979,0.00035928513964708316,-0.010148308177597926,0.00021110740750874713
4.31557889472368,0.00035909711348263866,-0.010143153947586908,0.0002109541366783804
4.316454113528382,0.00035890922544921266,-0.010138003872420955,0.00021080100913302484
4.317329332333083,0.0003587214754478507,-0.010132857947456018,0.0002106480247274313
4.318204551137784,0.0003585338633795592,-0.010127716168054683,0.0002104951833164455
4.319079769942485,0.00035834638914530593,-0.010122578529586142,0.000210342484755008
4.319954988747186,0.00035815905264601985,-0.010117445027426205,0.0002101899288981543
4.320830207551888,0.00035797185378259167,-0.010112315656957253,0.0002100375156010148
4.321705426356589,0.0003577847924558765,-0.010107190413568268,0.00020988524471881643
4.32258064516129,0.00035759786856669266,-0.010102069292654793,0.00020973311610688174
4.323455863965991,0.00035741108201582276,-0.010096952289618929,0.00020958112962062955
4.3243310827706924,0.00035722443270401434,-0.01009183939986933,0.00020942928511557513
4.325206301575394,0.00035703792053198104,-0.010086730618821175,0.0002092775824473308
4.326081520380095,0.00035685154540040235,-0.010081625941896185,0.00020912602147160581
4.326956739184796,0.0003566653072099258,-0.010076525364522576,0.00020897460204420733
4.327831957989497,0.00035647920586116583,-0.01007142888213508,0.00020882332402103986
4.3287071767941985,0.00035629324125470473,-0.010066336490174915,0.0002086721872581055
4.3295823955989,0.00035610741329109485,-0.01006124818408978,0.00020852119161150542
4.330457614403601,0.00035592172187085723,-0.010056163959333845,0.00020837033693743866
4.331332833208302,0.00035573616689448407,-0.010051083811367737,0.00020821962309220359
4.332208052013003,0.0003555507482624381,-0.010046007735658532,0.0002080690499321976
4.3330832708177045,0.00035536546587515265,-0.010040935727679735,0.00020791861731391683
4.333958489622406,0.0003551803196330342,-0.010035867782911287,0.00020776832509395755
4.334833708427107,0.00035499530943646233,-0.010030803896839536,0.00020761817312901624
4.335708927231808,0.00035481043518578834,-0.010025744064957232,0.00020746816127588844
4.336584146036509,0.000354625696781339,-0.010020688282763526,0.0002073182893914711
4.3374593648412105,0.0003544410941234155,-0.01001563654576394,0.00020716855733276157
4.338334583645912,0.00035425662711229336,-0.010010588849470377,0.0002070189649568577
4.339209802450613,0.00035407229564822414,-0.010005545189401084,0.00020686951212095858
4.340085021255314,0.00035388809963143706,-0.010000505561080678,0.00020672019868236545
4.340960240060015,0.0003537040389621366,-0.009995469960040092,0.00020657102449848021
4.341835458864717,0.0003535201135405061,-0.009990438381816607,0.00020642198942680742
4.342710677669418,0.00035333632326670626,-0.009985410821953804,0.00020627309332495313
4.343585896474119,0.000353152668040876,-0.009980387276001573,0.0002061243360506257
4.34446111527882,0.0003529691477631361,-0.00997536773951611,0.00020597571746163733
4.345336334083521,0.0003527857623335841,-0.009970352208059877,0.00020582723741590143
4.346211552888222,0.0003526025116523009,-0.009965340677201636,0.000205678895771436
4.347086771692923,0.0003524193956193462,-0.009960333142516372,0.000205530692386361
4.347961990497624,0.0003522364141347631,-0.009955329599585361,0.00020538262711890105
4.348837209302325,0.00035205356709857465,-0.009950330043996095,0.0002052346998273832
4.3497124281070265,0.0003518708544107901,-0.009945334471342316,0.00020508691037024045
4.350587646911728,0.00035168827597139847,-0.009940342877223967,0.00020493925860600793
4.351462865716429,0.0003515058316803754,-0.009935355257247216,0.0002047917443933268
4.35233808452113,0.00035132352143767945,-0.009930371607024422,0.00020464436759094203
4.353213303325831,0.0003511413451432546,-0.009925391922174134,0.0002044971280577035
4.3540885221305325,0.00035095930269703115,-0.009920416198321081,0.0002043500256525669
4.354963740935234,0.0003507773939989244,-0.009915444431096161,0.00020420306023459232
4.355838959739935,0.00035059561894883656,-0.009910476616136423,0.0002040562316629457
4.356714178544636,0.0003504139774466582,-0.009905512749085068,0.0002039095397968992
4.357589397349337,0.00035023246939226585,-0.009900552825591429,0.00020376298449582998
4.358464616154039,0.00035005109468552487,-0.009895596841310965,0.00020361656561922168
4.359339834958739,0.0003498698532262906,-0.009890644791905264,0.0002034702830266649
4.36021505376344,0.0003496887449144068,-0.009885696673041993,0.00020332413657785624
4.361090272568141,0.0003495077696497068,-0.009880752480394937,0.00020317812613259884
4.3619654913728425,0.0003493269273320151,-0.009875812209643947,0.00020303225155080332
4.362840710177544,0.00034914621786114546,-0.009870875856474967,0.0002028865126924864
4.363715928982245,0.00034896564113690574,-0.009865943416579993,0.0002027409094177737
4.364591147786946,0.0003487851970590938,-0.009861014885657075,0.00020259544158689728
4.365466366591647,0.0003486048855275004,-0.009856090259410305,0.00020245010906019703
4.3663415853963485,0.0003484247064419099,-0.009851169533549819,0.0002023049116981212
4.36721680420105,0.00034824465970209877,-0.009846252703791757,0.0002021598493612253
4.368092023005751,0.0003480647452078383,-0.009841339765858288,0.00020201492191017364
4.368967241810452,0.00034788496285889506,-0.009836430715477582,0.00020187012920573939
4.369842460615153,0.0003477053125550292,-0.009831525548383789,0.00020172547110880348
4.370717679419855,0.000347525794195996,-0.009826624260317047,0.00020158094748035565
4.371592898224556,0.0003473464076815489,-0.009821726847023475,0.00020143655818149559
4.372468117029257,0.0003471671529114366,-0.009816833304255144,0.00020129230307343177
4.373343335833958,0.0003469880297854031,-0.009811943627770076,0.0002011481820174808
4.374218554638659,0.0003468090382031936,-0.009807057813332245,0.00020100419487507112
4.375093773443361,0.00034663017806454613,-0.009802175856711538,0.00020086034150773783
4.375968992248062,0.0003464514492692027,-0.00979729775368379,0.00020071662177712917
4.376844211052763,0.00034627285171689965,-0.009792423500030723,0.00020057303554500068
4.377719429857464,0.00034609438530737506,-0.009787553091539978,0.0002004295826732195
4.378594648662165,0.0003459160499403663,-0.009782686524005074,0.0002002862630237628
4.379469867466867,0.00034573784551561015,-0.009777823793225423,0.00020014307645871784
4.380345086271568,0.00034555977193284556,-0.009772964895006304,0.00020000002284028311
4.381220305076269,0.0003453818290918121,-0.009768109825158857,0.00019985710203076782
4.38209552388097,0.0003452040168922505,-0.00976325857950008,0.00019971431389259175
4.382970742685671,0.00034502633523390386,-0.009758411153852804,0.00019957165828828597
4.383845961490373,0.0003448487840165187,-0.009753567544045699,0.00019942913508049322
4.384721180295074,0.0003446713631398433,-0.009748727745913257,0.00019928674413196705
4.385596399099775,0.00034449407250363004,-0.009743891755295782,0.0001991444853055729
4.386471617904476,0.0003443169120076351,-0.009739059568039377,0.0001990023584642878
4.3873468367091775,0.0003441398815516193,-0.009734231179995948,0.00019886036347120084
4.388222055513879,0.00034396298103534797,-0.009729406587023174,0.00019871850018951298
4.38909727431858,0.0003437862103585924,-0.009724585784984517,0.00019857676848253767
4.389972493123281,0.0003436095694211285,-0.009719768769749195,0.00019843516821370003
4.390847711927982,0.0003434330581227385,-0.009714955537192182,0.00019829369924653778
4.3917229307326835,0.00034325667636321127,-0.009710146083194204,0.00019815236144470129
4.392598149537385,0.0003430804240423443,-0.009705340403641717,0.00019801115467195442
4.393473368342086,0.0003429043010599396,-0.009700538494426895,0.0001978700787921723
4.394348587146787,0.00034272830731580897,-0.009695740351447638,0.00019772913366934418
4.395223805951488,0.0003425524427097726,-0.009690945970607554,0.0001975883191675724
4.3960990247561895,0.00034237670714165787,-0.009686155347815936,0.0001974476351510718
4.396974243560891,0.00034220110051130277,-0.009681368478987776,0.00019730708148417127
4.397849462365591,0.0003420256227185543,-0.00967658536004374,0.0001971666580313131
4.398724681170292,0.00034185027366326917,-0.00967180598691015,0.00019702636465705278
4.3995998999749935,0.00034167505324531386,-0.009667030355519003,0.00019688620122605954
4.400475118779695,0.0003414999613645672,-0.009662258461807939,0.00019674616760311718
4.401350337584396,0.00034132499792091783,-0.009657490301720239,0.00019660626365312274
4.402225556389097,0.00034115016281426703,-0.00965272587120481,0.00019646648924108803
4.403100775193798,0.0003409754559445271,-0.009647965166216185,0.00019632684423213844
4.4039759939984995,0.0003408008772116228,-0.0096432081827145,0.00019618732849151384
4.404851212803201,0.000340626426515492,-0.009638454916665502,0.00019604794188456877
4.405726431607902,0.00034045210375608596,-0.009633705364040528,0.00019590868427677232
4.406601650412603,0.00034027790883336864,-0.009628959520816492,0.00019576955553370795
4.407476869217304,0.00034010384164731897,-0.009624217382975893,0.00019563055552107434
4.4083520880220055,0.00033992990209792944,-0.009619478946506783,0.00019549168410468471
4.409227306826707,0.0003397560900852076,-0.009614744207402777,0.0001953529411504675
4.410102525631408,0.00033958240550917605,-0.00961001316166303,0.0001952143265244661
4.410977744436108,0.0003394088482698731,-0.009605285805292246,0.0001950758400928395
4.4118529632408094,0.0003392354182673515,-0.00960056213430063,0.00019493748172186087
4.412728182045511,0.000339062115401683,-0.009595842144703935,0.00019479925127792065
4.413603400850212,0.00033888893957295354,-0.009591125832523407,0.0001946611486275233
4.414478619654913,0.000338715890681267,-0.009586413193785795,0.00019452317363728944
4.415353838459614,0.0003385429686267436,-0.009581704224523332,0.00019438532617395486
4.4162290572643155,0.0003383701733095237,-0.009576998920773747,0.00019424760610437257
4.417104276069017,0.0003381975046297629,-0.00957229727858023,0.00019411001329550984
4.417979494873718,0.00033802496248763747,-0.009567599293991435,0.00019397254761445117
4.418854713678419,0.00033785254678334053,-0.009562904963061473,0.0001938352089283961
4.41972993248312,0.00033768025741708676,-0.0095582142818499,0.00019369799710466167
4.4206051512878215,0.0003375080942891075,-0.009553527246421703,0.00019356091201067963
4.421480370092523,0.0003373360572996569,-0.009548843852847304,0.0001934239535139997
4.422355588897224,0.00033716414634900685,-0.009544164097202528,0.00019328712148228663
4.423230807701925,0.000336992361337452,-0.009539487975568632,0.00019315041578332303
4.424106026506626,0.00033682070216530614,-0.009534815484032252,0.00019301383628500697
4.4249812453113275,0.00033664916873290553,-0.009530146618685422,0.00019287738285535404
4.425856464116029,0.00033647776094060676,-0.009525481375625554,0.00019274105536249583
4.42673168292073,0.00033630647868879,-0.009520819750955445,0.0001926048536746817
4.427606901725431,0.00033613532187785753,-0.009516161740783242,0.00019246877766027778
4.428482120530132,0.00033596429040823263,-0.00951150734122245,0.0001923328271877665
4.4293573393348336,0.000335793384180363,-0.009506856548391925,0.00019219700212574797
4.430232558139535,0.0003356226030947197,-0.009502209358415859,0.00019206130234293968
4.431107776944236,0.0003354519470517967,-0.009497565767423761,0.00019192572770817585
4.431982995748937,0.0003352814159521129,-0.009492925771550486,0.0001917902780904086
4.432858214553638,0.00033511100969621055,-0.009488289366936162,0.00019165495335870684
4.43373343335834,0.0003349407281846572,-0.009483656549726256,0.00019151975338225753
4.434608652163041,0.0003347705713180453,-0.009479027316071502,0.00019138467803036488
4.435483870967742,0.00033460053899699255,-0.009474401662127926,0.0001912497271724509
4.436359089772443,0.00033443063112214167,-0.009469779584056839,0.00019111490067805472
4.437234308577144,0.0003342608475941624,-0.009465161078024802,0.00019098019841683406
4.438109527381846,0.0003340911883137497,-0.009460546140203648,0.00019084562025856373
4.438984746186547,0.00033392165318162656,-0.009455934766770445,0.00019071116607313732
4.439859964991248,0.00033375224209854107,-0.009451326953907518,0.00019057683573056526
4.440735183795949,0.00033358295496526915,-0.00944672269780241,0.00019044262910097645
4.44161040260065,0.00033341379168261526,-0.0094421219946479,0.00019030854605461836
4.442485621405352,0.0003332447521514101,-0.009437524840641963,0.00019017458646185576
4.443360840210053,0.0003330758362725136,-0.0094329312319878,0.00019004075019317214
4.444236059014754,0.0003329070439468138,-0.009428341164893802,0.00018990703711916913
4.445111277819455,0.0003327383750752273,-0.00942375463557354,0.00018977344711056655
4.4459864966241565,0.00033256982955870044,-0.009419171640245775,0.00018963998003820293
4.446861715428858,0.0003324014072982078,-0.00941459217513444,0.00018950663577303468
4.447736934233559,0.0003322331081947541,-0.00941001623646862,0.00018937341418613678
4.44861215303826,0.0003320649321493737,-0.009405443820482563,0.0001892403151487028
4.44948737184296,0.0003318968790631326,-0.00940087492341567,0.0001891073385320455
4.450362590647662,0.00033172894883712496,-0.009396309541512464,0.000188974484207595
4.451237809452363,0.0003315611413724779,-0.009391747671022601,0.00018884175204690127
4.452113028257064,0.00033139345657034824,-0.009387189308200867,0.00018870914192163217
4.452988247061765,0.00033122589433192437,-0.009382634449307148,0.00018857665370357457
4.453863465866466,0.0003310584545584277,-0.009378083090606447,0.00018844428726463476
4.454738684671168,0.0003308911371511096,-0.009373535228368845,0.00018831204247683677
4.455613903475869,0.0003307239420112543,-0.009368990858869521,0.000188179919212324
4.45648912228057,0.00033055686904017985,-0.009364449978388737,0.00018804791734335937
4.457364341085271,0.00033038991813923554,-0.00935991258321181,0.000187916036742324
4.4582395598899724,0.00033022308920980413,-0.00935537866962913,0.0001877842772817182
4.459114778694674,0.0003300563821533023,-0.009350848233936134,0.00018765263883416172
4.459989997499375,0.00032988979687117905,-0.009346321272433313,0.00018752112127239264
4.460865216304076,0.00032972333326491835,-0.00934179778142618,0.00018738972446926877
4.461740435108776,0.0003295569912360385,-0.009337277757225294,0.00018725844829776725
4.462615653913478,0.00032939077068609143,-0.009332761196146212,0.00018712729263098386
4.463490872718179,0.0003292246715166642,-0.009328248094509526,0.00018699625734213394
4.46436609152288,0.00032905869362937856,-0.009323738448640819,0.000186865342304552
4.465241310327581,0.00032889283692589134,-0.009319232254870668,0.00018673454739169174
4.466116529132282,0.0003287271013078959,-0.009314729509534644,0.00018660387247712673
4.466991747936984,0.0003285614866771199,-0.009310230208973291,0.00018647331743454917
4.467866966741685,0.00032839599293532764,-0.009305734349532127,0.00018634288213777105
4.468742185546386,0.0003282306199843197,-0.009301241927561632,0.00018621256646072357
4.469617404351087,0.00032806536772593385,-0.009296752939417239,0.00018608237027745812
4.470492623155788,0.00032790023606204323,-0.009292267381459328,0.00018595229346214453
4.47136784196049,0.0003277352248945587,-0.009287785250053216,0.00018582233588907256
4.472243060765191,0.0003275703341254275,-0.00928330654156915,0.00018569249743265114
4.473118279569892,0.00032740556365663717,-0.009278831252382307,0.00018556277796741017
4.473993498374593,0.0003272409133902096,-0.009274359378872766,0.0001854331773679973
4.4748687171792945,0.00032707638322820637,-0.009269890917425517,0.00018530369550918068
4.475743935983996,0.0003269119730727272,-0.00926542586443045,0.00018517433226584808
4.476619154788697,0.0003267476828259105,-0.009260964216282338,0.0001850450875130069
4.477494373593398,0.00032658351238993194,-0.00925650596938084,0.0001849159611257835
4.478369592398099,0.0003264194616670084,-0.00925205112013049,0.00018478695297942515
4.4792448112028005,0.00032625553055939434,-0.009247599664940693,0.00018465806294929785
4.480120030007502,0.0003260917189693843,-0.009243151600225694,0.0001845292909108877
4.480995248812203,0.0003259280267993119,-0.009238706922404602,0.00018440063673980025
4.481870467616904,0.0003257644539515519,-0.009234265627901372,0.00018427210031176128
4.482745686421605,0.0003256010003285181,-0.009229827713144779,0.00018414368150261603
4.4836209052263065,0.0003254376658326646,-0.009225393174568431,0.00018401538018832916
4.484496124031008,0.0003252744503664865,-0.009220962008610752,0.00018388719624498555
4.485371342835709,0.00032511135383252025,-0.009216534211714983,0.00018375912954879004
4.48624656164041,0.0003249483761333425,-0.009212109780329159,0.00018363117997606686
4.487121780445111,0.00032478551717157115,-0.009207688710906112,0.00018350334740326003
4.4879969992498125,0.00032462277684986666,-0.009203270999903467,0.00018337563170693394
4.488872218054514,0.00032446015507092983,-0.009198856643783613,0.00018324803276377211
4.489747436859215,0.0003242976517375044,-0.009194445639013728,0.0001831205504505784
4.490622655663916,0.0003241352667523764,-0.009190037982065743,0.00018299318464427662
4.491497874468617,0.00032397300001837215,-0.009185633669416344,0.00018286593522190924
4.492373093273319,0.00032381085143836383,-0.009181232697546969,0.00018273880206064042
4.49324831207802,0.00032364882091526404,-0.00917683506294379,0.0001826117850377529
4.494123530882721,0.00032348690835202906,-0.009172440762097722,0.00018248488403064956
4.494998749687422,0.0003233251136516585,-0.00916804979150439,0.00018235809891685326
4.495873968492123,0.00032316343671719594,-0.009163662147664153,0.000182231429574007
4.496749187296825,0.0003230018774517277,-0.009159277827082061,0.00018210487587987315
4.497624406101526,0.0003228404357583842,-0.009154896826267881,0.00018197843771233408
4.498499624906227,0.00032267911154034026,-0.009150519141736061,0.00018185211494939227
4.499374843710928,0.00032251790470081413,-0.009146144770005749,0.00018172590746916946
4.500250062515629,0.0003223568151430698,-0.009141773707600755,0.0001815998151499081
4.50112528132033,0.00032219584277041525,-0.009137405951049577,0.00018147383786997016
4.502000500125031,0.0003220349874862032,-0.009133041496885364,0.0001813479755078371
4.502875718929732,0.0003218742491938315,-0.009128680341645922,0.0001812222279421107
4.503750937734433,0.00032171362779674363,-0.009124322481873712,0.00018109659505151238
4.504626156539135,0.0003215531231984284,-0.009119967914115833,0.00018097107671488362
4.505501375343836,0.0003213927353024202,-0.009115616634924013,0.00018084567281118554
4.506376594148537,0.0003212324640122989,-0.009111268640854608,0.00018072038321949896
4.507251812953238,0.0003210723092316907,-0.009106923928468593,0.0001805952078190246
4.508127031757939,0.00032091227086426864,-0.009102582494331555,0.0001804701464890834
4.509002250562641,0.0003207523488137516,-0.009098244335013678,0.00018034519910911572
4.509877469367342,0.0003205925429839053,-0.009093909447089751,0.00018022036555868188
4.510752688172043,0.0003204328532785419,-0.009089577827139142,0.00018009564571746172
4.511627906976744,0.00032027327960152047,-0.0090852494717458,0.0001799710394652549
4.512503125781445,0.0003201138218567485,-0.009080924377498256,0.0001798465466819814
4.513378344586146,0.0003199544799481796,-0.009076602540989602,0.00017972216724768044
4.514253563390847,0.0003197952537798154,-0.009072283958817488,0.00017959790104251096
4.515128782195548,0.0003196361432557047,-0.009067968627584104,0.0001794737479467516
4.516004001000249,0.0003194771482799448,-0.009063656543896207,0.00017934970784080087
4.5168792198049506,0.00031931826875668094,-0.00905934770436507,0.00017922578060517694
4.517754438609652,0.000319159504590107,-0.009055042105606505,0.00017910196612051782
4.518629657414353,0.0003190008556844654,-0.00905073974424085,0.00017897826426758128
4.519504876219054,0.0003188423219440456,-0.009046440616892939,0.00017885467492724378
4.520380095023755,0.00031868390327318726,-0.009042144720192132,0.00017873119798050233
4.521255313828457,0.0003185255995762796,-0.009037852050772281,0.0001786078333084737
4.522130532633158,0.00031836741075775914,-0.009033562605271725,0.0001784845807923933
4.523005751437859,0.00031820933672211364,-0.0090292763803333,0.00017836144031361723
4.52388097024256,0.00031805137737387886,-0.00902499337260431,0.0001782384117536202
4.524756189047261,0.00031789353261764094,-0.00902071357873654,0.00017811549499399692
4.525631407851963,0.00031773580235803486,-0.009016436995386219,0.00017799268991646106
4.526506626656664,0.00031757818649974783,-0.009012163619214055,0.000177869996402847
4.527381845461365,0.00031742068494751473,-0.009007893446885195,0.00017774741433510718
4.528257064266066,0.00031726329760612196,-0.009003626475069222,0.0001776249435953142
4.529132283070767,0.0003171060243804061,-0.008999362700440163,0.0001775025840656598
4.530007501875469,0.0003169488651752552,-0.008995102119676471,0.0001773803356284557
4.53088272068017,0.0003167918198956065,-0.008990844729461012,0.000177258198166132
4.531757939484871,0.00031663488844644965,-0.008986590526481073,0.00017713617156123895
4.532633158289572,0.0003164780707328247,-0.00898233950742835,0.00017701425569644573
4.5335083770942735,0.00031632136665982316,-0.008978091668998926,0.00017689245045454088
4.534383595898975,0.0003161647761325873,-0.008973847007893287,0.0001767707557184318
4.535258814703676,0.00031600829905631286,-0.008969605520816295,0.00017664917137114622
4.536134033508377,0.00031585193533624495,-0.008965367204477197,0.00017652769729582972
4.537009252313078,0.00031569568487768186,-0.00896113205558961,0.0001764063333757477
4.5378844711177795,0.000315539547585974,-0.00895690007087151,0.00017628507949428486
4.538759689922481,0.0003153835233665241,-0.008952671247045234,0.00017616393553494496
4.539634908727182,0.00031522761212478555,-0.008948445580837464,0.00017604290138134996
4.540510127531883,0.0003150718137662664,-0.008944223068979231,0.000175921976917242
4.541385346336584,0.00031491612819652663,-0.0089400037082059,0.0001758011620264819
4.5422605651412855,0.0003147605553211775,-0.008935787495257157,0.00017568045659304863
4.543135783945987,0.00031460509504588623,-0.008931574426877023,0.00017555986050104167
4.544011002750688,0.0003144497472763697,-0.00892736449981382,0.00017543937363467764
4.544886221555389,0.0003142945119184009,-0.008923157710820194,0.0001753189958782936
4.54576144036009,0.0003141393888778043,-0.008918954056653071,0.00017519872711634435
4.5466366591647915,0.00031398437806045876,-0.00891475353407369,0.00017507856723340403
4.547511877969493,0.0003138294793722965,-0.008910556139847571,0.00017495851611416534
4.548387096774194,0.000313674692719303,-0.008906361870744506,0.00017483857364343955
4.549262315578895,0.00031352001800751884,-0.008902170723538575,0.00017471873970615712
4.550137534383596,0.0003133654551430374,-0.008897982695008114,0.00017459901418736656
4.551012753188298,0.00031321100403200664,-0.008893797781935718,0.00017447939697223518
4.551887971992998,0.00031305666458063025,-0.00888961598110825,0.00017435988794604968
4.552763190797699,0.000312902436695164,-0.008885437289316794,0.00017424048699421385
4.5536384096024,0.00031274832028191916,-0.008881261703356694,0.00017412119400225063
4.5545136284071015,0.00031259431524726245,-0.008877089220027517,0.00017400200885580176
4.555388847211803,0.00031244042149761495,-0.008872919836133059,0.00017388293144062714
4.556264066016504,0.000312286638939452,-0.008868753548481332,0.0001737639616426046
4.557139284821205,0.00031213296747930523,-0.008864590353884564,0.00017364509934773094
4.558014503625906,0.00031197940702376126,-0.008860430249159192,0.0001735263444421212
4.5588897224306075,0.00031182595747946095,-0.008856273231125835,0.00017340769681200796
4.559764941235309,0.00031167261875310207,-0.008852119296609326,0.0001732891563437428
4.56064016004001,0.0003115193907514368,-0.008847968442438665,0.00017317072292379485
4.561515378844711,0.000311366273381274,-0.008843820665447043,0.00017305239643875176
4.562390597649412,0.0003112132665494781,-0.008839675962471816,0.00017293417677531915
4.5632658164541136,0.00031106037016296847,-0.0088355343303545,0.00017281606382032016
4.564141035258815,0.0003109075841287228,-0.008831395765940792,0.00017269805746069695
4.565016254063515,0.00031075490835377306,-0.008827260266080519,0.00017258015758350875
4.565891472868216,0.0003106023427452083,-0.008823127827627654,0.0001724623640759328
4.5667666916729175,0.0003104498872101734,-0.008818998447440317,0.00017234467682526413
4.567641910477619,0.0003102975416558712,-0.008814872122380763,0.00017222709571891609
4.56851712928232,0.00031014530598955965,-0.008810748849315363,0.000172109620644419
4.569392348087021,0.00030999318011855446,-0.008806628625114613,0.0001719922514894214
4.570267566891722,0.00030984116395022806,-0.00880251144665312,0.00017187498814168932
4.5711427856964235,0.00030968925739200987,-0.008798397310809595,0.00017175783048910636
4.572018004501125,0.00030953746035138605,-0.008794286214466849,0.0001716407784196734
4.572893223305826,0.0003093857727359008,-0.008790178154511791,0.0001715238318215093
4.573768442110527,0.00030923419445315467,-0.008786073127835402,0.00017140699058284977
4.574643660915228,0.0003090827254108071,-0.008781971131332762,0.0001712902545920487
4.5755188797199295,0.00030893136551657325,-0.008777872161903007,0.00017117362373757623
4.576394098524631,0.0003087801146782278,-0.008773776216449354,0.00017105709790802084
4.577269317329332,0.0003086289728036027,-0.00876968329187907,0.0001709406769920879
4.578144536134033,0.0003084779398005861,-0.008765593385103475,0.0001708243608785991
4.579019754938734,0.0003083270155771272,-0.008761506493037946,0.00017070814945649478
4.579894973743436,0.0003081762000412304,-0.008757422612601894,0.00017059204261483084
4.580770192548137,0.0003080254931009609,-0.008753341740718765,0.00017047604024278163
4.581645411352838,0.0003078748946644401,-0.008749263874316033,0.0001703601422296372
4.582520630157539,0.00030772440463984864,-0.0087451890103252,0.00017024434846480506
4.58339584896224,0.00030757402293542577,-0.008741117145681767,0.00017012865883780942
4.584271067766942,0.00030742374945946966,-0.008737048277325264,0.0001700130732382917
4.585146286571643,0.00030727358412033684,-0.008732982402199212,0.00016989759155600968
4.586021505376344,0.00030712352682644203,-0.008728919517251129,0.00016978221368083748
4.586896724181045,0.00030697357748625965,-0.00872485961943252,0.0001696669395027663
4.587771942985746,0.0003068237360083239,-0.008720802705698888,0.00016955176891190433
4.588647161790448,0.0003066740023012262,-0.008716748773009696,0.00016943670179847518
4.589522380595149,0.0003065243762736188,-0.008712697818328383,0.00016932173805281984
4.59039759939985,0.0003063748578342121,-0.00870864983862236,0.000169206877565395
4.591272818204551,0.0003062254468917765,-0.008704604830862984,0.00016909212022677407
4.5921480370092524,0.00030607614335514244,-0.008700562792025577,0.00016897746592764695
4.593023255813954,0.0003059269471331981,-0.008696523719089395,0.00016886291455881877
4.593898474618655,0.00030577785813489433,-0.008692487609037644,0.00016874846601121248
4.594773693423356,0.00030562887626923817,-0.008688454458857454,0.00016863412017586513
4.595648912228057,0.0003054800014452994,-0.008684424265539888,0.0001685198769439314
4.5965241310327585,0.00030533123357220617,-0.008680397026079931,0.000168405736206681
4.59739934983746,0.0003051825725591476,-0.008676372737476472,0.0001682916978555001
4.598274568642161,0.0003050340183153723,-0.008672351396732328,0.00016817776178189043
4.599149787446862,0.0003048855707501889,-0.008668333000854192,0.00016806392787746923
4.600025006251563,0.0003047372297729666,-0.008664317546852675,0.0001679501960339698
4.6009002250562645,0.00030458899529313616,-0.008660305031742274,0.0001678365661432416
4.601775443860966,0.00030444086722018694,-0.008656295452541362,0.00016772303809724868
4.602650662665667,0.0003042928454636689,-0.00865228880627219,0.0001676096117880707
4.603525881470367,0.0003041449299331956,-0.008648285089960902,0.00016749628710790442
4.604401100275068,0.00030399712053843614,-0.008644284300637465,0.00016738306394905903
4.60527631907977,0.00030384941718912577,-0.008640286435335747,0.0001672699422039621
4.606151537884471,0.0003037018197950566,-0.008636291491093446,0.00016715692176515423
4.607026756689172,0.00030355432826608406,-0.008632299464952113,0.00016704400252529254
4.607901975493873,0.00030340694251212357,-0.008628310353957147,0.00016693118437714869
4.6087771942985745,0.0003032596624431519,-0.008624324155157771,0.00016681846721360957
4.609652413103276,0.00030311248796920814,-0.008620340865607047,0.00016670585092767764
4.610527631907977,0.0003029654190003891,-0.008616360482361847,0.00016659333541246843
4.611402850712678,0.0003028184554468578,-0.008612383002482871,0.00016648092056121484
4.612278069517379,0.0003026715972188345,-0.008608408423034626,0.00016636860626726254
4.6131532883220805,0.00030252484422660413,-0.008604436741085427,0.0001662563924240734
4.614028507126782,0.00030237819638051044,-0.008600467953707384,0.00016614427892522261
4.614903725931483,0.00030223165359096117,-0.0085965020579764,0.00016603226566440127
4.615778944736184,0.000302085215768424,-0.00859253905097217,0.00016592035253541396
4.616654163540884,0.00030193888282343016,-0.008588578929778172,0.00016580853943218065
4.617529382345586,0.0003017926546665705,-0.008584621691481638,0.0001656968262487346
4.618404601150287,0.0003016465312084998,-0.008580667333173593,0.0001655852128792243
4.619279819954988,0.00030150051235993373,-0.008576715851948817,0.0001654736992179121
4.620155038759689,0.0003013545980316509,-0.00857276724490585,0.00016536228515917484
4.6210302575643905,0.0003012087881344904,-0.008568821509146974,0.0001652509705975027
4.621905476369092,0.0003010630825793558,-0.008564878641778231,0.00016513975542750098
4.622780695173793,0.00030091748127721106,-0.008560938639909388,0.00016502863954388804
4.623655913978494,0.00030077198413908335,-0.008557001500653956,0.0001649176228414966
4.624531132783195,0.0003006265910760628,-0.008553067221129175,0.00016480670521527347
4.6254063515878965,0.00030048130199929966,-0.008549135798455992,0.000164695886560278
4.626281570392598,0.00030033611682001,-0.00854520722975909,0.0001645851667716849
4.627156789197299,0.00030019103544946986,-0.008541281512166847,0.0001644745457447811
4.628032008002,0.0003000460577990196,-0.00853735864281136,0.00016436402337496805
4.628907226806701,0.00029990118378006136,-0.00853343861882841,0.00016425359955776008
4.6297824456114025,0.0002997564133040601,-0.008529521437357478,0.00016414327418878488
4.630657664416104,0.000299611746282544,-0.008525607095541735,0.00016403304716378376
4.631532883220805,0.00029946718262710374,-0.008521695590528027,0.00016392291837861103
4.632408102025506,0.0002993227222493939,-0.00851778691946688,0.00016381288772923455
4.633283320830207,0.0002991783650611316,-0.008513881079512493,0.00016370295511173517
4.6341585396349085,0.0002990341109740961,-0.008509978067822721,0.00016359312042230618
4.63503375843961,0.00029888995990013067,-0.00850607788155908,0.00016348338355725423
4.635908977244311,0.0002987459117511416,-0.00850218051788674,0.00016337374441299885
4.636784196049012,0.00029860196643909944,-0.008498285973974526,0.00016326420288607284
4.637659414853713,0.00029845812387603577,-0.008494394246994885,0.00016315475887312045
4.638534633658415,0.00029831438397404856,-0.008490505334123922,0.0001630454122709003
4.639409852463116,0.0002981707466452963,-0.008486619232541352,0.00016293616297628188
4.640285071267817,0.0002980272118020026,-0.008482735939430532,0.00016282701088624817
4.641160290072518,0.0002978837793564545,-0.008478855451978419,0.00016271795589789444
4.642035508877219,0.0002977404492210018,-0.008474977767375602,0.00016260899790842786
4.642910727681921,0.0002975972213080592,-0.008471102882816262,0.00016250013681516856
4.643785946486622,0.0002974540955301039,-0.008467230795498189,0.00016239137251554818
4.644661165291323,0.00029731107179967745,-0.008463361502622772,0.0001622827049071108
4.645536384096024,0.000297168150029385,-0.00845949500139498,0.0001621741338875125
4.646411602900725,0.0002970253301318963,-0.008455631289023382,0.00016206565935452148
4.647286821705427,0.00029688261201994367,-0.008451770362720113,0.00016195728120601738
4.648162040510128,0.0002967399956063238,-0.00844791221970088,0.00016184899933999173
4.649037259314829,0.00029659748080389876,-0.008444056857184972,0.00016174081365454845
4.64991247811953,0.00029645506752559204,-0.008440204272395233,0.00016163272404790183
4.650787696924231,0.00029631275568439393,-0.00843635446255806,0.000161524730418379
4.651662915728933,0.00029617054519335705,-0.00843250742490341,0.00016141683266441783
4.652538134533634,0.00029602843596559895,-0.008428663156664776,0.00016130903068456776
4.653413353338335,0.0002958864279143009,-0.008424821655079202,0.0001612013243774894
4.654288572143036,0.00029574452095270916,-0.008420982917387259,0.00016109371364195487
4.655163790947737,0.00029560271499413427,-0.008417146940833054,0.00016098619837684762
4.656039009752438,0.0002954610099519497,-0.008413313722664207,0.00016087877848116117
4.656914228557139,0.00029531940573959556,-0.008409483260131871,0.0001607714538540014
4.65778944736184,0.000295177902270574,-0.008405655550490698,0.00016066422439458373
4.658664666166541,0.0002950364994584545,-0.008401830590998862,0.00016055709000223603
4.659539884971243,0.0002948951972168684,-0.008398008378918026,0.00016045005057639536
4.660415103775944,0.0002947539954595129,-0.008394188911513355,0.0001603431060166102
4.661290322580645,0.00029461289410015007,-0.008390372186053508,0.0001602362562225398
4.662165541385346,0.0002944718930526056,-0.008386558199810627,0.00016012950109395326
4.663040760190047,0.00029433099223077073,-0.008382746950060332,0.0001600228405307307
4.663915978994749,0.0002941901915486013,-0.008378938434081724,0.00015991627443286233
4.66479119779945,0.0002940494909201176,-0.008375132649157367,0.0001598098027004486
4.665666416604151,0.00029390889025940467,-0.008371329592573293,0.00015970342523370006
4.666541635408852,0.00029376838948061396,-0.008367529261618998,0.00015959714193293812
4.667416854213553,0.0002936279884979591,-0.008363731653587423,0.00015949095269859285
4.668292073018254,0.0002934876872257201,-0.00835993676577495,0.00015938485743120502
4.669167291822955,0.0002933474855782427,-0.008356144595481426,0.00015927885603142554
4.670042510627656,0.000293207383469936,-0.008352355140010119,0.00015917294840001432
4.670917729432357,0.0002930673808152756,-0.008348568396667734,0.0001590671344378417
4.671792948237059,0.0002929274775288015,-0.008344784362764403,0.00015896141404588728
4.67266816704176,0.00029278767352511825,-0.00834100303561368,0.00015885578712523983
4.673543385846461,0.0002926479687188963,-0.008337224412532528,0.000158750253577098
4.674418604651162,0.0002925083630248713,-0.008333448490841337,0.00015864481330276977
4.675293823455863,0.0002923688563578438,-0.008329675267863887,0.00015853946620367218
4.676169042260565,0.00029222944863267915,-0.008325904740927367,0.0001584342121813313
4.677044261065266,0.0002920901397643092,-0.008322136907362356,0.00015832905113738287
4.677919479869967,0.0002919509296677293,-0.008318371764502827,0.0001582239829735708
4.678794698674668,0.00029181181825800183,-0.008314609309686135,0.00015811900759174857
4.6796699174793694,0.00029167280545025427,-0.00831084954025302,0.00015801412489387863
4.680545136284071,0.00029153389115967884,-0.008307092453547594,0.00015790933478203165
4.681420355088772,0.0002913950753015326,-0.008303338046917326,0.00015780463715838676
4.682295573893473,0.000291256357791139,-0.008299586317713069,0.00015770003192523208
4.683170792698174,0.0002911177385438879,-0.008295837263289021,0.0001575955189849648
4.6840460115028755,0.00029097921747523207,-0.008292090881002735,0.00015749109824008908
4.684921230307577,0.0002908407945006923,-0.008288347168215119,0.0001573867695932187
4.685796449112278,0.00029070246953585355,-0.008284606122290416,0.00015728253294707497
4.686671667916979,0.0002905642424963671,-0.008280867740596217,0.00015717838820448777
4.68754688672168,0.0002904261132979489,-0.008277132020503434,0.00015707433526839445
4.6884221055263815,0.0002902880818563812,-0.008273398959386315,0.00015697037404184075
4.689297324331083,0.0002901501480875123,-0.00826966855462243,0.00015686650442798045
4.690172543135784,0.0002900123119072545,-0.008265940803592659,0.00015676272633007428
4.691047761940485,0.0002898745732315881,-0.008262215703681207,0.00015665903965149183
4.691922980745186,0.0002897369319765577,-0.008258493252275578,0.00015655544429570963
4.6927981995498875,0.0002895993880582738,-0.008254773446766577,0.00015645194016631174
4.693673418354589,0.00028946194139291243,-0.00825105628454831,0.00015634852716698956
4.69454863715929,0.00028932459189671657,-0.008247341763018176,0.00015624520520154248
4.695423855963991,0.00028918733948599373,-0.008243629879576858,0.00015614197417387644
4.696299074768692,0.000289050184077118,-0.008239920631628322,0.0001560388339880049
4.6971742935733936,0.00028891312558652866,-0.00823621401657981,0.00015593578454804822
4.698049512378095,0.00028877616393073176,-0.00823251003184184,0.00015583282575823402
4.698924731182796,0.0002886392990262985,-0.008228808674828192,0.0001557299575228966
4.699799949987497,0.00028850253078986594,-0.008225109942955907,0.00015562717974647688
4.700675168792198,0.0002883658591381386,-0.008221413833645292,0.00015552449233352354
4.7015503875969,0.0002882292839878845,-0.008217720344319897,0.0001554218951886904
4.702425606401601,0.0002880928052559395,-0.008214029472406516,0.0001553193882167389
4.703300825206302,0.0002879564228592045,-0.008210341215335199,0.00015521697132253644
4.704176044011003,0.000287820136714647,-0.008206655570539217,0.0001551146444110571
4.705051262815704,0.0002876839467393004,-0.008202972535455086,0.0001550124073873812
4.705926481620405,0.00028754785285026434,-0.008199292107522547,0.00015491026015669533
4.706801700425106,0.0002874118549647035,-0.008195614284184548,0.0001548082026242916
4.707676919229807,0.0002872759529998492,-0.008191939062887269,0.0001547062346955685
4.708552138034508,0.0002871401468729998,-0.008188266441080104,0.0001546043562760309
4.7094273568392095,0.0002870044365015186,-0.008184596416215644,0.00015450256727128896
4.710302575643911,0.0002868688218028352,-0.00818092898574969,0.00015440086758705858
4.711177794448612,0.00028673330269444536,-0.008177264147141238,0.00015429925712916138
4.712053013253313,0.00028659787909391174,-0.008173601897852479,0.00015419773580352492
4.712928232058014,0.0002864625509188625,-0.008169942235348785,0.0001540963035161819
4.713803450862716,0.0002863273180869913,-0.00816628515709872,0.00015399496017327004
4.714678669667417,0.0002861921805160594,-0.008162630660574018,0.00015389370568103308
4.715553888472118,0.0002860571381238936,-0.008158978743249591,0.00015379253994581956
4.716429107276819,0.00028592219082838665,-0.008155329402603516,0.0001536914628740831
4.71730432608152,0.0002857873385474978,-0.00815168263611704,0.00015359047437238238
4.718179544886222,0.0002856525811992527,-0.008148038441274558,0.00015348957434738119
4.719054763690922,0.00028551791870174293,-0.008144396815563636,0.00015338876270584788
4.719929982495623,0.0002853833509731264,-0.008140757756474964,0.0001532880393546556
4.720805201300324,0.0002852488779316274,-0.008137121261502397,0.00015318740420078224
4.7216804201050255,0.00028511449949553586,-0.008133487328142917,0.00015308685715130995
4.722555638909727,0.0002849802155832097,-0.008129855953896656,0.00015298639811342615
4.723430857714428,0.0002848460261130713,-0.00812622713626686,0.00015288602699442173
4.724306076519129,0.00028471193100361035,-0.008122600872759905,0.0001527857437016924
4.72518129532383,0.00028457793017338227,-0.008118977160885292,0.00015268554814273764
4.726056514128532,0.00028444402354100884,-0.008115355998155632,0.00015258544022516123
4.726931732933233,0.0002843102110251792,-0.008111737382086648,0.00015248541985667132
4.727806951737934,0.0002841764925446475,-0.008108121310197176,0.00015238548694507947
4.728682170542635,0.0002840428680182347,-0.008104507780009138,0.00015228564139830109
4.729557389347336,0.0002839093373648281,-0.008100896789047565,0.00015218588312435548
4.730432608152038,0.00028377590050338166,-0.00809728833484058,0.00015208621203136562
4.731307826956739,0.00028364255735291563,-0.008093682414919392,0.0001519866280275581
4.73218304576144,0.0002835093078325162,-0.008090079026818284,0.0001518871310212626
4.733058264566141,0.0002833761518613363,-0.008086478168074628,0.0001517877209209125
4.733933483370842,0.00028324308935859466,-0.008082879836228863,0.0001516883976350441
4.734808702175544,0.00028311012024357746,-0.008079284028824504,0.00015158916107229728
4.735683920980245,0.00028297724443563646,-0.008075690743408116,0.00015149001114141483
4.736559139784946,0.00028284446185418985,-0.008072099977529338,0.00015139094775124237
4.737434358589647,0.00028271177241872197,-0.008068511728740851,0.0001512919708107283
4.738309577394348,0.0002825791760487847,-0.008064925994598396,0.00015119308022892443
4.73918479619905,0.0002824466726639952,-0.008061342772660754,0.00015109427591498476
4.740060015003751,0.00028231426218403716,-0.008057762060489748,0.0001509955577781659
4.740935233808452,0.00028218194452866074,-0.008054183855650236,0.000150896925727827
4.741810452613153,0.00028204971961768335,-0.008050608155710112,0.0001507983796734301
4.7426856714178545,0.00028191758737098737,-0.008047034958240289,0.00015069991952453886
4.743560890222556,0.0002817855477085229,-0.008043464260814712,0.00015060154519081975
4.744436109027257,0.0002816536005503056,-0.008039896061010333,0.00015050325658204106
4.745311327831958,0.0002815217458164174,-0.008036330356407129,0.000150405053608073
4.746186546636659,0.0002813899834270071,-0.00803276714458807,0.00015030693617888795
4.7470617654413605,0.0002812583133022899,-0.008029206423139146,0.00015020890420456022
4.747936984246062,0.00028112673536254785,-0.00802564818964934,0.00015011095759526603
4.748812203050763,0.0002809952495281282,-0.008022092441710626,0.0001500130962612827
4.749687421855464,0.0002808638557194455,-0.008018539176917977,0.00014991532011298959
4.750562640660165,0.00028073255385698047,-0.00801498839286934,0.00014981762906086737
4.7514378594648665,0.00028060134386127973,-0.008011440087165655,0.0001497200230154979
4.752313078269568,0.0002804702256529574,-0.008007894257410837,0.00014962250188756487
4.753188297074269,0.0002803391991526932,-0.008004350901211765,0.00014952506558785276
4.75406351587897,0.000280208264281233,-0.008000810016178294,0.00014942771402724707
4.754938734683671,0.00028007742095939006,-0.00799727159992324,0.0001493304471167347
4.7558139534883725,0.00027994666910804294,-0.00799373565006238,0.00014923326476740307
4.756689172293074,0.00027981600864813744,-0.00799020216421444,0.0001491361668904408
4.757564391097774,0.000279685439500685,-0.007986671140001105,0.00014903915339713677
4.758439609902475,0.00027955496158676383,-0.007983142575046993,0.00014894222419888079
4.7593148287071765,0.0002794245748275183,-0.007979616466979674,0.00014884537920716303
4.760190047511878,0.0002792942791441597,-0.00797609281342965,0.00014874861833357445
4.761065266316579,0.00027916407445796533,-0.007972571612030358,0.00014865194148980617
4.76194048512128,0.00027903396069027834,-0.007969052860418158,0.00014855534858764923
4.762815703925981,0.00027890393776250897,-0.00796553655623234,0.00014845883953899526
4.7636909227306825,0.0002787740055961327,-0.007962022697115103,0.00014836241425583534
4.764566141535384,0.0002786441641126933,-0.007958511280711575,0.00014826607265026165
4.765441360340085,0.00027851441323379906,-0.007955002304669783,0.00014816981463446513
4.766316579144786,0.0002783847528811253,-0.007951495766640665,0.0001480736401207369
4.767191797949487,0.0002782551829764133,-0.00794799166427806,0.00014797754902146773
4.7680670167541885,0.00027812570344147147,-0.007944489995238698,0.00014788154124914816
4.76894223555889,0.00027799631419817326,-0.007940990757182206,0.00014778561671636772
4.769817454363591,0.00027786701516845937,-0.007937493947771107,0.0001476897753358158
4.770692673168291,0.00027773780627433697,-0.0079339995646708,0.00014759401702028118
4.7715678919729925,0.0002776086874378785,-0.007930507605549562,0.00014749834168265122
4.772443110777694,0.00027747965858122364,-0.007927018068078549,0.00014740274923591307
4.773318329582395,0.0002773507196265768,-0.007923530949931788,0.00014730723959315196
4.774193548387096,0.000277221870496211,-0.007920046248786174,0.0001472118126675533
4.775068767191797,0.0002770931111124632,-0.007916563962321462,0.00014711646837240014
4.7759439859964985,0.000276964441397738,-0.007913084088220262,0.000147021206621075
4.7768192048012,0.00027683586127450605,-0.007909606624168048,0.0001469260273270588
4.777694423605901,0.0002767073706653035,-0.007906131567853136,0.00014683093040393085
4.778569642410602,0.00027657896949273314,-0.00790265891696669,0.00014673591576536892
4.779444861215303,0.0002764506576794647,-0.007899188669202717,0.0001466409833251496
4.7803200800200045,0.0002763224351482323,-0.00789572082225805,0.00014654613299714683
4.781195298824706,0.0002761943018218375,-0.00789225537383237,0.00014645136469533326
4.782070517629407,0.0002760662576231479,-0.007888792321628174,0.00014635667833377963
4.782945736434108,0.0002759383024750966,-0.00788533166335079,0.00014626207382665424
4.783820955238809,0.0002758104363006844,-0.007881873396708369,0.00014616755108822407
4.7846961740435106,0.00027568265902297564,-0.007878417519411863,0.00014607311003285252
4.785571392848212,0.0002755549705651034,-0.007874964029175051,0.00014597875057500208
4.786446611652913,0.0002754273708502647,-0.007871512923714515,0.00014588447262923164
4.787321830457614,0.0002752998598017242,-0.007868064200749638,0.00014579027611019837
4.788197049262315,0.0002751724373428116,-0.007864617858002599,0.00014569616093265634
4.789072268067017,0.0002750451033969231,-0.007861173893198375,0.00014560212701145704
4.789947486871718,0.0002749178578875211,-0.00785773230406474,0.00014550817426154934
4.790822705676419,0.00027479070073813377,-0.00785429308833224,0.00014541430259797897
4.79169792448112,0.0002746636318723549,-0.007850856243734217,0.00014532051193588856
4.792573143285821,0.00027453665121384476,-0.00784742176800678,0.00014522680219051774
4.793448362090523,0.00027440975868632956,-0.007843989658888821,0.00014513317327720306
4.794323580895224,0.0002742829542136016,-0.007840559914121996,0.0001450396251113778
4.795198799699925,0.00027415623771951834,-0.00783713253145073,0.00014494615760857137
4.796074018504626,0.0002740296091280044,-0.007833707508622206,0.00014485277068441042
4.796949237309327,0.00027390306836304844,-0.007830284843386364,0.00014475946425461696
4.797824456114029,0.00027377661534870715,-0.007826864533495903,0.0001446662382350105
4.79869967491873,0.00027365025000910214,-0.007823446576706267,0.00014457309254150622
4.799574893723431,0.00027352397226842036,-0.007820030970775644,0.00014448002709011517
4.800450112528132,0.0002733977820509152,-0.007816617713464964,0.00014438704179694473
4.8013253313328335,0.00027327167928090643,-0.007813206802537897,0.00014429413657819848
4.802200550137535,0.0002731456638827784,-0.007809798235760844,0.0001442013113501752
4.803075768942236,0.0002730197357809816,-0.007806392010902927,0.00014410856602926965
4.803950987746937,0.0002728938949000328,-0.007802988125736006,0.00014401590053197237
4.804826206551638,0.00027276814116451427,-0.007799586578034653,0.00014392331477486938
4.8057014253563395,0.00027264247449907395,-0.0077961873655761574,0.00014383080867464215
4.806576644161041,0.0002725168948284252,-0.007792790486140526,0.00014373838214806729
4.807451862965742,0.00027239140207734774,-0.007789395937510466,0.00014364603511201696
4.808327081770443,0.0002722659961706869,-0.0077860037174714,0.00014355376748345855
4.809202300575143,0.00027214067703335265,-0.00778261382381144,0.00014346157917945388
4.810077519379845,0.00027201544459032177,-0.007779226254321398,0.00014336947011716039
4.810952738184546,0.0002718902987666362,-0.0077758410067947795,0.00014327744021383013
4.811827956989247,0.00027176523948740363,-0.007772458079027781,0.00014318548938680999
4.812703175793948,0.0002716402666777967,-0.007769077468819278,0.00014309361755354116
4.8135783945986494,0.00027151538026305467,-0.007765699173970833,0.00014300182463156008
4.814453613403351,0.00027139058016848193,-0.007762323192286679,0.00014291011053849735
4.815328832208052,0.00027126586631944763,-0.007758949521573721,0.00014281847519207757
4.816204051012753,0.0002711412386413873,-0.007755578159641542,0.00014272691851012007
4.817079269817454,0.00027101669705980176,-0.007752209104302376,0.00014263544041053837
4.8179544886221555,0.00027089224150025757,-0.007748842353371129,0.00014254404081134002
4.818829707426857,0.0002707678718883853,-0.007745477904665356,0.00014245271963062608
4.819704926231558,0.00027064358814988306,-0.0077421157560052705,0.0001423614767865924
4.820580145036259,0.00027051939021051347,-0.007738755905213734,0.00014227031219752828
4.82145536384096,0.0002703952779961028,-0.007735398350116243,0.0001421792257818158
4.822330582645661,0.000270271251432546,-0.007732043088540958,0.00014208821745793242
4.823205801450362,0.0002701473104458006,-0.007728690118318645,0.00014199728714444759
4.824081020255063,0.00027002345496189063,-0.00772533943728273,0.00014190643476002485
4.824956239059764,0.0002698996849069047,-0.007721991043269252,0.00014181566022342074
4.825831457864465,0.0002697760002069981,-0.007718644934116889,0.00014172496345348564
4.826706676669167,0.0002696524007883897,-0.007715301107666929,0.00014163434436916238
4.827581895473868,0.0002695288865773648,-0.007711959561763282,0.0001415438028894872
4.828457114278569,0.0002694054575002726,-0.007708620294252472,0.00014145333893358887
4.82933233308327,0.00026928211348352865,-0.007705283302983629,0.00014136295242068937
4.8302075518879715,0.00026915885445361347,-0.007701948585808497,0.00014127264327010348
4.831082770692673,0.00026903568033707215,-0.007698616140581418,0.00014118241140123833
4.831957989497374,0.00026891259106051553,-0.0076952859651593306,0.00014109225673359385
4.832833208302075,0.0002687895865506188,-0.007691958057401767,0.00014100217918676207
4.833708427106776,0.00026866666673412216,-0.007688632415170853,0.00014091217868042745
4.8345836459114775,0.00026854383153783245,-0.007685309036331307,0.0001408222551343674
4.835458864716179,0.0002684210808886193,-0.007681987918750416,0.00014073240846845046
4.83633408352088,0.00026829841471341854,-0.007678669060298061,0.00014064263860263785
4.837209302325581,0.00026817583293923077,-0.007675352458846688,0.00014055294545698254
4.838084521130282,0.00026805333549312094,-0.007672038112271317,0.0001404633289516293
4.8389597399349835,0.0002679309223022204,-0.007668726018449541,0.00014037378900681518
4.839834958739685,0.0002678085932937236,-0.007665416175261516,0.00014028432554286828
4.840710177544386,0.00026768634839489035,-0.007662108580589948,0.00014019493848020837
4.841585396349087,0.0002675641875330469,-0.007658803232320115,0.00014010562773934752
4.842460615153788,0.0002674421106355815,-0.007655500128339839,0.00014001639324088785
4.8433358339584895,0.0002673201176299485,-0.007652199266539488,0.0001399272349055234
4.844211052763191,0.00026719820844366783,-0.007648900644811979,0.00013983815265403984
4.845086271567892,0.0002670763830043231,-0.007645604261052776,0.00013974914640731343
4.845961490372593,0.00026695464123956293,-0.007642310113159874,0.00013966021608631155
4.846836709177294,0.0002668329830771002,-0.0076390181990338025,0.00013957136161209238
4.847711927981996,0.0002667114084447131,-0.007635728516577625,0.00013948258290580518
4.848587146786697,0.00026658991727024356,-0.007632441063696928,0.0001393938798886895
4.849462365591398,0.00026646850948159906,-0.007629155838299822,0.00013930525248207596
4.850337584396099,0.0002663471850067511,-0.007625872838296937,0.0001392167006073855
4.8512128032008,0.0002662259437737351,-0.007622592061601419,0.00013912822418612916
4.852088022005502,0.0002661047857106526,-0.007619313506128926,0.00013903982313990916
4.852963240810203,0.0002659837107456679,-0.007616037169797624,0.00013895149739041697
4.853838459614904,0.00026586271880701083,-0.0076127630505281796,0.00013886324685943491
4.854713678419605,0.0002657418098229745,-0.007609491146243764,0.00013877507146883467
4.855588897224306,0.0002656209837219181,-0.007606221454870048,0.00013868697114057874
4.856464116029008,0.00026550024043226335,-0.00760295397433519,0.00013859894579671862
4.857339334833709,0.00026537957988249786,-0.007599688702569844,0.00013851099535939625
4.85821455363841,0.00026525900200117234,-0.007596425637507145,0.00013842311975084272
4.859089772443111,0.0002651385067169024,-0.00759316477708271,0.00013833531889337892
4.8599649912478124,0.00026501809395836724,-0.007589906119234643,0.00013824759270941495
4.860840210052513,0.00026489776365431155,-0.007586649661903521,0.00013815994112145087
4.861715428857214,0.0002647775157335428,-0.007583395403032378,0.00013807236405207534
4.862590647661915,0.0002646573501249331,-0.007580143340566735,0.0001379848614239664
4.863465866466616,0.0002645372667574188,-0.007576893472454565,0.0001378974331598913
4.864341085271318,0.00026441726556,-0.0075736457966463135,0.0001378100791827061
4.865216304076019,0.0002642973464617416,-0.007570400311094869,0.00013772279941535605
4.86609152288072,0.00026417750939177186,-0.007567157013755586,0.00013763559378087494
4.866966741685421,0.00026405775427928296,-0.007563915902586263,0.00013754846220238515
4.867841960490122,0.00026393808105353164,-0.007560676975547145,0.00013746140460309803
4.868717179294824,0.0002638184896438375,-0.007557440230600921,0.00013737442090631287
4.869592398099525,0.00026369897997958563,-0.0075542056657127215,0.0001372875110354182
4.870467616904226,0.0002635795519902234,-0.007550973278850106,0.00013720067491388994
4.871342835708927,0.00026346020560526326,-0.007547743067983075,0.00013711391246529303
4.872218054513628,0.0002633409407542802,-0.007544515031084049,0.00013702722361327974
4.873093273318329,0.0002632217573669143,-0.007541289166127883,0.0001369406082815912
4.87396849212303,0.00026310265537286804,-0.007538065471091839,0.00013685406639405554
4.874843710927731,0.0002629836347019088,-0.007534843943955616,0.0001367675978745896
4.875718929732432,0.0002628646952838673,-0.0075316245827013115,0.00013668120264719762
4.876594148537134,0.0002627458370486375,-0.007528407385313445,0.00013659488063597135
4.877469367341835,0.0002626270599261768,-0.007525192349778934,0.00013650863176508995
4.878344586146536,0.0002625083638465073,-0.007521979474087106,0.00013642245595882067
4.879219804951237,0.00026238974873971375,-0.007518768756229691,0.0001363363531415176
4.880095023755938,0.00026227121453594425,-0.007515560194200811,0.00013625032323762203
4.88097024256064,0.00026215276116541106,-0.007512353785996981,0.00013616436617166277
4.881845461365341,0.0002620343885583896,-0.00750914952961711,0.00013607848186825556
4.882720680170042,0.0002619160966452184,-0.00750594742306249,0.00013599267025210296
4.883595898974743,0.00026179788535629964,-0.0075027474643368005,0.00013590693124799447
4.884471117779444,0.00026167975462209936,-0.007499549651446095,0.00013582126478080676
4.885346336584146,0.00026156170437314553,-0.007496353982398807,0.00013573567077550244
4.886221555388847,0.0002614437345400309,-0.007493160455205744,0.00013565014915713143
4.887096774193548,0.0002613258450534106,-0.007489969067880076,0.00013556469985082984
4.887971992998249,0.0002612080358440035,-0.007486779818437346,0.00013547932278182024
4.8888472118029505,0.0002610903068425906,-0.007483592704895454,0.00013539401787541116
4.889722430607652,0.0002609726579800178,-0.007480407725274665,0.0001353087850569982
4.890597649412353,0.0002608550891871922,-0.007477224877597592,0.000135223624252062
4.891472868217054,0.0002607376003950853,-0.007474044159889204,0.0001351385353861701
4.892348087021755,0.0002606201915347311,-0.0074708655701768234,0.0001350535183849755
4.8932233058264565,0.0002605028625372265,-0.007467689106490106,0.00013496857317421714
4.894098524631158,0.0002603856133337324,-0.007464514766861064,0.00013488369967972006
4.894973743435859,0.00026026844385547117,-0.007461342549324034,0.00013479889782739432
4.89584896224056,0.0002601513540337288,-0.0074581724519157,0.00013471416754323587
4.896724181045261,0.00026003434379985395,-0.007455004472675065,0.00013462950875332605
4.8975993998499625,0.0002599174130852589,-0.007451838609643473,0.00013454492138383184
4.898474618654664,0.0002598005618214175,-0.007448674860864587,0.000134460405361005
4.899349837459365,0.0002596837899398671,-0.007445513224384388,0.00013437596061118283
4.900225056264066,0.0002595670973722081,-0.007442353698251185,0.00013429158706078776
4.901100275068767,0.00025945048405010224,-0.007439196280515588,0.00013420728463632662
4.9019754938734685,0.000259333949905275,-0.007436040969230531,0.00013412305326439167
4.90285071267817,0.0002592174948695147,-0.00743288776245125,0.00013403889287166002
4.903725931482871,0.00025910111887467196,-0.007429736658235292,0.00013395480338489345
4.904601150287572,0.00025898482185265914,-0.007426587654642493,0.0001338707847309378
4.905476369092273,0.0002588686037354523,-0.007423440749735002,0.00013378683683672413
4.906351587896975,0.0002587524644550892,-0.007420295941577252,0.0001337029596292675
4.907226806701676,0.00025863640394367047,-0.007417153228235974,0.0001336191530356675
4.908102025506377,0.00025852042213335847,-0.007414012607780178,0.00013353541698310763
4.908977244311078,0.00025840451895637934,-0.007410874078281176,0.0001334517513988562
4.909852463115779,0.00025828869434501987,-0.007407737637812547,0.0001333681562102648
4.910727681920481,0.00025817294823163046,-0.007404603284450149,0.00013328463134476952
4.911602900725181,0.0002580572805486228,-0.007401471016272124,0.00013320117672989
4.912478119529882,0.0002579416912284714,-0.007398340831358874,0.00013311779229322967
4.913353338334583,0.0002578261802037127,-0.007395212727793081,0.00013303447796247578
4.9142285571392845,0.0002577107474069453,-0.007392086703659686,0.00013295123366539898
4.915103775943986,0.00025759539277083013,-0.007388962757045893,0.00013286805932985365
4.915978994748687,0.0002574801162280902,-0.0073858408860411635,0.0001327849548837774
4.916854213553388,0.00025736491771151,-0.0073827210887372164,0.00013270192025519102
4.917729432358089,0.0002572497971539369,-0.007379603363228024,0.00013261895537219887
4.9186046511627906,0.0002571347544882792,-0.007376487707609803,0.00013253606016298787
4.919479869967492,0.00025701978964750807,-0.007373374119981021,0.00013245323455582847
4.920355088772193,0.00025690490256465585,-0.007370262598442382,0.0001323704784790737
4.921230307576894,0.0002567900931728171,-0.007367153141096836,0.00013228779186115957
4.922105526381595,0.00025667536140514826,-0.0073640457460495655,0.00013220517463060497
4.922980745186297,0.00025656070719486747,-0.007360940411407986,0.00013212262671601118
4.923855963990998,0.00025644613047525437,-0.007357837135281743,0.00013204014804606208
4.924731182795698,0.0002563316311796508,-0.0073547359157827095,0.00013195773854952428
4.925606401600399,0.00025621720924145916,-0.0073516367510249765,0.00013187539815524604
4.9264816204051005,0.000256102864594145,-0.00734853963912486,0.00013179312679215886
4.927356839209802,0.00025598859717123425,-0.007345444578200895,0.00013171092438927568
4.928232058014503,0.00025587440690631497,-0.007342351566373824,0.00013162879087569185
4.929107276819204,0.00025576029373303643,-0.0073392606017666055,0.0001315467261805846
4.929982495623905,0.0002556462575851098,-0.0073361716825044,0.00013146473023321325
4.9308577144286065,0.0002555322983963071,-0.007333084806714576,0.00013138280296291863
4.931732933233308,0.0002554184161004623,-0.007329999972526703,0.00013130094429912362
4.932608152038009,0.00025530461063147006,-0.007326917178072547,0.00013121915417133232
4.93348337084271,0.0002551908819232866,-0.007323836421486064,0.00013113743250913054
4.934358589647411,0.00025507722990993027,-0.007320757700903416,0.00013105577924218593
4.935233808452113,0.0002549636545254794,-0.007317681014462935,0.00013097419430024688
4.936109027256814,0.0002548501557040738,-0.007314606360305149,0.00013089267761314316
4.936984246061515,0.0002547367333799149,-0.007311533736572768,0.00013081122911078592
4.937859464866216,0.0002546233874872652,-0.007308463141410678,0.0001307298487231674
4.938734683670917,0.0002545101179604477,-0.007305394572965943,0.0001306485363803606
4.939609902475619,0.0002543969247338473,-0.007302328029387798,0.00013056729201251958
4.94048512128032,0.0002542838077419087,-0.007299263508827646,0.00013048611554987883
4.941360340085021,0.00025417076691913883,-0.007296201009439063,0.00013040500692275417
4.942235558889722,0.0002540578022001042,-0.007293140529377781,0.0001303239660615413
4.943110777694423,0.0002539449135194341,-0.0072900820668016985,0.0001302429928967173
4.943985996499125,0.0002538321008118166,-0.007287025619870866,0.0001301620873588388
4.944861215303826,0.00025371936401200203,-0.0072839711867474935,0.00013008124937854347
4.945736434108527,0.00025360670305480006,-0.007280918765595938,0.0001300004788865484
4.946611652913228,0.0002534941178750827,-0.007277868354582704,0.0001299197758136518
4.9474868717179294,0.0002533816084077817,-0.007274819951876443,0.0001298391400907314
4.948362090522631,0.0002532691745878897,-0.007271773555647952,0.00012975857164874497
4.949237309327332,0.00025315681635045906,-0.007268729164070158,0.0001296780704187298
4.950112528132033,0.0002530445336306043,-0.007265686775318131,0.00012959763633180378
4.950987746936734,0.0002529323263634994,-0.0072626463875690725,0.00012951726931916387
4.9518629657414355,0.00025282019448437956,-0.0072596079990023136,0.00012943696931208706
4.952738184546137,0.00025270813792853847,-0.007256571607799307,0.00012935673624192893
4.953613403350838,0.00025259615663133307,-0.007253537212143638,0.00012927657004012583
4.954488622155539,0.00025248425052817804,-0.007250504810221003,0.00012919647063819222
4.95536384096024,0.00025237241955455045,-0.007247474400219227,0.00012911643796772275
4.9562390597649415,0.0002522606636459861,-0.007244445980328237,0.00012903647196039046
4.957114278569643,0.0002521489827380823,-0.007241419548740084,0.00012895657254794818
4.957989497374344,0.00025203737676649456,-0.007238395103648914,0.00012887673966222659
4.958864716179045,0.00025192584566694143,-0.0072353726432509945,0.00012879697323513677
4.959739934983746,0.0002518143893751992,-0.00723235216574468,0.0001287172731986674
4.9606151537884475,0.00025170300782710505,-0.007229333669330438,0.0001286376394848862
4.961490372593149,0.00025159170095855586,-0.00722631715221082,0.00012855807202593944
4.96236559139785,0.0002514804687055092,-0.007223302612590483,0.00012847857075405216
4.96324081020255,0.00025136931100398183,-0.007220290048676169,0.00012839913560152755
4.9641160290072515,0.00025125822779005106,-0.007217279458676701,0.0001283197665007473
4.964991247811953,0.00025114721899985364,-0.007214270840802999,0.00012824046338417126
4.965866466616654,0.00025103628456958583,-0.007211264193268059,0.0001281612261843373
4.966741685421355,0.00025092542443550415,-0.007208259514286952,0.00012808205483386153
4.967616904226056,0.00025081463853392493,-0.007205256802076831,0.00012800294926543804
4.9684921230307575,0.00025070392680122383,-0.007202256054856924,0.0001279239094118387
4.969367341835459,0.00025059328917383653,-0.007199257270848519,0.00012784493520591334
4.97024256064016,0.0002504827255882581,-0.007196260448274977,0.00012776602658058934
4.971117779444861,0.0002503722359810426,-0.007193265585361724,0.0001276871834688715
4.971992998249562,0.0002502618202888047,-0.007190272680336247,0.00012760840580384254
4.9728682170542635,0.0002501514784482179,-0.007187281731428088,0.00012752969351866242
4.973743435858965,0.00025004121039601517,-0.007184292736868846,0.0001274510465465684
4.974618654663666,0.00024993101606898913,-0.007181305694892175,0.00012737246482087515
4.975493873468367,0.0002498208954039916,-0.007178320603733774,0.00012729394827497436
4.9763690922730675,0.0002497108483379336,-0.007175337461631395,0.00012721549684233485
4.977244311077769,0.0002496008748077854,-0.007172356266824821,0.00012713711045650233
4.97811952988247,0.00024949097475057664,-0.007169377017555892,0.00012705878905109949
4.978994748687171,0.0002493811481033962,-0.007166399712068475,0.0001269805325598259
4.979869967491872,0.00024927139480339193,-0.007163424348608474,0.0001269023409164577
4.9807451862965735,0.00024916171478777077,-0.007160450925423832,0.00012682421405484768
4.981620405101275,0.00024905210799379857,-0.007157479440764508,0.00012674615190892512
4.982495623905976,0.000248942574358801,-0.007154509892882496,0.00012666815441269614
4.983370842710677,0.0002488331138201616,-0.00715154228003182,0.00012659022150024267
4.984246061515378,0.00024872372631532343,-0.00714857660046851,0.00012651235310572322
4.9851212803200795,0.00024861441178178876,-0.007145612852450625,0.0001264345491633726
4.985996499124781,0.00024850517015711734,-0.00714265103423823,0.00012635680960750112
4.986871717929482,0.00024839600137892975,-0.007139691144093413,0.000126279134372496
4.987746936734183,0.0002482869053849034,-0.007136733180280265,0.0001262015233928195
4.988622155538884,0.0002481778821127757,-0.007133777141064878,0.0001261239766030104
4.9894973743435855,0.0002480689315003419,-0.00713082302471536,0.00012604649393768263
4.990372593148287,0.00024796005348545666,-0.007127870829501808,0.00012596907533152634
4.991247811952988,0.00024785124800603254,-0.007124920553696328,0.00012589172071930682
4.992123030757689,0.00024774251500004057,-0.007121972195573011,0.00012581443003586483
4.99299824956239,0.0002476338544055112,-0.0071190257534079465,0.00012573720321611695
4.993873468367092,0.0002475252661605323,-0.007116081225479209,0.00012566004019505457
4.994748687171793,0.00024741675020325074,-0.007113138610066868,0.0001255829409077446
4.995623905976494,0.0002473083064718716,-0.007110197905452968,0.00012550590528932895
4.996499124781195,0.00024719993490465795,-0.007107259109921538,0.00012542893327502445
4.997374343585896,0.0002470916354399322,-0.00710432222175859,0.00012535202480012337
4.998249562390598,0.0002469834080160732,-0.0071013872392521,0.00012527517979999195
4.999124781195299,0.00024687525257152,-0.007098454160692029,0.0001251983982100723
5.0,0.00024676716904476777,-0.0070955229843703,0.00012512167996588003
