# # polarizability field in atomic units, damped with signal_damped = signal * exp(-t/tau) where tau = 200

Timestamps (au),X Values,Y Values,Z Values
0.0,0.0,0.0,0.0
0.1,-1.1096680518675954e-15,1.5023132847664682e-08,2.852593699898627e-10
0.2,-1.996404041748695e-15,6.003906221832432e-08,1.120959907199454e-09
0.3,-3.1039650277015945e-15,1.1992446116135222e-07,2.6539294525271786e-09
0.4,-3.324014392627194e-15,1.7956293564212314e-07,4.779356312502223e-09
0.5,-4.2083135477603546e-15,2.388617021678719e-07,7.472886203613042e-09
0.6,-4.870348324875586e-15,2.977286004405968e-07,1.0691088230827027e-08
0.7,-5.31045137389662e-15,3.560722359273938e-07,1.4404891315885743e-08
0.8,-5.3077968119054736e-15,4.138021215052711e-07,1.8579092607952402e-08
0.9,-6.1893341730074825e-15,4.7082881796993884e-07,2.3154168281012763e-08
1.0,-6.628114585134452e-15,5.270640724944392e-07,2.8080580882302298e-08
1.1,-6.845628068092078e-15,5.824209548462743e-07,3.331538017820167e-08
1.2,-6.621489783502201e-15,6.368139918367804e-07,3.879204038454042e-08
1.3,-7.059391857235992e-15,6.901592993519238e-07,4.4446219906405967e-08
1.4,-7.0558630435843036e-15,7.423747113495145e-07,5.0230428491583344e-08
1.5,-6.6115649942797625e-15,7.933799063182462e-07,5.608041868830097e-08
1.6,-6.828535372693541e-15,8.430965309905703e-07,6.192536943274364e-08
1.7,-6.825121958431872e-15,8.914483204349954e-07,6.771663243981988e-08
1.8,-6.8217102504507284e-15,9.383612147755253e-07,7.340010371914643e-08
1.9,-5.938519570749159e-15,9.837634727773502e-07,7.890818744924309e-08
2.0,-6.375221501536882e-15,1.0275857814403204e-06,8.419470526332611e-08
2.1,-5.712858685395035e-15,1.0697613614350048e-06,8.92210215054051e-08
2.2,-5.270771972345234e-15,1.1102260688991626e-06,9.393216590526104e-08
2.3,-4.82912580800445e-15,1.1489184930266305e-06,9.828830793999184e-08
2.4,-4.387919862400527e-15,1.1857800488763127e-06,1.0226853585417941e-07
2.5,-3.9471538057811154e-15,1.2207550659296436e-06,1.0583790095700152e-07
2.6,-3.068473895036844e-15,1.2537908722770163e-06,1.0896681581506663e-07
2.7,-2.4097386041022205e-15,1.2848378736363837e-06,1.1165144408764423e-07
2.8,-1.5327034774337353e-15,1.3138496274746505e-06,1.1388089955433038e-07
2.9,-1.0942409408935897e-15,1.3407829125514326e-06,1.1563925942210462e-07
3.0,-1.0936939571804667e-15,1.365597793136102e-06,1.1693690055504247e-07
3.1,-2.1862944937816774e-16,1.3882576777658101e-06,1.1778696784590137e-07
3.2,4.3704032395521126e-16,1.4087293731190997e-06,1.1818950729760108e-07
3.3,1.3104655752425108e-15,1.4269831325670567e-06,1.1816502316954326e-07
3.4,1.9647157593536828e-15,1.4429926988926033e-06,1.1774669285076242e-07
3.5,2.8365041568103493e-15,1.4567353417338454e-06,1.1695105750211247e-07
3.6,3.4893369344441566e-15,1.4681918897666058e-06,1.1580443945196003e-07
3.7,4.577465421468667e-15,1.4773467569279754e-06,1.1435297984943208e-07
3.8,5.010908428545355e-15,1.4841879629688897e-06,1.126279932079927e-07
3.9,5.661673635449853e-15,1.488707148763585e-06,1.1065788482564265e-07
4.0,6.747082642035587e-15,1.4908995857684186e-06,1.0849309704572576e-07
4.1,7.396327035310259e-15,1.4907641795192907e-06,1.0617568261325336e-07
4.2,8.697211524916955e-15,1.4883034678133223e-06,1.0373337836468061e-07
4.3,9.344828806584126e-15,1.4835236133030128e-06,1.0121241452245086e-07
4.4,1.0209009426144638e-14,1.4764343900427241e-06,9.865964890383691e-08
4.5,1.0421010584522637e-14,1.4670491645775735e-06,9.610041071124348e-08
4.6,1.128378483010959e-14,1.4553848717501257e-06,9.35699613364036e-08
4.7,1.1711919130545382e-14,1.4414619846254153e-06,9.111303114344324e-08
4.8,1.2789959508311777e-14,1.4253044788252088e-06,8.875154257968208e-08
4.9,1.3000236739358782e-14,1.4069397918355491e-06,8.650593209827888e-08
5.0,1.3643425158035285e-14,1.3863987768186952e-06,8.441208584944536e-08
5.1,1.363660515060021e-14,1.3637156508233495e-06,8.248787401573109e-08
5.2,1.4062480252390033e-14,1.3389279381252456e-06,8.073837701763247e-08
5.3,1.448792617808189e-14,1.3120764085936158e-06,7.918543777405881e-08
5.4,1.4480684025681826e-14,1.283205010653968e-06,7.784223396584535e-08
5.5,1.4473445493452844e-14,1.2523607994698727e-06,7.67009935375997e-08
5.6,1.4466210579585313e-14,1.2195938606900459e-06,7.576688133318803e-08
5.7,1.4890590604129322e-14,1.1849572292313391e-06,7.504763627164429e-08
5.8,1.5314542739981215e-14,1.1485068033862956e-06,7.452721126859996e-08
5.9,1.5306887382610055e-14,1.110301254959048e-06,7.419459301468516e-08
6.0,1.5514718047058858e-14,1.0704019350767457e-06,7.405133497409186e-08
6.1,1.5291588146120625e-14,1.0288727755553055e-06,7.407849251100258e-08
6.2,1.485341062196128e-14,9.857801866415121e-07,7.42524103377684e-08
6.3,1.463082655891552e-14,9.411929511732342e-07,7.456803715437957e-08
6.4,1.4193409651414477e-14,8.951821147271343e-07,7.50083702599205e-08
6.5,1.3541482233175256e-14,8.478208724128728e-07,7.554292075001179e-08
6.6,1.2890203032820828e-14,7.991844528084484e-07,7.616031726445799e-08
6.7,1.223957156519572e-14,7.493499985413989e-07,7.684879006177621e-08
6.8,1.201883132122558e-14,6.983964437973039e-07,7.757780834204779e-08
6.9,1.1369279296543423e-14,6.464043895818119e-07,7.833096690136537e-08
7.0,1.0720373658319087e-14,5.934559764567082e-07,7.910291542906843e-08
7.1,9.64351333018199e-15,5.39634754601137e-07,7.986937227269829e-08
7.2,8.996113260171505e-15,4.850255520972958e-07,8.061119803025413e-08
7.3,8.135271915690259e-15,4.297143415803518e-07,8.132861980541203e-08
7.4,7.489268036224156e-15,3.737881048015355e-07,8.200800475185621e-08
7.5,5.9884194705668325e-15,3.173346957885065e-07,8.263050221145652e-08
7.6,4.916599936177232e-15,2.6044270319936925e-07,8.31995958415839e-08
7.7,3.845850457055259e-15,2.0320131137651444e-07,8.37138885513301e-08
7.8,2.776170231234058e-15,1.4570016036747602e-07,8.415797756803297e-08
7.9,2.134448071601454e-15,8.802920581776009e-08,8.453567136256268e-08
8.0,8.5335244573088e-16,3.0278578485699234e-08,8.485631928667536e-08
8.1,0.0,-2.746155680501698e-08,8.511052355102475e-08
8.2,-1.0656243997739777e-15,-8.510114183581385e-08,8.529977599666672e-08
8.3,-1.9171650973588973e-15,-1.425503651000357e-07,8.54400986511915e-08
8.4,-2.7678542008229944e-15,-1.9971980183245181e-07,8.552935098735994e-08
8.5,-4.25610864561031e-15,-2.5652055327777817e-07,8.556508028309485e-08
8.6,-5.1047773478549134e-15,-3.128643845600553e-07,8.556439137046544e-08
8.7,-5.7400037968182955e-15,-3.6866386166429903e-07,8.553193699388971e-08
8.8,-6.7995668293935316e-15,-4.2383248729653795e-07,8.546104245148237e-08
8.9,-7.645688882755929e-15,-4.782848346976375e-07,8.536423031797233e-08
9.0,-8.066415160192308e-15,-5.319366796621951e-07,8.525075580635832e-08
9.1,-9.335390796653352e-15,-5.84705130993289e-07,8.511072903824433e-08
9.2,-9.966910013528805e-15,-6.365087584659111e-07,8.494777449504381e-08
9.3,-1.0173883714905368e-14,-6.872677181125019e-07,8.477230973834091e-08
9.4,-1.0804347922357165e-14,-7.369038753537257e-07,8.457309974675335e-08
9.5,-1.1010691159473523e-14,-7.853409253400105e-07,8.434298762202491e-08
9.6,-1.164010183557779e-14,-8.325045098726595e-07,8.408971871368626e-08
9.7,-1.205734808450045e-14,-8.783223314448849e-07,8.380286382428665e-08
9.8,-1.2051320917375547e-14,-9.227242642305607e-07,8.346549741688783e-08
9.9,-1.225661775892446e-14,-9.656424611356804e-07,8.307952548418247e-08
10.0,-1.2039275620110579e-14,-1.0070114571797762e-06,8.263717672573736e-08
10.1,-1.2244367267432156e-14,-1.046768269501146e-06,8.211544150457246e-08
10.2,-1.0972221102286951e-14,-1.084852493129872e-06,8.150885338177529e-08
10.3,-1.1177635139247095e-14,-1.121206392362722e-06,8.081346637035575e-08
10.4,-1.1382841071831081e-14,-1.1557749883122268e-06,8.000567569173778e-08
10.5,-1.1377151073913187e-14,-1.1885061420886837e-06,7.907336594150434e-08
10.6,-1.0739715924711837e-14,-1.2193506330311571e-06,7.801680215202554e-08
10.7,-9.892437808285137e-15,-1.2482622325524141e-06,7.681780066869751e-08
10.8,-9.677120637948172e-15,-1.2751977735307711e-06,7.5460627456064e-08
10.9,-8.831215175148767e-15,-1.3001172144420619e-06,7.39495540487355e-08
11.0,-8.406476829789645e-15,-1.3229836985168456e-06,7.227697730559084e-08
11.1,-7.351990311758087e-15,-1.3437636083032343e-06,7.042834466389076e-08
11.2,-6.718459643838033e-15,-1.3624266148980146e-06,6.841147387946494e-08
11.3,-5.246172854440327e-15,-1.3789457217052995e-06,6.623250976054743e-08
11.4,-4.824066389781398e-15,-1.3932973033503387e-06,6.388356812785637e-08
11.5,-3.563831926582756e-15,-1.4054611393505665e-06,6.137567561851195e-08
11.6,-2.514388557193566e-15,-1.415420442014693e-06,5.872922025206027e-08
11.7,-1.256565838580581e-15,-1.4231618791592762e-06,5.594781112228293e-08
11.8,-6.279688563529227e-16,-1.4286755917165442e-06,5.3045682456274595e-08
11.9,6.276549504077722e-16,-1.4319552055271309e-06,5.00552397063815e-08
12.0,1.4637961365448462e-15,-1.4329978376077514e-06,4.69944222588875e-08
12.1,2.5081104367210266e-15,-1.4318040973894523e-06,4.388096352612757e-08
12.2,3.551380317865985e-15,-1.4283780823321246e-06,4.075486632692075e-08
12.3,4.5936065631896186e-15,-1.422727367784804e-06,3.764830917183019e-08
12.4,5.426094031106457e-15,-1.414862991792465e-06,3.4582803245856706e-08
12.5,6.674931276602619e-15,-1.4047994346180553e-06,3.16002749418282e-08
12.6,7.297056643178404e-15,-1.3925545924945635e-06,2.874379329172819e-08
12.7,8.126941487046823e-15,-1.378149746221641e-06,2.6038422745026613e-08
12.8,9.372552729232725e-15,-1.3616095248475444e-06,2.3522187175362135e-08
12.9,1.0200566968619027e-14,-1.3429618638191257e-06,2.124287473109636e-08
13.0,1.1443892608155523e-14,-1.3222379578869989e-06,1.9227867001337137e-08
13.1,1.1854105622721443e-14,-1.2994722093953589e-06,1.750632629837188e-08
13.2,1.2679631283105396e-14,-1.2747021714994612e-06,1.6122840969196595e-08
13.3,1.288105195464795e-14,-1.2479684861730238e-06,1.5104555146906042e-08
13.4,1.3705233234568237e-14,-1.2193148177896668e-06,1.4468382255906324e-08
13.5,1.3905933578256277e-14,-1.1887877822138543e-06,1.4247571856240662e-08
13.6,1.4106429847171702e-14,-1.1564368709325703e-06,1.4465209672192201e-08
13.7,1.5136097394909324e-14,-1.1223143708732525e-06,1.512442528670795e-08
13.8,1.5543011545796657e-14,-1.0864752803135822e-06,1.624041911683109e-08
13.9,1.553524198257643e-14,-1.0489772203272294e-06,1.7827601472301152e-08
14.0,1.5734509320542337e-14,-1.0098803420430904e-06,1.987552700704147e-08
14.1,1.634743261259302e-14,-9.692472304822953e-07,2.2377435585770583e-08
14.2,1.6546087027215465e-14,-9.271428046227532e-07,2.5334526260242637e-08
14.3,1.612437065032762e-14,-8.836342135301637e-07,2.872432246306887e-08
14.4,1.6322929845343838e-14,-8.387907294245809e-07,3.2517807959005874e-08
14.5,1.6314770420447377e-14,-7.926836377516433e-07,3.66996027259381e-08
14.6,1.5687376527120435e-14,-7.453861237840718e-07,4.123756189930396e-08
14.7,1.6092154136279847e-14,-6.969731564266711e-07,4.6083823368129873e-08
14.8,1.5877903531031715e-14,-6.475213697667101e-07,5.120525981892838e-08
14.9,1.6282173487405168e-14,-5.971089418424791e-07,5.656279705549322e-08
15.0,1.5656033127913197e-14,-5.458154708918035e-07,6.209617255249805e-08
15.1,1.5030514683763023e-14,-4.937218499560664e-07,6.775627137924393e-08
15.2,1.4611412228075192e-14,-4.4091013955337676e-07,7.34999217263093e-08
15.3,1.4398416681208902e-14,-3.8746343822782077e-07,7.926274378658364e-08
15.4,1.3568863885377856e-14,-3.334657519066957e-07,8.49844586371921e-08
15.5,1.3562081149260503e-14,-2.7900186222536606e-07,9.062067870235599e-08
15.6,1.2733768361017236e-14,-2.241571933180701e-07,9.611149012647646e-08
15.7,1.2316841678992759e-14,-1.6901767776258657e-07,1.0139286270197318e-07
15.8,1.1489972477668445e-14,-1.1366962230975285e-07,1.0642219430910151e-07
15.9,1.1074077894314083e-14,-5.8199572868752825e-08,1.1115147978372347e-07
16.0,1.0248650221662945e-14,-2.6941789857711307e-09,1.1552179035962119e-07
16.1,1.0038656633871506e-14,5.275994124322296e-08,1.194955577531533e-07
16.2,9.624102292415188e-15,1.0807633608830413e-07,1.2304185430304464e-07
16.3,7.981965240833412e-15,1.6316885516272345e-07,1.2611561854802887e-07
16.4,6.955157915306177e-15,2.1795178350455818e-07,1.286877980769618e-07
16.5,6.542758781739654e-15,2.72339974566189e-07,1.3074685852524107e-07
16.6,5.926411199426966e-15,3.26248982646392e-07,1.3226865035018664e-07
16.7,5.106421322849311e-15,3.795951940951564e-07,1.3323610460629347e-07
16.8,4.083095000307345e-15,4.322959566269561e-07,1.3365657070860068e-07
16.9,3.2648431704872098e-15,4.842697072902175e-07,1.3353073535419683e-07
17.0,2.8553097623219343e-15,5.354360988978483e-07,1.328564886246155e-07
17.1,2.6500337168453716e-15,5.857161239740294e-07,1.3165723598472287e-07
17.2,2.2412153340804286e-15,6.35032236480347e-07,1.2995851059567055e-07
17.3,1.8328050053334156e-15,6.833084716046788e-07,1.277749670387019e-07
17.4,4.0708640708737687e-16,7.304705626873766e-07,1.2514176854657218e-07
17.5,0.0,7.764460550862122e-07,1.2210532011588445e-07
17.6,-8.133590483113245e-16,8.211644175561883e-07,1.1869700512133387e-07
17.7,-8.129524704401071e-16,8.645571505338852e-07,1.1495888043952203e-07
17.8,-1.218819143710517e-15,9.065578906807134e-07,1.1095099175891064e-07
17.9,-1.421244867543277e-15,9.471025122538179e-07,1.0671910270069481e-07
18.0,-2.0293348896221546e-15,9.8612922518525e-07,1.0230750370948262e-07
18.1,-1.825488428221739e-15,1.0235786689741753e-06,9.7780738325102e-08
18.2,-2.838229196686575e-15,1.0593940026660117e-06,9.319420110762216e-08
18.3,-2.431551802978079e-15,1.0935209912712644e-06,8.859043946088691e-08
18.4,-2.430336330969914e-15,1.1259080877832578e-06,8.402912552495041e-08
18.5,-2.429121466545845e-15,1.1565065106148074e-06,7.956855235040639e-08
18.6,-2.225581608618642e-15,1.1852703170756533e-06,7.524641029548754e-08
18.7,-2.2244690959656736e-15,1.2121564723911531e-06,7.110954656343605e-08
18.8,-2.021233763118173e-15,1.2371249136618432e-06,6.721137212201841e-08
18.9,-1.2121340393092382e-15,1.2601386093527441e-06,6.35823753741765e-08
19.0,-1.0096067698175742e-15,1.281163614307568e-06,6.025133350611197e-08
19.1,-6.054612555674884e-16,1.3001691194784855e-06,5.7259208592647086e-08
19.2,-6.051586006097495e-16,1.317127496652546e-06,5.4627531825814385e-08
19.3,2.0161869898055458e-16,1.3320143386206996e-06,5.236513341926182e-08
19.4,6.045537444876055e-16,1.3448084940749672e-06,5.049456387555714e-08
19.5,1.007085905286644e-15,1.3554920970713162e-06,4.902707266171223e-08
19.6,1.811848478757769e-15,1.3640505917347922e-06,4.7952994042272434e-08
19.7,2.817022103718212e-15,1.3704727518601429e-06,4.7273290815751924e-08
19.8,3.620075071802703e-15,1.3747506948552051e-06,4.698803936479194e-08
19.9,4.422324483745394e-15,1.3768798906366266e-06,4.7073164713044955e-08
20.0,5.0228566752295005e-15,1.3768591656198614e-06,4.750836327651721e-08
20.1,6.225228884558982e-15,1.37469070109213e-06,4.8282245878080626e-08
20.2,7.4263977671356e-15,1.370380026246319e-06,4.936196041749422e-08
20.3,8.626364225542524e-15,1.3639360064392894e-06,5.0709770647980564e-08
20.4,9.624616321725306e-15,1.355370826104414e-06,5.2303450595395724e-08
20.5,1.0822280868496121e-14,1.3446999661559787e-06,5.410727494088515e-08
20.6,1.1818433217716134e-14,1.3319421766333932e-06,5.6072768632471045e-08
20.7,1.2813586959365685e-14,1.3171194444073482e-06,5.8168699409237685e-08
20.8,1.3607630627774796e-14,1.3002569554300286e-06,6.036156931049188e-08
20.9,1.4400877249197828e-14,1.2813830521589763e-06,6.260043729153492e-08
21.0,1.5593151827914812e-14,1.26052918646324e-06,6.48482508630229e-08
21.1,1.6384606288041556e-14,1.237729867384533e-06,6.707729954451485e-08
21.2,1.757469037648314e-14,1.2130226040183591e-06,6.924245461223691e-08
21.3,1.8164742905984368e-14,1.186447844212847e-06,7.130522679257631e-08
21.4,1.9552252251264764e-14,1.1580489086453558e-06,7.324547943588521e-08
21.5,1.9941304662003448e-14,1.1278719200994948e-06,7.5030617497224e-08
21.6,2.032996323195854e-14,1.095965728770631e-06,7.662579476851565e-08
21.7,2.0917441990904608e-14,1.0623818335805185e-06,7.801865844607513e-08
21.8,2.110610003543133e-14,1.0271742989951297e-06,7.919311635696467e-08
21.9,2.1692593480497872e-14,9.903996679974533e-07,8.012295040435529e-08
22.0,2.227849530483076e-14,9.52116871684177e-07,8.080274238837432e-08
22.1,2.3062621657294974e-14,9.123871349107727e-07,8.123353001945209e-08
22.2,2.3051093228813623e-14,8.712738782364034e-07,8.14016751008032e-08
22.3,2.383403851355762e-14,8.288426169912095e-07,8.130740670988997e-08
22.4,2.3425089065174856e-14,7.851608571252878e-07,8.096631714478903e-08
22.5,2.381021638809197e-14,7.40297987634292e-07,8.037941799292144e-08
22.6,2.3996633541142983e-14,6.943251704619266e-07,7.955136895809794e-08
22.7,2.4381078524665813e-14,6.473152279891924e-07,7.850736215173373e-08
22.8,2.397264890192017e-14,5.993425275898305e-07,7.726267631727169e-08
22.9,2.3366599484950518e-14,5.504828639237991e-07,7.582555137879804e-08
23.0,2.295907301901155e-14,5.008133395635339e-07,7.422469780337886e-08
23.1,2.2947596351907918e-14,4.504122433990576e-07,7.24867684443535e-08
23.2,2.2145224545093032e-14,3.993589270521104e-07,7.062309071407226e-08
23.3,2.154127555674853e-14,3.4773368021899456e-07,6.866008958120653e-08
23.4,2.153050761118088e-14,2.9561760465864926e-07,6.663086851487117e-08
23.5,2.1322316194586663e-14,2.4309248658368655e-07,6.454947376862397e-08
23.6,2.0719667209630994e-14,1.9024066840646951e-07,6.243574277866251e-08
23.7,2.0117615395108602e-14,1.3714492002601583e-07,6.03232292094495e-08
23.8,1.9516160304585262e-14,8.388830910975715e-08,5.822813635026249e-08
23.9,1.93093702730056e-14,3.0554071043592607e-08,5.616166174607599e-08
24.0,1.8511974409254963e-14,-2.2774520781298277e-08,5.415197353513413e-08
24.1,1.791220837175743e-14,-7.601428490013178e-08,5.2216411463499775e-08
24.2,1.6919559203684664e-14,-1.2908226172700918e-07,5.035789299480893e-08
24.3,1.6517820107543293e-14,-1.8189584256171587e-07,4.859477243441132e-08
24.4,1.5723393582736148e-14,-2.3437289791187872e-07,4.694397457409106e-08
24.5,1.5126201331627393e-14,-2.8643190541640826e-07,4.540248679345352e-08
24.6,1.4529602194613022e-14,-3.379920764110796e-07,4.397676482991901e-08
24.7,1.3541100073642157e-14,-3.8897348091911465e-07,4.268142507159985e-08
24.8,1.2553582577123036e-14,-4.392971716462598e-07,4.151099908135396e-08
24.9,1.215520399993421e-14,-4.88885306338537e-07,4.046070877455352e-08
25.0,1.13653132127537e-14,-5.376612678137653e-07,3.9541040819309085e-08
25.1,1.0576209081638538e-14,-5.855497822365099e-07,3.874761800593864e-08
25.2,1.0179406658203412e-14,-6.324770354928145e-07,3.8067621795362464e-08
25.3,9.196018397560396e-15,-6.783707867076477e-07,3.750614994414716e-08
25.4,8.213610735792319e-15,-7.231604791655575e-07,3.706259106709929e-08
25.5,7.623111745743622e-15,-7.667773489747854e-07,3.6720965458063964e-08
25.6,7.033201054708543e-15,-8.091545305634272e-07,3.648073102198414e-08
25.7,6.053340148020257e-15,-8.502271587898306e-07,3.634620986811951e-08
25.8,6.05031423448767e-15,-8.899324682865147e-07,3.630359159554015e-08
25.9,5.462068236740092e-15,-9.282098894705702e-07,3.6347651441935596e-08
26.0,5.06938517917601e-15,-9.650011405553952e-07,3.6487128534381455e-08
26.1,4.6770933416805875e-15,-1.0002503161497634e-06,3.671482951420587e-08
26.2,4.285192431253239e-15,-1.0339039723859234e-06,3.7022869472108095e-08
26.3,4.283050370597403e-15,-1.0659112076808075e-06,3.7422473652269015e-08
26.4,3.891735800640165e-15,-1.0962237393947479e-06,3.791550476209384e-08
26.5,3.889790419125752e-15,-1.1247959768014482e-06,3.849403726825002e-08
26.6,3.499061409053068e-15,-1.151585089555223e-06,3.916904373754277e-08
26.7,3.885902572953699e-15,-1.1765510714535984e-06,3.995124034876723e-08
26.8,3.3013660912254833e-15,-1.199656800156689e-06,4.0835154142247395e-08
26.9,3.2997158207818624e-15,-1.2208680924201945e-06,4.182870746126936e-08
27.0,3.4920702796946965e-15,-1.2401537542224333e-06,4.2948641593308024e-08
27.1,3.684231607712608e-15,-1.257485626384921e-06,4.419353902769647e-08
27.2,4.070009947346322e-15,-1.2728386257516735e-06,4.556607516119713e-08
27.3,4.261688567755259e-15,-1.2861907811212432e-06,4.708422880710396e-08
27.4,4.646790824829467e-15,-1.2975232641954158e-06,4.8750749568250847e-08
27.5,4.4509485097453965e-15,-1.3068204160538242e-06,5.0561905684352043e-08
27.6,5.028991886344593e-15,-1.314069768476937e-06,5.2531298671161125e-08
27.7,5.026478018920649e-15,-1.3192620599209236e-06,5.466423117428727e-08
27.8,5.796883163211041e-15,-1.3223912468626838e-06,5.6950545145548155e-08
27.9,6.373383990730986e-15,-1.3234545102302151e-06,5.939437000106767e-08
28.0,6.5632344011933075e-15,-1.3224522563411856e-06,6.200046812882023e-08
28.1,7.331712851820328e-15,-1.3193881129641743e-06,6.475317381914836e-08
28.2,7.71373464390084e-15,-1.3142689207201614e-06,6.764379933446818e-08
28.3,7.902625709150915e-15,-1.3071047191127746e-06,7.06726897302995e-08
28.4,8.09132600308091e-15,-1.2979087274405627e-06,7.382014772016087e-08
28.5,9.05005294077021e-15,-1.2866973212203444e-06,7.706389192980515e-08
28.6,9.430445174958048e-15,-1.273490003584908e-06,8.039621209204558e-08
28.7,1.0195178570243427e-14,-1.258309371453842e-06,8.379497664522384e-08
28.8,1.0959145066852179e-14,-1.2411810772623426e-06,8.722634532742966e-08
28.9,1.09536668639836e-14,-1.222133786131565e-06,9.067224473406323e-08
29.0,1.1524411999507152e-14,-1.201199127931755e-06,9.410951629109478e-08
29.1,1.2286561316073424e-14,-1.1784116448667465e-06,9.749722220982107e-08
29.2,1.2664182682572727e-14,-1.1538087349621636e-06,1.0080681365896626e-07
29.3,1.323320909099004e-14,-1.1274305908226346e-06,1.0401523752449115e-07
29.4,1.3801663450768719e-14,-1.0993201338933905e-06,1.0708043629389282e-07
29.5,1.4752734090072362e-14,-1.0695229449835826e-06,1.0996589875478543e-07
29.6,1.551135227158122e-14,-1.0380871906391916e-06,1.1264964741810591e-07
29.7,1.5695000985078897e-14,-1.0050635451435682e-06,1.1509482344358237e-07
29.8,1.6643689314801284e-14,-9.705051090023832e-07,1.1726189358240329e-07
29.9,1.7209002983025878e-14,-9.344673239504611e-07,1.191310365930603e-07
30.0,1.758263175746351e-14,-8.970078839352973e-07,1.206760615530451e-07
30.1,1.757384263904749e-14,-8.58186642723034e-07,1.2186097496232847e-07
30.2,1.7565057914092222e-14,-8.180655186588626e-07,1.226695912629942e-07
30.3,1.7937935788671118e-14,-7.767083959952591e-07,1.2309005880103183e-07
30.4,1.811970277607749e-14,-7.341810230009246e-07,1.230968550259195e-07
30.5,1.7729368448448013e-14,-6.905509077246206e-07,1.226794295036964e-07
30.6,1.7529962904971492e-14,-6.458872110924296e-07,1.2184165399941476e-07
30.7,1.733075228706878e-14,-6.002606370834619e-07,1.205743157868002e-07
30.8,1.7131736449689498e-14,-5.537433209056621e-07,1.1887489809476473e-07
30.9,1.7123172722574842e-14,-5.064087153240191e-07,1.16762079184409e-07
31.0,1.6353963797308858e-14,-4.583314745807527e-07,1.1424640844858808e-07
31.1,1.653585617163263e-14,-4.0958733656427877e-07,1.1133576156263232e-07
31.2,1.6527590310184382e-14,-3.602530038707396e-07,1.0806083572494198e-07
31.3,1.6139573900619226e-14,-3.104060231897409e-07,1.0445212968721276e-07
31.4,1.575194128064347e-14,-2.601246632005996e-07,1.0052959173271301e-07
31.5,1.4985317048370447e-14,-2.094877919351184e-07,9.633197365822932e-08
31.6,1.478823352519622e-14,-1.585747533361767e-07,9.190644438246174e-08
31.7,1.3833351432510228e-14,-1.0746524271906377e-07,8.728530348365608e-08
31.8,1.3068823527555579e-14,-5.623918209239329e-08,8.251097789975142e-08
31.9,1.2115747941215081e-14,-4.9765955586220325e-09,7.764106489400616e-08
32.0,1.1731263719539943e-14,4.624251579246478e-08,7.27185184772573e-08
32.1,1.0590683467987918e-14,9.733829885073644e-08,6.778530756242528e-08
32.2,9.64026539184475e-15,1.482311726090594e-07,6.290134187685967e-08
32.3,9.446516141158028e-15,1.988419520133551e-07,5.811635754418468e-08
32.4,8.49761465733467e-15,2.49091971391846e-07,5.3468367376598644e-08
32.5,7.360917990426714e-15,2.989032064784229e-07,4.9011100128299366e-08
32.6,6.036708472937777e-15,3.481983952795197e-07,4.479527505520673e-08
32.7,5.0909266742322244e-15,3.9690115812386166e-07,4.0852231697016006e-08
32.8,4.334547499428244e-15,4.449361159485895e-07,3.72221529346114e-08
32.9,3.578923242640297e-15,4.922290065755454e-07,3.3949805551874513e-08
33.0,2.8240533381393402e-15,5.387067995973542e-07,3.105784805759239e-08
33.1,2.2581133315344884e-15,5.842978092710304e-07,2.8567925142429335e-08
33.2,1.692738417814387e-15,6.289318047074154e-07,2.6511941254530106e-08
33.3,7.519521156277872e-16,6.72540117936676e-07,2.490241748201839e-08
33.4,0.0,7.150557497645026e-07,2.374056487429548e-08
33.5,-7.512005393629232e-16,7.564134724603437e-07,2.3039870608855804e-08
33.6,-1.313943807710907e-15,7.965499295220325e-07,2.2801704628237914e-08
33.7,-1.6885118571719877e-15,8.354037329149381e-07,2.3008133848246083e-08
33.8,-2.0627051038882576e-15,8.72915556900515e-07,2.3651230152632573e-08
33.9,-2.623948738894616e-15,9.090282282127495e-07,2.4720669764360527e-08
34.0,-2.9972995342446883e-15,9.436868132332092e-07,2.618333813323421e-08
34.1,-3.1830388377699198e-15,9.76838701657004e-07,2.8010225651989628e-08
34.2,-3.3685916994683837e-15,1.0084336859634342e-06,3.0179454731991686e-08
34.3,-3.5539582593236884e-15,1.0384240372836772e-06,3.2648412110417946e-08
34.4,-3.7391386572260816e-15,1.0667645776750067e-06,3.537082390726247e-08
34.5,-3.924133032972508e-15,1.0934127479116412e-06,3.8314388722684526e-08
34.6,-4.108941526266665e-15,1.118328671037392e-06,4.143325896038742e-08
34.7,-4.480240984402506e-15,1.1414752121506883e-06,4.467066201087064e-08
34.8,-4.664584816507397e-15,1.162818033650825e-06,4.798627995715918e-08
34.9,-4.2892728585090725e-15,1.1823256457101175e-06,5.133680904806191e-08
35.0,-4.100731855621334e-15,1.1999694526669784e-06,5.4663532910515925e-08
35.1,-3.5397708200814587e-15,1.215723794963592e-06,5.792192003584958e-08
35.2,-3.724211975862142e-15,1.2295659859883382e-06,6.107572628419257e-08
35.3,-2.9778802682585037e-15,1.2414763444220725e-06,6.407311001535849e-08
35.4,-2.6043427377602045e-15,1.2514382222274753e-06,6.68703291989524e-08
35.5,-2.4171093996027794e-15,1.2594380274858235e-06,6.944107058626871e-08
35.6,-1.4867083981484939e-15,1.2654652423160082e-06,7.174786666095779e-08
35.7,-9.287282685981253e-16,1.2695124364472479e-06,7.375341803394427e-08
35.8,-3.7130560821420544e-16,1.2715752758106258e-06,7.544259139635575e-08
35.9,-5.566800027233472e-16,1.2716525259177078e-06,7.679716265852119e-08
36.0,1.8546724409846327e-16,1.2697460507730383e-06,7.779171995213508e-08
36.1,1.482996269247649e-15,1.2658608071061051e-06,7.842225332532954e-08
36.2,1.2969730868995837e-15,1.2600048333230548e-06,7.869125958893436e-08
36.3,1.8518925177867897e-15,1.25218923378475e-06,7.858945390360563e-08
36.4,2.5913535241662387e-15,1.2424281587051264e-06,7.812301787273882e-08
36.5,3.1450706365413734e-15,1.2307387789664123e-06,7.731319376893284e-08
36.6,3.3284101704262073e-15,1.2171412560687442e-06,7.616891656118914e-08
36.7,3.8812041115434214e-15,1.201658707903051e-06,7.470516991288821e-08
36.8,4.8028982789757236e-15,1.1843171698526225e-06,7.295710938901801e-08
36.9,5.169766463182971e-15,1.1651455509795694e-06,7.095122424976998e-08
37.0,5.7208088931428354e-15,1.1441755861056019e-06,6.870968783034975e-08
37.1,6.455749100927008e-15,1.121441783739174e-06,6.627501253110097e-08
37.2,7.189953122720498e-15,1.096981369270809e-06,6.36876836174485e-08
37.3,7.370624661285648e-15,1.0708342240526306e-06,6.097528863958268e-08
37.4,8.287807803895747e-15,1.043042820816495e-06,5.818076117344474e-08
37.5,8.651827821832562e-15,1.0136521547976666e-06,5.535260163491118e-08
37.6,8.6475029892199e-15,9.82709670759229e-07,5.2521769274364164e-08
37.7,9.194872679237266e-15,9.502651867273265e-07,4.97255926607755e-08
37.8,9.557887447747803e-15,9.163708140611692e-07,4.7013168412118394e-08
37.9,9.920536994659254e-15,8.810808735880058e-07,4.441638595065526e-08
38.0,1.0099199780207996e-14,8.444518086779945e-07,4.196279324960168e-08
38.1,1.0828271547417127e-14,8.06542095355138e-07,3.969456157594225e-08
38.2,1.0639420480800075e-14,7.674121488664338e-07,3.7641613410609114e-08
38.3,1.0634102100265609e-14,7.271242273352184e-07,3.5819845893268664e-08
38.4,1.0995296253369023e-14,6.857423330922771e-07,3.4258275529470653e-08
38.5,1.0989799979425331e-14,6.433321110933413e-07,3.298165988438804e-08
38.6,1.0435091130285105e-14,5.99960744593005e-07,3.1994560497853794e-08
38.7,1.1161795933723299e-14,5.556968489878617e-07,3.130906137895331e-08
38.8,1.0790438842855029e-14,5.106103635359691e-07,3.094163678541463e-08
38.9,1.0785044972013682e-14,4.6477244064903763e-07,3.088747976482649e-08
39.0,1.0596947800866967e-14,4.182553336826206e-07,3.11410725467671e-08
39.1,1.0226421318558601e-14,3.711322834266441e-07,3.1708115077496694e-08
39.2,1.0586356149774282e-14,3.23477402699642e-07,3.257724858235011e-08
39.3,1.0216200008746725e-14,2.7536555967642526e-07,3.372781087096219e-08
39.4,9.846411286070451e-15,2.2687226063827976e-07,3.5153453625176436e-08
39.5,9.294739904855733e-15,1.780735315718346e-07,3.683914237937809e-08
39.6,9.107934996619783e-15,1.290457987538194e-07,3.875399390682063e-08
39.7,8.739246880726677e-15,7.986576930055552e-08,4.088003248789527e-08
39.8,8.006971820384285e-15,3.061031143486643e-08,4.320085661345532e-08
39.9,7.275426668344345e-15,-1.8643665873357686e-08,4.568162667119463e-08
40.0,6.726405624465432e-15,-6.78193329456694e-08,4.829501618521243e-08
40.1,6.177931646450507e-15,-1.1684005885549632e-07,5.102469246869682e-08
40.2,5.266778239101804e-15,-1.6562953092861455e-07,5.3838104647715846e-08
40.3,4.7195787315074275e-15,-2.141118736778171e-07,5.670247904538085e-08
40.4,3.810061929684799e-15,-2.62211766436292e-07,5.960216149820948e-08
40.5,3.2641348927699975e-15,-3.0985456026358195e-07,6.251182198158758e-08
40.6,2.5375025147674843e-15,-3.569663940321506e-07,6.539814397782717e-08
40.7,2.3550745034561245e-15,-4.0347430870364754e-07,6.82462247771275e-08
40.8,1.2674831402905815e-15,-4.4930636002189376e-07,7.10406692981362e-08
40.9,0.0,-4.943917300131349e-07,7.375260334270961e-08
41.0,-5.426641245774286e-16,-5.386608363732759e-07,7.636781334591303e-08
41.1,-1.6271785810105539e-15,-5.820454394656066e-07,7.888099605862634e-08
41.2,-2.71060865847246e-15,-6.244787475744408e-07,8.127176658128107e-08
41.3,-3.612338257217123e-15,-6.658955198687492e-07,8.352676438819771e-08
41.4,-4.513165674444436e-15,-7.062321663422572e-07,8.564863065155623e-08
41.5,-5.232655200564336e-15,-7.4542684530863e-07,8.762772150573312e-08
41.6,-5.951424289273085e-15,-7.834195584307562e-07,8.945208312491005e-08
41.7,-6.6694734810455445e-15,-8.201522423325401e-07,9.112863345960853e-08
41.8,-7.386803315996253e-15,-8.555688570139175e-07,9.26584389421143e-08
41.9,-7.563186711621012e-15,-8.896154715169815e-07,9.403183319165809e-08
42.0,-8.459335356780516e-15,-9.222403460030417e-07,9.525588817098136e-08
42.1,-9.354586187443132e-15,-9.533940099649075e-07,9.634009547779296e-08
42.2,-9.7095219889962e-15,-9.830293372524802e-07,9.727801575617292e-08
42.3,-1.0243816688239122e-14,-1.0111016174684257e-06,9.807338882422588e-08
42.4,-1.0597948553497601e-14,-1.0375686230335146e-06,9.874014983224765e-08
42.5,-1.1131260271730626e-14,-1.0623906725057458e-06,9.927571863977107e-08
42.6,-1.1125696032770422e-14,-1.0855306902339515e-06,9.967850283875324e-08
42.7,-1.1299491584512257e-14,-1.1069542614739083e-06,9.996217659333302e-08
42.8,-1.1114575897731849e-14,-1.1266296831784742e-06,1.0012803343238492e-07
42.9,-1.0929842256956132e-14,-1.1445280109895748e-06,1.0016903315968648e-07
43.0,-1.128255505270994e-14,-1.1606231017103203e-06,1.0009433438896811e-07
43.1,-1.0560920570330296e-14,-1.174891650988273e-06,9.990836466336072e-08
43.2,-1.0376732253161563e-14,-1.1873132269261307e-06,9.960031883852244e-08
43.3,-1.0013905694810002e-14,-1.1978702993182239e-06,9.917210518381206e-08
43.4,-9.651439279438918e-15,-1.2065482638579345e-06,9.862991455816992e-08
43.5,-9.467973751842358e-15,-1.2133354618996814e-06,9.796212493836418e-08
43.6,-9.106137516255896e-15,-1.2182231959931815e-06,9.716289386070774e-08
43.7,-8.209273273263968e-15,-1.2212057404107393e-06,9.623854295500803e-08
43.8,-7.670049902010132e-15,-1.222280346866065e-06,9.518003221152433e-08
43.9,-7.131363568051713e-15,-1.221447246049934e-06,9.397568345106619e-08
44.0,-6.236823930347135e-15,-1.2187096444024873e-06,9.263057036660681e-08
44.1,-5.521282720957316e-15,-1.214073715850158e-06,9.114123400219001e-08
44.2,-4.628438451957945e-15,-1.2075485892723633e-06,8.949405055708813e-08
44.3,-3.3806296697160317e-15,-1.1991463315593127e-06,8.769223120037163e-08
44.4,-2.6675840347811533e-15,-1.1888819256424867e-06,8.57398080466585e-08
44.5,-1.4220003072833066e-15,-1.1767732440844295e-06,8.362615051246659e-08
44.6,-7.106447424250409e-16,-1.1628410185973283e-06,8.13530880894416e-08
44.7,1.775723772174045e-16,-1.1471088048023835e-06,7.893259085348214e-08
44.8,1.242385292551508e-15,-1.1296029424044337e-06,7.636179630863758e-08
44.9,2.6609234039518153e-15,-1.1103525115214695e-06,7.364273140871609e-08
45.0,3.1915119297718036e-15,-1.089389284725495e-06,7.07943116878541e-08
45.1,4.4304396842769825e-15,-1.0667476745056156e-06,6.78248323567023e-08
45.2,4.959612020325216e-15,-1.0424646769764144e-06,6.47388509317498e-08
45.3,6.019375584341082e-15,-1.0165798118543514e-06,6.156012719090658e-08
45.4,6.901126450146277e-15,-9.89135058099668e-07,5.830922056204585e-08
45.5,7.958857787790292e-15,-9.601747858167302e-07,5.499563701038713e-08
45.6,9.015529934066211e-15,-9.297456849337631e-07,5.164531279169096e-08
45.7,9.89445695230876e-15,-8.978966900403692e-07,4.8289485564002356e-08
45.8,1.0419306190456845e-14,-8.646789015302682e-07,4.494431636218142e-08
45.9,1.164966876967488e-14,-8.301455039023098e-07,4.1635233265113934e-08
46.0,1.2173111090858513e-14,-7.943516808867975e-07,3.8400105575820055e-08
46.1,1.2872360900564969e-14,-7.573545270799324e-07,3.5261989470817e-08
46.2,1.357090859348846e-14,-7.192129569667392e-07,3.224353837178761e-08
46.3,1.409259723145205e-14,-6.799876114883972e-07,2.938351839265725e-08
46.4,1.4261622102793885e-14,-6.397407615505326e-07,2.6710199665645434e-08
46.5,1.4958418658056724e-14,-5.985362090685719e-07,2.4241823926977713e-08
46.6,1.530272817276475e-14,-5.564391861969129e-07,2.201177118958612e-08
46.7,1.5295078721200622e-14,-5.135162521592532e-07,2.0049934208987833e-08
46.8,1.5463150715169545e-14,-4.698351877981114e-07,1.8369091691713697e-08
46.9,1.563105085729714e-14,-4.2546488878569405e-07,1.6991671310221428e-08
47.0,1.5974321269366362e-14,-3.8047525723944957e-07,1.5944190188612497e-08
47.1,1.6141790348103246e-14,-3.34937091389545e-07,1.5233309946892696e-08
47.2,1.6309088008037576e-14,-2.8892197421791387e-07,1.4866721208300156e-08
47.3,1.5950377749591554e-14,-2.425021613173803e-07,1.4862109504650063e-08
47.4,1.5416830777670233e-14,-1.9575046735126897e-07,1.5219534849344924e-08
47.5,1.54091242890641e-14,-1.4874015170207074e-07,1.593061563258627e-08
47.6,1.540142165273912e-14,-1.0154480403767922e-07,1.6999479639025074e-08
47.7,1.5218794197829073e-14,-5.4238229227804776e-08,1.841911061005898e-08
47.8,1.4686663023356814e-14,-6.894331692792334e-09,2.0166323611878526e-08
47.9,1.485407535507889e-14,4.041299982548254e-08,2.2228835949321325e-08
48.0,1.4322650755950712e-14,8.761000728605957e-08,2.4592146102462128e-08
48.1,1.3442595414471234e-14,1.3462317855593307e-07,2.722174706735352e-08
48.2,1.3086892009878319e-14,1.81379361878658e-07,3.008881344003143e-08
48.3,1.2382731522157616e-14,2.278058793085378e-07,3.317124994956375e-08
48.4,1.2027906726403135e-14,2.738306397499915e-07,3.64281588118787e-08
48.5,1.0976512165297052e-14,3.193822510484182e-07,3.9817061187682094e-08
48.6,1.0796882022620413e-14,3.6439013037260296e-07,4.330884116031478e-08
48.7,9.921203888172316e-15,4.0878461345325325e-07,4.686163229557085e-08
48.8,9.22036771731787e-15,4.524970626461238e-07,5.042488888653287e-08
48.9,8.346347489038287e-15,4.954599728352784e-07,5.396410824456129e-08
49.0,7.646994078545565e-15,5.37607075372246e-07,5.744145391310765e-08
49.1,6.948337761110237e-15,5.788734404883804e-07,6.080567596836361e-08
49.2,6.250378014564446e-15,6.191955773010785e-07,6.401979405437526e-08
49.3,5.2060446722701804e-15,6.585115311035549e-07,6.705390336121832e-08
49.4,4.6830980705230655e-15,6.967609786010242e-07,6.986385674204195e-08
49.5,3.987311609477138e-15,7.338853206120118e-07,7.241430656614405e-08
49.6,2.5991207295673644e-15,7.698277714864283e-07,7.468572688658017e-08
49.7,2.251445294833393e-15,8.045334458046694e-07,7.66478833059178e-08
49.8,1.3848122175813778e-15,8.379494424041523e-07,7.827192115799678e-08
49.9,8.650749903407922e-16,8.700249248005559e-07,7.954968228765594e-08
50.0,-1.729285121923951e-16,9.007111981897805e-07,8.04693939456136e-08
50.1,-8.642103477438035e-16,9.299617835260866e-07,8.101353702162761e-08
50.2,-1.3820453609251566e-15,9.577324878908226e-07,8.11850925213847e-08
50.3,-2.4173703942002568e-15,9.839814708408915e-07,8.099223357167414e-08
50.4,-2.933911013507836e-15,1.0086693074306975e-06,8.043262533190931e-08
50.5,-3.79492807899615e-15,1.0317590475367163e-06,7.951931841604084e-08
50.6,-4.65508360952625e-15,1.0532162707767627e-06,7.827865953567281e-08
50.7,-4.997405290214411e-15,1.0730091375852715e-06,7.672541751287221e-08
50.8,-5.167145391869861e-15,1.0911084365995857e-06,7.48811301132755e-08
50.9,-5.336714547124779e-15,1.1074876275106682e-06,7.278573472919234e-08
51.0,-5.6781789121086825e-15,1.1221228795511778e-06,7.047042598280855e-08
51.1,-5.675340532306712e-15,1.1349931061945464e-06,6.796332848357845e-08
51.2,-5.672503571339904e-15,1.1460799954070356e-06,6.531154528011958e-08
51.3,-6.013284272650473e-15,1.1553680351459916e-06,6.25591991507405e-08
51.4,-5.6668339030751675e-15,1.1628445348312147e-06,5.973884764082083e-08
51.5,-5.492364794530738e-15,1.1684996425684388e-06,5.689770494630123e-08
51.6,-5.4896192985646624e-15,1.1723263574589794e-06,5.4086883887723794e-08
51.7,-4.9724806273468665e-15,1.17432053755424e-06,5.1340875765882214e-08
51.8,-4.627236732042126e-15,1.1744809037468669e-06,4.8700586830483e-08
51.9,-4.624923691984308e-15,1.1728090388478467e-06,4.621662495560294e-08
52.0,-4.1089882739177215e-15,1.1693093820022784e-06,4.392249470150904e-08
52.1,-3.593567506653866e-15,1.163989219115873e-06,4.184798131171955e-08
52.2,-3.0786610045899608e-15,1.1568586687748275e-06,4.0035433727127833e-08
52.3,-2.222365931396116e-15,1.1479306633459484e-06,3.85140516201958e-08
52.4,-1.0251946274676304e-15,1.1372209260291345e-06,3.729984621932531e-08
52.5,-1.7078035971364492e-16,1.1247479438029533e-06,3.642030083638069e-08
52.6,3.4138998175555114e-16,1.110532935630866e-06,3.589680776638234e-08
52.7,1.023657988293929e-15,1.094599816484887e-06,3.573119427434955e-08
52.8,2.3873413368833163e-15,1.0769751576279932e-06,3.5931849053297995e-08
52.9,3.579221946874218e-15,1.0576881424911536e-06,3.6509104474288296e-08
53.0,4.258848551463055e-15,1.0367705182697126e-06,3.7452082054320054e-08
53.1,5.618869950480175e-15,1.0142565440217455e-06,3.874900555655941e-08
53.2,6.63716325733693e-15,9.901829348803071e-07,4.039675413880205e-08
53.3,7.82453572410023e-15,9.645888020484563e-07,4.237448286523525e-08
53.4,8.50067873276321e-15,9.375155893997378e-07,4.465250108830474e-08
53.5,9.855858168733332e-15,9.090070067790572e-07,4.7213334147446864e-08
53.6,1.0700149701721269e-14,8.791089593846999e-07,5.0029457404998687e-08
53.7,1.188311218240692e-14,8.478694737899958e-07,5.305835672875931e-08
53.8,1.323456320990946e-14,8.153386211863688e-07,5.626926438062408e-08
53.9,1.458466015489786e-14,7.815684372462174e-07,5.963121876020509e-08
54.0,1.5424891138738604e-14,7.466128387016515e-07,6.309578137545904e-08
54.1,1.6603117591802338e-14,7.105275375221138e-07,6.66220731215655e-08
54.2,1.77801622586253e-14,6.733699524074394e-07,7.017851845345033e-08
54.3,1.8786775793911377e-14,6.351991172355403e-07,7.371811813229928e-08
54.4,1.9623212896040778e-14,5.960755873354938e-07,7.719492517059146e-08
54.5,2.0289728009054072e-14,5.560613438022995e-07,8.057903237058232e-08
54.6,2.1124568417544683e-14,5.15219695232816e-07,8.383135659603206e-08
54.7,2.19585691244056e-14,4.736151774375935e-07,8.690709584796865e-08
54.8,2.245407548999652e-14,4.3131345182258174e-07,8.977983333366526e-08
54.9,2.294908098617954e-14,3.883812018744213e-07,9.242291426179593e-08
55.0,2.37809037739113e-14,3.4488602781427347e-07,9.479903156394179e-08
55.1,2.4274740045081134e-14,3.008963403766575e-07,9.688680468386637e-08
55.2,2.4936566978586975e-14,2.564812534994458e-07,9.867395855064399e-08
55.3,2.5092507904971064e-14,2.1171047552926095e-07,1.0013602183826912e-07
55.4,2.5416608609704462e-14,1.6665419984000754e-07,1.0125805770883398e-07
55.5,2.540390348194624e-14,1.2138299515991265e-07,1.0204153812889206e-07
55.6,2.5727512052252286e-14,7.596769497436332e-08,1.0247813793159572e-07
55.7,2.5546581893906175e-14,3.047928654172878e-08,1.0256062659760081e-07
55.8,2.5029854983991585e-14,-1.5011199717728694e-08,1.0230151656199619e-07
55.9,2.5017343184710076e-14,-6.04328010102426e-08,1.0170924699197564e-07
56.0,2.4837019937484188e-14,-1.057147331090045e-07,1.0078524789687542e-07
56.1,2.4153669274014062e-14,-1.5078650045921285e-07,9.954915250295518e-08
56.2,2.3806295521164762e-14,-1.9557800562505234e-07,9.802395689533211e-08
56.3,2.2621432197703203e-14,-2.40019658510687e-07,9.622009973266649e-08
56.4,2.227515950423716e-14,-2.8404248447132874e-07,9.416019195445111e-08
56.5,2.1427031298325145e-14,-3.2757823097783793e-07,9.187721701182393e-08
56.6,2.091437544981304e-14,-3.7055947348718683e-07,8.939003515100132e-08
56.7,1.9733301306896235e-14,-4.129197200252532e-07,8.672073936835861e-08
56.8,1.9221993805820806e-14,-4.545935137052419e-07,8.3906301912867e-08
56.9,1.8377064115124683e-14,-4.955165337254721e-07,8.097228532269043e-08
57.0,1.7365993631827292e-14,-5.35625694877966e-07,7.793797294570944e-08
57.1,1.635592937431813e-14,-5.748592446006614e-07,7.483814396424913e-08
57.2,1.5013242967758466e-14,-6.131568577318696e-07,7.170223160043098e-08
57.3,1.4172086099138486e-14,-6.504597294443509e-07,6.854578953928886e-08
57.4,1.299847226505586e-14,-6.867106655329263e-07,6.539627276947266e-08
57.5,1.1992591987810706e-14,-7.218541697114579e-07,6.22833606744543e-08
57.6,1.0488272541810862e-14,-7.558365285893056e-07,5.921911508432815e-08
57.7,9.651043230930501e-15,-7.886058939168737e-07,5.622056582675658e-08
57.8,8.64833420009843e-15,-8.201123613458532e-07,5.3313797839778244e-08
57.9,7.14793226723039e-15,-8.503080462419629e-07,5.050831579345421e-08
58.0,5.9813239767399716e-15,-8.79147156663892e-07,4.7810131563248833e-08
58.1,5.314074722037781e-15,-9.065860626069e-07,4.523842666492209e-08
58.2,4.315527408420642e-15,-9.325833616550193e-07,4.280121261332819e-08
58.3,3.4838759179006424e-15,-9.570999415786637e-07,4.049531300429135e-08
58.4,2.4872388681097216e-15,-9.800990391549225e-07,3.833091861716232e-08
58.5,1.823063410321057e-15,-1.0015462948688054e-06,3.631529377895984e-08
58.6,9.93901148978644e-16,-1.0214098041892577e-06,3.443968121984845e-08
58.7,1.6556738710351575e-16,-1.0396601651314832e-06,3.270492019050616e-08
58.8,-3.30969248204877e-16,-1.0562705213922549e-06,3.111769578478234e-08
58.9,-6.616076098900725e-16,-1.0712166015902255e-06,2.9668048192748263e-08
59.0,-1.1572345553515198e-15,-1.0844767548360496e-06,2.8348954604440703e-08
59.1,-1.6523658324343676e-15,-1.0960319818224604e-06,2.7166133146503873e-08
59.2,-2.147001812838297e-15,-1.1058659615609172e-06,2.6112446952332115e-08
59.3,-2.145928580262381e-15,-1.1139650743789386e-06,2.5176036827316837e-08
59.4,-2.474833712502255e-15,-1.120318420589372e-06,2.4360954291310573e-08
59.5,-2.4735966049486657e-15,-1.1249178344887009e-06,2.3665572362352632e-08
59.6,-2.966832138953088e-15,-1.1277578944115398e-06,2.3077079535850725e-08
59.7,-3.130090709991151e-15,-1.1288359287019233e-06,2.2597184124019027e-08
59.8,-2.9638667897358562e-15,-1.1281520169325317e-06,2.2230542545397747e-08
59.9,-3.126962183804964e-15,-1.1257089868944518e-06,2.196718253897856e-08
60.0,-3.1253990935181974e-15,-1.121512407720323e-06,2.18061533388531e-08
60.1,-2.7950118598884607e-15,-1.1155705784262091e-06,2.1757153523186616e-08
60.2,-1.9719633199600773e-15,-1.1078945119749386e-06,2.1815811064241107e-08
60.3,-1.6424813206286959e-15,-1.0984979155703205e-06,2.197871966425701e-08
60.4,-1.3133282281954662e-15,-1.0873971667330166e-06,2.225778643340182e-08
60.5,-1.1485877621925344e-15,-1.0746112848067223e-06,2.2655238175845443e-08
60.6,-4.920058336547068e-16,-1.0601618986615815e-06,2.3165902385351884e-08
60.7,-1.6391996407611992e-16,-1.0440732106153206e-06,2.380023763737887e-08
60.8,3.276760491613256e-16,-1.0263719559329708e-06,2.4566006524019552e-08
60.9,8.187806302235634e-16,-1.0070873584232856e-06,2.5457188461608185e-08
61.0,1.1457198791345646e-15,-9.862510826376455e-07,2.6479265213771254e-08
61.1,1.6359245176944512e-15,-9.638971820396963e-07,2.764261361436359e-08
61.2,2.4526601398381367e-15,-9.400620432198182e-07,2.8941151823811787e-08
61.3,3.1051498806462163e-15,-9.147843269645435e-07,3.037284599199648e-08
61.4,3.92033392899151e-15,-8.881049058578337e-07,3.19465993718281e-08
61.5,4.571436627318275e-15,-8.600667980410299e-07,3.3656580616515075e-08
61.6,5.548255368983032e-15,-8.307150979447489e-07,3.5492262130664204e-08
61.7,6.360993983937665e-15,-8.000969041558711e-07,3.7456844453408074e-08
61.8,7.009897798033588e-15,-7.68261243794327e-07,3.95443914692483e-08
61.9,8.146969447936947e-15,-7.352589939129695e-07,4.1736646507183415e-08
62.0,8.63147080029932e-15,-7.011428005570468e-07,4.402783726170399e-08
62.1,9.929368391751819e-15,-6.659669949085387e-07,4.6410959198300175e-08
62.2,1.1063271090153617e-14,-6.297875065594348e-07,4.886229478618976e-08
62.3,1.2033423852341703e-14,-5.926617748139326e-07,5.136571588983345e-08
62.4,1.2677538841334354e-14,-5.54648657790189e-07,5.391189193579997e-08
62.5,1.3645909476060571e-14,-5.158083389218816e-07,5.647487437107963e-08
62.6,1.477567891234172e-14,-4.762022317087931e-07,5.902916962639565e-08
62.7,1.5417448652264554e-14,-4.3589288299027076e-07,6.156208839391796e-08
62.8,1.6058573090789854e-14,-3.9494387411311224e-07,6.404893587773946e-08
62.9,1.7185432888793413e-14,-3.534197204994758e-07,6.645818246495601e-08
63.0,1.7825025049233167e-14,-3.113857703464108e-07,6.877351965011794e-08
63.1,1.8302008803496247e-14,-2.689081019162493e-07,7.09745839061624e-08
63.2,1.8778511239202345e-14,-2.2605341942831526e-07,7.302887218875036e-08
63.3,1.9254532718363383e-14,-1.828889485102064e-07,7.491739768447988e-08
63.4,1.973007360274961e-14,-1.394823310411323e-07,7.662632500567437e-08
63.5,1.9881852105827562e-14,-9.590151895542564e-08,7.812795475717975e-08
63.6,2.067971503307136e-14,-5.221466786796061e-08,7.94029049855954e-08
63.7,2.050789824633774e-14,-8.490030863257556e-09,8.044497513485621e-08
63.8,2.0659045654450047e-14,3.5204148190407914e-08,8.123656423167244e-08
63.9,2.0487400598623394e-14,7.879974132123446e-08,8.176126123683608e-08
64.0,2.063839693487611e-14,1.222288423480038e-07,8.202060412155457e-08
64.1,2.046692343831136e-14,1.6542387251077002e-07,8.201077608112013e-08
64.2,2.0778845172870367e-14,2.083176858705572e-07,8.172218795530164e-08
64.3,2.0446466744924464e-14,2.5084367350618257e-07,8.116345544153241e-08
64.4,2.0275330743572743e-14,2.9293586664192875e-07,8.034586608176933e-08
64.5,1.9943525840572805e-14,3.345290391731137e-07,7.927010143360306e-08
64.6,1.9451293104770285e-14,3.7555880875476636e-07,7.795077652040729e-08
64.7,1.8798873363960738e-14,4.159617360817654e-07,7.641294713702163e-08
64.8,1.7825913390759342e-14,4.556754230117423e-07,7.466969702072993e-08
64.9,1.749597558694205e-14,4.946386091053991e-07,7.274040108639748e-08
65.0,1.684549658263314e-14,5.327912657994134e-07,7.066018959356552e-08
65.1,1.6195663522928357e-14,5.700746887248855e-07,6.845460371711345e-08
65.2,1.506565708155467e-14,6.064315882639114e-07,6.61465025084403e-08
65.3,1.441735481097498e-14,6.41806177408347e-07,6.377577277312874e-08
65.4,1.3129245896732873e-14,6.761442570345721e-07,6.137804365560287e-08
65.5,1.2482552040780569e-14,7.093932991055689e-07,5.89782937119016e-08
65.6,1.1196690547914634e-14,7.41502527038184e-07,5.6615255195111035e-08
65.7,1.0391729773279918e-14,7.724229928585109e-07,5.433000754776297e-08
65.8,9.108192412417738e-15,8.021076518116602e-07,5.214804020406388e-08
65.9,7.825935671451694e-15,8.305114340930145e-07,5.010148452834167e-08
66.0,6.8642248635281844e-15,8.575913129459824e-07,4.823066402963269e-08
66.1,5.424813551287731e-15,8.83306369629403e-07,4.655954248003702e-08
66.2,4.465260324412405e-15,9.076178554341788e-07,4.5109562995207615e-08
66.3,3.1878773230819464e-15,9.304892498866557e-07,4.391360984487522e-08
66.4,2.549027026270932e-15,9.51886315238588e-07,4.2991610547311974e-08
66.5,1.2738764156665383e-15,9.717771478112593e-07,4.2352107650316545e-08
66.6,1.5915495458334016e-16,9.901322255453556e-07,4.2014668620213336e-08
66.7,-9.544523819826148e-16,1.0069244513824247e-06,4.1992357028193526e-08
66.8,-1.7489546709768641e-15,1.0221291931643435e-06,4.2280595354813347e-08
66.9,-3.019411621114661e-15,1.0357243198451755e-06,4.28817390665198e-08
67.0,-3.494413180983606e-15,1.0476902333064144e-06,4.379924221247535e-08
67.1,-4.127696667689602e-15,1.0580098962668435e-06,4.501690680521382e-08
67.2,-4.601667950835533e-15,1.0666688565800933e-06,4.6518795584513315e-08
67.3,-5.233763235693133e-15,1.0736552671547875e-06,4.829666588719725e-08
67.4,-6.182264646038789e-15,1.0789599015738128e-06,5.0325402504964116e-08
67.5,-6.6544953853216135e-15,1.0825761660592e-06,5.257277591403139e-08
67.6,-7.126252467109561e-15,1.0845001072676872e-06,5.5018060033732e-08
67.7,-7.597536246943062e-15,1.0847304155433266e-06,5.763051946391037e-08
67.8,-8.226549964049473e-15,1.083268424340905e-06,6.036636826518566e-08
67.9,-8.53868532172309e-15,1.0801181057656587e-06,6.31934358911691e-08
68.0,-8.534417046220027e-15,1.075286061562748e-06,6.607871199717642e-08
68.1,-8.688116661808702e-15,1.0687815100364278e-06,6.897346137356421e-08
68.2,-8.525886894960283e-15,1.0606162693255123e-06,7.183714015562849e-08
68.3,-8.363817146384564e-15,1.0508047363651637e-06,7.463750653150127e-08
68.4,-8.35963628311429e-15,1.0393638615856056e-06,7.732812860252865e-08
68.5,-8.670757793140042e-15,1.0263131200836434e-06,7.986500180860117e-08
68.6,-8.1937094889308e-15,1.0116744788901066e-06,8.221924054841925e-08
68.7,-7.244658236125955e-15,9.954723599478682e-07,8.435332133307899e-08
68.8,-7.39845065618794e-15,9.777335995509674e-07,8.622589722706312e-08
68.9,-6.9227468860112926e-15,9.584874043429165e-07,8.781358921352593e-08
69.0,-6.290260343424947e-15,9.377653032367183e-07,8.909264262883448e-08
69.1,-5.81558229944939e-15,9.156010957275624e-07,9.003069942559709e-08
69.2,-5.498476573768131e-15,8.920307971615561e-07,9.061169743561747e-08
69.3,-5.0246656207326006e-15,8.670925803676499e-07,9.08280644934548e-08
69.4,-4.551326986285072e-15,8.408267136745308e-07,9.066183718602113e-08
69.5,-3.921596458287065e-15,8.132754961407318e-07,9.010578440506388e-08
69.6,-3.292494366147663e-15,7.844831897393043e-07,8.91683251110624e-08
69.7,-2.5073131660630855e-15,7.544959480905236e-07,8.784928520214788e-08
69.8,-2.0361736060591012e-15,7.233617425322601e-07,8.615142382160002e-08
69.9,-1.4089539972014012e-15,6.911302857585008e-07,8.409668426075325e-08
70.0,-3.129443769539335e-16,6.578529524003233e-07,8.170333048145116e-08
70.1,4.691819158154772e-16,6.235826970136589e-07,7.898470393298328e-08
70.2,1.5631579449851185e-15,5.883739701535588e-07,7.597224557320788e-08
70.3,2.343564842062211e-15,5.52282631995558e-07,7.270032999593524e-08
70.4,2.9670315798814245e-15,5.153658634962828e-07,6.919259749480202e-08
70.5,3.902037414353455e-15,4.776820759972838e-07,6.54853005529877e-08
70.6,4.524100784650821e-15,4.392908191003624e-07,6.162396951229949e-08
70.7,5.1455412720460734e-15,4.0025268638149766e-07,5.764109389758956e-08
70.8,5.766359343828315e-15,3.606292197600615e-07,5.3573249347328364e-08
70.9,6.542325112511094e-15,3.2048281285050595e-07,4.947042002454202e-08
71.0,7.317513668515053e-15,2.7987661266979e-07,4.537117568955321e-08
71.1,8.091925594964125e-15,2.3887442015126517e-07,4.1308767958963095e-08
71.2,8.24341680970972e-15,1.9754059022337908e-07,3.733041381020618e-08
71.3,9.482963472173117e-15,1.5593993094684158e-07,3.3476777548142986e-08
71.4,9.788984591203696e-15,1.1413760166715738e-07,2.9775309734081725e-08
71.5,1.009469739605193e-14,7.219901112945442e-08,2.6264020431244692e-08
71.6,1.0710552927995003e-14,3.0189715437793134e-08,2.2980888413268764e-08
71.7,1.1170642424480362e-14,-1.1824684602085592e-08,1.9946246673191863e-08
71.8,1.1630269270172636e-14,-5.3778645941718384e-08,1.7184372901197144e-08
71.9,1.1934441071454382e-14,-9.56067851671981e-08,1.4725666831807833e-08
72.0,1.1773560078287195e-14,-1.3724398042804954e-07,1.258295058400574e-08
72.1,1.176767476969781e-14,-1.7862547300034572e-07,1.0764841732228937e-08
72.2,1.1761792403027177e-14,-2.1968696769222535e-07,9.29001064063782e-09
72.3,1.1601229911320435e-14,-2.603647325798308e-07,8.163950922134725e-09
72.4,1.1440825002993159e-14,-3.00595698160582e-07,7.380424339204015e-09
72.5,1.1589634480091016e-14,-3.4031755498073364e-07,6.9437793743479e-09
72.6,1.158384111131386e-14,-3.7946884982430076e-07,6.8526285601536065e-09
72.7,1.1423676629983747e-14,-4.1798908095736274e-07,7.088990860366976e-09
72.8,1.1109372537785226e-14,-4.55818791652929e-07,7.64245915480395e-09
72.9,1.0949599528290421e-14,-4.928996615926483e-07,8.505299760148788e-09
73.0,1.0173412991575726e-14,-5.291745967865887e-07,9.652358909175567e-09
73.1,9.706130849428978e-15,-5.645878176573155e-07,1.1060395395277012e-08
73.2,9.239313330541366e-15,-5.990849445052406e-07,1.2715953370264393e-08
73.3,8.619048506691279e-15,-6.326130808295714e-07,1.459167226932354e-08
73.4,7.999401483950923e-15,-6.65120894655163e-07,1.66554770662469e-08
73.5,7.380371799662308e-15,-6.965586969712781e-07,1.8889042745532958e-08
73.6,6.608278105305711e-15,-7.268785173503271e-07,2.1267143340741844e-08
73.7,5.836954467481542e-15,-7.560341772818818e-07,2.3754225271374564e-08
73.8,5.0664003092526896e-15,-7.839813605324762e-07,2.6328367123626984e-08
73.9,4.756966667002107e-15,-8.106776801251626e-07,2.8969432124058925e-08
74.0,3.834345788863184e-15,-8.360827425915826e-07,3.164407527605908e-08
74.1,3.3725376037602517e-15,-8.601582092419723e-07,3.432857998866139e-08
74.2,2.604749084533656e-15,-8.828678537077765e-07,3.7009128124989636e-08
74.3,1.3782954893986408e-15,-9.041776162172781e-07,3.965948146855769e-08
74.4,4.592021713040556e-16,-9.240556548429005e-07,4.2256413063441266e-08
74.5,-3.0598175173940627e-16,-9.424723929102365e-07,4.4792023627599016e-08
74.6,-1.3762295959719677e-15,-9.5940056261829e-07,4.725034860864041e-08
74.7,-2.7510833063480267e-15,-9.748152454634796e-07,4.9611162858948694e-08
74.8,-3.3607543548613944e-15,-9.8869390889635e-07,5.187091484642161e-08
74.9,-3.9698151972915695e-15,-1.0010164388107468e-06,5.402478337888086e-08
75.0,-5.036092920485587e-15,-1.0117651685324871e-06,5.605785159988146e-08
75.1,-5.796238458497517e-15,-1.0209249041865484e-06,5.7968848077253057e-08
75.2,-6.0982537512393e-15,-1.028482945743477e-06,5.976261706687299e-08
75.3,-6.5523457905072455e-15,-1.0344291041917565e-06,6.143115803702261e-08
75.4,-7.462894218358548e-15,-1.0387557151886299e-06,6.297357858575704e-08
75.5,-7.915847196034608e-15,-1.0414576484773045e-06,6.44010350600611e-08
75.6,-8.520497204964336e-15,-1.0425323130975475e-06,6.571292287733093e-08
75.7,-8.820389379148177e-15,-1.0419796590560642e-06,6.69075060997164e-08
75.8,-9.42397892729413e-15,-1.0398021750220374e-06,6.799790743570764e-08
75.9,-9.571191794915921e-15,-1.036004881645389e-06,6.899005463153122e-08
76.0,-9.566407395218061e-15,-1.0305953211910978e-06,6.988104510326128e-08
76.1,-9.865169050205344e-15,-1.02358354351586e-06,7.068170375696523e-08
76.2,-9.708541734026705e-15,-1.0149820877306438e-06,7.140237072599322e-08
76.3,-9.703688676525173e-15,-1.0048059599815907e-06,7.203948553826769e-08
76.4,-9.85038238939814e-15,-9.930726078317822e-07,7.259839940298977e-08
76.5,-9.693989838076109e-15,-9.798018906239304e-07,7.309091937588052e-08
76.6,-9.083572551284876e-15,-9.650160458238958e-07,7.351383772032274e-08
76.7,-8.776397503591032e-15,-9.487396520966021e-07,7.386566619917003e-08
76.8,-8.469527284405895e-15,-9.309995888111582e-07,7.415655860049336e-08
76.9,-7.709463795414053e-15,-9.118249915620225e-07,7.43847599939759e-08
77.0,-7.705610027038728e-15,-8.912472044311052e-07,7.454262667523778e-08
77.1,-7.097698719570579e-15,-8.692997291616075e-07,7.463613026314723e-08
77.2,-6.64133262383218e-15,-8.460181706150104e-07,7.466576381926508e-08
77.3,-5.883693152599805e-15,-8.214401789324856e-07,7.462020920859598e-08
77.4,-5.428386499719312e-15,-7.956053890096728e-07,7.449998123123493e-08
77.5,-4.52139415408724e-15,-7.685553567379514e-07,7.430807805065848e-08
77.6,-3.765945018408568e-15,-7.4033349198325e-07,7.403309217883922e-08
77.7,-3.312375014576358e-15,-7.109849891371261e-07,7.367044206056738e-08
77.8,-2.4077958116705074e-15,-6.805567550456747e-07,7.322532520809936e-08
77.9,-1.50412013418062e-15,-6.490973338838699e-07,7.269001705436081e-08
78.0,-6.013473048388859e-16,-6.166568297320755e-07,7.205679958115525e-08
78.1,3.0052335317117655e-16,-5.83286827145124e-07,7.133239748738615e-08
78.2,1.5018656452687498e-15,-5.490403090979608e-07,7.051576285921138e-08
78.3,2.401783840236858e-15,-5.13971572718595e-07,6.959917755938194e-08
78.4,3.4508384197039273e-15,-4.781361435186534e-07,6.859012473624071e-08
78.5,4.348882153110123e-15,-4.4159068762662865e-07,6.749574258568955e-08
78.6,5.395913696548858e-15,-4.0439292196359055e-07,6.631182974658934e-08
78.7,6.142274249365923e-15,-3.666015232591121e-07,6.504607157147586e-08
78.8,6.73815059988758e-15,-3.28276035791179e-07,6.371345843273662e-08
78.9,7.632753348944914e-15,-2.894767773943267e-07,6.231627412161519e-08
79.0,8.376873017010087e-15,-2.502647445093967e-07,6.086223380642793e-08
79.1,8.970734600824513e-15,-2.1070151664803764e-07,5.937209497825422e-08
79.2,9.862875390146963e-15,-1.70849159657917e-07,5.7856196246062107e-08
79.3,1.0306033602610677e-14,-1.3077012818049948e-07,5.632247796978872e-08
79.4,1.0599458160047406e-14,-9.05271680739954e-08,5.479411684440992e-08
79.5,1.119101382642133e-14,-5.018321833779107e-08,5.3289120899719105e-08
79.6,1.1483697577302443e-14,-9.801312444083226e-09,5.181600174689429e-08
79.7,1.1776085921236431e-14,3.0555519999151893e-08,5.039649905924991e-08
79.8,1.1919189215231647e-14,7.082435132274069e-08,4.90538377050908e-08
79.9,1.2211061888031255e-14,1.1094245408903351e-07,4.779727021235289e-08
80.0,1.2204957883215611e-14,1.508473988431027e-07,4.664352858015072e-08
80.1,1.2347623477561933e-14,1.904771509053486e-07,4.5616946964161835e-08
80.2,1.2341451209018876e-14,2.2977016682238476e-07,4.4727156723991675e-08
80.3,1.2483899881571685e-14,2.686654901245535e-07,4.398327985250868e-08
80.4,1.2329115926479067e-14,3.07102845598553e-07,4.340581920606026e-08
80.5,1.2322952909398495e-14,3.45022732521022e-07,4.300367385988479e-08
80.6,1.2020002780934376e-14,3.823665169903025e-07,4.277713017341212e-08
80.7,1.1569031530616322e-14,4.1907652245367593e-07,4.273815520388689e-08
80.8,1.1415001685601284e-14,4.550961184702445e-07,4.28930823817481e-08
80.9,1.0816604930284435e-14,4.90369808220393e-07,4.3233582286641436e-08
81.0,1.0811197979669591e-14,5.248433140558273e-07,4.375968070210842e-08
81.1,1.0361720016846588e-14,5.584636606600435e-07,4.447289961025592e-08
81.2,9.764738140303763e-15,5.911792564397135e-07,4.5357726414758286e-08
81.3,9.020473886196528e-15,6.229399728674156e-07,4.640096727694128e-08
81.4,8.424753971600187e-15,6.536972210037856e-07,4.759720976320618e-08
81.5,7.681898555644267e-15,6.834040256286524e-07,4.8925977923270115e-08
81.6,7.382748621580525e-15,7.120150971840859e-07,5.036207095436746e-08
81.7,7.083895843161143e-15,7.394869006872541e-07,5.18918191724756e-08
81.8,6.195310433006608e-15,7.6577772163537e-07,5.3492299563257606e-08
81.9,5.602478928067727e-15,7.908477294527249e-07,5.512984944414138e-08
82.0,5.157598515997104e-15,8.146590378682588e-07,5.6782616375619893e-08
82.1,4.713161473217356e-15,8.371757617962968e-07,5.8427634400976584e-08
82.2,4.121954796336784e-15,8.583640713476949e-07,6.002801128483974e-08
82.3,3.97275525073649e-15,8.781922427973292e-07,6.155553966279871e-08
82.4,3.3825072407897696e-15,8.966307057801383e-07,6.298926352420538e-08
82.5,3.2338243920900453e-15,9.136520871266541e-07,6.429497395483166e-08
82.6,2.6445337233174702e-15,9.292312516329551e-07,6.54416789719026e-08
82.7,2.055831389863564e-15,9.433453390114463e-07,6.641207047084104e-08
82.8,1.761260340946913e-15,9.559737970254622e-07,6.718011284877689e-08
82.9,1.1735866205981958e-15,9.67098411413387e-07,6.7716871034393e-08
83.0,5.864999869808888e-16,9.767033321138162e-07,6.80100050685657e-08
83.1,0.0,9.847750953691834e-07,6.804572357715809e-08
83.2,-5.859137801461758e-16,9.913026423496533e-07,6.780244227649149e-08
83.3,-4.3921567236234023e-16,9.962773342544585e-07,6.727391464818171e-08
83.4,-1.1706563184505836e-15,9.996929632129031e-07,6.646059006628489e-08
83.5,-1.6088478128236425e-15,1.0015457593793765e-06,6.535293277832146e-08
83.6,-2.0466009327141556e-15,1.0018343946287105e-06,6.395179511776667e-08
83.7,-1.8994651817424054e-15,1.000559982197927e-06,6.2271572292014e-08
83.8,-2.190595022936671e-15,9.977260722534538e-07,6.031785717554289e-08
83.9,-2.481433332431142e-15,9.933386440600234e-07,5.809941862325974e-08
84.0,-2.4801929258924025e-15,9.87406094397551e-07,5.564224410361797e-08
84.1,-2.770594685213897e-15,9.799392218018581e-07,5.29677409839716e-08
84.2,-2.7692097341379126e-15,9.70951207293035e-07,5.009300719884076e-08
84.3,-3.059175525402731e-15,9.604575916930156e-07,4.705180547775855e-08
84.4,-2.6208397028342102e-15,9.484762488955896e-07,4.387932740586987e-08
84.5,-2.474000187725764e-15,9.350273554679462e-07,4.0600675844462685e-08
84.6,-2.1818501442621083e-15,9.201333571142962e-07,3.7252885653693e-08
84.7,-1.7446075935006367e-15,9.038189314357851e-07,3.388040682213669e-08
84.8,-1.5984242154315364e-15,8.861109469396698e-07,3.051496574903866e-08
84.9,-1.7428638579202374e-15,8.67038419052583e-07,2.7192462119571073e-08
85.0,-1.1613284292086364e-15,8.466324629094847e-07,2.3960312942758047e-08
85.1,-7.254674438349341e-16,8.249262424833725e-07,2.0854248400517513e-08
85.2,-2.90041920312534e-16,8.0195491674762e-07,1.7905325003310243e-08
85.3,4.34845403402364e-16,7.777555831069609e-07,1.5156991746252526e-08
85.4,8.692560700945601e-16,7.523672174867101e-07,1.2645181851772742e-08
85.5,1.7376431013968287e-15,7.258306114483446e-07,1.0393457356683593e-08
85.6,1.7367744970153217e-15,6.981883069751434e-07,8.43495521427142e-09
85.7,2.603859490241172e-15,6.69484528432117e-07,6.801220521106223e-09
85.8,3.180904082796302e-15,6.397651116251427e-07,5.506794450099486e-09
85.9,4.335428220411346e-15,6.09077430786488e-07,4.569874666486571e-09
86.0,5.199913257767229e-15,5.774703233581761e-07,4.012902986629398e-09
86.1,6.207902774828472e-15,5.449940121215729e-07,3.840853051253903e-09
86.2,7.070585589899531e-15,5.117000253891176e-07,4.054834878719133e-09
86.3,7.93240438659035e-15,4.776411156008299e-07,4.664197675582282e-09
86.4,9.22582013181948e-15,4.4287117572759206e-07,5.664534273965925e-09
86.5,9.94161527906929e-15,4.0744515383762374e-07,7.040451955680243e-09
86.6,1.0800701862961494e-14,3.714189665543822e-07,8.785787511604538e-09
86.7,1.1802864462336085e-14,3.3484941095874763e-07,1.0887431847701983e-08
86.8,1.2372426188398433e-14,2.977940748311181e-07,1.3316531862797678e-08
86.9,1.3229002557990464e-14,2.603112461092949e-07,1.6051207648687685e-08
87.0,1.422844110104414e-14,2.2245982150233607e-07,1.907067761452363e-08
87.1,1.4939577580911574e-14,1.84299213788911e-07,2.2337411978870775e-08
87.2,1.6224311456692826e-14,1.4588925852310807e-07,2.5816070404570087e-08
87.3,1.6933732360907282e-14,1.0729012055857241e-07,2.9479583005144586e-08
87.4,1.7499005496212345e-14,6.856219979840462e-08,3.328727680296576e-08
87.5,1.820707204033096e-14,2.9766036501543317e-08,3.719485967400063e-08
87.6,1.9057717430830442e-14,-9.037783077010637e-09,4.11707872495346e-08
87.7,1.9621068877359265e-14,-4.7788721131755445e-08,4.517652094223881e-08
87.8,1.9897556573176795e-14,-8.642638297488481e-08,4.916487847729994e-08
87.9,2.0459915613516928e-14,-1.2489061104079808e-07,5.3102192148070627e-08
88.0,2.1021707463480372e-14,-1.6312157824498138e-07,5.695623972791279e-08
88.1,2.1297065893310213e-14,-2.0105988119069662e-07,6.068353195321002e-08
88.2,2.128642002205316e-14,-2.3864663252585997e-07,6.425117027395349e-08
88.3,2.1275779472401226e-14,-2.7582355200605857e-07,6.76358417350967e-08
88.4,2.1122425152823835e-14,-3.125330568557529e-07,7.080367813174862e-08
88.5,2.0969218832947665e-14,-3.4871835114279193e-07,7.372581486307544e-08
88.6,2.0958736844246738e-14,-3.843235133852667e-07,7.638875543852187e-08
88.7,2.0805754924514284e-14,-4.192935827894015e-07,7.877246386852064e-08
88.8,2.036805283951598e-14,-4.5357464430103923e-07,8.085537926364671e-08
88.9,2.021550862190457e-14,-4.871139116177371e-07,8.263328375546367e-08
89.0,1.9493945528121263e-14,-5.198598081559825e-07,8.410174958563789e-08
89.1,1.891531921091493e-14,-5.517620464928889e-07,8.524927586943067e-08
89.2,1.833726650434297e-14,-5.827717056498756e-07,8.607942273473497e-08
89.3,1.7475630387850055e-14,-6.128413057684046e-07,8.660248152146024e-08
89.4,1.6898865658965546e-14,-6.419248807705141e-07,8.681868270088651e-08
89.5,1.6464609472474803e-14,-6.699780487952872e-07,8.673744456327908e-08
89.6,1.546332185841745e-14,-6.969580796627583e-07,8.638054080534488e-08
89.7,1.4888414437234337e-14,-7.228239597429576e-07,8.576005072479186e-08
89.8,1.4030630828428395e-14,-7.47536454480816e-07,8.488937469480448e-08
89.9,1.3173701068577993e-14,-7.710581677948858e-07,8.37969518086155e-08
90.0,1.1892878845338508e-14,-7.933535983258754e-07,8.25050543504228e-08
90.1,1.1037867185686674e-14,-8.143891930934373e-07,8.102949952570572e-08
90.2,1.0325147732135937e-14,-8.341333980283967e-07,7.940004299648392e-08
90.3,9.0476593522834e-15,-8.525567049397195e-07,7.764584520118519e-08
90.4,7.912744571704183e-15,-8.696316955095547e-07,7.578394736119504e-08
90.5,7.202647296529916e-15,-8.853330822205078e-07,7.384061221357886e-08
90.6,5.928626836639728e-15,-8.996377455116427e-07,7.184742585720313e-08
90.7,4.938052720146887e-15,-9.125247675241341e-07,6.982171029390391e-08
90.8,4.371517532547337e-15,-9.239754627771645e-07,6.778284403193465e-08
90.9,3.664601300753935e-15,-9.339734050855098e-07,6.575999759780837e-08
91.0,2.817514967771065e-15,-9.425044506763038e-07,6.376988797781839e-08
91.1,1.971274593692502e-15,-9.49556758115119e-07,6.182352524055301e-08
91.2,1.266614487491089e-15,-9.551208046359486e-07,5.994335321625795e-08
91.3,7.033229658598723e-16,-9.591893984386076e-07,5.814449625437296e-08
91.4,0.0,-9.617576875602026e-07,5.643004112147175e-08
91.5,-4.215719966629825e-16,-9.628231653541504e-07,5.4812781520751054e-08
91.6,-8.427225267047378e-16,-9.623856719259136e-07,5.330511275471511e-08
91.7,-1.5442189964009358e-15,-9.604473918663479e-07,5.190417926747951e-08
91.8,-2.1047005634971947e-15,-9.57012848733524e-07,5.061215286488906e-08
91.9,-2.5243781715110088e-15,-9.520888956919536e-07,4.943755008282057e-08
92.0,-2.52311629791994e-15,-9.456847022433467e-07,4.837438211145225e-08
92.1,-3.0822672895763943e-15,-9.378117377256103e-07,4.741534957746421e-08
92.2,-2.8006604919552832e-15,-9.284837513062117e-07,4.6564180783451204e-08
92.3,-2.9392235373202034e-15,-9.177167480313724e-07,4.5814597323158704e-08
92.4,-2.9377542928932595e-15,-9.055289615578466e-07,4.515279231723024e-08
92.5,-2.5168163853470605e-15,-8.919408237381813e-07,4.457734936284043e-08
92.6,-2.795064768560009e-15,-8.769749304485329e-07,4.4083878573065647e-08
92.7,-2.933350964775632e-15,-8.606560039853816e-07,4.365613491111734e-08
92.8,-2.513043990772295e-15,-8.430108525961701e-07,4.328799808421423e-08
92.9,-2.232700251426719e-15,-8.2406832663872e-07,4.297803744583003e-08
93.0,-2.0921101690706516e-15,-8.038592712779891e-07,4.27117995732121e-08
93.1,-1.8122557920621332e-15,-7.824164764683274e-07,4.247976221721228e-08
93.2,-1.3933460697387117e-15,-7.597746240647247e-07,4.228333249041832e-08
93.3,-8.355897425058461e-16,-7.359702316154487e-07,4.21132630301414e-08
93.4,-4.175860260329525e-16,-7.110415934862567e-07,4.1958629093671874e-08
93.5,-1.3912576173649688e-16,-6.85028719610685e-07,4.182258723587703e-08
93.6,5.56224864973803e-16,-6.579732712805967e-07,4.1702930327717905e-08
93.7,6.949335275722971e-16,-6.299184942923514e-07,4.158964394722062e-08
93.8,1.8059239839178876e-15,-6.009091501139764e-07,4.148603263488385e-08
93.9,2.499260189024503e-15,-5.709914446335133e-07,4.1396814241190306e-08
94.0,2.9143460164996952e-15,-5.402129543712279e-07,4.131497219969096e-08
94.1,3.3290162373988452e-15,-5.086225509657619e-07,4.1242378693194494e-08
94.2,4.297829854394696e-15,-4.7627032386712734e-07,4.1188708950033846e-08
94.3,5.127103697885421e-15,-4.4320750077573204e-07,4.115126833913821e-08
94.4,5.678545196203329e-15,-4.0948636649455606e-07,4.112939081311713e-08
94.5,6.644729717040105e-15,-3.75160180581809e-07,4.11344353396736e-08
94.6,7.333221534992132e-15,-3.4028309323208615e-07,4.1168199151709235e-08
94.7,8.159316879297164e-15,-3.049100596860005e-07,4.1227103145479086e-08
94.8,8.984584502358315e-15,-2.6909675390508755e-07,4.132045943210686e-08
94.9,9.53271446117723e-15,-2.3289948111543087e-07,4.145344982608948e-08
95.0,1.0356466625366714e-14,-1.9637508907615386e-07,4.1619959804217286e-08
95.1,1.0903358469671112e-14,-1.5958087891743847e-07,4.182401091615593e-08
95.2,1.1587649175478893e-14,-1.2257451554095215e-07,4.207200657280133e-08
95.3,1.2133373789539537e-14,-8.541393710561243e-08,4.235622386739503e-08
95.4,1.2954170570363546e-14,-4.8157264263238964e-08,4.267344953946881e-08
95.5,1.3774143727744512e-14,-1.0862709585608491e-08,4.302861150171066e-08
95.6,1.418027612868253e-14,2.6411513380570248e-08,4.341353007604812e-08
95.7,1.4310791527545253e-14,6.360728116021575e-08,4.381759879659842e-08
95.8,1.4991312820348293e-14,1.0066665072945442e-07,4.424175400942784e-08
95.9,1.567115018605095e-14,1.3753194959715303e-07,4.467840897155907e-08
96.0,1.5938111597060785e-14,1.7414586576421183e-07,4.511123346877734e-08
96.1,1.6479459861925037e-14,2.104515367201072e-07,4.5535578151723416e-08
96.2,1.715752311623258e-14,2.4639263744945777e-07,4.5945158184138355e-08
96.3,1.769771278697569e-14,2.819134679428362e-07,4.632104799291179e-08
96.4,1.81002351224841e-14,3.1695903958384394e-07,4.665288487359761e-08
96.5,1.8228241716068203e-14,3.5147515994851076e-07,4.693600313934023e-08
96.6,1.8767073628950468e-14,3.854085165771225e-07,4.715275050517184e-08
96.7,1.8757692437629264e-14,4.187067594981972e-07,4.72886071962155e-08
96.8,1.8885164957159967e-14,4.513185817462482e-07,4.7340566323305284e-08
96.9,1.901250534895487e-14,4.831937982202359e-07,4.729600057949e-08
97.0,1.900300147244752e-14,5.142834231048084e-07,4.713927008077327e-08
97.1,1.885685844491588e-14,5.445397450596239e-07,4.686901169151994e-08
97.2,1.8710856775506418e-14,5.739164001287484e-07,4.648046061338746e-08
97.3,1.856499635941384e-14,6.023684428880694e-07,4.5960763926180524e-08
97.4,1.841927709190231e-14,6.298524152761044e-07,4.5310376590873125e-08
97.5,1.8137327981228497e-14,6.563264126469922e-07,4.453375786395314e-08
97.6,1.744674799064163e-14,6.817501476003572e-07,4.362473948221824e-08
97.7,1.7165557628421276e-14,7.060850114514899e-07,4.2586098130358344e-08
97.8,1.6476144574509903e-14,7.292941326217581e-07,4.1431188816109636e-08
97.9,1.5515219636357986e-14,7.513424322752337e-07,4.0163470113345275e-08
98.0,1.4555251265975795e-14,7.721966774918752e-07,3.878882859520843e-08
98.1,1.359623874714581e-14,7.918255312608333e-07,3.7327658725681904e-08
98.2,1.2909970210667918e-14,8.101995992290816e-07,3.5794240074072376e-08
98.3,1.2088557880784782e-14,8.272914737593418e-07,3.419839991922008e-08
98.4,1.0860687741718931e-14,8.430757748498469e-07,3.256464492203592e-08
98.5,1.0041114348567219e-14,8.57529187463399e-07,3.091708187262494e-08
98.6,8.81548889204053e-15,8.706304958234151e-07,2.926997086567581e-08
98.7,7.726641357119666e-15,8.823606146503157e-07,2.7648538108318438e-08
98.8,6.774367545710811e-15,8.92702616670913e-07,2.6083579722057152e-08
98.9,5.552204591046083e-15,9.016417567069137e-07,2.459351447615135e-08
99.0,4.466613732385262e-15,9.091654927220088e-07,2.3201054677358336e-08
99.1,3.787959622578085e-15,9.152635032075592e-07,2.1938913114802542e-08
99.2,2.704332940130602e-15,9.199277008233851e-07,2.0828310607644693e-08
99.3,1.4866396114052016e-15,9.231522428986127e-07,1.98868505892357e-08
99.4,2.7016299589063317e-16,9.249335384701856e-07,1.914364513310861e-08
99.5,-6.750698703935867e-16,9.252702514143579e-07,1.8620207589745274e-08
99.6,-1.8892507755185723e-15,9.241633002384269e-07,1.8327317468984326e-08
99.7,-2.832459579371708e-15,9.21615854634728e-07,1.8285295253533153e-08
99.8,-3.909536543039693e-15,9.176333281805549e-07,1.851252418986933e-08
99.9,-4.716047559250279e-15,9.122233674715849e-07,1.9012157105009995e-08
100.0,-5.387074428432411e-15,9.053958381728872e-07,1.979186701155849e-08
100.1,-6.057429260051568e-15,8.971628074638984e-07,2.0863110862177696e-08
100.2,-6.861654809470555e-15,8.875385227711195e-07,2.2221376468130465e-08
100.3,-7.261649830196193e-15,8.765393874561937e-07,2.385989822140622e-08
100.4,-7.795651017490581e-15,8.641839332622508e-07,2.5779815699571182e-08
100.5,-8.329116522570709e-15,8.504927890741712e-07,2.7969442232651763e-08
100.6,-8.862046747551324e-15,8.35488646576894e-07,3.0408154431934134e-08
100.7,-8.857616831748789e-15,8.19196223043127e-07,3.308459602143062e-08
100.8,-9.255606818093712e-15,8.016422206731766e-07,3.598072851053471e-08
100.9,-9.116907995044995e-15,7.828552827599356e-07,3.906486148937066e-08
101.0,-9.246355837536812e-15,7.628659472686645e-07,4.231284553911146e-08
101.1,-9.107795643984845e-15,7.417065973881571e-07,4.5701345437694794e-08
101.2,-8.835500446669714e-15,7.194114089243265e-07,4.919201112622317e-08
101.3,-8.96488810071049e-15,6.960162952676439e-07,5.274982346953845e-08
101.4,-8.157982289584307e-15,6.715588498447867e-07,5.634746666252806e-08
101.5,-7.886563192836468e-15,6.460782856034974e-07,5.994511752399221e-08
101.6,-7.749017152880976e-15,6.196153721344531e-07,6.350091521915674e-08
101.7,-6.8103849008841955e-15,5.922123707714719e-07,6.698525717671544e-08
101.8,-6.8069805595900005e-15,5.639129671184178e-07,7.036188465665567e-08
101.9,-6.136560476899708e-15,5.347622012639244e-07,7.358767027334789e-08
102.0,-5.733482552933696e-15,5.048063963608858e-07,7.66329077145015e-08
102.1,-5.064265769127404e-15,4.740930851875974e-07,7.946900932131978e-08
102.2,-4.3957166021744424e-15,4.426709345381094e-07,8.2057768893835e-08
102.3,-3.3284237070048216e-15,4.1058966822404306e-07,8.43720704917414e-08
102.4,-2.661407928907959e-15,3.7789998867809103e-07,8.639365343966809e-08
102.5,-2.3940698018076518e-15,3.44653496697283e-07,8.809492685403965e-08
102.6,-1.4623113181817573e-15,3.1090260994022145e-07,8.945440596943677e-08
102.7,-3.9861282144030546e-16,2.7670048059939225e-07,9.046519610256753e-08
102.8,0.0,2.421009117099777e-07,9.111446383855599e-08
102.9,6.636906797647617e-16,2.0715827234096233e-07,9.138938628192749e-08
103.0,1.459389618219256e-15,1.7192741240085926e-07,9.129399520512118e-08
103.1,1.9890819624592482e-15,1.364635767140198e-07,9.083204144748698e-08
103.2,2.253166026081407e-15,1.0082231819245849e-07,9.000185010559765e-08
103.3,3.04687727454972e-15,6.505941090582004e-08,8.881684202011211e-08
103.4,3.57498103700579e-15,2.9230763090404948e-08,8.72965372804195e-08
103.5,4.102556066364773e-15,-6.607670375825691e-09,8.545177180413874e-08
103.6,4.761877123818162e-15,-4.239997543020714e-08,8.330318151890689e-08
103.7,5.420537999890548e-15,-7.809036575194787e-08,8.088279402149865e-08
103.8,6.078539189850419e-15,-1.1362326968612404e-07,7.821370949437155e-08
103.9,6.603805086898121e-15,-1.4894341695140044e-07,7.532138797384359e-08
104.0,7.260554410662022e-15,-1.8399592438321615e-07,7.224531988416019e-08
104.1,7.784701407483821e-15,-2.1872638102926068e-07,6.901876631870024e-08
104.2,8.176444437995709e-15,-2.5308093280371307e-07,6.566969805360078e-08
104.3,8.699606091704651e-15,-2.870063659151615e-07,6.223920334538326e-08
104.4,8.827003699806043e-15,-3.2045018899860053e-07,5.8766862194182186e-08
104.5,9.085952235510348e-15,-3.53360714438947e-07,5.52810242891431e-08
104.6,9.476254325162459e-15,-3.856871383288687e-07,5.181877863688727e-08
104.7,9.47151738233427e-15,-4.173796185885024e-07,4.84209168083119e-08
104.8,9.861232091026539e-15,-4.48389351765615e-07,4.51142197876035e-08
104.9,9.987720076862014e-15,-4.786686483596878e-07,4.192736896043343e-08
105.0,9.982727465080542e-15,-5.081710059423118e-07,3.8896807988452684e-08
105.1,1.0109023366730738e-14,-5.3685118036883e-07,3.604590544412354e-08
105.2,1.0103970118464715e-14,-5.64665255334025e-07,3.339234722274822e-08
105.3,9.96776459883814e-15,-5.915707095436195e-07,3.09631798464078e-08
105.4,9.96278196230166e-15,-6.175264814136449e-07,2.8776589019405156e-08
105.5,1.0088825524572048e-14,-6.424930318076447e-07,2.6838696558369005e-08
105.6,9.821865947437787e-15,-6.664324043351736e-07,2.5163548661276873e-08
105.7,9.555170742206244e-15,-6.893082827463191e-07,2.3762517137469028e-08
105.8,9.681221670909597e-15,-7.110860459360438e-07,2.2631399614366712e-08
105.9,9.284096502321462e-15,-7.317328204862189e-07,2.1769767262985966e-08
106.0,9.018062498490689e-15,-7.512175300643763e-07,2.1180899503816915e-08
106.1,8.49102969029335e-15,-7.695109419526428e-07,2.0852779391416473e-08
106.2,8.356219309932348e-15,-7.865857110269817e-07,2.0771440095729324e-08
106.3,8.221541584558373e-15,-8.024164205432335e-07,2.0931426757909187e-08
106.4,7.695690137078799e-15,-8.16979619626678e-07,2.1315996674454556e-08
106.5,7.431102804529485e-15,-8.30253858009378e-07,2.1900795281974277e-08
106.6,7.166778070216055e-15,-8.422197176480923e-07,2.2671942605977526e-08
106.7,6.902715737719684e-15,-8.528598407710769e-07,2.361095902585443e-08
106.8,6.50874079485519e-15,-8.62158954866046e-07,2.468782065391231e-08
106.9,5.985048258881598e-15,-8.701038946500505e-07,2.5881667617384858e-08
107.0,5.3318329520238944e-15,-8.76683620393438e-07,2.7174677255538852e-08
107.1,4.809248901729015e-15,-8.81889232851901e-07,2.8536493526097957e-08
107.2,4.027356519685313e-15,-8.857139852145095e-07,2.9941857403584506e-08
107.3,3.5059442035016403e-15,-8.881532915199755e-07,3.1375148761835424e-08
107.4,2.465912656363992e-15,-8.892047314216247e-07,3.281059059323568e-08
107.5,1.81608000605944e-15,-8.888680518923908e-07,3.422196432300326e-08
107.6,1.5558618797387834e-15,-8.871451656269855e-07,3.559658021826579e-08
107.7,6.479517263538497e-16,-8.840401456971998e-07,3.691680811740217e-08
107.8,-1.2952556629422824e-16,-8.795592169823633e-07,3.815925229745369e-08
107.9,-5.178432787963153e-16,-8.737107445386921e-07,3.931428292385782e-08
108.0,-1.1645649492222147e-15,-8.665052183304868e-07,4.0374062194809314e-08
108.1,-2.069302777411491e-15,-8.579552345600135e-07,4.132146142137866e-08
108.2,-2.714602254843317e-15,-8.480754741023729e-07,4.214976242036283e-08
108.3,-3.1008517634110057e-15,-8.368826775904435e-07,4.2860492014329745e-08
108.4,-3.744989584461006e-15,-8.243956170096969e-07,4.3445224036565666e-08
108.5,-4.517555673103663e-15,-8.106350644530153e-07,4.389998468049031e-08
108.6,-5.03133145528089e-15,-7.956237579100662e-07,4.423348916408891e-08
108.7,-5.802480482728702e-15,-7.793863636491233e-07,4.444690114634159e-08
108.8,-6.44397774186281e-15,-7.619494357290724e-07,4.453896403840805e-08
108.9,-7.0848322141903494e-15,-7.433413729242417e-07,4.452231884563038e-08
109.0,-7.596293642342586e-15,-7.235923725233665e-07,4.440683747934286e-08
109.1,-7.978555586165979e-15,-7.027343812258595e-07,4.419406872188414e-08
109.2,-7.974567305526145e-15,-6.808010437375165e-07,4.3897076962039696e-08
109.3,-8.48481205198161e-15,-6.578276486853223e-07,4.3531935860936554e-08
109.4,-8.866051193034035e-15,-6.338510716913855e-07,4.310305673502703e-08
109.5,-8.861619275509231e-15,-6.089097163121342e-07,4.2620992788577906e-08
109.6,-8.857189573389293e-15,-5.830434528147205e-07,4.2104417518060824e-08
109.7,-9.109363885148439e-15,-5.562935543441564e-07,4.1560399488963e-08
109.8,-8.976573576310726e-15,-5.287026310352324e-07,4.099522004569519e-08
109.9,-8.715741085367072e-15,-5.00314562447875e-07,4.04262225171214e-08
110.0,-8.967601489525483e-15,-4.7117442781318876e-07,3.986249927746598e-08
110.1,-8.45094059185587e-15,-4.41328434300633e-07,3.9305721118662144e-08
110.2,-7.934793985160478e-15,-4.1082384398389795e-07,3.876851049120967e-08
110.3,-7.674994432114701e-15,-3.7970889917744375e-07,3.8260880618133784e-08
110.4,-7.287599999407418e-15,-3.4803274596604587e-07,3.778085152871737e-08
110.5,-6.5172247828158135e-15,-3.158453566715126e-07,3.733422343027069e-08
110.6,-6.2585172992577555e-15,-2.831974512980758e-07,3.6930481248411554e-08
110.7,-5.4894228444913064e-15,-2.501404175028442e-07,3.656583795896115e-08
110.8,-4.848692909931106e-15,-2.1672622964979647e-07,3.623889405225418e-08
110.9,-4.208602173479943e-15,-1.8300736738931545e-07,3.5957120857205245e-08
111.0,-3.441680507766114e-15,-1.490367332673154e-07,3.5717041189575084e-08
111.1,-2.548118590852298e-15,-1.1486756955602221e-07,3.5511451501646046e-08
111.2,-1.6554491525121006e-15,-8.055337502407865e-08,3.534465013052023e-08
111.3,-1.0182286983584643e-15,-4.614782135497726e-08,3.52152691066991e-08
111.4,-3.8164489172499823e-16,-1.1704669013923708e-08,3.5113081407107964e-08
111.5,3.8145411697679724e-16,2.2722316683332933e-08,3.503873499636128e-08
111.6,1.270878125307092e-15,5.7079449217265094e-08,3.499399118996477e-08
111.7,1.9053642676165955e-15,9.131320468761305e-08,3.4969053674574724e-08
111.8,2.9200981295409005e-15,1.2537030527479783e-07,3.496132156746186e-08
111.9,3.933817035141505e-15,1.5919780186783352e-07,3.497573457356444e-08
112.0,4.566020072828655e-15,1.9274315634363479e-07,3.500617475586141e-08
112.1,5.0708195927218185e-15,2.2595432333892244e-07,3.504804691071932e-08
112.2,6.081941780006732e-15,2.58779830795476e-07,3.510861946334859e-08
112.3,6.8387642653868565e-15,2.911688595443511e-07,3.518767012616239e-08
112.4,7.468248121101427e-15,3.23071322158108e-07,3.5280441712790845e-08
112.5,8.097100941468554e-15,3.544379403478981e-07,3.539506894546219e-08
112.6,8.72532320007355e-15,3.852203207996202e-07,3.553785558286937e-08
112.7,9.352915370185934e-15,4.1537102992063955e-07,3.5705799740368174e-08
112.8,1.0106205493427499e-14,4.448436670134001e-07,3.5906259300833556e-08
112.9,1.0858740177776897e-14,4.735929354008073e-07,3.6150911928559285e-08
113.0,1.0979513469046248e-14,5.015747119789088e-07,3.643995760673799e-08
113.1,1.135243974260917e-14,5.287461150972089e-07,3.677854223647106e-08
113.2,1.1977140771642816e-14,5.550655700783027e-07,3.7181044248558114e-08
113.3,1.2097165842341152e-14,5.804928726212122e-07,3.765134031739746e-08
113.4,1.209111877131372e-14,6.049892503633904e-07,3.819142747662678e-08
113.5,1.2588619503193792e-14,6.285174219432802e-07,3.8814798243001175e-08
113.6,1.2330680231422256e-14,6.510416534432667e-07,3.952823488434199e-08
113.7,1.27017975476618e-14,6.725278127048694e-07,4.033024616673355e-08
113.8,1.2695448236348077e-14,6.929434211180894e-07,4.1229765157269356e-08
113.9,1.2437832750403476e-14,7.122577024238112e-07,4.2234508373427785e-08
114.0,1.2431615388498279e-14,7.304416289966763e-07,4.333966075723136e-08
114.1,1.2425401134496993e-14,7.474679655963781e-07,4.454668809627463e-08
114.2,1.2293743623342562e-14,7.633113099512538e-07,4.586144158640118e-08
114.3,1.1786063663993051e-14,7.779481303964578e-07,4.727625712709688e-08
114.4,1.2030814064858041e-14,7.913568009094722e-07,4.8783642180685886e-08
114.5,1.1147991816322725e-14,8.035176329727322e-07,5.038461712925425e-08
114.6,1.1017223492179285e-14,8.144129041301521e-07,5.206920924274869e-08
114.7,1.0636316839492204e-14,8.240268837621996e-07,5.382122845432505e-08
114.8,1.0255788245317896e-14,8.323458557919016e-07,5.5634510145558275e-08
114.9,9.750629358176832e-15,8.393581378762447e-07,5.749721255502103e-08
115.0,9.12102736070514e-15,8.450540975497584e-07,5.93864069078542e-08
115.1,8.616935494526869e-15,8.494261654176704e-07,6.128769806906935e-08
115.2,8.113345315095767e-15,8.524688448181984e-07,6.31876937468201e-08
115.3,7.360739841997004e-15,8.54178718157865e-07,6.50599639057745e-08
115.4,6.8582766366242974e-15,8.545544503462685e-07,6.688260987543877e-08
115.5,6.2316803231342756e-15,8.53596788856094e-07,6.864100487601699e-08
115.6,5.854851346094762e-15,8.513085602592655e-07,7.030906952335975e-08
115.7,5.4783975466993954e-15,8.476946638102338e-07,7.185997172354978e-08
115.8,4.977871847828745e-15,8.427620619072266e-07,7.327838115321776e-08
115.9,4.353460592280729e-15,8.365197669960956e-07,7.454231308051754e-08
116.0,3.7296723480655514e-15,8.289788253917773e-07,7.562405153230571e-08
116.1,3.4792874461546796e-15,8.201522982323165e-07,7.65085402138411e-08
116.2,3.104953783276836e-15,8.100552390335062e-07,7.718087212769257e-08
116.3,2.4827213555517936e-15,7.987046680333603e-07,7.761725480162936e-08
116.4,1.985184244129976e-15,7.86119543844359e-07,7.78044612222628e-08
116.5,1.6121559188431034e-15,7.723207320267257e-07,7.773646223256983e-08
116.6,1.1155500293327926e-15,7.573309704166893e-07,7.739800837831433e-08
116.7,8.672163062411662e-16,7.411748318332518e-07,7.677977554829705e-08
116.8,4.953044608411539e-16,7.238786841043298e-07,7.588508652953075e-08
116.9,1.2376421762836832e-16,7.05470646979791e-07,7.47107092105729e-08
117.0,-4.94809403950013e-16,6.8598054642137e-07,7.325353525609087e-08
117.1,-4.945620610889062e-16,6.654398665911175e-07,7.152551384919832e-08
117.2,-8.650509732695553e-16,6.438816990445149e-07,6.953701188332734e-08
117.3,-1.1116524290094932e-15,6.213406893052149e-07,6.729320964895038e-08
117.4,-1.2345519352537615e-15,5.978529814241814e-07,6.481307309398867e-08
117.5,-1.480721776295292e-15,5.734561602051475e-07,6.211988678776937e-08
117.6,-1.603313400505399e-15,5.481891909137628e-07,5.922837513341026e-08
117.7,-1.6025119441859233e-15,5.220923571429893e-07,5.6162424373949243e-08
117.8,-1.8481279482628173e-15,4.952071968612134e-07,5.29553678014773e-08
117.9,-2.216644938319418e-15,4.67576436209595e-07,4.963139885451955e-08
118.0,-2.0924515099466624e-15,4.3924392155131e-07,4.6217095100152074e-08
118.1,-1.7223339788155037e-15,4.102545501768807e-07,4.275130117996932e-08
118.2,-2.0903601043138155e-15,3.8065419919700615e-07,3.926596384962263e-08
118.3,-2.0893151855131283e-15,3.504896527880144e-07,3.578822086263318e-08
118.4,-1.842591872683454e-15,3.1980852845448644e-07,3.235706048202138e-08
118.5,-2.0872269146370754e-15,2.8865920203810495e-07,2.9008833756982884e-08
118.6,-1.718033521679706e-15,2.5709073127547924e-07,2.5769299404071992e-08
118.7,-1.4718640454033729e-15,2.251527786052581e-07,2.2672351572430417e-08
118.8,-1.225940247777514e-15,1.9289553330947586e-07,1.9754156737195617e-08
118.9,-1.1027946877835571e-15,1.6036963255276866e-07,1.7037322463910094e-08
119.0,-6.123574601477941e-16,1.2762608181961177e-07,1.4546430831391202e-08
119.1,-3.6723081476978816e-16,9.47161752046928e-08,1.23123409350158e-08
119.2,3.670472452586054e-16,6.169141510372262e-08,1.0352841797985714e-08
119.3,8.560154575215504e-16,2.860343145150616e-08,8.680635021080026e-09
119.4,1.5889483197285106e-15,-4.496098802532955e-09,7.316531629717859e-09
119.5,2.07681682697073e-15,-3.7555532219605724e-08,6.271919076573336e-09
119.6,2.80840644686294e-15,-7.052333961391111e-08,5.546969351700251e-09
119.7,3.6613077321284516e-15,-1.0334818631524185e-07,5.148998970090786e-09
119.8,4.3913730430195044e-15,-1.3597901183315346e-07,5.081594724967628e-09
119.9,4.876864339253499e-15,-1.6836510936422344e-07,5.333541962807356e-09
120.0,5.727451156993632e-15,-2.0045620466907538e-07,5.897240106075417e-09
120.1,6.698986129733985e-15,-2.3220253384683446e-07,6.767465967346326e-09
120.2,7.30433178971219e-15,-2.63554920446379e-07,7.924139220253564e-09
120.3,7.909070581432207e-15,-2.9446485180378273e-07,9.345681401685085e-09
120.4,8.391585775201982e-15,-3.24884553926201e-07,1.1017761549250099e-08
120.5,9.359842165126964e-15,-3.5476706513763596e-07,1.2914711495784298e-08
120.6,9.841145928833837e-15,-3.840663087302389e-07,1.5004181037289618e-08
120.7,1.068627085865524e-14,-4.127371639651813e-07,1.726343662783016e-08
120.8,1.104505164033673e-14,-4.4073553528718336e-07,1.9664640708813656e-08
120.9,1.2010038670295342e-14,-4.680184202020716e-07,2.216957828568022e-08
121.0,1.2610299553579236e-14,-4.945439754047961e-07,2.47490235569091e-08
121.1,1.3573534132121609e-14,-5.202715806908367e-07,2.7376006701855588e-08
121.2,1.4172407501708521e-14,-5.451619010791208e-07,3.001217118853402e-08
121.3,1.4649607618588198e-14,-5.691769470974946e-07,3.262488555912795e-08
121.4,1.47632952625811e-14,-5.922801325903538e-07,3.5190405019295655e-08
121.5,1.5360666093662967e-14,-6.144363302434637e-07,3.767573182625813e-08
121.6,1.5715656680703343e-14,-6.356119251149511e-07,4.004879520143752e-08
121.7,1.5949459290592594e-14,-6.557748655882458e-07,4.2290666623612136e-08
121.8,1.6303793066895142e-14,-6.748947115997572e-07,4.437802234333454e-08
121.9,1.6416351676203586e-14,-6.929426806094673e-07,4.628365107068503e-08
122.0,1.6770089939245442e-14,-7.098916909914513e-07,4.7994352429204795e-08
122.1,1.6520531350041143e-14,-7.257164023949307e-07,4.949892299238968e-08
122.2,1.675332823155685e-14,-7.403932534954877e-07,5.0778913914222515e-08
122.3,1.6744953661258117e-14,-7.5390049717631e-07,5.1827274634996645e-08
122.4,1.6254954981451183e-14,-7.662182325539162e-07,5.264520571525324e-08
122.5,1.6246829535491227e-14,-7.773284340229851e-07,5.3225790550808944e-08
122.6,1.5877847970100102e-14,-7.872149776761633e-07,5.356822182106532e-08
122.7,1.562945783308325e-14,-7.958636646032509e-07,5.368438812017656e-08
122.8,1.5261145556195903e-14,-8.03262240912808e-07,5.357994051765616e-08
122.9,1.465298472969022e-14,-8.094004149754314e-07,5.32601732762855e-08
123.0,1.4285520886627416e-14,-8.14269871675435e-07,5.274447135321696e-08
123.1,1.3558461596707227e-14,-8.178642832386244e-07,5.205006542831896e-08
123.2,1.3071978429976295e-14,-8.201793170563874e-07,5.118793647677176e-08
123.3,1.2466111777491525e-14,-8.212126406517217e-07,5.018106585194983e-08
123.4,1.1621234491556597e-14,-8.209639232573574e-07,4.9055350286379885e-08
123.5,1.1016692062458976e-14,-8.194348341645651e-07,4.782665292839278e-08
123.6,9.934003942854738e-15,-8.166290382785914e-07,4.65177512900627e-08
123.7,9.570157284266862e-15,-8.125521884780398e-07,4.5158856512885465e-08
123.8,8.84797039656791e-15,-8.0721191460792e-07,4.376939798368965e-08
123.9,8.126503123896619e-15,-8.006178096502204e-07,4.2368908111375155e-08
124.0,7.405754927274314e-15,-7.927814129702908e-07,4.098693504197318e-08
124.1,6.5663373168656085e-15,-7.837161902193284e-07,3.964457339190469e-08
124.2,6.324398424540284e-15,-7.734375103211452e-07,3.835624253083854e-08
124.3,5.367088032237233e-15,-7.619626197979097e-07,3.7146158347005144e-08
124.4,4.5299421342627125e-15,-7.493106139536395e-07,3.6034690468192265e-08
124.5,4.408528315413881e-15,-7.355024050595836e-07,3.5030525825508763e-08
124.6,3.572695623430039e-15,-7.205606880637906e-07,3.414906747137199e-08
124.7,2.9757581017757125e-15,-7.045099035018349e-07,3.340734672267566e-08
124.8,2.498387299491384e-15,-6.873761974254585e-07,3.280874498331245e-08
124.9,1.902581651876577e-15,-6.691873789414345e-07,3.235817361623492e-08
125.0,1.426222949125285e-15,-6.499728753582702e-07,3.206690827511549e-08
125.1,1.3067175145739748e-15,-6.297636845255079e-07,3.193409980084979e-08
125.2,1.0685980792874922e-15,-6.085923248082997e-07,3.1954530343032276e-08
125.3,5.933688410001938e-16,-5.864927830470988e-07,3.2131972587650876e-08
125.4,2.372288922953754e-16,-5.635004600557195e-07,3.24626325047186e-08
125.5,3.556654612468464e-16,-5.396521137941575e-07,3.29333425606266e-08
125.6,1.1849589098899896e-16,-5.149858008102813e-07,3.353972693548834e-08
125.7,-1.1843665785302247e-16,-4.895408156900625e-07,3.427616321625047e-08
125.8,0.0,-4.6335762832066117e-07,3.512496126629843e-08
125.9,-1.1831828039376387e-16,-4.364778195984447e-07,3.607429069746917e-08
126.0,-2.3651827208177475e-16,-4.0894401565531944e-07,3.711744843542654e-08
126.1,0.0,-3.807998201892297e-07,3.823606880028482e-08
126.2,0.0,-3.520897453505417e-07,3.941287515171662e-08
126.3,2.3616376062371656e-16,-3.228591416037002e-07,4.0640445796117424e-08
126.4,4.720914165179106e-16,-2.9315412614131806e-07,4.190316347290419e-08
126.5,1.0616747170753007e-15,-2.6302150997669495e-07,4.3181293636533956e-08
126.6,1.2969537929382063e-15,-2.3250872435658685e-07,4.446682298704954e-08
126.7,1.414151430691576e-15,-2.016637462766814e-07,4.57491852994273e-08
126.8,1.7668056646446268e-15,-1.7053502289145648e-07,4.7009588780850236e-08
126.9,2.1191069791514503e-15,-1.3917139546961804e-07,4.823954069802192e-08
127.0,2.353386322784561e-15,-1.0762202301519019e-07,4.94343232772601e-08
127.1,2.9402624046842952e-15,-7.593630514152451e-08,5.0579193989584805e-08
127.2,3.291447757867926e-15,-4.4163804642200675e-08,5.1665477937950184e-08
127.3,3.642281278781906e-15,-1.2354170214957631e-08,5.2693595267381364e-08
127.4,4.110197444106875e-15,1.9442941066891927e-08,5.365500537452487e-08
127.5,4.3428938795923916e-15,5.117794142868034e-08,5.454142086177589e-08
127.6,4.809990324118336e-15,8.280138955992706e-08,5.535653215712662e-08
127.7,5.159360510356448e-15,1.142640674606585e-07,5.609872756915738e-08
127.8,5.508380211839806e-15,1.4551705719202884e-07,5.676089363685859e-08
127.9,6.3256136670000014e-15,1.7651181689532828e-07,5.734756801782246e-08
128.0,6.790781402642846e-15,2.0720025593336808e-07,5.786322134331498e-08
128.1,6.904410772038222e-15,2.3753480956825472e-07,5.830272852704022e-08
128.2,7.602751913921731e-15,2.674685127663635e-07,5.8669169550368894e-08
128.3,7.832765380093476e-15,2.969550726666123e-07,5.897090441461867e-08
128.4,8.413092511883398e-15,3.259489401032943e-07,5.920537764537728e-08
128.5,8.642467212007904e-15,3.5440538011555534e-07,5.937261840082021e-08
128.6,8.754878775537439e-15,3.822805408099939e-07,5.94818849245188e-08
128.7,9.450542624753318e-15,4.095315207446306e-07,5.953330789250649e-08
128.8,9.795663665471607e-15,4.3611643508587744e-07,5.9523343382950646e-08
128.9,1.0023880559271176e-14,4.6199447995058867e-07,5.945911020662392e-08
129.0,1.0601362306172913e-14,4.871259947755544e-07,5.9342959893977314e-08
129.1,1.0712503202166745e-14,5.114725231357353e-07,5.9168390827295e-08
129.2,1.0823530336029386e-14,5.349968716665337e-07,5.893806541246451e-08
129.3,1.1167091534015172e-14,5.576631666393385e-07,5.865557914602972e-08
129.4,1.1510306552148928e-14,5.794369085695022e-07,5.8312992498206004e-08
129.5,1.1504552837421402e-14,6.002850248525856e-07,5.790751960511543e-08
129.6,1.1731101029111585e-14,6.20175919840852e-07,5.7442757394512126e-08
129.7,1.1841328399638712e-14,6.39079522510037e-07,5.691132296440851e-08
129.8,1.2067476062718244e-14,6.569673320123507e-07,5.630559275841961e-08
129.9,1.217741925433992e-14,6.738124606042755e-07,5.562802975327409e-08
130.0,1.1939497170129133e-14,6.89589673784075e-07,5.487376798457787e-08
130.1,1.1817669409715687e-14,7.042754280772958e-07,5.403244898379244e-08
130.2,1.1695960463228497e-14,7.178479062178626e-07,5.310476764262499e-08
130.3,1.1690113944748302e-14,7.302870492943636e-07,5.208984724155801e-08
130.4,1.168427034879666e-14,7.415745862335025e-07,5.097770777385089e-08
130.5,1.1331545624192487e-14,7.516940607040307e-07,4.976743281747284e-08
130.6,1.1557021701619945e-14,7.606308549099096e-07,4.8462840876135925e-08
130.7,1.1204707296101426e-14,7.68372210405239e-07,4.705771290490668e-08
130.8,1.0968196933678314e-14,7.749072462909134e-07,4.555055385369524e-08
130.9,1.0962714206007615e-14,7.802269743711522e-07,4.3949745179746805e-08
131.0,1.0726555603878358e-14,7.843243110959836e-07,4.2255666794988315e-08
131.1,1.0260067057353183e-14,7.87194086760071e-07,4.046797315947798e-08
131.2,9.563594150650457e-15,7.888330518103829e-07,3.85987809856031e-08
131.3,9.328480692226985e-15,7.892398798523352e-07,3.6656654776048943e-08
131.4,8.978491039311579e-15,7.884151677273346e-07,3.464440627249524e-08
131.5,8.168643679872507e-15,7.863614328455694e-07,3.2576631876409115e-08
131.6,7.819578954480498e-15,7.830831072994359e-07,3.046999340707225e-08
131.7,7.355924839800224e-15,7.78586528874598e-07,2.833217326886646e-08
131.8,6.662974565775416e-15,7.728799293956904e-07,2.617886808068885e-08
131.9,6.085536677499213e-15,7.659734200729238e-07,2.4033032620802684e-08
132.0,5.5086744178648585e-15,7.57878973665718e-07,2.1908055254963602e-08
132.1,4.70297399029468e-15,7.486104039751427e-07,1.9819477856035124e-08
132.2,3.898077685280311e-15,7.381833426233009e-07,1.7793356408037086e-08
132.3,3.2085769335662665e-15,7.26615212721526e-07,1.5848312379970656e-08
132.4,2.519764536225171e-15,7.139251998101503e-07,1.3998714978485282e-08
132.5,1.7171624787785026e-15,7.001342203540614e-07,1.2269773967991891e-08
132.6,1.2586230155756791e-15,6.852648873643002e-07,1.0683417049255194e-08
132.7,9.14904626450582e-16,6.69341473253226e-07,9.252032675326846e-09
132.8,-1.143059110601721e-16,6.523898704376273e-07,7.996059571032079e-09
132.9,-6.854926343429989e-16,6.344375494293881e-07,6.937547571035241e-09
133.0,-1.1419166228302123e-15,6.155135142204035e-07,6.086195723639306e-09
133.1,-1.5978841301284235e-15,5.956482555175554e-07,5.454500229934942e-09
133.2,-2.2815505539508435e-15,5.748737018739491e-07,5.060740023968815e-09
133.3,-2.8505125797752012e-15,5.532231683260268e-07,4.911159525745013e-09
133.4,-3.1909782013088086e-15,5.307313029313304e-07,5.008455450055749e-09
133.5,-3.986728888767449e-15,5.074340315752072e-07,5.363295913461772e-09
133.6,-4.2124352238714796e-15,4.833685006492085e-07,5.977580665224795e-09
133.7,-4.779292983094605e-15,4.585730177020654e-07,6.84391000020375e-09
133.8,-5.345582973666924e-15,4.330869906402015e-07,7.96239415077045e-09
133.9,-5.797626667310577e-15,4.069508652714594e-07,9.329628252152006e-09
134.0,-5.794728578559486e-15,3.802060609908421e-07,1.092930366834203e-08
134.1,-6.246093266999635e-15,3.5289490519622295e-07,1.2749632498359853e-08
134.2,-6.242971000997684e-15,3.2506056654397574e-07,1.4781076759455714e-08
134.3,-6.012946648620748e-15,2.967469866584207e-07,1.7000751732758738e-08
134.4,-6.1233360386157335e-15,2.679988106954775e-07,1.9385637671649864e-08
134.5,-5.893598279001215e-15,2.388613171849363e-07,2.191969507268042e-08
134.6,-5.2109615760804155e-15,2.0938034677628965e-07,2.4576427665111908e-08
134.7,-4.981906453225589e-15,1.796022299809434e-07,2.7324265664148213e-08
134.8,-4.753079026150164e-15,1.4957371452112305e-07,3.014109764622028e-08
134.9,-4.524479124450436e-15,1.193418921172266e-07,3.299988023949274e-08
135.0,-3.956940269059622e-15,8.895412450208875e-08,3.5864770556271904e-08
135.1,-3.3899676801087423e-15,5.845796926043776e-08,3.8709065080465546e-08
135.2,-2.9365033706181617e-15,2.7901105639888936e-08,4.150789816958674e-08
135.3,-2.370605584793334e-15,-2.668740049028223e-09,4.422627121893005e-08
135.4,-1.8052728215445744e-15,-3.320386905523911e-08,4.6835474327375085e-08
135.5,-1.2405046573942685e-15,-6.365668438371533e-08,4.931492386825094e-08
135.6,-6.76300669146989e-16,-9.397976492355739e-08,5.163550091450968e-08
135.7,0.0,-1.2412593943507257e-07,5.3769954056874507e-08
135.8,4.504164710103252e-16,-1.5404835978438534e-07,5.5703396381760224e-08
135.9,1.1254782976687411e-15,-1.837005735699882e-07,5.7416632413560765e-08
136.0,1.912356688608124e-15,-2.130365963657186e-07,5.888773407225021e-08
136.1,2.6984481166144522e-15,-2.420109830068968e-07,6.010829170310448e-08
136.2,3.0342366335316928e-15,-2.705788977539445e-07,6.107140741496561e-08
136.3,3.931303566855389e-15,-2.986961837159289e-07,6.176405470975303e-08
136.4,4.1538720296260454e-15,-3.2631943118484194e-07,6.218460457750744e-08
136.5,4.7128490739423176e-15,-3.5340604443422375e-07,6.233880610107837e-08
136.6,5.383420843900923e-15,-3.7991430732462995e-07,6.222511115196758e-08
136.7,5.941222494450109e-15,-4.058034476843332e-07,6.184860847118379e-08
136.8,6.274380132848837e-15,-4.310336998825406e-07,6.122609835274622e-08
136.9,6.6072032123215095e-15,-4.5556636572218754e-07,6.036846065051708e-08
137.0,7.16355301584067e-15,-4.793638739027397e-07,5.9287140572865096e-08
137.1,7.719344957645442e-15,-5.023898375354877e-07,5.800686229045643e-08
137.2,8.16276081513692e-15,-5.246091095382672e-07,5.654991768305441e-08
137.3,8.382205946819606e-15,-5.459878362985247e-07,5.4933401423466424e-08
137.4,8.601429648552594e-15,-5.664935093237169e-07,5.318597614560961e-08
137.5,8.932083125951012e-15,-5.860950144514036e-07,5.133839892794731e-08
137.6,8.927618200712367e-15,-6.047626789500229e-07,4.941224760337017e-08
137.7,9.034694951220547e-15,-6.224683165426004e-07,4.743603530890744e-08
137.8,9.253146109014433e-15,-6.391852698224692e-07,4.5444526871488643e-08
137.9,9.137092732260919e-15,-6.548884501702807e-07,4.346205744433124e-08
138.0,9.24389758793667e-15,-6.695543754682145e-07,4.151346662107242e-08
138.1,9.127960206552554e-15,-6.831612051720599e-07,3.963231300193931e-08
138.2,9.234658310757262e-15,-6.956887725639409e-07,3.784337363479131e-08
138.3,9.007631481868511e-15,-7.071186145922203e-07,3.6165317292624656e-08
138.4,8.780829315550817e-15,-7.174339991090138e-07,3.462545902292671e-08
138.5,8.776439998313794e-15,-7.266199491013505e-07,3.324623838176409e-08
138.6,8.549975587207406e-15,-7.346632642412793e-07,3.203886714911552e-08
138.7,8.101769113801732e-15,-7.415525398725877e-07,3.102046250029804e-08
138.8,7.764936259257591e-15,-7.472781829611348e-07,3.020819720113754e-08
138.9,7.428438128943965e-15,-7.518324251028856e-07,2.9605673841121424e-08
139.0,7.203091261017445e-15,-7.552093329483284e-07,2.921763628005082e-08
139.1,6.7564450392772485e-15,-7.5740481569069e-07,2.9053371536192345e-08
139.2,6.642361633940162e-15,-7.58416629435548e-07,2.9109581606704977e-08
139.3,5.86448646689736e-15,-7.582443788890746e-07,2.9378586562818352e-08
139.4,5.308578073904204e-15,-7.568895162768308e-07,2.985999364500034e-08
139.5,5.084844262981891e-15,-7.543553371094961e-07,3.054482761921318e-08
139.6,4.529878294138054e-15,-7.506469731231923e-07,3.1414968758030884e-08
139.7,3.975465881969044e-15,-7.457713826085363e-07,3.245983800012733e-08
139.8,3.752729832218567e-15,-7.397373377077366e-07,3.366619677156187e-08
139.9,3.3095770026313364e-15,-7.325554087634374e-07,3.5009029541422837e-08
140.0,2.7566021897985047e-15,-7.242379461494137e-07,3.646861510064764e-08
140.1,2.2041793865771656e-15,-7.147990593130118e-07,3.802885232224638e-08
140.2,1.7624620578883086e-15,-7.042545928398842e-07,3.9662165754020475e-08
140.3,8.807905235652041e-16,-6.926221000182423e-07,4.134227805498202e-08
140.4,3.301313393939585e-16,-6.799208139105541e-07,4.3051530453298096e-08
140.5,0.0,-6.661716155628112e-07,4.476407120985633e-08
140.6,-7.695365371521944e-16,-6.513969996899681e-07,4.645084019996277e-08
140.7,-1.3185460543879806e-15,-6.356210381418603e-07,4.809387915603421e-08
140.8,-2.0866543314066637e-15,-6.188693407713174e-07,4.967251708295095e-08
140.9,-2.524687320824924e-15,-6.011690137820544e-07,5.1159260196217226e-08
141.0,-3.4011384379840397e-15,-5.825486160552621e-07,5.25371446838523e-08
141.1,-4.0573940926435694e-15,-5.63038113250921e-07,5.379279320301754e-08
141.2,-4.384179354256206e-15,-5.426688294891839e-07,5.490441714613199e-08
141.3,-4.929736289073944e-15,-5.214733971275144e-07,5.58574384503502e-08
141.4,-5.4747467078263915e-15,-4.994857047194252e-07,5.664635067286792e-08
141.5,-5.690890419449845e-15,-4.76740842793209e-07,5.725823096656075e-08
141.6,-6.3443586491924406e-15,-4.5327504780244405e-07,5.768232368075777e-08
141.7,-6.450518077656044e-15,-4.291256446226694e-07,5.792019820565499e-08
141.8,-6.884398277326257e-15,-4.043309872469977e-07,5.7969371300078194e-08
141.9,-7.208621554717494e-15,-3.789303977541302e-07,5.782423691680855e-08
142.0,-7.641685911223286e-15,-3.5296410409931823e-07,5.749168537798206e-08
142.1,-7.856090766842637e-15,-3.2647317657102807e-07,5.697938753055173e-08
142.2,-8.070279361732106e-15,-2.9949946271484473e-07,5.6287839081946427e-08
142.3,-8.502258486379837e-15,-2.7208552126494217e-07,5.542709117510228e-08
142.4,-8.824854897424228e-15,-2.44274555221719e-07,5.441292370053764e-08
142.5,-8.711549207801038e-15,-2.1611034372066227e-07,5.325222783768289e-08
142.6,-8.70719452195932e-15,-1.876371730466283e-07,5.1956186979606486e-08
142.7,-8.594056487754824e-15,-1.5889976721166522e-07,5.0545357966604636e-08
142.8,-8.589760533588987e-15,-1.2994321777001722e-07,4.90324464721142e-08
142.9,-8.368113138841473e-15,-1.0081291293590971e-07,4.742826304439963e-08
143.0,-8.146685189719363e-15,-7.155446657762058e-08,4.575425605561791e-08
143.1,-8.034044693753245e-15,-4.221364696094555e-08,4.402742885299279e-08
143.2,-7.70448697243401e-15,-1.2836305038067372e-08,4.22574158396388e-08
143.3,-7.0498777460581864e-15,1.6531697177818637e-08,4.046293595875758e-08
143.4,-6.612731922840835e-15,4.5844557985938e-08,3.8662999421724e-08
143.5,-6.2843726267757885e-15,7.505660746839328e-08,3.686590906457892e-08
143.6,-5.6314486852699954e-15,1.0412237872037551e-07,3.508502641989568e-08
143.7,-5.1956618443764356e-15,1.3299667840915395e-07,3.333866645061255e-08
143.8,-4.435742732811535e-15,1.6163465697097237e-07,3.1634066695454295e-08
143.9,-3.676582052143889e-15,1.8999187840118787e-07,2.997807240200985e-08
144.0,-3.134340658758989e-15,2.180243890743611e-07,2.8385697319386415e-08
144.1,-2.5926404525436427e-15,2.456887856996803e-07,2.686350685514034e-08
144.2,-2.0514810279385414e-15,2.7294228262963535e-07,2.541224836721174e-08
144.3,-1.2950245539896631e-15,2.9974277801231515e-07,2.4041667819580686e-08
144.4,-5.393238348182339e-16,3.2604891861002824e-07,2.2757903947503836e-08
144.5,3.2343254418304174e-16,3.5182016363165395e-07,2.155735332428193e-08
144.6,1.0775695611109364e-15,3.770168472846995e-07,2.0443601492158825e-08
144.7,1.6155463665061943e-15,4.016002396261057e-07,1.9422313985874307e-08
144.8,2.4759328193566286e-15,4.2553260600741e-07,1.8488059969690123e-08
144.9,3.3354586971302737e-15,4.4877726511001026e-07,1.763865768256337e-08
145.0,4.194124645198002e-15,4.712986450453239e-07,1.6878959809145132e-08
145.1,4.83695550813879e-15,4.930623376087627e-07,1.620432054877442e-08
145.2,5.586576822555041e-15,5.140351509319784e-07,1.5608385974517894e-08
145.3,6.335447494396541e-15,5.341851600842878e-07,1.5094705444317408e-08
145.4,6.868914508418503e-15,5.534817554428383e-07,1.4661448161454052e-08
145.5,7.401846605700799e-15,5.718956891849634e-07,1.4300510851854791e-08
145.6,7.934244187726369e-15,5.893991196795219e-07,1.4013712388322534e-08
145.7,8.680439495095515e-15,6.059656533792442e-07,1.3803010750784598e-08
145.8,9.104549760726877e-15,6.215703844984099e-07,1.3661205214873427e-08
145.9,9.52823385307737e-15,6.361899325378166e-07,1.3588223879636895e-08
146.0,1.0058497383553584e-14,6.498024771838222e-07,1.3589537277267013e-08
146.1,1.0374324798090979e-14,6.62387790657359e-07,1.3661072819154494e-08
146.2,1.0582935611282233e-14,6.739272678015236e-07,1.3801073990528848e-08
146.3,1.0684490369821303e-14,6.84403953537384e-07,1.4017132071654132e-08
146.4,1.0999523943774377e-14,6.938025675065301e-07,1.4309516921242142e-08
146.5,1.1314239893111346e-14,7.021095262720428e-07,1.4675329383569554e-08
146.6,1.1521953700175303e-14,7.093129629444057e-07,1.512217280510855e-08
146.7,1.1622825590767654e-14,7.154027438598115e-07,1.565452094173632e-08
146.8,1.1617015630583354e-14,7.203704825921911e-07,1.6269034352467637e-08
146.9,1.1611208574653026e-14,7.242095514428037e-07,1.697104919061187e-08
147.0,1.1605404421524902e-14,7.269150899919847e-07,1.7767745338718386e-08
147.1,1.1280348036635616e-14,7.284840107771746e-07,1.8655945176700454e-08
147.2,1.0849248545164472e-14,7.289150024461603e-07,1.963682550445284e-08
147.3,1.0737513264304096e-14,7.282085300985044e-07,2.0717750116641582e-08
147.4,1.0519628110040653e-14,7.263668326315622e-07,2.1895944183937948e-08
147.5,9.983340842501831e-15,7.23393917493251e-07,2.31673472907636e-08
147.6,9.55373976362894e-15,7.192955528039482e-07,2.4536563425263456e-08
147.7,9.124565683864891e-15,7.140792564953528e-07,2.600094396896495e-08
147.8,8.58977171922897e-15,7.077542827536957e-07,2.755113153798465e-08
147.9,7.949516580473972e-15,7.00331605999414e-07,2.9186345287747715e-08
148.0,7.627721103079405e-15,6.918239020388939e-07,3.090327297843021e-08
148.1,7.094470126678966e-15,6.822455264446742e-07,3.268818385859205e-08
148.2,6.35008099547159e-15,6.71612490580554e-07,3.453328463432058e-08
148.3,5.923779632028254e-15,6.599424350591006e-07,3.6433501432559116e-08
148.4,5.286445073715445e-15,6.472546004451046e-07,3.8372374286088397e-08
148.5,4.861098310924172e-15,6.335697956450731e-07,4.033495398823892e-08
148.6,4.436175467626066e-15,6.18910364031245e-07,4.231335239686755e-08
148.7,4.328387507314117e-15,6.033001469627131e-07,4.429036774145338e-08
148.8,3.587600269600901e-15,5.867644450029752e-07,4.6245371537116685e-08
148.9,2.6366227337069135e-15,5.693299771467931e-07,4.8167082823050966e-08
149.0,2.5298925617884598e-15,5.510248377298872e-07,5.0039494565697566e-08
149.1,2.0018304459223874e-15,5.318784510760597e-07,5.183916706612372e-08
149.2,1.4742956280216553e-15,5.119215243581194e-07,5.355168823784402e-08
149.3,1.052541903188491e-15,4.911859985189473e-07,5.516382808436617e-08
149.4,6.312094582696257e-16,4.6970499706377824e-07,5.665304760444851e-08
149.5,-1.0514898873808741e-16,4.475127731984867e-07,5.800309649730088e-08
149.6,-3.152892821554549e-16,4.246446554280149e-07,5.920459171640796e-08
149.7,-6.302633538379395e-16,4.0113699128845034e-07,6.023970474771873e-08
149.8,-1.0499138348846847e-15,3.7702708952306234e-07,6.109260733612367e-08
149.9,-1.3642057119399818e-15,3.523531610746808e-07,6.175831980610634e-08
150.0,-1.6781831133308411e-15,3.2715425859491026e-07,6.222686595723793e-08
150.1,-1.6773442315121073e-15,3.014702145238881e-07,6.248572064952553e-08
150.2,-2.0956322112868e-15,2.753415782577829e-07,6.253446147264759e-08
150.3,-2.1993138899461053e-15,2.488095522900626e-07,6.237282856278187e-08
150.4,-2.3028913891966773e-15,2.2191592713682842e-07,6.19945209933322e-08
150.5,-2.5109893432533073e-15,1.9470301553912593e-07,6.140360000360752e-08
150.6,-2.4051619056362493e-15,1.6721358609836825e-07,6.060975208343626e-08
150.7,-2.4039596252785683e-15,1.3949079602638557e-07,5.961520023761588e-08
150.8,-2.5072256826895364e-15,1.1157812332116975e-07,5.842829992213514e-08
150.9,-2.4015568672325423e-15,8.351929877149113e-08,5.706729347715792e-08
151.0,-2.1916297464266815e-15,5.535823751067896e-08,5.5543982957494976e-08
151.1,-1.8776007475384572e-15,2.7138970166496964e-08,5.387074019457936e-08
151.2,-2.1894392121299478e-15,-1.094425864277551e-09,5.2071673099104836e-08
151.3,-1.7715171916518571e-15,-2.929789510469913e-08,5.016757028863102e-08
151.4,-1.978941260865693e-15,-5.742747284377298e-08,4.817437720653504e-08
151.5,-1.6656438211045856e-15,-8.543935365406566e-08,4.611862115817973e-08
151.6,-1.3526591059839116e-15,-1.1328995940564747e-07,4.402776543995252e-08
151.7,-9.359881930281676e-16,-1.409360070876784e-07,4.19205616793691e-08
151.8,-1.143413719446387e-15,-1.6833457614731518e-07,3.982239775380521e-08
151.9,-8.31157931265135e-16,-1.9544317493941283e-07,3.776367826913745e-08
152.0,-5.192140351105814e-16,-2.2221980655068772e-07,3.576470449070322e-08
152.1,-3.1137269579037895e-16,-2.4862303397353806e-07,3.384664255706157e-08
152.2,0.0,-2.746120441187356e-07,3.2038303050144495e-08
152.3,2.0737431915270264e-16,-3.001467107394886e-07,3.035971375770824e-08
152.4,5.181766447764911e-16,-3.251876564720195e-07,2.8825628311564615e-08
152.5,1.035835242430779e-15,-3.4969631354537723e-07,2.7458754919851105e-08
152.6,1.345912690547609e-15,-3.736349829794135e-07,2.627653237208315e-08
152.7,1.862639864880072e-15,-3.969668925810217e-07,2.5286192152244882e-08
152.8,2.0685653085986833e-15,-4.19656253494338e-07,2.4500701672082927e-08
152.9,2.687790669813545e-15,-4.4166831491601386e-07,2.3932376803075398e-08
153.0,3.2030715547034994e-15,-4.629694172254961e-07,2.358084808585432e-08
153.1,4.234202812547683e-15,-4.835270435486471e-07,2.3447275538172547e-08
153.2,4.644972702799638e-15,-5.033098692862331e-07,2.353651682205476e-08
153.3,5.2616709032361425e-15,-5.222878096669202e-07,2.384135243366683e-08
153.4,5.8777513989583465e-15,-5.404320655572277e-07,2.4351012990868057e-08
153.5,6.699348451940317e-15,-5.577151671432276e-07,2.5061286618239624e-08
153.6,7.108061129762172e-15,-5.741110153057306e-07,2.595937972043349e-08
153.7,7.619327406945044e-15,-5.89594921004434e-07,2.7024429064284684e-08
153.8,8.130080769518969e-15,-6.04143642499019e-07,2.8242722451984223e-08
153.9,8.846043545434755e-15,-6.177354200440718e-07,2.959742818109596e-08
154.0,9.35566939837468e-15,-6.303500082998148e-07,3.1060987257723494e-08
154.1,9.967541704341871e-15,-6.41968706541163e-07,3.261125298658324e-08
154.2,1.057879995319745e-14,-6.525743862510098e-07,3.4228951284632805e-08
154.3,1.108678915085293e-14,-6.621515161468995e-07,3.5884134277237194e-08
154.4,1.1594267842908869e-14,-6.706861849173649e-07,3.754879773198067e-08
154.5,1.2306342114721463e-14,-6.78166121361056e-07,3.920280700944694e-08
154.6,1.2710196831090533e-14,-6.845807117507194e-07,4.081823428683112e-08
154.7,1.2908744019913616e-14,-6.899210147582385e-07,4.236501823418579e-08
154.8,1.3414286946197119e-14,-6.94179773854553e-07,4.3823736285055595e-08
154.9,1.3919321230346125e-14,-6.973514268480003e-07,4.517223609376296e-08
155.0,1.4116956887434924e-14,-6.994321128022568e-07,4.6382837428812226e-08
155.1,1.4518882787036078e-14,-7.004196764955017e-07,4.7438437670040676e-08
155.2,1.4716014246963857e-14,-7.003136700622812e-07,4.832519181594209e-08
155.3,1.4606514620153418e-14,-6.991153518588071e-07,4.902210464829675e-08
155.4,1.4803397988190513e-14,-6.968276828859048e-07,4.951603901825213e-08
155.5,1.4795998139312803e-14,-6.934553205418454e-07,4.980249432425954e-08
155.6,1.4686611630886876e-14,-6.890046095266694e-07,4.987053725067079e-08
155.7,1.4271512656131067e-14,-6.834835702657129e-07,4.971258018329594e-08
155.8,1.4468155521779722e-14,-6.769018848544661e-07,4.933304933598577e-08
155.9,1.4257248276853272e-14,-6.692708802091159e-07,4.8732867399510724e-08
156.0,1.4046548271222834e-14,-6.606035086725375e-07,4.7911322640754764e-08
156.1,1.3836055350401374e-14,-6.509143263188647e-07,4.688020066646263e-08
156.2,1.3625769360004511e-14,-6.402194686448892e-07,4.5652133764089704e-08
156.3,1.3110788096983417e-14,-6.2853662368576e-07,4.423406058937399e-08
156.4,1.3002651129560637e-14,-6.15885002951511e-07,4.264287986290834e-08
156.5,1.2590021696898383e-14,-6.022853100233453e-07,4.090086441915364e-08
156.6,1.2177801541490696e-14,-5.877597066325283e-07,3.902253716212568e-08
156.7,1.1563128454556896e-14,-5.723317766247866e-07,3.70274711869664e-08
156.8,1.1151827341252445e-14,-5.560264878889374e-07,3.494399068002637e-08
156.9,1.0842264108018992e-14,-5.388701519495498e-07,3.2793088564836605e-08
157.0,1.002661297917002e-14,-5.208903814864933e-07,3.0594788765261845e-08
157.1,9.515459464899298e-15,-5.021160460949503e-07,2.837904812895301e-08
157.2,9.004814470975479e-15,-4.825772260087291e-07,2.6171134038793566e-08
157.3,8.393550502244949e-15,-4.623051638258061e-07,2.3989767533141877e-08
157.4,7.78289539461428e-15,-4.413322146846599e-07,2.1862119403899282e-08
157.5,7.172848692114169e-15,-4.1969179478068784e-07,1.981466233835272e-08
157.6,6.66438547660332e-15,-3.974183280468598e-07,1.7863577900498975e-08
157.7,6.156428804897532e-15,-3.745471914316131e-07,1.6029637295675464e-08
157.8,5.548103685174167e-15,-3.511146589075492e-07,1.4336994898132573e-08
157.9,4.940385200176718e-15,-3.2715784392184537e-07,1.2798506950395479e-08
158.0,4.232499107161601e-15,-3.0271464056265173e-07,1.1426318113149774e-08
158.1,3.827489730717267e-15,-2.778236638020225e-07,1.0238878345425195e-08
158.2,3.322211139970449e-15,-2.525241885627755e-07,9.245217687020321e-09
158.3,2.6161912633272408e-15,-2.2685608764905882e-07,8.4482927215005e-09
158.4,2.011448842049991e-15,-2.0085976902007354e-07,7.858221729332276e-09
158.5,1.9099212005672626e-15,-1.7457611232903227e-07,7.479861792028234e-09
158.6,1.5070787989479032e-15,-1.4804640455317105e-07,7.307989016035748e-09
158.7,1.1046386617947161e-15,-1.2131227515977232e-07,7.343050206054046e-09
158.8,8.029719858331935e-16,-9.441563097320777e-08,7.585472596024773e-09
158.9,7.022492751706674e-16,-6.739859046351395e-08,8.024032341285104e-09
159.0,2.0054235379988948e-16,-4.030341772858863e-08,8.649750690202535e-09
159.1,2.0044210768660633e-16,-1.3172456550669427e-08,9.458498156873909e-09
159.2,1.0017095584192557e-16,1.3951935707910882e-08,1.0435811081150408e-08
159.3,-2.0024176576657487e-16,4.102745433646564e-08,1.156509504105129e-08
159.4,-1.0007083495487056e-16,6.801191315316569e-08,1.2837797411080646e-08
159.5,1.0002081204416296e-16,9.486331008623965e-08,1.4238913492346702e-08
159.6,0.0,1.2153989263525093e-07,1.574726648287269e-08
159.7,-9.992084122585885e-17,1.480002227815719e-07,1.7350427233909244e-08
159.8,9.987089329326965e-17,1.742032411713804e-07,1.9034961318792634e-08
159.9,-2.994629109852129e-16,2.0010833084368202e-07,2.0778756891041092e-08
160.0,-1.9954214463756406e-16,2.2567538025433352e-07,2.2566571882266856e-08
160.1,-1.9944239850385677e-16,2.508648452210287e-07,2.4387747033236327e-08
160.2,-9.967135111537506e-17,2.75637810009783e-07,2.6222761719897004e-08
160.3,9.962152789666002e-17,2.9995604755215463e-07,2.8055131611685876e-08
160.4,3.9828691833331e-16,3.237820783367097e-07,2.987721786294095e-08
160.5,7.96175649303423e-16,3.470792280208013e-07,3.16748004403822e-08
160.6,1.0941942838531962e-15,3.698116839505566e-07,3.3432048804359063e-08
160.7,1.1930698074139222e-15,3.9194455020097264e-07,3.5143831490493145e-08
160.8,1.2918462067540129e-15,4.1344390095917417e-07,3.680260231057858e-08
160.9,1.6884928897520403e-15,4.342768325220888e-07,3.839511513082011e-08
161.0,1.8861957783728503e-15,4.5441151370867444e-07,3.99178091435393e-08
161.1,1.8852529162188456e-15,4.7381723433324734e-07,4.136965630374018e-08
161.2,2.380181716267048e-15,4.924644519497183e-07,4.274157068678268e-08
161.3,2.6763659132423036e-15,5.103248368994714e-07,4.403059696491032e-08
161.4,3.0713285188165115e-15,5.273713152521651e-07,4.524069305834468e-08
161.5,3.4658955917523115e-15,5.435781096761188e-07,4.63677948076251e-08
161.6,3.86006742879218e-15,5.589207784536681e-07,4.740887629192641e-08
161.7,4.15491771423702e-15,5.733762523178829e-07,4.837042842068552e-08
161.8,4.647226581164978e-15,5.869228689386237e-07,4.925332593387299e-08
161.9,4.743731283759231e-15,5.995404053370256e-07,5.0054262367969995e-08
162.0,5.432808345920251e-15,6.112101081003445e-07,5.07795324264886e-08
162.1,5.726279490957083e-15,6.2191472107126e-07,5.143390049013579e-08
162.2,6.3154946944852505e-15,6.316385107171083e-07,5.201402002942034e-08
162.3,6.608228567839066e-15,6.403672892738292e-07,5.252367483462205e-08
162.4,6.9006682024063355e-15,6.480884353095917e-07,5.2969709722015987e-08
162.5,7.09428212305191e-15,6.547909117362817e-07,5.334927691217526e-08
162.6,7.681630524346859e-15,6.604652815294066e-07,5.36622936467686e-08
162.7,7.973090310248815e-15,6.651037209071102e-07,5.391553448689886e-08
162.8,8.067488770965916e-15,6.687000298002934e-07,5.410724983878286e-08
162.9,8.555130183314849e-15,6.712496399147258e-07,5.423338887550396e-08
163.0,8.74742503657272e-15,6.727496203387272e-07,5.4298684742340126e-08
163.1,9.13599859335879e-15,6.731986803977637e-07,5.430291996981544e-08
163.2,9.131431735871626e-15,6.725971699634543e-07,5.4239200181339554e-08
163.3,9.51942058753244e-15,6.70947077387548e-07,5.4108938549651755e-08
163.4,9.80892996594634e-15,6.682520247571188e-07,5.391357284159836e-08
163.5,9.804026726875286e-15,6.645172604958862e-07,5.36453929018914e-08
163.6,9.897117198199074e-15,6.597496496270622e-07,5.3302263378491244e-08
163.7,1.038188125655987e-14,6.539576615212932e-07,5.288707352549705e-08
163.8,1.0180904979234436e-14,6.471513549642267e-07,5.239369820204276e-08
163.9,1.027366018182996e-14,6.393423608762346e-07,5.1817377565888145e-08
164.0,1.01707291630113e-14,6.305438627182972e-07,5.116204070882787e-08
164.1,1.0263391656766374e-14,6.207705743059686e-07,5.042531415969336e-08
164.2,1.0160563517518172e-14,6.100387152499416e-07,4.9601702886887714e-08
164.3,1.01554845056182e-14,5.983659842680204e-07,4.8695743697516e-08
164.4,9.955207878116535e-15,5.857715301071976e-07,4.771022571258799e-08
164.5,9.657577650183703e-15,5.722759201012051e-07,4.6641324280687976e-08
164.6,9.360242490525715e-15,5.579011067359944e-07,4.549391808529034e-08
164.7,9.258109752249993e-15,5.426703921057221e-07,4.427629544400941e-08
164.8,8.766456493684483e-15,5.26608390097398e-07,4.298860371183144e-08
164.9,8.275292452114197e-15,5.09740986670722e-07,4.163609260027477e-08
165.0,8.36846355589352e-15,4.920952983330214e-07,4.0231737587734554e-08
165.1,7.975244073720165e-15,4.736996285468457e-07,3.8781246054894876e-08
165.2,7.485205164982277e-15,4.5458342230334945e-07,3.7290532043380855e-08
165.3,7.287139770676469e-15,4.347772191667051e-07,3.577551702519268e-08
165.4,6.700817342609261e-15,4.143126045585253e-07,3.424783883554124e-08
165.5,6.115079269539625e-15,3.932221593125335e-07,3.2714497521666106e-08
165.6,5.529925113765965e-15,3.7153940791617807e-07,3.119207294341858e-08
165.7,5.042322171954307e-15,3.492987653642102e-07,2.9697081128182446e-08
165.8,4.361366804757894e-15,3.2653548246647336e-07,2.8237899415274117e-08
165.9,3.971703407196802e-15,3.03285590002243e-07,2.6829408824565037e-08
166.0,3.582428485836968e-15,2.795858418659348e-07,2.549065041214182e-08
166.1,2.8064457800099074e-15,2.5547365695262886e-07,2.423125573473596e-08
166.2,2.2246892027911993e-15,2.3098706002793815e-07,2.3062434313784038e-08
166.3,1.7401908022666532e-15,2.06164621923329e-07,2.200252338961668e-08
166.4,1.3528051633857603e-15,1.810453988471748e-07,2.1061681061066047e-08
166.5,7.726451027865903e-16,1.5566887084454796e-07,2.0246156133760275e-08
166.6,2.8959707879990255e-16,1.3007487984465764e-07,1.9570136352645753e-08
166.7,-1.929682109694033e-16,1.0430356724613009e-07,1.9042937790699317e-08
166.8,-7.71487003923701e-16,7.839531088669552e-08,1.8665361684031424e-08
166.9,-1.0602643656571231e-15,5.239066179583216e-08,1.8444518281983008e-08
167.0,-1.3487528294357782e-15,2.6330280896814842e-08,1.8387035327489962e-08
167.1,-1.7332439420405165e-15,2.548754174525535e-10,1.8488523384772847e-08
167.2,-1.924863929654316e-15,-2.5794864751559827e-08,1.8747236448032127e-08
167.3,-2.3086820859088604e-15,-5.177833039817221e-08,1.9165157592403548e-08
167.4,-2.692116038970254e-15,-7.765505622539452e-08,1.9733507131077758e-08
167.5,-3.07516607703908e-15,-1.0338478395644576e-07,2.044145776743547e-08
167.6,-3.0736288783322625e-15,-1.289275248750623e-07,2.128476356875715e-08
167.7,-3.264098226034723e-15,-1.542436218364614e-07,2.2251357030861374e-08
167.8,-3.550331283530636e-15,-1.7929381090423723e-07,2.3322721505709586e-08
167.9,-3.6444634957037935e-15,-2.040392822336148e-07,2.4487664912195625e-08
168.0,-3.738500712054751e-15,-2.2844174003057676e-07,2.5732017866480206e-08
168.1,-4.1198762293368655e-15,-2.524634618205608e-07,2.7032325093529538e-08
168.2,-4.02205362458321e-15,-2.760673568137117e-07,2.837096003898924e-08
168.3,-4.02004310044384e-15,-2.992170230269797e-07,2.9732791670381915e-08
168.4,-3.731031182649889e-15,-3.218768033457076e-07,3.109300651210858e-08
168.5,-3.63354648891462e-15,-3.440118405218028e-07,3.242940074021921e-08
168.6,-3.727302016361147e-15,-3.6558813070660746e-07,3.372695959358766e-08
168.7,-3.725438831188076e-15,-3.865725755446776e-07,3.4963245293419514e-08
168.8,-3.532623932381156e-15,-4.0693303299643166e-07,3.6114503920099836e-08
168.9,-3.3400008693831878e-15,-4.266383665565216e-07,3.7166908816048795e-08
169.0,-2.9568077107928557e-15,-4.4565849270098437e-07,3.810361472657641e-08
169.1,-2.66933003036617e-15,-4.639644267974194e-07,3.890304785593616e-08
169.2,-2.0962823348984284e-15,-4.815283273156614e-07,3.9553713908013796e-08
169.3,-1.8095206663058852e-15,-4.983235380243599e-07,4.0046543246896046e-08
169.4,-1.5230451638948396e-15,-5.14324628348307e-07,4.036589647180763e-08
169.5,-1.331998352704085e-15,-5.295074319270596e-07,4.050385683803958e-08
169.6,-9.509517999998433e-16,-5.4384908302101e-07,4.046000178501491e-08
169.7,-5.702858657694056e-16,-5.573280507846101e-07,4.022766913558101e-08
169.8,0.0,-5.699241716036313e-07,3.9803788201108983e-08
169.9,2.848579324757726e-16,-5.81618679227204e-07,3.919614196304635e-08
170.0,6.643362579252991e-16,-5.923942325350713e-07,3.8408730202616286e-08
170.1,1.2331506066741275e-15,-6.022349411851268e-07,3.744442855103967e-08
170.2,1.3273445074496154e-15,-6.11126389048248e-07,3.6317710994831887e-08
170.3,1.895258572980435e-15,-6.190556551447805e-07,3.504316418427236e-08
170.4,1.9890267395898764e-15,-6.260113322557695e-07,3.363025763306695e-08
170.5,2.4613735402372264e-15,-6.319835433117665e-07,3.209795700824847e-08
170.6,3.027868505953881e-15,-6.369639552570205e-07,3.046955592903802e-08
170.7,3.215502134503982e-15,-6.409457904062709e-07,2.8760998787839828e-08
170.8,3.5920000541672224e-15,-6.439238355345132e-07,2.6993302756742176e-08
170.9,3.968120766545883e-15,-6.458944485011069e-07,2.5195082965685095e-08
171.0,3.9661372020950464e-15,-6.468555622558735e-07,2.338765378794508e-08
171.1,4.436077799318833e-15,-6.468066864947913e-07,2.159177295944242e-08
171.2,4.71687267535797e-15,-6.457489069498835e-07,1.9837097463525303e-08
171.3,4.903095421672364e-15,-6.436848820539109e-07,1.8148157571725404e-08
171.4,4.900644486746321e-15,-6.406188371586767e-07,1.6543523468095215e-08
171.5,5.180782937191891e-15,-6.365565564809172e-07,1.5049495420291485e-08
171.6,4.98989525891458e-15,-6.315053725220737e-07,1.369078993252694e-08
171.7,5.175604743782921e-15,-6.254741529779952e-07,1.2482336681724398e-08
171.8,5.078962723012831e-15,-6.184732854331553e-07,1.1443340699263308e-08
171.9,4.888408177289353e-15,-6.105146597059493e-07,1.0595207752457935e-08
172.0,4.604082011987407e-15,-6.016116476977217e-07,9.948221488697236e-09
172.1,4.883522212501622e-15,-5.917790810455568e-07,9.512037084723334e-09
172.2,4.693347174744154e-15,-5.810332266351814e-07,9.301360005024052e-09
172.3,4.503361044218317e-15,-5.693917597345223e-07,9.32118067248182e-09
172.4,4.40733680305331e-15,-5.56873734941081e-07,9.570773333623197e-09
172.5,4.4988599341042476e-15,-5.434995551830439e-07,1.0055500391866835e-08
172.6,4.215572874750912e-15,-5.292909385580607e-07,1.0774690114004764e-08
172.7,4.1198330459462804e-15,-5.142708830307275e-07,1.1718034110142313e-08
172.8,4.024187879673059e-15,-4.984636293341335e-07,1.2880217584954973e-08
172.9,3.8350983217578636e-15,-4.818946219937293e-07,1.4254792332477898e-08
173.0,3.5527045749357732e-15,-4.645904683316557e-07,1.582399486608418e-08
173.1,3.4574831754344148e-15,-4.4657889578381155e-07,1.7572150970296284e-08
173.2,3.0821597453157404e-15,-4.2788870764251136e-07,1.9487231870442554e-08
173.3,2.893914865761038e-15,-4.085497369991986e-07,2.1546966317967847e-08
173.4,2.5192465577482355e-15,-3.885927990971938e-07,2.3727318338904586e-08
173.5,2.2382108882868473e-15,-3.6804964238452727e-07,2.6011311882953388e-08
173.6,1.771031216203183e-15,-3.4695289807694293e-07,2.83753216752683e-08
173.7,1.7701459219370915e-15,-3.2533602825936214e-07,3.0790336106942496e-08
173.8,1.4899040591220963e-15,-3.0323327290868705e-07,3.3235611992029886e-08
173.9,1.023797014143411e-15,-2.806795957897948e-07,3.5688994076928486e-08
174.0,7.442074498833744e-16,-2.577106290896404e-07,3.812067518605983e-08
174.1,4.648971494805385e-16,-2.3436261714434734e-07,4.0507925631328364e-08
174.2,9.293295180165154e-17,-2.1067235940498226e-07,4.283216558777542e-08
174.3,-5.57318981642603e-16,-1.8667715242998902e-07,4.5067014265598364e-08
174.4,-8.355605877075676e-16,-1.6241473112259814e-07,4.71900589678932e-08
174.5,-1.0207302255839112e-15,-1.3792320953063695e-07,4.918750900169647e-08
174.6,-1.2984618029614445e-15,-1.1324102103613203e-07,5.103991929981593e-08
174.7,-1.6686163727236817e-15,-8.840685796737641e-08,5.2727774475633784e-08
174.8,-1.945745985259542e-15,-6.345961102970626e-08,5.424245383583292e-08
174.9,-2.129989865486975e-15,-3.843830852688988e-08,5.557362929490012e-08
175.0,-2.5917349490974208e-15,-1.33820552426509e-08,5.67071657771595e-08
175.1,-2.6829550985906012e-15,1.1670028661424401e-08,5.763936568500399e-08
175.2,-2.9590222966673716e-15,3.667886857181143e-08,5.836954922148105e-08
175.3,-3.0499663789394104e-15,6.160549637573908e-08,5.889090010041544e-08
175.4,-3.325572847562406e-15,8.64111112278284e-08,5.9204036197805186e-08
175.5,-3.416241323342789e-15,1.1105713981252043e-07,5.9316831579139207e-08
175.6,-3.691387707719048e-15,1.3550529626146317e-07,5.9230764867669165e-08
175.7,-3.96625816085264e-15,1.597176417004001e-07,5.89500570499417e-08
175.8,-3.964275527471864e-15,1.8365664304183953e-07,5.848875513980622e-08
175.9,-4.054440254582315e-15,2.0728523104223768e-07,5.785637760476692e-08
176.0,-4.052413541175599e-15,2.3056685775542516e-07,5.7060080981063995e-08
176.1,-4.142442109983023e-15,2.53465553050495e-07,5.61170021762064e-08
176.2,-3.8643466462038715e-15,2.759459800351294e-07,5.504316716792026e-08
176.3,-3.954377216697022e-15,2.979734895819606e-07,5.3848079368093204e-08
176.4,-3.768567939870735e-15,3.195141737738179e-07,5.254885657144796e-08
176.5,-3.6748137823349174e-15,3.405349179670438e-07,5.1165440063193684e-08
176.6,-3.489327992982977e-15,3.6100345162308166e-07,4.970910368189584e-08
176.7,-3.4875837650797995e-15,3.808883979072942e-07,4.81944229771727e-08
176.8,-3.1189098396965197e-15,4.001593217063873e-07,4.664206537126959e-08
176.9,-2.7506036246253817e-15,4.187867760783136e-07,4.5064393732550815e-08
177.0,-2.657587711028517e-15,4.3674234728011736e-07,4.347192398666396e-08
177.1,-2.381473809731683e-15,4.5399869808994373e-07,4.188286910742138e-08
177.2,-1.922536568449621e-15,4.7052960927249895e-07,4.0309808529967895e-08
177.3,-1.3725539574588706e-15,4.863100193873404e-07,3.875883564655123e-08
177.4,-1.0060364248152495e-15,5.01316062807378e-07,3.724315524922992e-08
177.5,-6.398849751231882e-16,5.155251056747145e-07,3.577450033170741e-08
177.6,-9.136644465827416e-17,5.289157799384087e-07,3.435519699587573e-08
177.7,3.652830914193895e-16,5.414680155181077e-07,3.2992022026364346e-08
177.8,9.127512388161429e-16,5.531630702926641e-07,3.1694708220517834e-08
177.9,1.5509014613617646e-15,5.639835579248718e-07,3.046314683570905e-08
178.0,1.9148617819818038e-15,5.739134736974204e-07,2.9297644910460847e-08
178.1,2.5518727872115302e-15,5.829382181392611e-07,2.8204905769686934e-08
178.2,2.9149681939987036e-15,5.910446183010219e-07,2.718393173670638e-08
178.3,3.459794400626758e-15,5.982209468923303e-07,2.6229842628067555e-08
178.4,4.0040751888542555e-15,6.044569392154932e-07,2.5345656394326934e-08
178.5,4.274942309755307e-15,6.097438076518683e-07,2.4530802950483314e-08
178.6,5.0000913937947705e-15,6.140742538472357e-07,2.3777476660274737e-08
178.7,5.45191851600561e-15,6.174424787000341e-07,2.308493322362934e-08
178.8,5.630833012727982e-15,6.198441899020462e-07,2.2453806157666258e-08
178.9,6.263439720921501e-15,6.21276607041324e-07,2.1876035011607218e-08
179.0,6.5324961222892525e-15,6.217384644879277e-07,2.1347717189176288e-08
179.1,6.891965729023716e-15,6.212300119064637e-07,2.0870797806434996e-08
179.2,7.160435894649963e-15,6.197530122626937e-07,2.043939737011768e-08
179.3,7.609822177405939e-15,6.173107375624148e-07,2.0047671711014044e-08
179.4,7.787113889229025e-15,6.139079623286851e-07,1.9698392087418602e-08
179.5,7.783221305511437e-15,6.095509545980127e-07,1.9389488921493015e-08
179.6,8.050702667631744e-15,6.042474645926406e-07,1.911476308131538e-08
179.7,8.317914670416422e-15,5.98006711238206e-07,1.8876966363614085e-08
179.8,8.133022910198425e-15,5.908393663194946e-07,1.867829634905025e-08
179.9,8.399922662375164e-15,5.827575362887416e-07,1.851379282194957e-08
180.0,8.395723750859334e-15,5.737747419970025e-07,1.8385278021676984e-08
180.1,8.30129546581992e-15,5.639058962512e-07,1.8298432535271865e-08
180.2,8.477518591566805e-15,5.531672790711292e-07,1.8250729355347658e-08
180.3,8.47328089178425e-15,5.415765109174332e-07,1.824236584717815e-08
180.4,8.108660403499754e-15,5.291525239600759e-07,1.8280710402216702e-08
180.5,7.834453517154591e-15,5.159155311865298e-07,1.836613170926793e-08
180.6,7.65052491851561e-15,5.018869935237152e-07,1.849689564569621e-08
180.7,7.466778244866423e-15,4.870895852019334e-07,1.8679722664141368e-08
180.8,7.19329714596215e-15,4.715471571857568e-07,1.891744265938648e-08
180.9,7.099830128946452e-15,4.5528469869464995e-07,1.9206509444666705e-08
181.0,6.8268020720528685e-15,4.3832829712984136e-07,1.9550711110969487e-08
181.1,6.464263759792005e-15,4.207050963535726e-07,1.9954069430406104e-08
181.2,5.743139942942599e-15,4.024432532021342e-07,2.041167024996971e-08
181.3,5.740269090743986e-15,3.8357189253520996e-07,2.0922711427975538e-08
181.4,5.020224714411092e-15,3.641210609364168e-07,2.1490591045894008e-08
181.5,4.5697049411312044e-15,3.4412167887847125e-07,2.2109617394596103e-08
181.6,4.209191588423385e-15,3.2360549154452744e-07,2.2773770638008935e-08
181.7,4.028062517895103e-15,3.026050185743137e-07,2.3483932408373657e-08
181.8,3.3103069473827178e-15,2.811535025825481e-07,2.423417414516124e-08
181.9,2.9509600770740133e-15,2.592848564811666e-07,2.5013817162065857e-08
182.0,2.5919716366508014e-15,2.3703360995270747e-07,2.5819780754976965e-08
182.1,1.9653403946568495e-15,2.144348550468407e-07,2.664625953938442e-08
182.2,1.6072019755250163e-15,1.9152419079069577e-07,2.747953735381035e-08
182.3,1.338665479503351e-15,1.683376671321834e-07,2.831202367705096e-08
182.4,1.070397051255119e-15,1.449117283574599e-07,2.9138185650515555e-08
182.5,7.13241324337884e-16,1.2128315580672698e-07,2.994359224821824e-08
182.6,3.5644239640801164e-16,9.748901008802641e-08,3.071675388800657e-08
182.7,1.781321098788411e-16,7.356657307625978e-08,3.145243536478629e-08
182.8,-1.7804306608670478e-16,4.9553289558052804e-08,3.213800757867356e-08
182.9,-4.448851670133399e-16,2.548670855938413e-08,3.275983304678923e-08
183.0,-7.114604480499387e-16,1.40442470977914e-09,3.3313040053179774e-08
183.1,-7.999929075866058e-16,-2.2655980371608066e-08,3.378899341823516e-08
183.2,-1.1549676827220444e-15,-4.6656996772211117e-08,3.417449499565258e-08
183.3,-1.2431896003989375e-15,-7.056124474767468e-08,3.446530932441452e-08
183.4,-1.5088327668940148e-15,-9.433153280189064e-08,3.4658246692695614e-08
183.5,-1.774210045980275e-15,-1.1793091555253911e-07,3.474344178967905e-08
183.6,-1.7733231626965824e-15,-1.4132275119055724e-07,3.4717883697300676e-08
183.7,-1.7724367227436896e-15,-1.6447075825172968e-07,3.4584310462864906e-08
183.8,-1.9487057984899858e-15,-1.87339071830002e-07,3.433874343789355e-08
183.9,-2.0362649477355716e-15,-2.0989229920326433e-07,3.3980278352046996e-08
184.0,-1.7697800606542652e-15,-2.3209557453586137e-07,3.351708993599858e-08
184.1,-1.76889539180958e-15,-2.5391461266724113e-07,3.29526928191355e-08
184.2,-1.9448122817076272e-15,-2.7531576209323147e-07,3.2289301416158985e-08
184.3,-1.767127380570724e-15,-2.9626605685074277e-07,3.153924651377016e-08
184.4,-1.5896196339610957e-15,-3.167332671648566e-07,3.071378228454107e-08
184.5,-1.412288909167517e-15,-3.3668594902122405e-07,2.9819083475072895e-08
184.6,-1.2351350735671745e-15,-3.5609349250299423e-07,2.8869889906285123e-08
184.7,-7.936184959692083e-16,-3.7492616863204614e-07,2.7883934306626793e-08
184.8,-5.288145239380026e-16,-3.9315517483753233e-07,2.6871693816930867e-08
184.9,-4.4045848563902796e-16,-4.107526790485518e-07,2.584844501819518e-08
185.0,-8.804766228886881e-17,-4.2769186211276657e-07,2.4835818541902728e-08
185.1,8.800364946184807e-17,-4.4394695854852443e-07,2.3848140472972717e-08
185.2,4.397982931787008e-16,-4.59493295752863e-07,2.289952413633486e-08
185.3,8.791568979954733e-16,-4.743073314250346e-07,2.201206908262273e-08
185.4,1.1423326582496069e-15,-4.88366689075246e-07,2.120255448934785e-08
185.5,1.4930729069000436e-15,-5.016501917864231e-07,2.0482581729700088e-08
185.6,1.6678943872907353e-15,-5.141378941199942e-07,1.9871089237551546e-08
185.7,2.1057608192199723e-15,-5.258111119338891e-07,1.9385047910571016e-08
185.8,2.543189077400475e-15,-5.366524502343205e-07,1.9032603798548843e-08
185.9,2.8925271525291482e-15,-5.466458291034687e-07,1.8826383741625513e-08
186.0,3.591949432387863e-15,-5.55776507451117e-07,1.8780735915050205e-08
186.1,3.940412824306674e-15,-5.640311045990252e-07,1.8899758111194326e-08
186.2,4.463568858412582e-15,-5.713976198513257e-07,1.918767499565805e-08
186.3,4.898723674173414e-15,-5.778654498713419e-07,1.965334198119068e-08
186.4,5.508309290146587e-15,-5.834254037448022e-07,2.0296472662278938e-08
186.5,6.117284248806036e-15,-5.880697159149663e-07,2.1112199049843225e-08
186.6,6.550956826301504e-15,-5.917920569439687e-07,2.2101552412642524e-08
186.7,7.158799168839502e-15,-5.945875418969186e-07,2.3259706848236187e-08
186.8,7.766032184049647e-15,-5.964527364765206e-07,2.4573467603012024e-08
186.9,8.372656329222334e-15,-5.973856610076043e-07,2.603480084583754e-08
187.0,8.891500487931941e-15,-5.973857920668217e-07,2.7634357116741134e-08
187.1,9.409823840054456e-15,-5.964540617684468e-07,2.9352609622576584e-08
187.2,9.753457885802189e-15,-5.945928549046217e-07,3.117268690176416e-08
187.3,1.0183786946188276e-14,-5.918060038197183e-07,3.3080972737329754e-08
187.4,1.052668594344142e-14,-5.880987809090536e-07,3.505439844272091e-08
187.5,1.095619349939551e-14,-5.834778889546609e-07,3.706904643783465e-08
187.6,1.1385269024796608e-14,-5.779514493177575e-07,3.9107668009466144e-08
187.7,1.181391284424406e-14,-5.715289878074716e-07,4.114670462549211e-08
187.8,1.2155301698559506e-14,-5.642214183671975e-07,4.3158322744135363e-08
187.9,1.2236005749490235e-14,-5.5604102473916e-07,4.5122787913321416e-08
188.0,1.2316626079236226e-14,-5.470014399400205e-07,4.701885501995034e-08
188.1,1.257054964295883e-14,-5.371176235661595e-07,4.8818739083607116e-08
188.2,1.2737566159045157e-14,-5.264058371752974e-07,5.0501936447525554e-08
188.3,1.2644592172196099e-14,-5.148836176743291e-07,5.205169305494365e-08
188.4,1.2811398462672962e-14,-5.025697486124575e-07,5.344436664547719e-08
188.5,1.2804994364599562e-14,-4.894842296252598e-07,5.466090898234216e-08
188.6,1.2712116484884453e-14,-4.756482441047936e-07,5.5690406471481e-08
188.7,1.2446460749771528e-14,-4.6108412493148433e-07,5.651685128744528e-08
188.8,1.226745797668184e-14,-4.4581531842895047e-07,5.71251403072112e-08
188.9,1.2347673145524224e-14,-4.298663467539423e-07,5.7510723200216446e-08
189.0,1.1737371439810221e-14,-4.132627685807411e-07,5.766748724566411e-08
189.1,1.164524316056859e-14,-3.960311381105413e-07,5.7586656158719e-08
189.2,1.1380768172303321e-14,-3.781989626933128e-07,5.7269871886448326e-08
189.3,1.0771855313045568e-14,-3.5979465902739e-07,5.6721570167317236e-08
189.4,1.0508075434087055e-14,-3.408475078449787e-07,5.59411186721314e-08
189.5,1.015846786672086e-14,-3.2138760735836005e-07,5.49357013429686e-08
189.6,9.723161516690123e-15,-3.01445825578489e-07,5.371928971555276e-08
189.7,9.288287825853434e-15,-2.810537513550672e-07,5.2300216354302005e-08
189.8,8.939806144902152e-15,-2.602436443165327e-07,5.06902845196578e-08
189.9,8.333920421486219e-15,-2.390483839548358e-07,4.8910582520621905e-08
190.0,7.642764440751873e-15,-2.1750141773223567e-07,4.697794137301285e-08
190.1,7.381451518873424e-15,-1.9563670825077956e-07,4.490772377451773e-08
190.2,6.948822081011338e-15,-1.7348867979709993e-07,4.272482994856644e-08
190.3,6.1736431452700824e-15,-1.510921642459609e-07,4.045276026773865e-08
190.4,5.570641822122577e-15,-1.2848234624116302e-07,3.810930127165275e-08
190.5,5.053901148432561e-15,-1.0569470794233817e-07,3.571961026284974e-08
190.6,4.195209604153304e-15,-8.276497346607585e-08,3.331087628698352e-08
190.7,3.765243898801259e-15,-5.9729052881143e-08,3.0902072715605645e-08
190.8,3.3357070034028995e-15,-3.6622985943054635e-08,2.851544369197498e-08
190.9,2.6501340146319932e-15,-1.3482885823173229e-08,2.6178184129642717e-08
191.0,1.8798001333676435e-15,9.655117280452419e-09,2.390907561808671e-08
191.1,1.7080549711243807e-15,3.2754932604612895e-08,2.1725149069136522e-08
191.2,1.024320694266066e-15,5.5780565042206975e-08,1.9649851046274137e-08
191.3,5.97221719463648e-16,7.869617113142284e-08,1.7700242023033735e-08
191.4,0.0,1.0146611488975243e-07,1.5886959116742437e-08
191.5,-8.523211375079029e-17,1.240550232106816e-07,1.4226550313987931e-08
191.6,-3.4075803338461466e-16,1.4642784069452884e-07,1.2732747935711122e-08
191.7,-8.514692423889459e-16,1.685498840473042e-07,1.1409736083744456e-08
191.8,-1.0212523370204037e-15,1.903868958716892e-07,1.026518697030206e-08
191.9,-1.5311127577307434e-15,2.1190509760695533e-07,9.308000305132467e-09
192.0,-1.7003859918989763e-15,2.3307124172323663e-07,8.536740516578937e-09
192.1,-1.6995360114158554e-15,2.538526631337158e-07,7.949748924696001e-09
192.2,-1.613752133025909e-15,2.7421732953409e-07,7.549943261340564e-09
192.3,-1.782729191133723e-15,2.941338906763401e-07,7.33164595924218e-09
192.4,-2.0363863421053363e-15,3.135717266576312e-07,7.284970876031696e-09
192.5,-1.865754369820144e-15,3.325009949725488e-07,7.406336751999117e-09
192.6,-1.8648217258156655e-15,3.5089267620956967e-07,7.687354430800669e-09
192.7,-1.7791672958340537e-15,3.687186185241595e-07,8.112301284032963e-09
192.8,-1.524238229609989e-15,3.85951580745237e-07,8.671430113986132e-09
192.9,-1.4388387287158111e-15,4.0256527389535606e-07,9.355010161187574e-09
193.0,-1.184333696968736e-15,4.1853440122709907e-07,1.0144635008704708e-08
193.1,-7.6097679308826e-16,4.3383469676672327e-07,1.1025650790607399e-08
193.2,-3.3804284435465034e-16,4.484429621128499e-07,1.1988014614754276e-08
193.3,-8.446846629519671e-17,4.623371014984471e-07,1.3013895309564567e-08
193.4,1.6885248523769572e-16,4.7549615521519896e-07,1.4085804588220938e-08
193.5,3.375361601962404e-16,4.879003311970215e-07,1.5194047093709818e-08
193.6,6.747348686022625e-16,4.995310346559654e-07,1.6324094387384647e-08
193.7,1.011596378243647e-15,5.103708959116598e-07,1.7458206882004664e-08
193.8,1.5166360597245e-15,5.204037963211489e-07,1.858741827327528e-08
193.9,1.936955134365484e-15,5.29614892119024e-07,1.9702213071590637e-08
194.0,2.356853616024594e-15,5.379906362716917e-07,2.0787241658565394e-08
194.1,2.7763318201624367e-15,5.455187983827519e-07,2.1834523478214566e-08
194.2,3.2794792741879998e-15,5.521884824411075e-07,2.284002716455388e-08
194.3,3.5299814786034625e-15,5.579901424245005e-07,2.37929874979052e-08
194.4,3.864237588946725e-15,5.629155958902203e-07,2.468667780473823e-08
194.5,4.366084990462514e-15,5.669580354064845e-07,2.552184343040857e-08
194.6,4.61566609903909e-15,5.701120377301599e-07,2.629360668879175e-08
194.7,5.116634352980961e-15,5.72373570891519e-07,2.6996845160463384e-08
194.8,5.281751320368235e-15,5.737399991543296e-07,2.763550760730443e-08
194.9,5.781883590989987e-15,5.742100856864198e-07,2.8210751984692987e-08
195.0,6.281514534575543e-15,5.737839930553694e-07,2.8719455773341905e-08
195.1,6.696932866524505e-15,5.724632816415968e-07,2.9166810002574664e-08
195.2,6.944594683458412e-15,5.702509058027281e-07,2.9558975990125372e-08
195.3,7.526519191134604e-15,5.671512078077477e-07,2.9895150580118385e-08
195.4,7.689929247134867e-15,5.631699097175233e-07,3.017993243253849e-08
195.5,8.1873516725222e-15,5.583141031186776e-07,3.0422507709250094e-08
195.6,8.517269592176567e-15,5.525922366269006e-07,3.062448332569444e-08
195.7,8.763394728387103e-15,5.460141013508783e-07,3.078857858583776e-08
195.8,8.759014126264702e-15,5.385908143432857e-07,3.092453748530064e-08
195.9,8.921390679874849e-15,5.303347998949312e-07,3.103610021612014e-08
196.0,9.3336101228651e-15,5.212597688041591e-07,3.1123610600085894e-08
196.1,9.41223863149185e-15,5.113806957694702e-07,3.1194977831881194e-08
196.2,9.490786199027654e-15,5.007137947715806e-07,3.125539420005296e-08
196.3,9.818885570748144e-15,4.892764924743021e-07,3.130313421574646e-08
196.4,9.980315954358238e-15,4.770873998665553e-07,3.134250579716359e-08
196.5,9.725943867619838e-15,4.6416628209480053e-07,3.137914196902205e-08
196.6,1.005342679878971e-14,4.505340264123794e-07,3.141017505108456e-08
196.7,1.0048401341859245e-14,4.3621260846965584e-07,3.14355625081429e-08
196.8,9.794369015284642e-15,4.212250570184495e-07,3.146024391212187e-08
196.9,9.706511418810889e-15,4.0559541690145293e-07,3.148142370361127e-08
197.0,9.867499707430538e-15,3.893487104802611e-07,3.1495134737834996e-08
197.1,9.613931043141293e-15,3.7251089769405384e-07,3.150463898863482e-08
197.2,9.609125279160836e-15,3.5510883463729776e-07,3.1508355298050927e-08
197.3,9.355934281665325e-15,3.3717023069876394e-07,3.1499857439082016e-08
197.4,9.18574850180685e-15,3.187236045215791e-07,3.148017034730876e-08
197.5,8.767591155061398e-15,2.99798238760207e-07,3.144969703375272e-08
197.6,8.597864899490691e-15,2.804241335712362e-07,3.1401675384121585e-08
197.7,8.428306136948903e-15,2.606319590894136e-07,3.133494887832641e-08
197.8,7.845969005275461e-15,2.404530069902733e-07,3.1252133405759063e-08
197.9,7.594403411839021e-15,2.199191410209945e-07,3.114836684299628e-08
198.0,7.425593960160651e-15,1.9906274667182076e-07,3.102102552210427e-08
198.1,6.844624595240958e-15,1.7791668020446946e-07,3.087461445135695e-08
198.2,6.34665833319482e-15,1.5651421693894972e-07,3.070796300743214e-08
198.3,6.013954067502163e-15,1.3488899885318222e-07,3.05181959619611e-08
198.4,5.516897334518568e-15,1.1307498177339183e-07,3.031098072941483e-08
198.5,4.938035440610646e-15,9.110638214452783e-08,3.008972304080487e-08
198.6,4.6065292373724476e-15,6.90176233261996e-08,2.9852712709154436e-08
198.7,4.193134892360213e-15,4.684328167777015e-08,2.9605869026145623e-08
198.8,3.533620990306815e-15,2.461803254264737e-08,2.935692166951184e-08
198.9,3.0390376975187222e-15,2.3765960227619845e-09,2.9106544699119684e-08
199.0,2.5449479814345262e-15,-1.9846317279039155e-08,2.8860046288886367e-08
199.1,1.969297413297518e-15,-4.201606032857961e-08,2.8628132307403135e-08
199.2,1.3942217159210167e-15,-6.409810363365219e-08,2.8414491580705238e-08
199.3,9.016925042605299e-16,-8.605808906265642e-08,2.8223184617001596e-08
199.4,2.4579321019123084e-16,-1.0786188323498118e-07,2.806574322465309e-08
199.5,-4.094505738419441e-16,-1.2947563049107158e-07,2.794864945987504e-08
199.6,-7.366426195100683e-16,-1.508658054920184e-07,2.7874371170170045e-08
199.7,-1.3907405149455588e-15,-1.7199926519622186e-07,2.7852794571992566e-08
199.8,-1.8806495485610968e-15,-1.9284330010713038e-07,2.7892054544309453e-08
199.9,-2.2066154516686317e-15,-2.1336568489633955e-07,2.799293344230693e-08
200.0,-2.7773119359484433e-15,-2.3353472823722333e-07,2.8161424204141885e-08
200.1,-3.02085806477072e-15,-2.533193216441328e-07,2.840543148940571e-08
200.2,-3.590576015795603e-15,-2.7268898740484386e-07,2.872409092021055e-08
200.3,-3.99659721932297e-15,-2.916139255594598e-07,2.9117962236826926e-08
200.4,-4.320689168792849e-15,-3.1006505967702443e-07,2.9592483881366395e-08
200.5,-4.5629744225558e-15,-3.2801408143983056e-07,3.014518023715273e-08
200.6,-4.886457327451365e-15,-3.454334940916813e-07,3.077065393565751e-08
200.7,-4.9654149546512346e-15,-3.622966545300003e-07,3.146981158010269e-08
200.8,-5.288371088583236e-15,-3.7857781394746035e-07,3.223850753853753e-08
200.9,-5.448365335174405e-15,-3.942521571297625e-07,3.306596296271186e-08
201.0,-5.445641833438992e-15,-4.0929584027813633e-07,3.3947188687230315e-08
201.1,-5.524157300473976e-15,-4.236860271766945e-07,3.487621417276795e-08
201.2,-5.440198913519089e-15,-4.374009237927383e-07,3.5838401549272655e-08
201.3,-5.1940102629004145e-15,-4.504198112926585e-07,3.6822615759106445e-08
201.4,-5.11029806461655e-15,-4.627230772628479e-07,3.782091915752658e-08
201.5,-4.945592965240762e-15,-4.742922451492917e-07,3.881694675643452e-08
201.6,-4.6189817188638e-15,-4.85110001993893e-07,3.9794465413947005e-08
201.7,-4.454684285797327e-15,-4.951602242940184e-07,4.07436245612125e-08
201.8,-4.128642409459193e-15,-5.044280019048629e-07,4.164864673155852e-08
201.9,-3.722012074420452e-15,-5.128996601036051e-07,4.249044728118494e-08
202.0,-3.4775329552817486e-15,-5.205627797332836e-07,4.325770650603298e-08
202.1,-2.9099675917032176e-15,-5.274062152740894e-07,4.393733080804897e-08
202.2,-2.5045528366492683e-15,-5.334201109366693e-07,4.451044526749054e-08
202.3,-2.0995426678853153e-15,-5.385959148047694e-07,4.496523891518185e-08
202.4,-1.533514231540729e-15,-5.429263908583671e-07,4.529286256881301e-08
202.5,-1.2907348767008787e-15,-5.464056288974584e-07,4.547795851789159e-08
202.6,-8.869366485220319e-16,-5.490290524791142e-07,4.550974094479274e-08
202.7,-4.0295149593017113e-16,-5.507934247474668e-07,4.538447723466672e-08
202.8,1.6110002821709967e-16,-5.516968520877903e-07,4.509323204784988e-08
202.9,6.440779933485554e-16,-5.517387857477835e-07,4.46281328005741e-08
203.0,1.2875120696964273e-15,-5.509200214006718e-07,4.399075569545024e-08
203.1,1.7694441525389305e-15,-5.492426965209192e-07,4.318050804354943e-08
203.2,2.1705050269713945e-15,-5.467102856816018e-07,4.2194374266010056e-08
203.3,2.4104667174731382e-15,-5.433275938542022e-07,4.103887260351111e-08
203.4,2.971422868626119e-15,-5.391007475782602e-07,3.9722307402920244e-08
203.5,3.531817601528156e-15,-5.340371840305475e-07,3.824808994328725e-08
203.6,3.9311944221004564e-15,-5.281456381508996e-07,3.662694200087632e-08
203.7,4.3301710831666996e-15,-5.21436127750829e-07,3.487514686393766e-08
203.8,4.408154808043453e-15,-5.1391993654786e-07,3.3003314648116e-08
203.9,4.886600512283353e-15,-5.056095953004799e-07,3.102542671286338e-08
204.0,5.0442941448078775e-15,-4.96518861070453e-07,2.896354262326127e-08
204.1,5.2818570390322696e-15,-4.866626945014209e-07,2.6835115992278933e-08
204.2,5.519181169300079e-15,-4.760572352433575e-07,2.465635668066789e-08
204.3,5.676318566135732e-15,-4.647197756546525e-07,2.2452042140800108e-08
204.4,5.9132056704830145e-15,-4.5266873267590783e-07,2.0244867774511324e-08
204.5,6.0699862879368e-15,-4.3992361791848216e-07,1.8052185943244814e-08
204.6,6.066952053414675e-15,-4.265050061685348e-07,1.589813844141843e-08
204.7,5.904342511008739e-15,-4.124345022673275e-07,1.3807959466340122e-08
204.8,6.300133718056369e-15,-3.9773470632166005e-07,1.1798966985762921e-08
204.9,6.21727577480329e-15,-3.824291774522778e-07,9.891608998268816e-09
205.0,6.1344990945362886e-15,-3.665423961460305e-07,8.110238213773834e-09
205.1,6.1314326116736195e-15,-3.5009972511334423e-07,6.470832051903694e-09
205.2,5.969189280846563e-15,-3.331273688031374e-07,4.987848753064489e-09
205.3,5.807106620704313e-15,-3.156523317451038e-07,3.6812032032544373e-09
205.4,5.56567487015469e-15,-2.9770237562966323e-07,2.5640906697713477e-09
205.5,5.483422832194278e-15,-2.7930597518377766e-07,1.6437308148574305e-09
205.6,5.321821463886252e-15,-2.604922730760653e-07,9.325532598993736e-10
205.7,5.0809898204380984e-15,-2.412910338315195e-07,4.3947862670947445e-10
205.8,4.999099179912237e-15,-2.2173259672045013e-07,1.6433205460846837e-10
205.9,4.758666909624328e-15,-2.0184782785480689e-07,1.1010532115485126e-10
206.0,4.439202292843503e-15,-1.816680715775506e-07,2.800828280767837e-10
206.1,4.0408240280669596e-15,-1.6122510105662022e-07,6.674825266781946e-10
206.2,3.880419645735609e-15,-1.4055106825248367e-07,1.26538148476427e-09
206.3,3.641021966544505e-15,-1.1967845344797296e-07,2.0704621942348177e-09
206.4,3.2436364855464887e-15,-9.864001425867849e-08,3.0707732872091746e-09
206.5,3.083867995974089e-15,-7.746873419480407e-08,4.250574371926214e-09
206.6,2.7661904015086586e-15,-5.619777102063972e-08,5.599660718234903e-09
206.7,2.2908406259628117e-15,-3.486040489954985e-08,7.1026569228677544e-09
206.8,2.210740474993147e-15,-1.3489986297779357e-08,8.737475194405528e-09
206.9,1.8939731837589933e-15,7.880116112220906e-09,1.0487636443964384e-08
207.0,1.5775220282285908e-15,2.921656745877005e-08,1.2336093416635924e-08
207.1,1.4190601179346823e-15,5.0486118671234995e-08,1.4257779643003198e-08
207.2,1.024364441554039e-15,7.165565829980069e-08,1.6231535042745468e-08
207.3,5.513051316540271e-16,9.269226396869422e-08,1.82401945134473e-08
207.4,2.3615552056708183e-16,1.13563253539982e-07,2.02593538414134e-08
207.5,0.0,1.342362359156489e-07,2.2265628889396995e-08
207.6,-3.1455931077990073e-16,1.5467916123962976e-07,2.424301074485202e-08
207.7,-7.860051760946804e-16,1.748603705127146e-07,2.6171016080584787e-08
207.8,-8.641734989149975e-16,1.9474864464550295e-07,2.8027040366755627e-08
207.9,-1.0207854329272672e-15,2.1431325272108487e-07,2.9797239496261105e-08
208.0,-1.3342059886454789e-15,2.3352399938622547e-07,3.146738947183165e-08
208.1,-1.6473129470812563e-15,2.5235127145156995e-07,3.30187414565097e-08
208.2,-1.8817022817000222e-15,2.70766083542141e-07,3.444042350086111e-08
208.3,-2.037491804543823e-15,2.887401226295394e-07,3.5725576351529144e-08
208.4,-2.271451003280075e-15,3.062457915227532e-07,3.6861902319872633e-08
208.5,-2.5834625356849075e-15,3.2325625125877635e-07,3.7842171703332174e-08
208.6,-2.738666347132192e-15,3.397454621808944e-07,3.8666707813239404e-08
208.7,-2.8937143480197207e-15,3.55688223722865e-07,3.933128947783453e-08
208.8,-3.0486066553375487e-15,3.7106021293329893e-07,3.9832863294466315e-08
208.9,-3.2033433859977054e-15,3.858380215449469e-07,4.017767865925246e-08
209.0,-3.27983338574507e-15,3.9999919152159496e-07,4.036991024813695e-08
209.1,-3.4342983493898616e-15,4.1352224916813664e-07,4.041100977269466e-08
209.2,-3.666621285983029e-15,4.263867376800664e-07,4.031121114393125e-08
209.3,-3.5088399896087104e-15,4.3857324798898303e-07,4.00820178082387e-08
209.4,-3.585021252771276e-15,4.5006344798464155e-07,3.972938418975958e-08
209.5,-3.6611254769413e-15,4.6084011008617726e-07,3.926537144254581e-08
209.6,-3.5814380234317765e-15,4.7088713698712266e-07,3.870655575617259e-08
209.7,-3.657466181417062e-15,4.801895855990293e-07,3.806292449078821e-08
209.8,-3.50007884562776e-15,4.887336892518607e-07,3.734642649603119e-08
209.9,-3.342847943924475e-15,4.965068780019139e-07,3.6575700267680225e-08
210.0,-3.0303697807399074e-15,5.034977969930779e-07,3.576374729200623e-08
210.1,-2.951192026516414e-15,5.096963229741303e-07,3.492099020403571e-08
210.2,-2.8720926730422445e-15,5.150935788961006e-07,3.406495337907219e-08
210.3,-2.482730365974036e-15,5.196819464717223e-07,3.3210112668656114e-08
210.4,-2.1713031471955496e-15,5.234550767880573e-07,3.2364593755129513e-08
210.5,-2.092709989597129e-15,5.26407898989622e-07,3.15420827567475e-08
210.6,-1.4719116306223055e-15,5.285366268949514e-07,3.0756626377738084e-08
210.7,-1.238884933697084e-15,5.298387635792385e-07,3.001388343862711e-08
210.8,-1.0060908374278492e-15,5.303131040193188e-07,2.9321924946723023e-08
210.9,-5.414704172497482e-16,5.299597356985006e-07,2.869239205966256e-08
211.0,-2.31942749877277e-16,5.287800371299928e-07,2.8128721188886713e-08
211.1,7.727560249678352e-17,5.267766744283943e-07,2.7632823431808072e-08
211.2,4.634218461202543e-16,5.239535959055708e-07,2.721224635069496e-08
211.3,8.491820207113311e-16,5.203160245938778e-07,2.6868629841093607e-08
211.4,1.3888759677235183e-15,5.158704488051614e-07,2.6598419058592256e-08
211.5,1.8509089377602946e-15,5.106246107940284e-07,2.6404014548675442e-08
211.6,2.312479643270595e-15,5.045874934191765e-07,2.6285662304518177e-08
211.7,2.850632554034919e-15,4.97769304847609e-07,2.6236013243568296e-08
211.8,3.080224425975772e-15,4.901814614418499e-07,2.6252160647948415e-08
211.9,3.386553168599342e-15,4.818365687678133e-07,2.6333206693500832e-08
212.0,3.846432176435959e-15,4.7274840069365515e-07,2.6470203708491755e-08
212.1,4.3058505740002366e-15,4.6293187674263545e-07,2.6655746085851993e-08
212.2,4.457401693528252e-15,4.5240303772194207e-07,2.6887880242072094e-08
212.3,4.9928669092181055e-15,4.411790195457713e-07,2.7158245777903173e-08
212.4,5.29747085975357e-15,4.292780253840205e-07,2.745657975920571e-08
212.5,5.525032472762296e-15,4.1671929625146246e-07,2.777988268739904e-08
212.6,5.7523652573332124e-15,4.035230799519439e-07,2.8122069736591525e-08
212.7,5.8261496575454485e-15,3.897105984381733e-07,2.8472168303064152e-08
212.8,5.746615767300019e-15,3.753040137677878e-07,2.8826195887381043e-08
212.9,6.126659389465209e-15,3.6032639262163e-07,2.9181205381859844e-08
213.0,6.353231706430601e-15,3.448016693644859e-07,2.952770752686256e-08
213.1,6.426562582003814e-15,3.287546078451217e-07,2.9860974646794613e-08
213.2,6.499818557517114e-15,3.12210761988662e-07,3.018112749360382e-08
213.3,6.649429918476285e-15,2.9519643510965194e-07,3.0481919004012883e-08
213.4,6.4933219877858426e-15,2.777386381011688e-07,3.0758336974007505e-08
213.5,6.413722301400503e-15,2.59865046646545e-07,3.101270013257925e-08
213.6,6.410516241831487e-15,2.4160395737992016e-07,3.124293438149617e-08
213.7,6.178479221145439e-15,2.2298424307180308e-07,3.1444378998463646e-08
213.8,6.099151361694881e-15,2.040353070497061e-07,3.162019280838474e-08
213.9,5.94369998457388e-15,1.8478703683168481e-07,3.177237124667281e-08
214.0,5.864565686684122e-15,1.6526975696521523e-07,3.189728373510497e-08
214.1,5.709383899470126e-15,1.4551418128954295e-07,3.199747932895391e-08
214.2,5.6304428554601216e-15,1.2555136468921634e-07,3.207793582442436e-08
214.3,5.39948124294801e-15,1.0541265427409344e-07,3.213657291538623e-08
214.4,5.016727094251385e-15,8.512964015771116e-08,3.2174183330616775e-08
214.5,4.786300295977432e-15,6.473410599288469e-08,3.2196927069933734e-08
214.6,4.6320376569056196e-15,4.425797919540896e-08,3.2204465780047287e-08
214.7,4.5538251314610345e-15,2.3733280943764948e-08,3.219526206329367e-08
214.8,4.475689641561442e-15,3.1920761729234586e-09,3.21746040111562e-08
214.9,4.170167450609745e-15,-1.73335764563637e-08,3.214365245318812e-08
215.0,3.940732912355677e-15,-3.7811674614444916e-08,3.2098648221389705e-08
215.1,3.5600358231773875e-15,-5.821032216170202e-08,3.204221748383606e-08
215.2,3.2554259310304914e-15,-7.849777874358354e-08,3.197636760658051e-08
215.3,3.1781288894620225e-15,-9.864250918244512e-08,3.189583108122797e-08
215.4,2.798380671953248e-15,-1.1861323249244707e-07,3.17995091126975e-08
215.5,2.570199520706031e-15,-1.3837897036488702e-07,3.1689342949644097e-08
215.6,2.417802110274897e-15,-1.579090951922307e-07,3.155966134855026e-08
215.7,2.2655564169324926e-15,-1.7717337754366676e-07,3.140558955492872e-08
215.8,2.11346232707996e-15,-1.9614203288475794e-07,3.122809185943744e-08
215.9,1.8860766607635585e-15,-2.147857675644069e-07,3.102229959121747e-08
216.0,1.6589177951750545e-15,-2.330758240714184e-07,3.0780562833431605e-08
216.1,1.2812502382422635e-15,-2.5098402535197065e-07,3.0502258272849827e-08
216.2,9.79289826605031e-16,-2.6848281813294885e-07,3.0184345992300754e-08
216.3,8.282156419160101e-16,-2.8554531531281674e-07,2.981824128076164e-08
216.4,5.26782860293935e-16,-3.021453372638916e-07,2.940166828295108e-08
216.5,6.017366110864827e-16,-3.1825745191189985e-07,2.8934064059200284e-08
216.6,4.510768634891109e-16,-3.338570136641949e-07,2.84081740559117e-08
216.7,3.7570948452714833e-16,-3.4892020111538925e-07,2.7820663989629557e-08
216.8,3.75521676740744e-16,-3.6342405335049767e-07,2.7173647189884844e-08
216.9,3.002671702678087e-16,-3.7734650487513035e-07,2.6463362780205674e-08
217.0,2.250878056573622e-16,-3.906664191886467e-07,2.5686612635058226e-08
217.1,2.9996705318109403e-16,-4.0336362082430947e-07,2.4847983826863683e-08
217.2,2.2486283035810247e-16,-4.1541892581595617e-07,2.394876371353401e-08
217.3,1.4983361803072873e-16,-4.2681417066207127e-07,2.2987440752336838e-08
217.4,3.7439679986948623e-16,-4.3753223966638723e-07,2.1970603668598705e-08
217.5,2.245257889568115e-16,-4.4755709054534665e-07,2.0905173128340397e-08
217.6,2.2441355412337963e-16,-4.56873778380827e-07,1.9792845198094312e-08
217.7,2.2430137539333755e-16,-4.654684778799036e-07,1.8641630747610123e-08
217.8,3.7364875456440076e-16,-4.7332850379644876e-07,1.746354814953376e-08
217.9,4.481543722625154e-16,-4.804423295525894e-07,1.6264561215318772e-08
218.0,7.465505851439088e-16,-4.86799604103179e-07,1.5053549321442762e-08
218.1,9.700306241009914e-16,-4.923911669101879e-07,1.3846070765719923e-08
218.2,9.695457300225625e-16,-4.97209061000128e-07,1.2652588594683835e-08
218.3,1.2672337178169006e-15,-5.012465441960228e-07,1.1482372104506493e-08
218.4,1.4156120545517871e-15,-5.044980984491767e-07,1.0352253645401436e-08
218.5,1.8617163492717497e-15,-5.069594371841121e-07,9.276392000461955e-09
218.6,2.009648581674707e-15,-5.086275107487355e-07,8.264016384810993e-09
218.7,2.1574324536257155e-15,-5.095005099771858e-07,7.330706033592009e-09
218.8,2.453782145934124e-15,-5.095778677527125e-07,6.49250233272585e-09
218.9,2.7498350235367883e-15,-5.088602586198579e-07,5.758114034959336e-09
219.0,2.822743164553796e-15,-5.073495965279583e-07,5.139556154982182e-09
219.1,3.1183144768877847e-15,-5.050490306154614e-07,4.6522025282138e-09
219.2,3.4877980557277052e-15,-5.019629390202087e-07,4.303605078024337e-09
219.3,3.782740089844663e-15,-4.980969208371355e-07,4.100516217372623e-09
219.4,4.003252086243658e-15,-4.934577861968618e-07,4.054824092446139e-09
219.5,4.445834400581841e-15,-4.880535443961354e-07,4.172072588822053e-09
219.6,4.591732440318848e-15,-4.818933901927923e-07,4.45290851976507e-09
219.7,5.033576226805361e-15,-4.749876883214073e-07,4.903214745080881e-09
219.8,5.179032422718961e-15,-4.6734795614254597e-07,5.525499629678724e-09
219.9,5.398291134655005e-15,-4.589868444885298e-07,6.314368236071672e-09
220.0,5.765153805115154e-15,-4.499181168318038e-07,7.2680199380986055e-09
220.1,6.0577730743129724e-15,-4.4015662671894837e-07,8.3848771280379e-09
220.2,6.4239367098024375e-15,-4.297182934662706e-07,9.65435228502609e-09
220.3,6.346924101267811e-15,-4.1862007627380264e-07,1.106651324689091e-08
220.4,6.786338741691209e-15,-4.068799467706821e-07,1.2614875393922826e-08
220.5,6.930401777438111e-15,-3.9451685993455623e-07,1.4285045334894152e-08
220.6,7.0743190904223825e-15,-3.8155072352324084e-07,1.6059891383894934e-08
220.7,7.365398765645514e-15,-3.6800236611592855e-07,1.7927718483249558e-08
220.8,7.656185666255474e-15,-3.538935036926912e-07,1.987196588552936e-08
220.9,7.725938900769592e-15,-3.392467048320265e-07,2.1870481847774876e-08
221.0,7.795620486394923e-15,-3.2408535469050133e-07,2.390682430789143e-08
221.1,8.159257784896707e-15,-3.0843361772884793e-07,2.5963893915263373e-08
221.2,8.302119341070194e-15,-2.923163991905313e-07,2.801756376451647e-08
221.3,8.371402675796872e-15,-2.757593055221084e-07,3.004799545897054e-08
221.4,8.440614670014398e-15,-2.587886037728122e-07,3.203899573649283e-08
221.5,8.729835258191895e-15,-2.4143117992380727e-07,3.396782313868611e-08
221.6,8.725471431610356e-15,-2.237144963091102e-07,3.581341596627528e-08
221.7,8.867683060117674e-15,-2.0566654825183757e-07,3.756167378974341e-08
221.8,8.790000324161929e-15,-1.8731581985165077e-07,3.919431657755216e-08
221.9,8.712393035712063e-15,-1.6869123901876046e-07,4.069178842449353e-08
222.0,8.634861138750407e-15,-1.498221319435378e-07,4.204301920393681e-08
222.1,8.55740457729644e-15,-1.3073817697392268e-07,4.32364620535841e-08
222.2,8.40691964630844e-15,-1.1146935791570364e-07,4.425691798542522e-08
222.3,8.110448811534244e-15,-9.204591696568345e-08,4.509708237544045e-08
222.4,8.033364018776753e-15,-7.249830732336022e-08,4.5753272955616715e-08
222.5,7.883360189120153e-15,-5.2857145436410967e-08,4.62170936146191e-08
222.6,7.660546730551362e-15,-3.315316305671259e-08,4.6485581675864694e-08
222.7,7.365032941657906e-15,-1.3417159238278132e-08,4.6562809286085345e-08
222.8,7.215582012085294e-15,6.320047785515108e-09,4.64487297191851e-08
222.9,6.847733955054642e-15,2.6027668740973252e-08,4.614512078529968e-08
223.0,6.261816395484091e-15,4.5674991274316514e-08,4.56626012233673e-08
223.1,5.894809161168836e-15,6.523142776322449e-08,4.5009762224046773e-08
223.2,5.746384407061873e-15,8.466656295886806e-08,4.419326328571981e-08
223.3,5.379998519553355e-15,1.0395020124698251e-07,4.3228293448258385e-08
223.4,5.086643830914766e-15,1.2305241348647947e-07,4.213098382970731e-08
223.5,4.720951062957842e-15,1.419435834696406e-07,4.091263274548873e-08
223.6,4.283028914913345e-15,1.6059445382763665e-07,3.959067344485627e-08
223.7,3.8455433999067795e-15,1.789761712592106e-07,3.8186440777754106e-08
223.8,3.6260576498298546e-15,1.9706033114754017e-07,3.671511373913824e-08
223.9,3.2618205667679514e-15,2.1481902146328465e-07,3.5194115818747596e-08
224.0,2.6081520513153534e-15,2.3222486577312682e-07,3.364680380082504e-08
224.1,2.5344358484417514e-15,2.492510653899986e-07,3.20908959722859e-08
224.2,2.2436639247241637e-15,2.658714406483139e-07,3.054194552502815e-08
224.3,1.808501913849238e-15,2.8206047111023307e-07,2.9021872901090496e-08
224.4,1.5183822266905994e-15,2.9779333467389925e-07,2.7549055880304592e-08
224.5,1.2285521348018027e-15,3.1304594563215326e-07,2.6135891682244555e-08
224.6,1.011243068934681e-15,3.2779499152524973e-07,2.4799750159167546e-08
224.7,6.497598688614851e-16,3.420179686845203e-07,2.355743891908456e-08
224.8,6.494350701335029e-16,3.556932165380401e-07,2.2417508737642733e-08
224.9,4.3274028917619453e-16,3.687999505955607e-07,2.1390556675272404e-08
225.0,7.208732885252139e-17,3.8131829395855503e-07,2.0489552506939858e-08
225.1,1.4410258839501922e-16,3.93229307400404e-07,1.9719015992644096e-08
225.2,7.201527755532175e-17,4.045150180173943e-07,1.908178957693391e-08
225.3,-7.197927891695364e-17,4.151584462884007e-07,1.8585097322681514e-08
225.4,-1.438865965468113e-16,4.251436315294094e-07,1.8229592707793232e-08
225.5,-2.1572200684704781e-16,4.344556558043561e-07,1.8010714303474355e-08
225.6,-7.187139093479384e-17,4.4308066617157277e-07,1.7928781248570554e-08
225.7,-7.183546422175317e-17,4.510058951855506e-07,1.798093707080764e-08
225.8,7.179955546757893e-17,4.5821967973518414e-07,1.8156736637038614e-08
225.9,7.176366466329394e-17,4.6471147817087074e-07,1.844946262967544e-08
226.0,4.3036675079955295e-16,4.704718855982871e-07,1.8853204931934503e-08
226.1,5.735354949480428e-16,4.7549264739333685e-07,1.9353929647154274e-08
226.2,8.598731983208379e-16,4.79766670969727e-07,1.9938889483912297e-08
226.3,8.594433691879154e-16,4.832880356770272e-07,2.059965233334961e-08
226.4,1.0737671936447995e-15,4.860520008278737e-07,2.1321162500574288e-08
226.5,1.2163278368127102e-15,4.880550119402834e-07,2.208666569988861e-08
226.6,1.5017715484181693e-15,4.892947051186611e-07,2.2885854584319988e-08
226.7,1.7154524003818523e-15,4.897699095127789e-07,2.3704989108698073e-08
226.8,1.7145948885774771e-15,4.894806479533828e-07,2.452601258115379e-08
226.9,2.2849837405624444e-15,4.884281357615294e-07,2.53375661468578e-08
227.0,2.5693217260509747e-15,4.866147776377532e-07,2.612893936097957e-08
227.1,2.8533748736662713e-15,4.840441626982545e-07,2.6883664874220498e-08
227.2,3.208442110697092e-15,4.80721057730045e-07,2.7590371714338347e-08
227.3,3.4918905831306327e-15,4.7665139858016893e-07,2.8242257927647946e-08
227.4,3.561372524747603e-15,4.718422796889831e-07,2.882698561700652e-08
227.5,3.915551511940871e-15,4.663019418860595e-07,2.9334385507973275e-08
227.6,4.198219260132532e-15,4.600397584162705e-07,2.976160554963167e-08
227.7,4.5517241222426264e-15,4.5306621914923266e-07,3.010214543504017e-08
227.8,4.6205339670061445e-15,4.453929130944292e-07,3.034829737167203e-08
227.9,4.973472298838765e-15,4.370325092649596e-07,3.050054588770441e-08
228.0,5.184028449309916e-15,4.279987358165136e-07,3.0558794179174285e-08
228.1,5.3233942633364674e-15,4.1830635754362004e-07,3.051889737049004e-08
228.2,5.533562560778921e-15,4.079711518484862e-07,3.038369215473499e-08
228.3,5.956242353469243e-15,3.970098831254089e-07,3.0158854373122346e-08
228.4,5.95326497669873e-15,3.854402755802734e-07,2.9844497453955385e-08
228.5,6.021125863104545e-15,3.7328098464032646e-07,2.9444773598158587e-08
228.6,6.159718783339791e-15,3.605515669552599e-07,2.8969486310388976e-08
228.7,6.2981716407682125e-15,3.472724489519224e-07,2.842310106306705e-08
228.8,6.224292742738783e-15,3.334648940911582e-07,2.7810241296140453e-08
228.9,6.503962345832275e-15,3.1915096890718114e-07,2.7142586346958536e-08
229.0,6.57137108162264e-15,3.0435350776633105e-07,2.6428332967712633e-08
229.1,6.709335383331195e-15,2.89096076445158e-07,2.5672065470502603e-08
229.2,6.847160113201781e-15,2.734029346783021e-07,2.4884987898762093e-08
229.3,6.984845376297511e-15,2.572989976345918e-07,2.4077748356929445e-08
229.4,6.699278924485918e-15,2.408097963501048e-07,2.3254712065411623e-08
229.5,6.695930122293989e-15,2.2396143730439175e-07,2.2424668605134807e-08
229.6,6.83347947817062e-15,2.0678056115992472e-07,2.1598974435325915e-08
229.7,6.759650565747586e-15,1.8929430063176427e-07,2.0781827592344395e-08
229.8,6.615515927253551e-15,1.7153023765961054e-07,1.9978452477688208e-08
229.9,6.752894293880794e-15,1.5351635998368444e-07,1.919905162940629e-08
230.0,6.679211204343463e-15,1.3528101706453524e-07,1.8447771654318573e-08
230.1,6.3245107264770535e-15,1.1685287546148392e-07,1.7726092605566455e-08
230.2,6.251112047528736e-15,9.826087384166776e-08,1.7041462962614234e-08
230.3,6.247987272763762e-15,7.953417758048234e-08,1.639800795842491e-08
230.4,5.823861988535258e-15,6.070213299068428e-08,1.579419713041733e-08
230.5,5.680686911055378e-15,4.179422138340734e-08,1.5233736470327992e-08
230.6,5.397459757687511e-15,2.2840012985233928e-08,1.4720595354990664e-08
230.7,5.464823542669336e-15,3.869120680606427e-09,1.4251602619219704e-08
230.8,5.111957723253318e-15,-1.508884623604927e-08,1.3826576265268042e-08
230.9,4.969418756340746e-15,-3.400432819288317e-08,1.3449025471658787e-08
231.0,4.687107362794916e-15,-5.284786141978685e-08,1.3115752044697133e-08
231.1,4.33515511170249e-15,-7.159012385210097e-08,1.282340741962983e-08
231.2,3.983553553696632e-15,-9.020198068499428e-08,1.257466601490751e-08
231.3,4.051414244513998e-15,-1.0865452962189445e-07,1.2367725825257337e-08
231.4,3.700303781343255e-15,-1.269191457779014e-07,1.2197490190821694e-08
231.5,3.349543328525412e-15,-1.4496752603529322e-07,1.206548796293267e-08
231.6,3.1386271645165237e-15,-1.6277173283403978e-07,1.1972193022473556e-08
231.7,2.788496216175361e-15,-1.803042374303396e-07,1.1912525094775912e-08
231.8,2.438714526999812e-15,-1.9753796244206994e-07,1.188675806487355e-08
231.9,2.0196391074634288e-15,-2.1444632358645268e-07,1.189778570153963e-08
232.0,1.740197879588375e-15,-2.3100327067669157e-07,1.1942210446330331e-08
232.1,1.4610355184351356e-15,-2.471833277620508e-07,1.2019215406212716e-08
232.2,9.039984467892383e-16,-2.6296163225210137e-07,1.2133521357942792e-08
232.3,4.17021489483147e-16,-2.783139730770928e-07,1.228455290453667e-08
232.4,2.0840651542870237e-16,-2.932168278530359e-07,1.2470817539181479e-08
232.5,-2.0830233821746118e-16,-3.0764739886735905e-07,1.2697717610092442e-08
232.6,-6.24594639245417e-16,-3.2158364788142004e-07,1.296780211508615e-08
232.7,-9.017412733147193e-16,-3.3500432979054025e-07,1.3279447913134974e-08
232.8,-1.317270753243216e-15,-3.4788902498246137e-07,1.363734414676118e-08
232.9,-1.732384582234209e-15,-3.602181703184715e-07,1.4046521501216013e-08
233.0,-1.9393008392296872e-15,-3.71973088812254e-07,1.4505716679222957e-08
233.1,-2.3536881664356256e-15,-3.8313601791365223e-07,1.501759897244767e-08
233.2,-2.629277689045506e-15,-3.9369013626347054e-07,1.5588220361180786e-08
233.3,-2.697120309827133e-15,-4.03619588981607e-07,1.6216909553234666e-08
233.4,-2.9722615315515695e-15,-4.1290951147750274e-07,1.6903396797942918e-08
233.5,-3.1089513895708304e-15,-4.215460516312418e-07,1.7652810039905438e-08
233.6,-3.314557122592221e-15,-4.2951639035489604e-07,1.846490479316919e-08
233.7,-3.5199565244241157e-15,-4.368087605924763e-07,1.933611181485765e-08
233.8,-3.725149749970389e-15,-4.4341246463524667e-07,2.026866996287737e-08
233.9,-3.93013695403161e-15,-4.493178896969943e-07,2.126217264984874e-08
234.0,-3.928172376739846e-15,-4.5451652183768605e-07,2.230998310057334e-08
234.1,-3.857327925675562e-15,-4.590009581796127e-07,2.3409948877919344e-08
234.2,-3.924246167794762e-15,-4.6276491731067516e-07,2.456060441335171e-08
234.3,-3.784660516382351e-15,-4.658032479473262e-07,2.575296074530622e-08
234.4,-3.7827686591278874e-15,-4.681119358815017e-07,2.6979828596305288e-08
234.5,-3.643391284017767e-15,-4.6968810909486037e-07,2.8237715438175642e-08
234.6,-3.57286117497427e-15,-4.705300410623295e-07,2.9516287941729537e-08
234.7,-3.4337261451153884e-15,-4.7063715233097773e-07,3.0803729248414116e-08
234.8,-3.020168545844623e-15,-4.700100102935712e-07,3.209379387090097e-08
234.9,-2.8128411909141844e-15,-4.686503271169716e-07,3.337588652502816e-08
235.0,-2.674291945188928e-15,-4.6656095593464393e-07,3.463498922268757e-08
235.1,-2.3988058889910043e-15,-4.637458852914035e-07,3.586192197009481e-08
235.2,-2.1920976327746525e-15,-4.6021023175876773e-07,3.704679990747626e-08
235.3,-1.7117202015037546e-15,-4.5596023080743114e-07,3.817359089919069e-08
235.4,-1.3002570620526024e-15,-4.5100322600201144e-07,3.9230741807441174e-08
235.5,-1.0260056021262818e-15,-4.453476564346445e-07,4.0209844645469715e-08
235.6,-6.836618183696977e-16,-4.390030424288255e-07,4.1096367247298383e-08
235.7,-1.366640145807998e-16,-4.3197996963464396e-07,4.187772620324818e-08
235.8,4.097870989609932e-16,-4.2429007147408994e-07,4.254753366927392e-08
235.9,6.826370943772732e-16,-4.159460099075395e-07,4.3095113366450953e-08
236.0,1.296362136176453e-15,-4.069614546557441e-07,4.3508805405777986e-08
236.1,1.7048869962192472e-15,-3.973510609091311e-07,4.378462571220257e-08
236.2,2.044841718955797e-15,-3.871304454576463e-07,4.391749832060208e-08
236.3,2.3844561459354285e-15,-3.7631616134376776e-07,4.38989094937725e-08
236.4,2.723730532422639e-15,-3.649256711461754e-07,4.3727584260802344e-08
236.5,3.266842809079207e-15,-3.5297731883223654e-07,4.3404874518580474e-08
236.6,3.605335816374674e-15,-3.4049030022013325e-07,4.292744618858598e-08
236.7,3.8754983989872945e-15,-3.274846322075844e-07,4.229701512911938e-08
236.8,4.213347198543e-15,-3.139811207549666e-07,4.1521163634112244e-08
236.9,4.347087537057405e-15,-3.0000132759920226e-07,4.060311384667612e-08
237.0,4.752250274389041e-15,-2.855675358602939e-07,3.9547818191775935e-08
237.1,5.157006864028492e-15,-2.7070271460499006e-07,3.8367970590461016e-08
237.2,5.154429005114913e-15,-2.554304823072831e-07,3.707369390750656e-08
237.3,5.084064902771654e-15,-2.3977506932533704e-07,3.5673308820060775e-08
237.4,5.2847844459513756e-15,-2.2376127953548848e-07,3.418283430920848e-08
237.5,5.688461384540706e-15,-2.074144510716923e-07,3.2618443342739554e-08
237.6,5.482560083902342e-15,-1.9076041621870295e-07,3.0991686463691554e-08
237.7,5.682775766439018e-15,-1.738254606460561e-07,2.9319819435498538e-08
237.8,5.950408188250316e-15,-1.5663628198407498e-07,2.762308310703986e-08
237.9,5.87984925365334e-15,-1.3921994772101823e-07,2.5915699773186665e-08
238.0,5.674257992716734e-15,-1.2160385260484354e-07,2.4214128405423766e-08
238.1,5.7389384963711456e-15,-1.0381567563183688e-07,2.2539881334726583e-08
238.2,5.668586570907541e-15,-8.588333656063457e-08,2.0908768393958198e-08
238.3,5.463404665145994e-15,-6.783495208544722e-08,1.933476416606824e-08
238.4,5.393257921605133e-15,-4.96987918263298e-08,1.7837530429704357e-08
238.5,5.121033868354764e-15,-3.150323408436015e-08,1.6432862973494355e-08
238.6,4.849080623472453e-15,-1.3276721415350379e-08,1.5131078989891112e-08
238.7,4.644712660478335e-15,4.952283775649661e-09,1.3947110125378313e-08
238.8,4.575109857326798e-15,2.3155343617588505e-08,1.2894769477322956e-08
238.9,4.303833293356765e-15,4.1304089156117896e-08,1.198009252262801e-08
239.0,4.032826794937121e-15,5.937026454205354e-08,1.1211167348039631e-08
239.1,3.762090159855063e-15,7.732577094277045e-08,1.0597776237675987e-08
239.2,3.625916385495251e-15,9.514271024245106e-08,1.0141530906466946e-08
239.3,3.154312636702342e-15,1.1279342839345223e-07,9.842694534473251e-09
239.4,3.0185769012198168e-15,1.3025055826095548e-07,9.705268014184444e-09
239.5,2.748884168692579e-15,1.4748706202061852e-07,9.726653854449414e-09
239.6,2.3454354257476155e-15,1.64476273055775e-07,9.899580774356033e-09
239.7,2.1433261724940007e-15,1.811919371559257e-07,1.0221200347908586e-08
239.8,1.874472930119018e-15,1.9760825302365366e-07,1.068515504753157e-08
239.9,1.739711933072312e-15,2.1369991211653616e-07,1.12780871226217e-08
240.0,1.4713280953745239e-15,2.2944213763703462e-07,1.1990222587905157e-08
240.1,1.1363670208457905e-15,2.4481072259960155e-07,1.2812044542255969e-08
240.2,9.353638653532963e-16,2.597820670478544e-07,1.3726391297996192e-08
240.3,5.34226457326639e-16,2.743332142944779e-07,1.4717606209822604e-08
240.4,4.0046955814886596e-16,2.884418860412271e-07,1.5773749253365126e-08
240.5,6.67115622366907e-17,3.020865164484833e-07,1.687651646383542e-08
240.6,-3.333910739656399e-16,3.152462851126574e-07,1.8006446870678993e-08
240.7,-6.664488401911931e-16,3.279011487731733e-07,1.915007839710153e-08
240.8,-9.325619786886479e-16,3.4003187176879915e-07,2.0290518202391093e-08
240.9,-1.1984089040358746e-15,3.5162005528173174e-07,2.140731353984244e-08
241.0,-1.3974448242533406e-15,3.6264816520643103e-07,2.2486580958635742e-08
241.1,-1.5962814588488083e-15,3.7309955858974696e-07,2.351488113294818e-08
241.2,-1.794918957323979e-15,3.829585087262075e-07,2.447383588834216e-08
241.3,-1.9269122201115224e-15,3.922102288069084e-07,2.5350449294025186e-08
241.4,-2.191597143421956e-15,4.0084089400330904e-07,2.6136007456848913e-08
241.5,-2.4560169664820217e-15,4.088376620659113e-07,2.6816982911934003e-08
241.6,-2.6538262323780984e-15,4.161886924212019e-07,2.7382709864096523e-08
241.7,-2.8514371247550253e-15,4.2288316361900244e-07,2.7829629556817515e-08
241.8,-3.0488497925091384e-15,4.289112891625816e-07,2.8151037878512315e-08
241.9,-3.2460643844374855e-15,4.3426433178119346e-07,2.8340018466968983e-08
242.0,-3.376867952137154e-15,4.38934616018268e-07,2.8397852386287185e-08
242.1,-3.5737199366815454e-15,4.429155390986646e-07,2.8325475624334893e-08
242.2,-3.50578660625461e-15,4.4620158017555713e-07,2.8120876211089767e-08
242.3,-3.702375706824522e-15,4.4878830789351783e-07,2.7789334488173383e-08
242.4,-3.7666057849354316e-15,4.5067238617386153e-07,2.733895451092261e-08
242.5,-3.698675181688643e-15,4.518515783140961e-07,2.6773265175490095e-08
242.6,-3.696826306355149e-15,4.5232474942137606e-07,2.610043854670049e-08
242.7,-3.6949783552282524e-15,4.5209186706538694e-07,2.5334114794058782e-08
242.8,-3.693131327845964e-15,4.511540001929588e-07,2.448326418078712e-08
242.9,-3.559453608612721e-15,4.495133163953343e-07,2.3557809916673697e-08
243.0,-3.623557184567192e-15,4.4717307744097164e-07,2.2574488834236183e-08
243.1,-3.424196084725308e-15,4.441376330507345e-07,2.1546769304941344e-08
243.2,-3.4224844146361272e-15,4.4041241303775864e-07,2.0485310871262223e-08
243.3,-3.091853061690369e-15,4.3600391779313794e-07,1.9407190053806075e-08
243.4,-2.8273026261234104e-15,4.3091970704213903e-07,1.832864816685934e-08
243.5,-2.760170971695345e-15,4.2516838697711864e-07,1.726024532009734e-08
243.6,-2.4303637036527333e-15,4.187595958296335e-07,1.621685319105243e-08
243.7,-2.100885470742265e-15,4.1170398779484224e-07,1.5215206571656e-08
243.8,-1.8373558792520876e-15,4.0401321535890797e-07,1.4265083893993237e-08
243.9,-1.6396762776282794e-15,3.95699910156583e-07,1.337726195272702e-08
244.0,-1.3110853155318757e-15,3.867776623079622e-07,1.2566510755800913e-08
244.1,-1.0483439493859707e-15,3.772609982179241e-07,1.1841229515131875e-08
244.2,-5.89398698493244e-16,3.671653569875166e-07,1.120714136284493e-08
244.3,-6.545600808961743e-17,3.565070654592567e-07,1.067485393660242e-08
244.4,2.6169315306484057e-16,3.4530331183129613e-07,1.025081756558538e-08
244.5,6.539058479862526e-16,3.3357211796263605e-07,9.935722383429746e-09
244.6,1.1764421582163644e-15,3.2133231047329326e-07,9.734503741936482e-09
244.7,1.5024802186591365e-15,3.0860349056874075e-07,9.651107834387956e-09
244.8,2.024069745921071e-15,2.9540600264727613e-07,9.682044685636561e-09
244.9,2.3493576356299346e-15,2.8176090185297837e-07,9.826045032836396e-09
245.0,2.9352290630411057e-15,2.6768992054776817e-07,1.008407125352008e-08
245.1,3.1945406433833715e-15,2.5321543368807683e-07,1.0449829416371004e-08
245.2,3.583916479126518e-15,2.3836042328271802e-07,1.0916398339833458e-08
245.3,3.90777269323839e-15,2.2314844198304393e-07,1.1481469772679478e-08
245.4,4.296401224810152e-15,2.0760357574252854e-07,1.2137468894372744e-08
245.5,4.749704696432779e-15,1.9175040568410777e-07,1.2873335349956273e-08
245.6,5.007458132915078e-15,1.7561396930967063e-07,1.368353473991855e-08
245.7,5.329952109525706e-15,1.5921972098675006e-07,1.4560538996222523e-08
245.8,5.522188572760171e-15,1.425934917769079e-07,1.5491297990360218e-08
245.9,5.973969311931465e-15,1.2576144879624863e-07,1.6467524003108743e-08
246.0,6.295493023565549e-15,1.0875005409099956e-07,1.748263189430612e-08
246.1,6.35721561090935e-15,9.158602301398759e-08,1.852391007630053e-08
246.2,6.613386279159072e-15,7.429628229816048e-08,1.958124343548717e-08
246.3,6.8044945423360446e-15,5.690792789203799e-08,2.0649362337584152e-08
246.4,6.671548514142381e-15,3.944818249094087e-08,2.1717919697797273e-08
246.5,6.797693448907181e-15,2.1944352913558148e-08,2.277625339468311e-08
246.6,6.859003027483787e-15,4.423787472712031e-09,2.38203224413516e-08
246.7,6.920249613232756e-15,-1.3086166728150757e-08,2.484346573833623e-08
246.8,6.722861651818426e-15,-3.055820650509835e-08,2.583590771451208e-08
246.9,6.784111648337203e-15,-4.7965115108332205e-08,2.6794460817367874e-08
247.0,6.716142150477236e-15,-6.527980456011829e-08,2.7716535095375103e-08
247.1,6.519146892276599e-15,-8.247535783400987e-08,2.859455545125103e-08
247.2,6.515888133588025e-15,-9.952507067183586e-08,2.9425737134369813e-08
247.3,6.512631003871515e-15,-1.16402492975279e-07,3.021100668260063e-08
247.4,6.187129190317109e-15,-1.3308146984483763e-07,3.094589966811009e-08
247.5,5.990785261515961e-15,-1.4953618211615272e-07,3.16277014321431e-08
247.6,5.987790617608568e-15,-1.657411862470012e-07,3.225956785994781e-08
247.7,5.6630341657752665e-15,-1.8167145363224065e-07,3.2840437625083996e-08
247.8,5.402921385705789e-15,-1.973024092834207e-07,3.3367567172694224e-08
247.9,5.271643919306859e-15,-2.1260996967659405e-07,3.3844688391951675e-08
248.0,5.0119839388176205e-15,-2.275705797970904e-07,3.427373545190105e-08
248.1,4.81680632042481e-15,-2.421612494067475e-07,3.4652079621743214e-08
248.2,4.55763059823758e-15,-2.5635958834057537e-07,3.4982445685592274e-08
248.3,4.2987127833897506e-15,-2.701438407812172e-07,3.5268736612689204e-08
248.4,3.911797042076181e-15,-2.8349291859354924e-07,3.55087457817285e-08
248.5,3.5252670456500947e-15,-2.9638643358334386e-07,3.5703071361358216e-08
248.6,3.2672499543331467e-15,-3.0880472854911765e-07,3.5856177311879285e-08
248.7,3.073521635476861e-15,-3.207289072143204e-07,3.5966616069987544e-08
248.8,2.751986794328501e-15,-3.3214086299292226e-07,3.603246175079051e-08
248.9,2.302837237567557e-15,-3.4302330641264675e-07,3.605729814808926e-08
249.0,2.0459432060048515e-15,-3.533597912363393e-07,3.604066345660615e-08
249.1,1.7254016635236733e-15,-3.631347393226325e-07,3.597850824409436e-08
249.2,1.5329237140721584e-15,-3.723334640585508e-07,3.587242795748419e-08
249.3,1.2129579763406015e-15,-3.8094219232831027e-07,3.5722982151985473e-08
249.4,1.0209277043763465e-15,-3.8894808511367493e-07,3.55250642977412e-08
249.5,7.653130260891412e-16,-3.9633925661864165e-07,3.5277809970733575e-08
249.6,6.37442054353569e-16,-4.031047918097146e-07,3.4982637538880015e-08
249.7,4.459863890953594e-16,-4.092347624696425e-07,3.463483201551873e-08
249.8,3.8208295854841724e-16,-4.147202417461956e-07,3.4231384361902636e-08
249.9,6.364866080359231e-17,-4.195533170498431e-07,3.377428827755673e-08
250.0,-1.2723368885589452e-16,-4.237271013512421e-07,3.326068827766609e-08
250.1,-1.90755131869541e-16,-4.272357429446833e-07,3.2686490149316956e-08
250.2,-3.177662969067069e-16,-4.300744335460967e-07,3.205398606069596e-08
250.3,-5.081719255558741e-16,-4.3223941470367903e-07,3.136331643919482e-08
250.4,-5.079179031040013e-16,-4.337279826353261e-07,3.061086381549411e-08
250.5,-3.8074800572370512e-16,-4.3453849142530965e-07,2.979908941689348e-08
250.6,-6.342627988440212e-16,-4.3467035449215195e-07,2.893167373792832e-08
250.7,-5.071565973713896e-16,-4.341240444377951e-07,2.8007164615329424e-08
250.8,-4.4354019714962483e-16,-4.329010912987753e-07,2.7028291560493714e-08
250.9,-3.799872707008589e-16,-4.3100407908273676e-07,2.6002126907527373e-08
251.0,-3.164977704633349e-16,-4.284366406498859e-07,2.4930762258456398e-08
251.1,-6.326791222674633e-17,-4.2520345103835576e-07,2.3817522087123528e-08
251.2,0.0,-4.213102191408313e-07,2.2672082665319928e-08
251.3,-6.320467593793369e-17,-4.167636777191157e-07,2.150076958838671e-08
251.4,0.0,-4.1157157189520086e-07,2.0307950469007724e-08
251.5,2.5256601141520893e-16,-4.057426460944536e-07,1.910467135332954e-08
251.6,1.8932981998124374e-16,-3.9928662936763503e-07,1.7901258553368622e-08
251.7,1.8923517873353674e-16,-3.922142192157736e-07,1.6703506540991456e-08
251.8,5.043748927856677e-16,-3.845370639822564e-07,1.552241652850551e-08
251.9,5.0412276837563e-16,-3.7626774371809197e-07,1.4371132395066195e-08
252.0,6.298384624953588e-16,-3.674197495869423e-07,1.3256982428062528e-08
252.1,8.813330707731185e-16,-3.580074619465067e-07,1.2189596329708684e-08
252.2,8.808925143860069e-16,-3.480461270452791e-07,1.1182997575263686e-08
252.3,1.0062310608251755e-15,-3.3755183232553724e-07,1.024569851455175e-08
252.4,1.320018093256649e-15,-3.265414804980802e-07,9.3849298404456e-09
252.5,1.6334911656573537e-15,-3.1503276240319064e-07,8.613274362809844e-09
252.6,1.7582649799366547e-15,-3.0304412858998146e-07,7.939547590465567e-09
252.7,2.0084412196493522e-15,-2.905947597544388e-07,7.367960526196202e-09
252.8,2.321099320373599e-15,-2.7770453613951347e-07,6.9074193769552245e-09
252.9,2.4453411721972058e-15,-2.643940058161722e-07,6.5657049001908886e-09
253.0,2.820137085262864e-15,-2.5068435191707863e-07,6.343792994176393e-09
253.1,3.131919299087358e-15,-2.365973589950079e-07,6.245221968753853e-09
253.2,3.318174954714236e-15,-2.2215537846439522e-07,6.275157644099694e-09
253.3,3.629395176462235e-15,-2.0738129311733177e-07,6.431453233732162e-09
253.4,4.0653924243229624e-15,-1.9229848090481345e-07,6.71147138661311e-09
253.5,4.375926408215567e-15,-1.7693077802366187e-07,7.116277524699103e-09
253.6,4.686148919904757e-15,-1.613024412404123e-07,7.640921394048846e-09
253.7,4.933609440775313e-15,-1.4543810960646257e-07,8.276827318128933e-09
253.8,5.2432409268719e-15,-1.2936276569621202e-07,9.019937753889363e-09
253.9,5.614949958968957e-15,-1.1310169628836499e-07,9.862920542131232e-09
254.0,5.861571771774199e-15,-9.66804525667702e-08,1.079248380330704e-08
254.1,6.107945621375988e-15,-8.012481003701916e-08,1.1799208252003294e-08
254.2,6.4786613351107356e-15,-6.346072812468e-08,1.2873850850042058e-08
254.3,6.7244775377616936e-15,-4.67143094425088e-08,1.40003589647766e-08
254.4,6.970046366798076e-15,-2.991175893589417e-08,1.5164677013685535e-08
254.5,7.153166559762566e-15,-1.3079342957089074e-08,1.635618051242856e-08
254.6,7.273931581270447e-15,3.7566518063496965e-09,1.7558364144723772e-08
254.7,7.580991914508617e-15,2.056995938595754e-08,1.8754208232569625e-08
254.8,7.763527014362124e-15,3.7334375426661e-08,1.9932353930259085e-08
254.9,7.883800560672246e-15,5.4023798005982603e-08,2.1078086656152024e-08
255.0,8.003951923587836e-15,7.061226830200404e-08,2.2173808613427824e-08
255.1,8.31002656609103e-15,8.707401090492183e-08,2.3208260922346364e-08
255.2,8.305872591388201e-15,1.0338347381020025e-07,2.417033001826863e-08
255.3,8.177814414151272e-15,1.1951536811151065e-07,2.5044539451342057e-08
255.4,8.235648699674894e-15,1.354447071813814e-07,2.582077742912803e-08
255.5,8.23153190460959e-15,1.5114684529133366e-07,2.6492666198618195e-08
255.6,8.103696608518623e-15,1.6659751575510378e-07,2.7049361942963543e-08
255.7,8.161475130053494e-15,1.8177286843474757e-07,2.7483114056895202e-08
255.8,8.09559696240813e-15,1.9664950647115492e-07,2.7792651815423627e-08
255.9,8.09155017570791e-15,2.1120452233299785e-07,2.797360491190335e-08
256.0,7.778821999227518e-15,2.254155331163334e-07,2.80218131948441e-08
256.1,7.713227738510529e-15,2.392607148978591e-07,2.79407926198863e-08
256.2,7.46267218179778e-15,2.5271883618907884e-07,2.7733445121296627e-08
256.3,7.274009337599035e-15,2.65769290520738e-07,2.7400221693802038e-08
256.4,7.0855332443511556e-15,2.7839212795859966e-07,2.6948585695765193e-08
256.5,6.897243762492001e-15,2.905680855136565e-07,2.6388305842546276e-08
256.6,6.524485502482057e-15,3.0227861654155913e-07,2.5724993709033722e-08
256.7,6.398182111473414e-15,3.1350591898875873e-07,2.4968925622823114e-08
256.8,6.0260424458230935e-15,3.242329623625049e-07,2.4135200028003933e-08
256.9,5.777192211292004e-15,3.34443513528903e-07,2.323444216623322e-08
257.0,5.5285892590356786e-15,3.4412216129136164e-07,2.227851866558665e-08
257.1,5.341631466852497e-15,3.5325433957366406e-07,2.1285482082212336e-08
257.2,4.9093897183556186e-15,3.618263492657903e-07,2.027000403869297e-08
257.3,4.661588855214495e-15,3.6982537878023226e-07,1.9244382343971212e-08
257.4,4.352728469481259e-15,3.7723952314791834e-07,1.822685465447768e-08
257.5,4.1667264809688675e-15,3.840578016302532e-07,1.723438943787688e-08
257.6,3.797175082145716e-15,3.9027017395682473e-07,1.6278685254164933e-08
257.7,3.5504203905161443e-15,3.9586755507868876e-07,1.53755095229976e-08
257.8,3.1815443525960825e-15,4.0084182833348703e-07,1.454180336770397e-08
257.9,2.874189172465156e-15,4.051858571378048e-07,1.3787771105796728e-08
258.0,2.567140475699858e-15,4.088934951908259e-07,1.3124614571557368e-08
258.1,2.260398032693819e-15,4.119595950419521e-07,1.2566716402180744e-08
258.2,1.953961613993635e-15,4.143800150886313e-07,1.2121992312165552e-08
258.3,1.7698925451357184e-15,4.161516250804721e-07,1.1795858322542696e-08
258.4,1.5250067414334921e-15,4.1727230999447945e-07,1.1597841731833152e-08
258.5,1.3413350972180289e-15,4.177409722686199e-07,1.1532860897779973e-08
258.6,1.2187859975530597e-15,4.1755753252350907e-07,1.1600312984488607e-08
258.7,1.0354502433455731e-15,4.16722928703161e-07,1.1803251027348487e-08
258.8,9.13175865559069e-16,4.1523911354822854e-07,1.214299336028623e-08
258.9,7.91023472853684e-16,4.131090505289556e-07,1.2613591357386787e-08
259.0,6.081754307528566e-16,4.1033670826306554e-07,1.3211012248672046e-08
259.1,4.2550999333271816e-16,4.069270532976051e-07,1.3932561245177533e-08
259.2,6.075675593084818e-16,4.028860413274872e-07,1.4768280060541859e-08
259.3,4.2508469602348154e-16,3.982206069617099e-07,1.5707593265635458e-08
259.4,3.641761772590303e-16,3.929386519385879e-07,1.6743695325982482e-08
259.5,3.033284455706973e-16,3.8704903178224927e-07,1.7864289172414215e-08
259.6,3.0317681925764916e-16,3.805615410556031e-07,1.9053872981234583e-08
259.7,2.4242021499104585e-16,3.734868971833449e-07,2.030187962507374e-08
259.8,2.422990351810274e-16,3.6583672276846717e-07,2.1595344584582273e-08
259.9,2.421779159457691e-16,3.576235265432241e-07,2.2916238625261432e-08
260.0,3.025710715687386e-16,3.488606830235052e-07,2.425110947993231e-08
260.1,2.419358590784283e-16,3.3956241076419843e-07,2.5587738664729804e-08
260.2,3.6272238207874775e-16,3.2974374929314924e-07,2.6908297877817715e-08
260.3,4.2296457725719205e-16,3.194205348727467e-07,2.8197848626713603e-08
260.4,4.831464546632286e-16,3.086093750185877e-07,2.9445922457990625e-08
260.5,6.036311772739244e-16,2.9732762176870975e-07,3.063745106887988e-08
260.6,7.843282682645934e-16,2.8559334388543367e-07,3.1757787908028115e-08
260.7,9.045417717174886e-16,2.734252979993285e-07,3.279879846398241e-08
260.8,9.643622548058763e-16,2.6084289862102405e-07,3.375009840535709e-08
260.9,1.084365218479125e-15,2.478661871767536e-07,3.459925522340565e-08
261.0,1.384885163446547e-15,2.34515800174063e-07,3.5340695449167626e-08
261.1,1.4443751936834303e-15,2.208129364039098e-07,3.596971213106535e-08
261.2,1.5639576188203505e-15,2.0677932326069362e-07,3.647781490192401e-08
261.3,1.8036644255458434e-15,1.9243718236246815e-07,3.686199940008062e-08
261.4,1.7426707247951007e-15,1.7780919441742148e-07,3.7123187710037006e-08
261.5,1.9219857734954398e-15,1.629184633274244e-07,3.725804302959596e-08
261.6,2.161153148418987e-15,1.477884797345287e-07,3.7266036957553173e-08
261.7,2.2200748653312333e-15,1.3244308404309235e-07,3.715274655436078e-08
261.8,2.21896510536168e-15,1.169064288389332e-07,3.692041855736983e-08
261.9,2.4576241055532435e-15,1.0120294087429715e-07,3.65708805344717e-08
262.0,2.516307688473073e-15,8.535728274937907e-08,3.611276088353893e-08
262.1,2.6348141276441607e-15,6.939431419637336e-08,3.555341846091896e-08
262.2,2.6933492555562483e-15,5.3339053049135944e-08,3.4896893221391463e-08
262.3,2.9312920657668907e-15,3.721663610247464e-08,3.415302656603822e-08
262.4,2.989619169473934e-15,2.105227981144185e-08,3.3332975468166075e-08
262.5,3.1076497228704893e-15,4.8712408160719175e-09,3.2442773068746364e-08
262.6,3.3450267699698068e-15,-1.130122348796696e-08,3.149179759310041e-08
262.7,3.58216572283231e-15,-2.7439894292428876e-08,3.049308890758138e-08
262.8,3.5207021695392064e-15,-4.351963071900786e-08,2.9454298807808184e-08
262.9,3.697871525848643e-15,-5.951540898824733e-08,2.8383143097514826e-08
263.0,3.815249602314972e-15,-7.540236127448201e-08,2.7292399982621798e-08
263.1,3.872925930189611e-15,-9.115581434822906e-08,2.619074981624324e-08
263.2,3.990097334375262e-15,-1.0675132792585288e-07,2.5083686832652148e-08
263.3,4.226198473007251e-15,-1.2216473251727375e-07,2.3981782997400244e-08
263.4,4.343074237223931e-15,-1.3737216682540218e-07,2.289393961076534e-08
263.5,4.28143881491421e-15,-1.5235011472072056e-07,2.1823504356500185e-08
263.6,4.398168037002903e-15,-1.6707544157098863e-07,2.0777482591323686e-08
263.7,4.395969502663789e-15,-1.8152542988915105e-07,1.976405272916698e-08
263.8,4.393772067317074e-15,-1.9567781439547214e-07,1.878496740983777e-08
263.9,4.391575730413399e-15,-2.0951081632789302e-07,1.7843143671832787e-08
264.0,4.211432633644068e-15,-2.2300317686612195e-07,1.694511085417786e-08
264.1,4.327900047715602e-15,-2.3613418977978172e-07,1.609180634408801e-08
264.2,4.266479972307055e-15,-2.488837332330155e-07,1.528243985739613e-08
264.3,4.323574310896773e-15,-2.612323005463884e-07,1.4521175574005372e-08
264.4,4.3214130640980515e-15,-2.731610299788075e-07,1.380887935480786e-08
264.5,4.200917201826518e-15,-2.846517335662244e-07,1.3142194430510263e-08
264.6,4.198817268252746e-15,-2.956869248141212e-07,1.2522593307967702e-08
264.7,4.0785009651049115e-15,-3.062498452167726e-07,1.1951365525263449e-08
264.8,3.958303899006542e-15,-3.1632448971181805e-07,1.1424177652887803e-08
264.9,3.779176350340368e-15,-3.2589563092595117e-07,1.0939982580697107e-08
265.0,3.600226895367103e-15,-3.3494884209190096e-07,1.0500632110710562e-08
265.1,3.539436621514215e-15,-3.43470518757231e-07,1.0102450279339584e-08
265.2,3.2428617334293654e-15,-3.514478992406973e-07,9.742534163670514e-09
265.3,3.1823090586191286e-15,-3.5886908365939455e-07,9.423090889547754e-09
265.4,2.8862073479406645e-15,-3.657230515978593e-07,9.142379728627854e-09
265.5,2.6492736168206554e-15,-3.719996784774595e-07,8.896665084437688e-09
265.6,2.23604608494262e-15,-3.776897504528929e-07,8.688071092956915e-09
265.7,2.0584866301993837e-15,-3.8278497781950866e-07,8.517407363886147e-09
265.8,1.7635351235590572e-15,-3.872780070562303e-07,8.381253962867403e-09
265.9,1.5863882187621891e-15,-3.9116243139482206e-07,8.281144007271863e-09
266.0,1.4094179759273684e-15,-3.944327998127157e-07,8.220263798372221e-09
266.1,1.1739278692394104e-15,-3.970846245800685e-07,8.1964906389719e-09
266.2,8.800057890159905e-16,-3.991143873524282e-07,8.2103555388714e-09
266.3,6.450149904761749e-16,-4.0051954365820635e-07,8.266518744005742e-09
266.4,3.5165048923329525e-16,-4.012985258587262e-07,8.36470716905903e-09
266.5,2.3431647195844307e-16,-4.0145074466969255e-07,8.504244718361573e-09
266.6,1.1709967150357089e-16,-4.009765891065251e-07,8.689878973175874e-09
266.7,-5.85205681514194e-17,-3.998774248446554e-07,8.923133746987622e-09
266.8,-3.509478910871741e-16,-3.981555911409979e-07,9.202156952529262e-09
266.9,-6.430828451718118e-16,-3.9581439624926613e-07,9.530265200319745e-09
267.0,-8.180599434269636e-16,-3.9285811124013184e-07,9.91010153564356e-09
267.1,-9.344583036522309e-16,-3.892919623681972e-07,1.0338853767651025e-08
267.2,-1.1091145396547704e-15,-3.851221220195977e-07,1.081713135271981e-08
267.3,-1.2252506600539098e-15,-3.8035569811318145e-07,1.134753762992867e-08
267.4,-1.341270396221806e-15,-3.750007220369286e-07,1.192659324571646e-08
267.5,-1.2823129752347918e-15,-3.6906613524533935e-07,1.2551477722957153e-08
267.6,-1.4564454306927099e-15,-3.625617744138118e-07,1.3223396318930282e-08
267.7,-1.57217478120292e-15,-3.5549835514371136e-07,1.3938456044166356e-08
267.8,-1.5131893017717344e-15,-3.4788745438986174e-07,1.469040822440897e-08
267.9,-1.5124328962379905e-15,-3.397414915845977e-07,1.547785936657384e-08
268.0,-1.5116768688124783e-15,-3.3107370837554647e-07,1.6296638007667634e-08
268.1,-1.4528088647174918e-15,-3.218981471325912e-07,1.7137789317741636e-08
268.2,-1.3359160305075e-15,-3.1222962830048024e-07,1.7996626686727557e-08
268.3,-1.3352482394539216e-15,-3.020837264850921e-07,1.886870352012899e-08
268.4,-1.2185302794113313e-15,-2.914767453583595e-07,1.97436430289219e-08
268.5,-9.859361824553796e-16,-2.8042569154445337e-07,2.0613516353085786e-08
268.6,-8.695088272814441e-16,-2.6894824740889687e-07,2.1473543495834185e-08
268.7,-6.952593452306358e-16,-2.570627427422606e-07,2.231348754853991e-08
268.8,-5.211838518382167e-16,-2.447881255363198e-07,2.312305625335097e-08
268.9,-4.630429555994867e-16,-2.3214393186035392e-07,2.389713134015845e-08
269.0,-3.4710861899430814e-16,-2.1915025475348776e-07,2.4627143016919763e-08
269.1,5.78225180110263e-17,-2.0582771230222516e-07,2.530201596997314e-08
269.2,2.311744559145243e-16,-1.9219741501471945e-07,2.591648018550727e-08
269.3,2.88823621973198e-16,-1.7828093238543795e-07,2.6464836766498798e-08
269.4,4.618867940146365e-16,-1.6410025873691967e-07,2.6937213087122196e-08
269.5,7.501908510587676e-16,-1.4967777853249845e-07,2.732865911756446e-08
269.6,9.228502761741137e-16,-1.3503623109517883e-07,2.763703672803021e-08
269.7,1.0953368975680418e-15,-1.201986747192345e-07,2.7855657947139726e-08
269.8,1.2100303519097167e-15,-1.0518845039435748e-07,2.7980649376669104e-08
269.9,1.4397922475742263e-15,-9.002914516955816e-08,2.8013554019652384e-08
270.0,1.6693241364175946e-15,-7.474455506722555e-08,2.7952413404921325e-08
270.1,1.783557936978759e-15,-5.9358647725882254e-08,2.7795371441090975e-08
270.2,1.897677115170624e-15,-4.3895524905264826e-08,2.7547258875251034e-08
270.3,2.011681757042733e-15,-2.837938474485417e-08,2.721160385892577e-08
270.4,2.1255719485872424e-15,-1.2834483861754128e-08,2.67894882446641e-08
270.5,2.2967669494758538e-15,2.714900499762355e-09,2.628827417114822e-08
270.6,2.3530093243753694e-15,1.824450832938123e-08,2.5716754077456844e-08
270.7,2.4665566803166908e-15,3.373013474289063e-08,2.5079585971075238e-08
270.8,2.5226568197853123e-15,4.9147667675403724e-08,2.438572792263663e-08
270.9,2.5787002568062235e-15,6.447312534166941e-08,2.364804869639813e-08
271.0,2.5201354238735997e-15,7.968269356236796e-08,2.2874891336738692e-08
271.1,2.576122845469869e-15,9.47527627765178e-08,2.2075855935921775e-08
271.2,2.5748351060088276e-15,1.0965996459989971e-07,2.126595211228359e-08
271.3,2.4019781429061367e-15,1.2438120804576206e-07,2.0456616622443858e-08
271.4,2.515100189938199e-15,1.3889371532842572e-07,1.9657230485028925e-08
271.5,2.5709757485915068e-15,1.5317505703528418e-07,1.8882623940657272e-08
271.6,2.4554821117229296e-15,1.6720318673395276e-07,1.814601480428068e-08
271.7,2.397178987375574e-15,1.809564750460579e-07,1.7455832999774627e-08
271.8,2.3389335380155313e-15,1.944137429618171e-07,1.682445491872658e-08
271.9,2.2807457205507257e-15,2.0755429436583013e-07,1.6264995930121147e-08
272.0,2.108635210280944e-15,2.2035794788362428e-07,1.578430686464457e-08
272.1,2.10758115621128e-15,2.3280506788079132e-07,1.5390492485782506e-08
272.2,1.8787949123842775e-15,2.4487659448125997e-07,1.509440952416503e-08
272.3,1.6502368709821533e-15,2.5655407272993557e-07,1.490076670942545e-08
272.4,1.5925356843507959e-15,2.6781968083629694e-07,1.4812327539515686e-08
272.5,1.5348917721301783e-15,2.78656257297161e-07,1.4835663527759948e-08
272.6,1.306846811692336e-15,2.890473269726762e-07,1.497281872871582e-08
272.7,1.2494025276318529e-15,2.9897712616350806e-07,1.522102413396665e-08
272.8,1.1920153469483573e-15,3.0843062648345926e-07,1.5581087946678085e-08
272.9,9.077481815253114e-16,3.173935575063676e-07,1.6051927591853377e-08
273.0,7.938826182736419e-16,3.258524283104228e-07,1.6625882423547246e-08
273.1,5.667755544166395e-16,3.3379454777749647e-07,1.7297406793766675e-08
273.2,6.231414612220261e-16,3.4120804352785353e-07,1.8061975194131625e-08
273.3,5.09588155940005e-16,3.4808187962461715e-07,1.8908315238401513e-08
273.4,2.8296301419441077e-16,3.544058730120111e-07,1.9824995871607374e-08
273.5,5.656431361035921e-17,3.601707085081514e-07,2.0804011766149638e-08
273.6,-1.1307207704582988e-16,3.653679524325123e-07,2.1832110866321924e-08
273.7,-2.2603111027792245e-16,3.6999006494065144e-07,2.289347666664135e-08
273.8,-3.3887718445794587e-16,3.740304108915634e-07,2.3977001000193852e-08
273.9,-3.9515908625469023e-16,3.7748326923444344e-07,2.5069138390303093e-08
274.0,-5.642307944260245e-16,3.803438410554163e-07,2.6151973585833016e-08
274.1,-6.203436245004983e-16,3.8260825617907995e-07,2.721217993019033e-08
274.2,-7.89133583914173e-16,3.842735782197003e-07,2.823740847371717e-08
274.3,-9.57754640550506e-16,3.853378082260395e-07,2.9210315540640437e-08
274.4,-1.1825172671483422e-15,3.8579988692165844e-07,3.0116750013673736e-08
274.5,-1.1819261563047936e-15,3.856596953859867e-07,3.094669273995237e-08
274.6,-1.1813353409427902e-15,3.8491805426069765e-07,3.1685947245851316e-08
274.7,-1.4056485963269387e-15,3.835767215863625e-07,3.2321312475377736e-08
274.8,-1.5173416235220145e-15,3.8163838912956804e-07,3.2845829440669616e-08
274.9,-1.5165831423463497e-15,3.7910667719185977e-07,3.32504714606198e-08
275.0,-1.6281083766362165e-15,3.7598612806306314e-07,3.352490122362604e-08
275.1,-1.6834081302698593e-15,3.722821980562637e-07,3.3665580565950176e-08
275.2,-1.6825666365956744e-15,3.6800124802946583e-07,3.366978555238814e-08
275.3,-1.6256680447777183e-15,3.631505325487164e-07,3.35317693871783e-08
275.4,-1.6248554139299717e-15,3.5773818773789017e-07,3.325149077134713e-08
275.5,-1.680044678582158e-15,3.51773217680974e-07,3.2832619836411996e-08
275.6,-1.6232313706730063e-15,3.452654794637431e-07,3.2275194185509756e-08
275.7,-1.5664744420695791e-15,3.3822566699648755e-07,3.158254833983942e-08
275.8,-1.621608950647548e-15,3.3066529351044234e-07,3.076385329779686e-08
275.9,-1.5649087506037169e-15,3.2259667271836445e-07,2.9825312796941177e-08
276.0,-1.3406798501223519e-15,3.1403289882727235e-07,2.8773370072422883e-08
276.1,-1.395843414327442e-15,3.049878253807892e-07,2.762105807932906e-08
276.2,-1.0603107069744381e-15,2.9547604283918025e-07,2.6380168042291368e-08
276.3,-1.0597806841377022e-15,2.8551285506418244e-07,2.5059844775306972e-08
276.4,-1.2265010724955338e-15,2.7511425479523525e-07,2.367495390645964e-08
276.5,-1.0587214331673204e-15,2.642968979953973e-07,2.2241375024717104e-08
276.6,-7.79720571934951e-16,2.530780771548366e-07,2.077036649074642e-08
276.7,-7.236643227336834e-16,2.414756937296215e-07,1.9276599072682027e-08
276.8,-8.345799011714797e-16,2.2950822963111523e-07,1.7777845883269952e-08
276.9,-4.44886781613865e-16,2.1719471775216426e-07,1.6286663603755358e-08
277.0,-2.223321969123192e-16,2.045547117428394e-07,1.4815840832537759e-08
277.1,-1.6666579395056717e-16,1.9160825504363498e-07,1.3382526146979166e-08
277.2,-5.552749396111481e-17,1.7837584908125684e-07,1.199951757068282e-08
277.3,2.7749868576957154e-16,1.6487842080511487e-07,1.0676590218797511e-08
277.4,4.437759537731873e-16,1.51137289684394e-07,9.427882179061735e-09
277.5,6.65331181888576e-16,1.3717413404625114e-07,8.265178153182471e-09
277.6,9.97497899175255e-16,1.230109568438449e-07,7.194741542195089e-09
277.7,1.218554669312599e-15,1.0867005105923731e-07,6.225870783456968e-09
277.8,1.4947513497882321e-15,9.417396466822855e-08,5.3680183665314e-09
277.9,1.881338573018077e-15,7.954546514648897e-08,4.623995859880567e-09
278.0,2.046315621700262e-15,6.48075037477167e-08,3.997311594202793e-09
278.1,2.376961809306979e-15,4.998317957986776e-08,3.4938970203121433e-09
278.2,2.6520263726210658e-15,3.509570337640827e-08,3.1135686330988555e-09
278.3,2.9820382772431593e-15,2.0168361148018847e-08,2.8541070127927027e-09
278.4,3.256524263278427e-15,5.224477852711728e-09,2.71709158897138e-09
278.5,3.641070558263322e-15,-9.71261903797172e-09,2.6999920692979956e-09
278.6,4.080371748107881e-15,-2.4619635992104916e-08,2.795864187694707e-09
278.7,4.078332072195298e-15,-3.947334966955555e-08,3.0016671201987566e-09
278.8,4.296633600507147e-15,-5.425064304494001e-08,3.3131802479921738e-09
278.9,4.624830883827099e-15,-6.89285414309798e-08,3.7204216398802066e-09
279.0,4.842639000982836e-15,-8.348424816475854e-08,4.21614096024689e-09
279.1,4.730213325649721e-15,-9.789517992660491e-08,4.794979103990874e-09
279.2,5.057698727153288e-15,-1.1213900180364935e-07,5.44590258536839e-09
279.3,5.165065520981406e-15,-1.2619366191609063e-07,6.158534086810223e-09
279.4,5.217403672403393e-15,-1.4003742546365226e-07,6.9267885300577675e-09
279.5,5.1599030371325564e-15,-1.5364890832197526e-07,7.740452363401239e-09
279.6,5.267054022632563e-15,-1.6700711011417767e-07,8.587617535806296e-09
279.7,5.209583433540229e-15,-1.800914465383199e-07,9.461790889049e-09
279.8,5.152168984566417e-15,-1.9288178102660265e-07,1.0354977432255354e-08
279.9,5.2043764540303584e-15,-2.0535845577894827e-07,1.1255569737922582e-08
280.0,5.092263865373737e-15,-2.175023219418352e-07,1.2156969323025745e-08
280.1,4.9255339063238296e-15,-2.2929476890595803e-07,1.3054102642469481e-08
280.2,4.868370957682472e-15,-2.4071775284631657e-07,1.3937383987687649e-08
280.3,4.756590473218284e-15,-2.517538243386856e-07,1.4800465694935065e-08
280.4,4.5356282771710496e-15,-2.623861549170519e-07,1.5641159306168763e-08
280.5,4.369504607124354e-15,-2.725985627100185e-07,1.645317114068938e-08
280.6,4.094362875860482e-15,-2.823755371012469e-07,1.723084326987987e-08
280.7,3.819495125723781e-15,-2.917022622090355e-07,1.7974220877804265e-08
280.8,3.708511973932011e-15,-3.0056463926675384e-07,1.8680868496506207e-08
280.9,3.434109785738278e-15,-3.0894930796542856e-07,1.934630176308365e-08
281.0,3.159981004479057e-15,-3.168436665525851e-07,1.997178574096148e-08
281.1,2.777215031971371e-15,-3.24235890667755e-07,2.0558505372396123e-08
281.2,2.6125428438112126e-15,-3.311149510522713e-07,2.1103581792707646e-08
281.3,2.5024353614484604e-15,-3.3747062999669787e-07,2.1608429493496455e-08
281.4,2.1749430056695907e-15,-3.4329353640352556e-07,2.207688882314662e-08
281.5,1.9021238302406597e-15,-3.4857511961097746e-07,2.2507942883560168e-08
281.6,1.6295768623297675e-15,-3.533076819540331e-07,2.2902308425443015e-08
281.7,1.4658860498055891e-15,-3.5748438987999363e-07,2.3265031972558846e-08
281.8,1.1938286066551832e-15,-3.6109928370479395e-07,2.3596931619553538e-08
281.9,8.135671646969749e-16,-3.641472860977576e-07,2.3897591860657117e-08
282.0,6.505283862348599e-16,-3.66624209121414e-07,2.4171682461273557e-08
282.1,5.960196030655531e-16,-3.6852675981219176e-07,2.442149615422214e-08
282.2,3.7909560675258056e-16,-3.698525444576406e-07,2.4645522779253706e-08
282.3,1.6238833128353928e-16,-3.7060007147271113e-07,2.484671603940369e-08
282.4,1.6230715741305625e-16,-3.707687527648331e-07,2.5028191866425722e-08
282.5,0.0,-3.703589037425618e-07,2.5187780214743766e-08
282.6,-1.6214493138217745e-16,-3.693717419831689e-07,2.5325942128111665e-08
282.7,-2.160851722416336e-16,-3.678093844000786e-07,2.544579941726853e-08
282.8,-3.779600241579016e-16,-3.6567484299820663e-07,2.554519265686064e-08
282.9,-4.3173839015194584e-16,-3.6297201933836964e-07,2.562204367007881e-08
283.0,-4.85462896779572e-16,-3.5970569757208345e-07,2.5678699549678608e-08
283.1,-4.313068675590504e-16,-3.558815360338987e-07,2.571370164868154e-08
283.2,-3.7720485952593937e-16,-3.5150605756911344e-07,2.572311737814456e-08
283.3,-4.84735248307191e-16,-3.465866385418524e-07,2.570797937829601e-08
283.4,-5.921580393237009e-16,-3.4113149642055213e-07,2.566805362869952e-08
283.5,-4.84250755345739e-16,-3.351496761053111e-07,2.5598784890879545e-08
283.6,-6.453449206524309e-16,-3.286510350559236e-07,2.5499761178180342e-08
283.7,-4.300148858978513e-16,-3.216462270796061e-07,2.5372207175226232e-08
283.8,-2.686249576236284e-16,-3.1414668486651357e-07,2.521240936696879e-08
283.9,-3.221888144608088e-16,-3.061646014313868e-07,2.5018858550786603e-08
284.0,-2.146851735469792e-16,-2.9771291035228265e-07,2.47941560810312e-08
284.1,-1.0728892889569017e-16,-2.8880526479038744e-07,2.4536759276318323e-08
284.2,5.3617648920061766e-17,-2.7945601549369203e-07,2.424482607587933e-08
284.3,5.3590846796690956e-17,-2.6968018776743383e-07,2.392199867281242e-08
284.4,2.1425623228412853e-16,-2.5949345730924675e-07,2.3569764405429838e-08
284.5,4.818355446274928e-16,-2.489121250839558e-07,2.3186950067089514e-08
284.6,5.351052078606502e-16,-2.379530913370355e-07,2.277776794610476e-08
284.7,8.022565832005863e-16,-2.2663382861526046e-07,2.234690796137782e-08
284.8,1.1225977772440862e-15,-2.149723538819691e-07,2.189483624815547e-08
284.9,1.2288972490050687e-15,-2.0298719991960247e-07,2.142586010945411e-08
285.0,1.3884937740497917e-15,-1.9069738593043226e-07,2.094730526438575e-08
285.1,1.7080611700868492e-15,-1.781223873136113e-07,2.0461927597533455e-08
285.2,1.9206082720956064e-15,-1.6528210484366204e-07,1.9973755342386346e-08
285.3,2.079618891995217e-15,-1.5219683326145734e-07,1.94915596844531e-08
285.4,2.4516576859764103e-15,-1.388872291707178e-07,1.902048618173018e-08
285.5,2.663513221238655e-15,-1.2537427842396918e-07,1.856405065227895e-08
285.6,2.7154254334619394e-15,-1.1167926312696134e-07,1.8130915745319757e-08
285.7,2.9801531640498458e-15,-9.782372813124776e-08,1.772805561989804e-08
285.8,3.191425135633808e-15,-8.382944710063157e-08,1.735835181419767e-08
285.9,3.455648973754958e-15,-6.971838836834312e-08,1.7028773966931675e-08
286.0,3.719607856625466e-15,-5.5512680506062415e-08,1.6746955018963863e-08
286.1,3.823969903786957e-15,-4.1234577573867746e-08,1.651505639483716e-08
286.2,4.087479118748288e-15,-2.690642429175122e-08,1.633706498942858e-08
286.3,4.297666325884823e-15,-1.2550621158479583e-08,1.621970822096101e-08
286.4,4.454611290205116e-15,1.8104105974803422e-09,1.616428669471684e-08
286.5,4.664402852783804e-15,1.6154264047636698e-08,1.6171059143348e-08
286.6,4.8210054809348316e-15,3.045858142918978e-08,1.624421664974959e-08
286.7,5.083353579660262e-15,4.470108898113092e-08,1.638395019955742e-08
286.8,5.345438191214143e-15,5.8859631671065615e-08,1.6586704071017042e-08
286.9,5.6601581881188606e-15,7.29122075852302e-08,1.6852815964916507e-08
287.0,5.815945512214332e-15,8.683700205957133e-08,1.7181011689605684e-08
287.1,6.077267278436183e-15,1.0061242159319288e-07,1.7564470987486606e-08
287.2,6.179868176577979e-15,1.1421712730190649e-07,1.7999004662352553e-08
287.3,6.282364980910197e-15,1.2763006788192773e-07,1.8481498546291148e-08
287.4,6.595824142420693e-15,1.4083051220932747e-07,1.9002901177034974e-08
287.5,6.645267271127625e-15,1.537980813949629e-07,1.9554673426272153e-08
287.6,6.800087026774235e-15,1.6651278014835798e-07,2.01316125987778e-08
287.7,6.849375335712481e-15,1.7895502759130107e-07,2.0723724812494172e-08
287.8,6.845951504073863e-15,1.9110568745517641e-07,2.131917995569511e-08
287.9,6.947799066752747e-15,2.0294609743834755e-07,2.1910730251541164e-08
288.0,6.944326035549525e-15,2.1445809780506493e-07,2.2488744013209725e-08
288.1,7.046019206191907e-15,2.2562405928160366e-07,2.30398733235862e-08
288.2,6.989941128857168e-15,2.3642691002030912e-07,2.3555297813574785e-08
288.3,6.986447031889773e-15,2.4685016160477604e-07,2.402686723527709e-08
288.4,6.982954681534175e-15,2.568779342334938e-07,2.4441885327150383e-08
288.5,6.87450972989597e-15,2.664949809215985e-07,2.479090841558089e-08
288.6,6.818622392719082e-15,2.7568671058228664e-07,2.50680784056984e-08
288.7,6.710364488574509e-15,2.8443921013544334e-07,2.5263504552131473e-08
288.8,6.602213111470594e-15,2.927392656005521e-07,2.5368474262817632e-08
288.9,6.546540506005922e-15,3.005743819667905e-07,2.5379894599323868e-08
289.0,6.333883476208221e-15,3.079328019252551e-07,2.5292406989531755e-08
289.1,6.173757392369308e-15,3.148035235402812e-07,2.5099594295639866e-08
289.2,5.8569083385558444e-15,3.2117631665587556e-07,2.4801298621203313e-08
289.3,5.6449098800788866e-15,3.270417380158158e-07,2.4397676018877182e-08
289.4,5.380880346809301e-15,3.323911452490424e-07,2.3886082710260816e-08
289.5,5.117113366554539e-15,3.3721670959260556e-07,2.3269245941797313e-08
289.6,4.8536087428016015e-15,3.415114272252238e-07,2.2552903717005104e-08
289.7,4.5903662791683524e-15,3.4526912936609943e-07,2.173925429753338e-08
289.8,4.17097424520812e-15,3.4848449112962563e-07,2.0833708771532566e-08
289.9,3.960444815401892e-15,3.5115303895105714e-07,1.9846761545792203e-08
290.0,3.541784552391789e-15,3.532711566704054e-07,1.8785823111012846e-08
290.1,3.175600886303793e-15,3.5483609037943987e-07,1.7658678196130925e-08
290.2,2.913848443175373e-15,3.558459518616723e-07,1.647904579022974e-08
290.3,2.548342897733625e-15,3.562997206062312e-07,1.5259050944263555e-08
290.4,2.23518303929194e-15,3.561972445659405e-07,1.400842467858745e-08
290.5,1.922335625664505e-15,3.5553923957223345e-07,1.2742178548757137e-08
290.6,1.6617294686301247e-15,3.543272872904133e-07,1.1475786402644966e-08
290.7,1.401383372268413e-15,3.5256383187693676e-07,1.0220332895868954e-08
290.8,1.0894199988980065e-15,3.5025217537071276e-07,8.990148210476093e-09
290.9,9.333217929028835e-16,3.473964716551667e-07,7.801997517971344e-09
291.0,5.700782075096865e-16,3.440017190784033e-07,6.667514402618863e-09
291.1,2.5899692711537837e-16,3.4007375187012333e-07,5.598647141814202e-09
291.2,2.070939688168332e-16,3.356192302194648e-07,4.611043928590229e-09
291.3,0.0,3.306456289933398e-07,3.71585034307339e-09
291.4,-2.0688697836049379e-16,3.251612252874705e-07,2.921434134278924e-09
291.5,-4.135671214557524e-16,3.19175084764829e-07,2.239991528950434e-09
291.6,-4.1336038958229973e-16,3.126970466698234e-07,1.6809593469890578e-09
291.7,-7.230190818356569e-16,3.0573770768828556e-07,1.2485295950481036e-09
291.8,-7.226576626570631e-16,2.9830840472842156e-07,9.496108825347376e-10
291.9,-7.222964241428891e-16,2.9042119647519933e-07,7.906591494653256e-10
292.0,-6.18801742459564e-16,2.8208884380364855e-07,7.716685653779235e-10
292.1,-7.215744887466054e-16,2.733247892263878e-07,8.932601757735803e-10
292.2,-6.696985208494402e-16,2.6414313526662826e-07,1.157789845303596e-09
292.3,-5.663847160123985e-16,2.5455862173163593e-07,1.5614833497979395e-09
292.4,-6.175653757534731e-16,2.445866021016977e-07,2.0986826062517277e-09
292.5,-5.658186143943704e-16,2.34243019025897e-07,2.7669108407632515e-09
292.6,-4.112987460383371e-16,2.2354437881132982e-07,3.559338064104136e-09
292.7,-3.5970650456045683e-16,2.12507725085103e-07,4.4650222473021945e-09
292.8,-3.595266962639968e-16,2.0115061174161275e-07,5.476517647828812e-09
292.9,-5.133528254988752e-17,1.8949107503552662e-07,6.584775306621443e-09
293.0,1.0261924264890707e-16,1.775476049035027e-07,7.775332665027562e-09
293.1,2.5641986463212577e-16,1.6533911572130723e-07,9.0363671371129e-09
293.2,6.151000481926833e-16,1.5288491640581192e-07,1.0357452299278728e-08
293.3,7.684907188041e-16,1.4020467982922567e-07,1.1722790021161966e-08
293.4,9.217278833880358e-16,1.2731841178034327e-07,1.3117492076773848e-08
293.5,1.1771746720439953e-15,1.1424641948956346e-07,1.4530552041516656e-08
293.6,1.3300540011994534e-15,1.0100927959804305e-07,1.594702946358535e-08
293.7,1.4827801950926556e-15,8.762780575735731e-08,1.735084878245904e-08
293.8,1.7886677469279693e-15,7.412301599800143e-08,1.87311759930267e-08
293.9,2.043169870400817e-15,6.051609972823515e-08,2.007575350929306e-08
294.0,2.144255967860254e-15,4.682838444191142e-08,2.1369475292150554e-08
294.1,2.1942123009080256e-15,3.308130236280798e-08,2.2602414585258344e-08
294.2,2.4481288956149613e-15,1.929635694338389e-08,2.376618091723564e-08
294.3,2.7527682792738025e-15,5.495089175870755e-09,2.48487033083138e-08
294.4,2.9042473635713507e-15,-8.300956038869361e-09,2.5841698922322682e-08
294.5,3.106500557446654e-15,-2.2070263434802244e-08,2.6741072515717288e-08
294.6,3.3085508229840375e-15,-3.579138096437949e-08,2.7539386852158592e-08
294.7,3.3068969610724788e-15,-4.944295323714013e-08,2.823071615311532e-08
294.8,3.4069437389893373e-15,-6.300375466147472e-08,2.8814980852891345e-08
294.9,3.608538644732772e-15,-7.645272243250336e-08,2.9290210601918937e-08
295.0,3.708332990526583e-15,-8.976898929600894e-08,2.9653453572123358e-08
295.1,3.706479287495697e-15,-1.0293191585401535e-07,2.990783701632624e-08
295.2,3.958368052939764e-15,-1.1592112249312566e-07,3.005677319436069e-08
295.3,4.007112304186163e-15,-1.2871652098975906e-07,3.0100685983571067e-08
295.4,4.106504419696338e-15,-1.412983455488917e-07,3.00448247030179e-08
295.5,4.155123923685778e-15,-1.5364718324370237e-07,2.989701479642585e-08
295.6,4.3049876205776704e-15,-1.6574400399406232e-07,2.9661110584893252e-08
295.7,4.201592472688191e-15,-1.7757018990968156e-07,2.9343388302942688e-08
295.8,4.148895909978282e-15,-1.8910756384625088e-07,2.8954437244880216e-08
295.9,4.349105979600022e-15,-2.0033841732324443e-07,2.8501158068597568e-08
296.0,4.397477690741104e-15,-2.1124553774956997e-07,2.79899465377544e-08
296.1,4.3952795014888424e-15,-2.2181223473026213e-07,2.7432174770714736e-08
296.2,4.494072811310652e-15,-2.3202236553742304e-07,2.683694105735863e-08
296.3,4.491826336570482e-15,-2.4186035981572815e-07,2.621015340250598e-08
296.4,4.590470445119212e-15,-2.513112432959693e-07,2.5562051925744047e-08
296.5,4.537756269504233e-15,-2.6036066048635927e-07,2.4902699665712712e-08
296.6,4.636276579794366e-15,-2.689948964914442e-07,2.4237216199303918e-08
296.7,4.482851661563906e-15,-2.772008978083284e-07,2.357322805558221e-08
296.8,4.3799229129401065e-15,-2.84966291956737e-07,2.2920326601450906e-08
296.9,4.478371050581218e-15,-2.9227940609739257e-07,2.2282770537349497e-08
297.0,4.2749579337586145e-15,-2.991292846109307e-07,2.166478126420191e-08
297.1,4.172284024623664e-15,-3.0550570542849816e-07,2.1074092121905862e-08
297.2,4.170198404059944e-15,-3.113991951992449e-07,2.0514137159898828e-08
297.3,4.1178955871778234e-15,-3.168010433874205e-07,1.9985722756272863e-08
297.4,4.065644018010583e-15,-3.2170331510058864e-07,1.949365628261483e-08
297.5,3.913107566932671e-15,-3.260988626224565e-07,1.904058660326018e-08
297.6,3.7607225982751316e-15,-3.2998133581407846e-07,1.8624587226878076e-08
297.7,3.608488998708462e-15,-3.333451912685487e-07,1.8247018729863608e-08
297.8,3.4564066549786036e-15,-3.361857000862944e-07,1.7909714093562503e-08
297.9,3.354543263814587e-15,-3.384989544311869e-07,1.760916354588599e-08
298.0,3.0526097178697503e-15,-3.402818728749405e-07,1.7343419627050778e-08
298.1,2.9510482602767715e-15,-3.4153220434376347e-07,1.7113405459597188e-08
298.2,2.549630989038574e-15,-3.422485307518465e-07,1.6915322701315387e-08
298.3,2.3484853947677732e-15,-3.424302684441032e-07,1.6744696617433402e-08
298.4,2.2474258521531156e-15,-3.420776682834916e-07,1.6601433464962487e-08
298.5,1.996713262318627e-15,-3.411918143569494e-07,1.6482572042575875e-08
298.6,1.746250760830653e-15,-3.397746214820791e-07,1.6382361655657906e-08
298.7,1.4960381603101774e-15,-3.378288314407908e-07,1.629966236664375e-08
298.8,1.345761295383266e-15,-3.3535800781574384e-07,1.6233057194057788e-08
298.9,1.0959981046077582e-15,-3.323665295952855e-07,1.617696099323314e-08
299.0,8.464842783204807e-16,-3.288595835968459e-07,1.6129314564807693e-08
299.1,5.97219629628863e-16,-3.248431555423723e-07,1.6090411402142986e-08
299.2,2.984605472270309e-16,-3.203240198690701e-07,1.6056136758629504e-08
299.3,-9.943711808492284e-17,-3.1530972843137286e-07,1.6023827854385127e-08
299.4,-1.9877482390689765e-16,-3.098085979628861e-07,1.599513534813456e-08
299.5,-5.463575186785555e-16,-3.038296962687233e-07,1.5968282324265327e-08
299.6,-7.446605566398067e-16,-2.973828273516564e-07,1.5940474807764227e-08
299.7,-9.4276520460949e-16,-2.9047851543940586e-07,1.5913997476612044e-08
299.8,-1.1406716113770283e-15,-2.8312798779165586e-07,1.5889643031035156e-08
299.9,-1.38794955250795e-15,-2.7534315645984295e-07,1.5865016645215865e-08
300.0,-1.4368005994534948e-15,-2.67136599091162e-07,1.584216722452755e-08
300.1,-1.7332028708736884e-15,-2.585215386247421e-07,1.5824007665013914e-08
300.2,-1.8313271423983646e-15,-2.4951182195975054e-07,1.5808991866811262e-08
300.3,-1.8798822943996375e-15,-2.401218977860588e-07,1.5798160465322554e-08
300.4,-1.9778343033669112e-15,-2.3036679347179757e-07,1.579553184037939e-08
300.5,-2.0262667742383985e-15,-2.202620909718742e-07,1.5800638503619652e-08
300.6,-2.0746503305336954e-15,-2.0982390198217951e-07,1.5813028288191896e-08
300.7,-2.122985009053087e-15,-1.9906884234065942e-07,1.583650524571919e-08
300.8,-2.1712708465722883e-15,-1.8801400555113948e-07,1.5871595408008255e-08
300.9,-2.1701854825126288e-15,-1.7667693561000967e-07,1.5916261612522653e-08
301.0,-2.021207434113032e-15,-1.6507559926226532e-07,1.5972798847893617e-08
301.1,-1.970923983419318e-15,-1.532283575407977e-07,1.6042320931838566e-08
301.2,-1.9206902985582494e-15,-1.4115393666501886e-07,1.6121493728612756e-08
301.3,-1.9197301934552483e-15,-1.2887139851758306e-07,1.6210167469123816e-08
301.4,-1.7711728322628974e-15,-1.1640011060993945e-07,1.6309401937489352e-08
301.5,-1.7211128153396284e-15,-1.0375971549197036e-07,1.6415137227658556e-08
301.6,-1.6711024033484884e-15,-9.097009984683997e-08,1.6524443336697984e-08
301.7,-1.4246395520292448e-15,-7.805136329543052e-08,1.6637621568052387e-08
301.8,-1.3748264651206186e-15,-6.502378677914815e-08,1.675058250179406e-08
301.9,-1.1287572194783124e-15,-5.1907800705266386e-08,1.6857982177674278e-08
302.0,-9.319855068197627e-16,-3.872395300389284e-08,1.6958812861906098e-08
302.1,-6.863828856648305e-16,-2.5492876951067664e-08,1.7049609019280126e-08
302.2,-5.880340971476238e-16,-1.223525882726565e-08,1.7123617078159656e-08
302.3,-4.897834613258857e-16,1.0281943526391122e-09,1.7178320266008996e-08
302.4,-1.958154523231812e-16,1.4276787120035842e-08,1.7211363079479604e-08
302.5,-9.785878453493606e-17,2.7489867899129005e-08,1.7216005885329244e-08
302.6,4.890493368648909e-17,4.064686117128391e-08,1.7188499353067402e-08
302.7,1.9552194932697537e-16,5.37272994220621e-08,1.7127859162042943e-08
302.8,4.3970447877408595e-16,6.671085501019514e-08,1.702888655956333e-08
302.9,4.883163127651105e-16,7.957737177884662e-08,1.6887357198348033e-08
303.0,6.344938803295236e-16,9.230689625016008e-08,1.670370717350364e-08
303.1,7.31742360793704e-16,1.048797085521672e-07,1.647557290626894e-08
303.2,9.751687747544793e-16,1.1727635301972972e-07,1.619936589487354e-08
303.3,1.1696175746914626e-15,1.2947766823102665e-07,1.5876848326164375e-08
303.4,1.363871730762275e-15,1.414648165600945e-07,1.5509266631362787e-08
303.5,1.5579313889742278e-15,1.5321931331356253e-07,1.5094895986015748e-08
303.6,1.8004577145494477e-15,1.6472305521041463e-07,1.4636671917397073e-08
303.7,1.9454677953641974e-15,1.7595834816700796e-07,1.4139546442979475e-08
303.8,1.9931076872247003e-15,1.8690793453661112e-07,1.360469533014318e-08
303.9,1.992111382478032e-15,1.975550196387142e-07,1.3036086111556522e-08
304.0,2.1853707538820686e-15,2.078832974209882e-07,1.244177783491937e-08
304.1,2.1842783416309486e-15,2.178769754075482e-07,1.1826403996140287e-08
304.2,2.134671220439439e-15,2.275207988942133e-07,1.119485278825219e-08
304.3,2.3275681654021688e-15,2.3680007416265672e-07,1.0557130901030194e-08
304.4,2.326404672217004e-15,2.457006907949867e-07,9.921202692004767e-09
304.5,2.3252417606330186e-15,2.5420914317407836e-07,9.292757534283476e-09
304.6,2.372497751825308e-15,2.623125509488968e-07,8.682267514382266e-09
304.7,2.4197059178185653e-15,2.699986784290316e-07,8.100152530573918e-09
304.8,2.3217565125815914e-15,2.772559530687642e-07,7.552698072021663e-09
304.9,2.2239044276424802e-15,2.840734829036166e-07,7.049321304429114e-09
305.0,2.3194359165604036e-15,2.9044107279061973e-07,6.6013828999519246e-09
305.1,2.221681634796493e-15,2.9634923961035756e-07,6.215378787337018e-09
305.2,2.0757512191445624e-15,3.0178922642014994e-07,5.898380154507078e-09
305.3,2.0264644494034285e-15,3.067530153495975e-07,5.6607930764081724e-09
305.4,1.9772264354339854e-15,3.112333393200953e-07,5.508700297163628e-09
305.5,1.7834343552475673e-15,3.152236926973016e-07,5.445955398344622e-09
305.6,1.782542860962088e-15,3.187183406860853e-07,5.480092426201737e-09
305.7,1.7334990606282157e-15,3.217123274339095e-07,5.615932157874267e-09
305.8,1.636375165096442e-15,3.242014830171527e-07,5.853740674438613e-09
305.9,1.5393479360251323e-15,3.261824292105199e-07,6.196627197497102e-09
306.0,1.442417301040824e-15,3.2765258390067184e-07,6.647173024762497e-09
306.1,1.3936397302403387e-15,3.286101643062103e-07,7.202167550599057e-09
306.2,1.296878044237282e-15,3.290541890306368e-07,7.85942719049948e-09
306.3,1.1522042375981368e-15,3.289844787616643e-07,8.618370052380552e-09
306.4,1.0076747445457581e-15,3.284016556963448e-07,9.472794564289848e-09
306.5,9.592105077255596e-16,3.2730714183094826e-07,1.0415231191236994e-08
306.6,9.58731022353029e-16,3.257031559593569e-07,1.1441288575336087e-08
306.7,8.624265989969335e-16,3.235927093446611e-07,1.2542495146511037e-08
306.8,9.098841320096168e-16,3.2097960025603655e-07,1.3706985351304809e-08
306.9,6.222411025043302e-16,3.1786840731272527e-07,1.4926413022701e-08
307.0,6.219300597202542e-16,3.1426448150307967e-07,1.6190850991614835e-08
307.1,5.738023130018734e-16,3.1017393704538007e-07,1.7485650861595028e-08
307.2,5.735154835587088e-16,3.0560364115886723e-07,1.8799011449793367e-08
307.3,4.776906645786819e-16,3.005612025773033e-07,2.0120365018590197e-08
307.4,3.3421631526344247e-16,2.950549588808859e-07,2.143431437908183e-08
307.5,1.9088528507193607e-16,2.8909396281894875e-07,2.2726776676782455e-08
307.6,2.384873328576056e-16,2.826879674987852e-07,2.3987315150700055e-08
307.7,1.4302087139827533e-16,2.758474104003043e-07,2.5201869410348398e-08
307.8,4.7649792945735287e-17,2.685833964286352e-07,2.635580004872132e-08
307.9,0.0,2.6090767998606295e-07,2.7439532278533437e-08
308.0,-9.520433393949277e-17,2.5283264593256425e-07,2.8442123944047294e-08
308.1,-9.515674367108158e-17,2.443712896074576e-07,2.935040168028946e-08
308.2,-4.755458859592842e-17,2.355371960202822e-07,3.015636296760019e-08
308.3,-4.753081724496342e-17,2.2634451805596326e-07,3.085338701240082e-08
308.4,-2.37535288883515e-16,2.1680795376536368e-07,3.1431736647366134e-08
308.5,-1.8993324074082906e-16,2.0694272294572335e-07,3.1885679730489504e-08
308.6,-1.8983829785815725e-16,1.967645429107507e-07,3.221340296314221e-08
308.7,-2.846151036525915e-16,1.862896034020657e-07,3.241015462626004e-08
308.8,-1.8964855444781622e-16,1.755345408731003e-07,3.247312528073581e-08
308.9,-2.843306308090667e-16,1.6451641215855697e-07,3.2405086242890435e-08
309.0,-3.7891800137209093e-16,1.5325266739497537e-07,3.220709118150271e-08
309.1,-3.7872858972826187e-16,1.4176112236994467e-07,3.1879774188300525e-08
309.2,-3.785392727665823e-16,1.3005993043978078e-07,3.1429695733851375e-08
309.3,-3.310562941347575e-16,1.1816755386617041e-07,3.08636262132238e-08
309.4,-3.308908073628308e-16,1.0610273463746368e-07,3.018591179787009e-08
309.5,-3.307254033136075e-16,9.388446500376387e-08,2.940574956241546e-08
309.6,-2.833372130963459e-16,8.153195764033411e-08,2.8534627557884897e-08
309.7,-3.3039484321788847e-16,6.906461538171481e-08,2.7580485587900696e-08
309.8,-3.7740535667286e-16,5.6502000770574643e-08,2.655388929523702e-08
309.9,-2.829125258717487e-16,4.386380545470411e-08,2.5469306233801382e-08
310.0,-2.8277110496698524e-16,3.116981929105047e-08,2.4337675728482836e-08
310.1,-2.826297547549995e-16,1.8439899334881132e-08,2.3169749862268388e-08
310.2,-1.4124423760022703e-16,5.693938873576457e-09,2.1980820372891613e-08
310.3,0.0,-7.048163644558922e-09,2.0783738172738455e-08
310.4,9.406870930747387e-17,-1.9766535728893297e-08,1.958847949890174e-08
310.5,1.410325300641739e-16,-3.244136177050826e-08,1.8408979087454328e-08
310.6,2.819240628505404e-16,-4.505291385079902e-08,1.725850839997563e-08
310.7,3.2874699206270883e-16,-5.7581582502956e-08,1.6145575681619408e-08
310.8,4.694037995045763e-16,-7.000790718015281e-08,1.50809372069321e-08
310.9,5.630029875246251e-16,-8.231260638759737e-08,1.4076588485856792e-08
311.0,7.5029540852601135e-16,-9.447660762765103e-08,1.3139121611298174e-08
311.1,8.90530421079241e-16,-1.064810769875976e-07,1.2274951055679391e-08
311.2,1.0306250461927358e-15,-1.1830744820410333e-07,1.149316672792338e-08
311.3,1.1705793891776156e-15,-1.299374513564556e-07,1.0798180901468315e-08
311.4,1.216794015612309e-15,-1.4135314114452205e-07,1.019171019973827e-08
311.5,1.4032912738597015e-15,-1.5253692451081344e-07,9.678672497248859e-09
311.6,1.496095790511946e-15,-1.6347158768389592e-07,9.261158344103383e-09
311.7,1.5888071751973426e-15,-1.7414032272498897e-07,8.936616405982201e-09
311.8,1.7748380254925502e-15,-1.8452675334279426e-07,8.705148995869444e-09
311.9,1.9139995779000274e-15,-1.9461495993169723e-07,8.566466553372838e-09
312.0,2.0530215600519702e-15,-2.0438950399165862e-07,8.514798716747415e-09
312.1,2.145267819759458e-15,-2.1383545177831687e-07,8.545554784648978e-09
312.2,2.144195453963369e-15,-2.2293839702078057e-07,8.656109356514253e-09
312.3,2.1897132682208525e-15,-2.3168448286241843e-07,8.838859139050479e-09
312.4,2.2817513952661512e-15,-2.400604230020031e-07,9.085418729382146e-09
312.5,2.2806108047399114e-15,-2.4805352180800735e-07,9.391013416137442e-09
312.6,2.279470784366385e-15,-2.556516934825723e-07,9.747629414235042e-09
312.7,2.417821007362235e-15,-2.628434803754116e-07,1.0144601714726696e-08
312.8,2.323665768303668e-15,-2.6961807023604367e-07,1.0575399096563488e-08
312.9,2.3689543103459206e-15,-2.7596531236085503e-07,1.1032786380136083e-08
313.0,2.507050725099553e-15,-2.8187573280389505e-07,1.1505665415585459e-08
313.1,2.4129901977673747e-15,-2.873405485303275e-07,1.1986385373703638e-08
313.2,2.5509253891021176e-15,-2.9235168035900316e-07,1.2469267166673601e-08
313.3,2.4569356908484617e-15,-2.969017648518026e-07,1.294460537753681e-08
313.4,2.548375738750662e-15,-3.0098416515831216e-07,1.3404490418228119e-08
313.5,2.5471018693751693e-15,-3.0459298060882607e-07,1.3845112596420366e-08
313.6,2.360677463191509e-15,-3.077230551304766e-07,1.4259613454054595e-08
313.7,2.359497419495422e-15,-3.1036998461117063e-07,1.4640823705519436e-08
313.8,2.3120764369350018e-15,-3.125301230317926e-07,1.4986711792429476e-08
313.9,2.264702273924368e-15,-3.1420058732315456e-07,1.5294082144014237e-08
314.0,2.124984274858952e-15,-3.15379261130472e-07,1.5557490607739266e-08
314.1,2.0777498298589816e-15,-3.1606479740304985e-07,1.5776327608974222e-08
314.2,1.845965524106222e-15,-3.1625661966432314e-07,1.595111472703682e-08
314.3,1.7989167027501212e-15,-3.159549221232793e-07,1.6078917837762593e-08
314.4,1.798017469225862e-15,-3.1516066867326606e-07,1.6160096770415176e-08
314.5,1.7971186852059784e-15,-3.1387559059348946e-07,1.6198227455418573e-08
314.6,1.6580495542761e-15,-3.1210218302410965e-07,1.6193290677667718e-08
314.7,1.6572207367206186e-15,-3.09843700369611e-07,1.614622156188367e-08
314.8,1.656392333470329e-15,-3.071041504848459e-07,1.6062460586120945e-08
314.9,1.4716127505050062e-15,-3.0388828759776156e-07,1.5944815873214834e-08
315.0,1.3329823972959402e-15,-3.002016041680619e-07,1.5794546047838635e-08
315.1,1.28637413915121e-15,-2.9605032164123513e-07,1.5617543889616306e-08
315.2,1.3775690494838635e-15,-2.9144137995827976e-07,1.5418841861994953e-08
315.3,1.1474003642721307e-15,-2.8638242598578807e-07,1.5199932819058568e-08
315.4,1.3303190966897212e-15,-2.808818009532795e-07,1.4965851756514128e-08
315.5,1.1462535374168552e-15,-2.7494852673082533e-07,1.4722838134460975e-08
315.6,1.099853331749723e-15,-2.6859229101312345e-07,1.447263682858953e-08
315.7,1.1451078568152125e-15,-2.61823431596593e-07,1.4218503484044821e-08
315.8,1.1903168638414909e-15,-2.546529196343733e-07,1.3966650747054664e-08
315.9,1.0982047884686613e-15,-2.4709234181688074e-07,1.3719114317845946e-08
316.0,1.2348628012430424e-15,-2.391538816957775e-07,1.3477006376142803e-08
316.1,1.325671118557848e-15,-2.3085030014822982e-07,1.324532931620052e-08
316.2,1.2793185021736426e-15,-2.221949148423706e-07,1.3026380043576648e-08
316.3,1.3700132172971992e-15,-2.1320157887241136e-07,1.2819351040908482e-08
316.4,1.460616940705776e-15,-2.038846586880986e-07,1.262716162153798e-08
316.5,1.5511297407059967e-15,-1.9425901116258036e-07,1.2452223590270182e-08
316.6,1.55035436969455e-15,-1.8433995985902638e-07,1.2292508069916971e-08
316.7,1.6863069791780311e-15,-1.7414327071225304e-07,1.2148488637566584e-08
316.8,1.7310171185076787e-15,-1.636851270321233e-07,1.2022436746311783e-08
316.9,1.7756821375076519e-15,-1.5298210376821912e-07,1.1912054733730804e-08
317.0,1.774794518362176e-15,-1.420511412697631e-07,1.1815602831033182e-08
317.1,1.819392146579835e-15,-1.309095185665876e-07,1.1734911392802406e-08
317.2,1.9548688787346146e-15,-1.1957482602797767e-07,1.1668355840185198e-08
317.3,1.9993310302087897e-15,-1.0806493757075735e-07,1.1612751887498859e-08
317.4,2.1345814973798997e-15,-9.639798256947777e-08,1.1569240239297078e-08
317.5,2.3150901732740645e-15,-8.459231731750013e-08,1.1537559036504584e-08
317.6,2.268561683848504e-15,-7.266649609276698e-08,1.1514193286307186e-08
317.7,2.448821901451897e-15,-6.06392420651811e-08,1.1499495528782424e-08
317.8,2.5382495667955983e-15,-4.8529417965592256e-08,1.1494842042307596e-08
317.9,2.491677531396942e-15,-3.635599644659279e-08,1.149756769355416e-08
318.0,2.716834913497125e-15,-2.4138030377995454e-08,1.1507343141424142e-08
318.1,2.8965086246273568e-15,-1.1894623120670842e-08,1.1526998696994296e-08
318.2,2.895060732318285e-15,3.5510137073484626e-10,1.155566250659604e-08
318.3,2.984038987642361e-15,1.2592028447236078e-08,1.1592626148278145e-08
318.4,3.163307786005876e-15,2.4797082498141218e-08,1.1641600162386145e-08
318.5,3.0262239619978606e-15,3.695125666791541e-08,1.1703961101116016e-08
318.6,3.1150011156417235e-15,4.903564251307199e-08,1.177904336853486e-08
318.7,3.248811135019988e-15,6.103145935415438e-08,1.1870629579959163e-08
318.8,3.202087314159997e-15,7.292008339606349e-08,1.1982179430310707e-08
318.9,3.20048667069713e-15,8.468307669817771e-08,1.2113473136153243e-08
319.0,3.2439415714032133e-15,9.63022157532899e-08,1.2267525285476107e-08
319.1,3.242320006042634e-15,1.0775951962368166e-07,1.2449106429736657e-08
319.2,3.3307186749082433e-15,1.1903727779145711e-07,1.2658676576959444e-08
319.3,3.41902815702614e-15,1.3011807756510718e-07,1.2897795386188423e-08
319.4,3.462283794863543e-15,1.4098483086990057e-07,1.3171331907137079e-08
319.5,3.550437581411398e-15,1.516208005744342e-07,1.3480369339310448e-08
319.6,3.5486628063514314e-15,1.6200962632492337e-07,1.3824610862610624e-08
319.7,3.771375558865868e-15,1.7213534964725345e-07,1.4207643411872432e-08
319.8,3.859240112487673e-15,1.8198243838756858e-07,1.4630781547347608e-08
319.9,3.722753615171539e-15,1.915358105871859e-07,1.509180146846138e-08
320.0,3.8553828013521946e-15,2.0078085756551717e-07,1.5591785246141735e-08
320.1,3.853455591794059e-15,2.097034661584093e-07,1.6131600723440226e-08
320.2,3.985885020446347e-15,2.1829004027678288e-07,1.670732443841137e-08
320.3,4.073418251955884e-15,2.2652752165013827e-07,1.7316757950855394e-08
320.4,4.0713820519223364e-15,2.3440340958760098e-07,1.79595110753098e-08
320.5,4.1587830646735366e-15,2.419057799105856e-07,1.863039120716969e-08
320.6,4.2013999369121555e-15,2.4902330305216284e-07,1.932378724086766e-08
320.7,4.288646565478647e-15,2.5574526109920186e-07,2.0037320981799524e-08
320.8,4.286502778187392e-15,2.620615638459736e-07,2.0765050018720094e-08
320.9,4.284360062521855e-15,2.6796276397397893e-07,2.1498510507609338e-08
321.0,4.282218417946355e-15,2.734400711581478e-07,2.2232924229983914e-08
321.1,4.190909555510367e-15,2.784853650471535e-07,2.296210382269029e-08
321.2,4.233376482216551e-15,2.8309120729289914e-07,2.367589021724191e-08
321.3,4.231260323059318e-15,2.8725085252653437e-07,2.4367190883614795e-08
321.4,4.18462790359385e-15,2.9095825812277275e-07,2.5030012472089218e-08
321.5,4.138041047605358e-15,2.942080929077149e-07,2.5654024613356406e-08
321.6,4.180445367306944e-15,2.969957448376567e-07,2.6230491818313595e-08
321.7,4.133905074888775e-15,2.993173274462189e-07,2.6753981976773156e-08
321.8,4.042981894078549e-15,3.0116968512524463e-07,2.7215591015403995e-08
321.9,3.9521485807624455e-15,3.02550397378827e-07,2.7606141283850344e-08
322.0,3.861405067814865e-15,3.0345778188378935e-07,2.792109743001401e-08
322.1,3.682027728433573e-15,3.038908963031997e-07,2.8154352045254944e-08
322.2,3.5028287566860695e-15,3.0384953904113317e-07,2.8297826957022906e-08
322.3,3.3238080190712222e-15,3.033342488754908e-07,2.8348239216417395e-08
322.4,3.100670095103889e-15,3.023463033188567e-07,2.8303184038756358e-08
322.5,3.0105738576447805e-15,3.008877158642518e-07,2.815727507577229e-08
322.6,2.9648179330488743e-15,2.9896123218143773e-07,2.7908888449013776e-08
322.7,2.6537336369756713e-15,2.965703250825026e-07,2.755963448833111e-08
322.8,2.6082003167882984e-15,2.937191883171396e-07,2.7108127193912855e-08
322.9,2.474342481112447e-15,2.9041272936623155e-07,2.6554844613902403e-08
323.0,2.252292617406626e-15,2.866565611009845e-07,2.590512768748138e-08
323.1,2.1628857034665013e-15,2.824569922498165e-07,2.5162319731369182e-08
323.2,1.9853306916708e-15,2.7782101687730756e-07,2.4329400140593368e-08
323.3,1.984338274449945e-15,2.727563028524305e-07,2.34146685228438e-08
323.4,1.6748258094648764e-15,2.672711791604753e-07,2.2426152394905746e-08
323.5,1.6739886058784825e-15,2.613746222178545e-07,2.136956788873943e-08
323.6,1.497030576495643e-15,2.5507624129491787e-07,2.025509296735342e-08
323.7,1.2762407412013518e-15,2.483862628823489e-07,1.909458256961497e-08
323.8,1.1876301747939652e-15,2.413155140554939e-07,1.7896417710176333e-08
323.9,1.0991078779033341e-15,2.3387540503558632e-07,1.6671473781246624e-08
324.0,8.7884676906397745e-16,2.2607791084380854e-07,1.5433888473441312e-08
324.1,7.46646337189437e-16,2.1793555198373685e-07,1.4194218882217418e-08
324.2,6.584762711788951e-16,2.094613743726675e-07,1.296293384910253e-08
324.3,6.58147115339123e-16,2.006689285347455e-07,1.1754488832455135e-08
324.4,4.823999576264978e-16,1.9157224791000562e-07,1.0580673642604815e-08
324.5,4.383261981251186e-16,1.821858264409256e-07,9.450643614442972e-09
324.6,4.3810708980770003e-16,1.7252459557635884e-07,8.377139594373087e-09
324.7,3.0652166371193953e-16,1.6260390053855562e-07,7.371848770967119e-09
324.8,3.063684411889064e-16,1.5243947590118613e-07,6.4419520313979326e-09
324.9,4.3745042179712184e-16,1.4204742070330738e-07,5.596739252885984e-09
325.0,4.3723175125841353e-16,1.3144417301572592e-07,4.846238801093834e-09
325.1,3.9331187102488073e-16,1.2064648388675078e-07,4.1952323168189866e-09
325.2,4.804742118551947e-16,1.0967139090089125e-07,3.648409533622487e-09
325.3,5.238916743256744e-16,9.853619138965369e-08,3.2126220155105148e-09
325.4,7.418088747824155e-16,8.725841514440763e-08,2.8900176461180612e-09
325.5,7.850520667648389e-16,7.585579679345936e-08,2.6802954141240164e-09
325.6,9.154362453210465e-16,6.434624800796988e-08,2.5859407836353083e-09
325.7,1.0456898761243976e-15,5.274782938645052e-08,2.6063759163824504e-09
325.8,1.1758130571102606e-15,4.107872205831796e-08,2.7366956581142015e-09
325.9,1.3493327490203401e-15,2.9357199247735568e-08,2.9744176196616607e-09
326.0,1.3051531464041769e-15,1.7601597726378783e-08,3.3162715258749088e-09
326.1,1.3914674484777925e-15,5.830289072657149e-09,3.7537775202174095e-09
326.2,1.6080799962608118e-15,-5.938349024058829e-09,4.279642032430384e-09
326.3,1.7375958456639823e-15,-1.7685961359781004e-08,4.888075421050841e-09
326.4,1.7801454465270465e-15,-2.9394243868347525e-08,5.568459945826768e-09
326.5,1.996237986075721e-15,-4.1044972173233477e-08,6.30963037027184e-09
326.6,2.1687392571422267e-15,-5.2620029861851256e-08,7.103637902228896e-09
326.7,2.3410675712457573e-15,-6.41014366316453e-08,7.939285626599381e-09
326.8,2.4265601941205484e-15,-7.547137627881534e-08,8.803131164769299e-09
326.9,2.6418960759798375e-15,-8.671222428441451e-08,9.685662463062332e-09
327.0,2.8137279471811243e-15,-9.78065750631971e-08,1.0576517348830046e-08
327.1,2.8988544020915276e-15,-1.0873726896889868e-07,1.1461958635075694e-08
327.2,3.113629616081442e-15,-1.1948741882372363e-07,1.2331766276270388e-08
327.3,3.2417429066794205e-15,-1.3004043591103492e-07,1.3177482652506086e-08
327.4,3.3265257054531217e-15,-1.4038005559355964e-07,1.3987096614158597e-08
327.5,3.3680428954682012e-15,-1.5049036241435037e-07,1.475075707206822e-08
327.6,3.409517747455101e-15,-1.6035581450321338e-07,1.5462544850696597e-08
327.7,3.494087172034249e-15,-1.6996126743771972e-07,1.611386876650249e-08
327.8,3.5354558807553107e-15,-1.7929199754729308e-07,1.669643725360653e-08
327.9,3.61987612137262e-15,-1.8833372442365915e-07,1.72070748512553e-08
328.0,3.574994413867223e-15,-1.9707263269987108e-07,1.764167986489259e-08
328.1,3.659308745712172e-15,-2.054953932060318e-07,1.7994653297030382e-08
328.2,3.5714212063548786e-15,-2.1358918328793617e-07,1.826542556408225e-08
328.3,3.569635942104957e-15,-2.2134170622686437e-07,1.845466049152329e-08
328.4,3.524865406766882e-15,-2.2874120992982283e-07,1.8560319127661753e-08
328.5,3.5231034145982487e-15,-2.357765047728345e-07,1.8584082691642658e-08
328.6,3.564285502025066e-15,-2.424369804266266e-07,1.853085604700819e-08
328.7,3.60542553732267e-15,-2.4871262181401236e-07,1.8402564982909753e-08
328.8,3.603623275157096e-15,-2.54594024212892e-07,1.8202695161146787e-08
328.9,3.4731854169724563e-15,-2.600724072860337e-07,1.793921355676003e-08
329.0,3.3428770635864722e-15,-2.6513962809685105e-07,1.7617825551674573e-08
329.1,3.3412060428446766e-15,-2.6978819323851245e-07,1.7243362391748004e-08
329.2,3.3395358574044108e-15,-2.7401126989128645e-07,1.6825293912661418e-08
329.3,3.2950733465039187e-15,-2.778026957462794e-07,1.637230049705616e-08
329.4,3.20788268342162e-15,-2.8115698797435353e-07,1.5890124352596375e-08
329.5,3.078027977278485e-15,-2.840693511572241e-07,1.5388117814388102e-08
329.6,3.0764893479792253e-15,-2.8653568401953616e-07,1.4876617988431223e-08
329.7,3.0749514878023192e-15,-2.8855258511119974e-07,1.4361850182758884e-08
329.8,2.988041774242097e-15,-2.901173574868678e-07,1.3851674387724657e-08
329.9,2.8158882338380718e-15,-2.9122801218602906e-07,1.3356466451637058e-08
330.0,2.729193349477358e-15,-2.9188327056823326e-07,1.288247738120197e-08
330.1,2.727829093894936e-15,-2.9208256565535764e-07,1.2435170297941513e-08
330.2,2.6412634727613717e-15,-2.918260423295399e-07,1.2023333773977907e-08
330.3,2.4696242568615896e-15,-2.9111455632325056e-07,1.1652729744657339e-08
330.4,2.4683897533847465e-15,-2.899496721920218e-07,1.1326085751496323e-08
330.5,2.5096930371261365e-15,-2.8833366022704176e-07,1.1049277462666051e-08
330.6,2.253343063155034e-15,-2.862694921537693e-07,1.0827012214517846e-08
330.7,2.2522166732444007e-15,-2.837608357664343e-07,1.0659477983867652e-08
330.8,2.12367060979995e-15,-2.8081204858302654e-07,1.0548863594744948e-08
330.9,1.9103481359186754e-15,-2.774281703450739e-07,1.0498260891723093e-08
331.0,1.909393200604439e-15,-2.7361491441079294e-07,1.0505905953911516e-08
331.1,1.6963899934564551e-15,-2.6937865822150456e-07,1.057021970516662e-08
331.2,1.6107649099494828e-15,-2.647264327232107e-07,1.0692223730958658e-08
331.3,1.4404902836690345e-15,-2.5966591067446977e-07,1.0868974255504947e-08
331.4,1.3550778527609218e-15,-2.5420539404594033e-07,1.1095732637015492e-08
331.5,1.1427754076924446e-15,-2.4835380050780863e-07,1.1371214649916143e-08
331.6,1.0152925891659726e-15,-2.4212064885477554e-07,1.1692046804821818e-08
331.7,9.725023585217389e-16,-2.355160435199014e-07,1.2051476707787859e-08
331.8,7.607083530404462e-16,-2.2855065829913405e-07,1.2445998155083273e-08
331.9,5.491258456208951e-16,-2.2123571912681023e-07,1.2872372160133655e-08
332.0,5.066320166098863e-16,-2.1358298594363985e-07,1.3323254798893073e-08
332.1,4.219823032666915e-16,-2.0560473386545446e-07,1.3793362342754601e-08
332.2,2.530628189124335e-16,-1.9731373356134766e-07,1.4279888805833154e-08
332.3,8.431210637685273e-17,-1.8872323076531222e-07,1.4776281642093535e-08
332.4,0.0,-1.7984692514107673e-07,1.5276250126322097e-08
332.5,-1.2634175461872082e-16,-1.70698948529214e-07,1.5777460738837373e-08
332.6,-3.3674293208399735e-16,-1.612938424256443e-07,1.62752065837275e-08
332.7,-3.7864642804178316e-16,-1.5164653484387787e-07,1.6763161595083468e-08
332.8,-5.887111255677217e-16,-1.4177231671419522e-07,1.7239328265246506e-08
332.9,-7.56535941747727e-16,-1.316868176693567e-07,1.7701365655872558e-08
333.0,-9.241928279565503e-16,-1.2140598125144282e-07,1.8143899032787105e-08
333.1,-8.817430812725408e-16,-1.1094603977051619e-07,1.8565070261026458e-08
333.2,-1.0911362056293802e-15,-1.0032348874228844e-07,1.8964821568690166e-08
333.3,-1.1744823718878515e-15,-8.955506082085615e-08,1.9339522513876595e-08
333.4,-1.2577449401654345e-15,-7.865769945594462e-08,1.968730833596887e-08
333.5,-1.4247317215389054e-15,-6.764853232688178e-08,2.000978994388488e-08
333.6,-1.3821366062769838e-15,-5.6544844398971204e-08,2.0305500398106136e-08
333.7,-1.4233077019458314e-15,-4.536405075289249e-08,2.057254442592655e-08
333.8,-1.4644372914486335e-15,-3.412366936100832e-08,2.0813249879095297e-08
333.9,-1.5891657063265281e-15,-2.2841293664544926e-08,2.102825510562092e-08
334.0,-1.5883713220859748e-15,-1.1534564977529576e-08,2.1215743454490934e-08
334.1,-1.6293556858576877e-15,-2.211449603496427e-10,2.1377732915829667e-08
334.2,-1.7120561455810625e-15,1.1081311898543357e-08,2.151644155467706e-08
334.3,-1.502517364226014e-15,2.2355185886575582e-08,2.1630325389336193e-08
334.4,-1.418334832586869e-15,3.3582919525481785e-08,2.1720256669120043e-08
334.5,-1.2925412092770416e-15,4.4747044819472716e-08,2.1789161243729243e-08
334.6,-1.3335691357038758e-15,5.583021045207056e-08,2.1835969338833502e-08
334.7,-1.1246364993974512e-15,6.681520878923593e-08,2.1859963154198924e-08
334.8,-1.0824419394185588e-15,7.768500250621025e-08,2.1863775204308053e-08
334.9,-1.040289282434177e-15,8.842275098266494e-08,2.1846932212709586e-08
335.0,-8.73406184958258e-16,9.901183645265326e-08,2.1807171022516554e-08
335.1,-7.482596494485927e-16,1.0943588966677051e-07,2.1745954149009907e-08
335.2,-6.64787211680656e-16,1.196788151224449e-07,2.1663396830824916e-08
335.3,-4.983411758695268e-16,1.2972481596690497e-07,2.155619521796182e-08
335.4,-2.4904603378192914e-16,1.3955841835215728e-07,2.1424122753074338e-08
335.5,-1.6594769459373637e-16,1.4916449517212431e-07,2.126774404733978e-08
335.6,-4.1466185371611124e-17,1.585282893465359e-07,2.108354087564509e-08
335.7,2.0722728730667367e-16,1.6763543652626332e-07,2.086958867835419e-08
335.8,4.14247399124229e-16,1.7647198703948325e-07,2.062668356521081e-08
335.9,5.382524253560516e-16,1.8502442722227435e-07,2.035203279132827e-08
336.0,7.035167099256266e-16,1.9327970013891125e-07,2.004254134740782e-08
336.1,8.272529876418797e-16,2.012252254612982e-07,1.969903680006824e-08
336.2,9.9220735744494e-16,2.0884891855971173e-07,1.93202810742243e-08
336.3,1.074353992585758e-15,2.161392089235613e-07,1.8902967824809456e-08
336.4,1.2803202094500525e-15,2.2308505771363538e-07,1.8447871205169286e-08
336.5,1.4035202296192014e-15,2.2967597437502853e-07,1.7955841650257808e-08
336.6,1.6503748763708051e-15,2.3590203248169615e-07,1.7424532557491726e-08
336.7,1.814504884714611e-15,2.4175388471494267e-07,1.6854763826059953e-08
336.8,1.89603412536791e-15,2.4722277680317683e-07,1.6249613291130067e-08
336.9,1.853888816024997e-15,2.5230056056529605e-07,1.560879068489386e-08
337.0,2.01766984583131e-15,2.569797060896431e-07,1.4933455163155008e-08
337.1,2.016661263075095e-15,2.6125331283791854e-07,1.4228646308044435e-08
337.2,2.139060522309771e-15,2.6511511972158897e-07,1.3496875550382502e-08
337.3,2.1791064759132886e-15,2.685595142892058e-07,1.2740062938132049e-08
337.4,2.219111859075198e-15,2.71581540856424e-07,1.196462378526201e-08
337.5,2.17692845862752e-15,2.7417690750729215e-07,1.1176054459489765e-08
337.6,2.2579474463356677e-15,2.763419921464354e-07,1.0377456118032378e-08
337.7,2.1747526182703913e-15,2.7807384754015257e-07,9.575853022999228e-09
337.8,2.0916404000332376e-15,2.7937020518329305e-07,8.779263228982344e-09
337.9,2.2135710083767424e-15,2.802294781328894e-07,7.992224627228152e-09
338.0,2.2124644995228193e-15,2.806507628741822e-07,7.221575431574652e-09
338.1,2.1704074596408657e-15,2.8063384003091464e-07,6.476809032984336e-09
338.2,2.1283919134466393e-15,2.80179173961602e-07,5.763837154190402e-09
338.3,2.086417829965827e-15,2.792879114045545e-07,5.088621351527215e-09
338.4,2.0444851782447173e-15,2.7796187903737794e-07,4.460689287855772e-09
338.5,2.0025939273501813e-15,2.7620357987684635e-07,3.8868579512475055e-09
338.6,2.001592880669031e-15,2.740161887099706e-07,3.3717017120089204e-09
338.7,1.7147934294738104e-15,2.7140354653392855e-07,2.923229814556081e-09
338.8,1.6731282411898527e-15,2.6837015384865664e-07,2.548297918781964e-09
338.9,1.6315042791955469e-15,2.6492116294275307e-07,2.2497774481538016e-09
339.0,1.5491542944119982e-15,2.610623692751028e-07,2.032800000140505e-09
339.1,1.4668862313569772e-15,2.5680020178411466e-07,1.903112464933234e-09
339.2,1.4661529715715212e-15,2.52141712159843e-07,1.8617304103899473e-09
339.3,1.424713965037529e-15,2.47094563268459e-07,1.9100053886625094e-09
339.4,1.1798871942092224e-15,2.4166701662629854e-07,2.0513594027187376e-09
339.5,1.1792973980734387e-15,2.3586791884448793e-07,2.2849067235516786e-09
339.6,1.1380627968736658e-15,2.2970668724771787e-07,2.6079335941025828e-09
339.7,1.0156195604547967e-15,2.2319329468216358e-07,3.020518120878997e-09
339.8,8.932984522931552e-16,2.1633825335954813e-07,3.519888193349069e-09
339.9,8.116835588279157e-16,2.0915259787809776e-07,4.099632142903959e-09
340.0,6.895861457182326e-16,2.0164786755773035e-07,4.755915642750899e-09
340.1,5.67610596682934e-16,1.938360879361249e-07,5.4841399414003305e-09
340.2,4.862801677063659e-16,1.8572975145395487e-07,6.27512026308013e-09
340.3,3.2402472559826937e-16,1.7734179754371e-07,7.1211744258091e-09
340.4,2.0241422108238204e-16,1.6868559204477338e-07,8.016012476900202e-09
340.5,1.2138782356164125e-16,1.597749058583987e-07,8.94896107951376e-09
340.6,8.088476321387317e-17,1.5062389305829508e-07,9.909249486416812e-09
340.7,-8.084433094117675e-17,1.4124706850166548e-07,1.0889166296114312e-08
340.8,-2.4241175663869046e-16,1.3165928478716365e-07,1.1877952288842495e-08
340.9,-2.0190881754732591e-16,1.218757087003253e-07,1.2863118088234438e-08
341.0,-3.632541990713073e-16,1.1191179731103699e-07,1.3836000974007705e-08
341.1,-5.244382250914151e-16,1.0178327357886158e-07,1.4787040366878492e-08
341.2,-5.241760715227231e-16,9.150610148686274e-08,1.570378975743341e-08
341.3,-6.85118371766683e-16,8.109646093697942e-08,1.657734479183399e-08
341.4,-8.056187037721468e-16,7.057072234663847e-08,1.740032912383197e-08
341.5,-9.662591941269803e-16,5.994542085230259e-08,1.8162181010294053e-08
341.6,-1.0060168596793625e-15,4.923723034236444e-08,1.8854685390126433e-08
341.7,-1.0457345360599016e-15,3.8462937384311343e-08,1.947324112673643e-08
341.8,-1.1256127071397439e-15,2.763941488981761e-08,2.001075412994368e-08
341.9,-1.1250500414643154e-15,1.6783595654479475e-08,2.046075872132335e-08
342.0,-1.2449684774497672e-15,5.912445953585732e-09,2.0821618673284904e-08
342.1,-1.3246265455033402e-15,-4.957060946023849e-09,2.1090739040388036e-08
342.2,-1.2838442645152138e-15,-1.5807971346418518e-08,2.1264428741071424e-08
342.3,-1.3634026592640422e-15,-2.6623377510524427e-08,2.134387041609197e-08
342.4,-1.442881194703774e-15,-3.738644393586534e-08,2.1331263819899013e-08
342.5,-1.3219799399001387e-15,-4.8080433613109235e-08,2.1226479828141626e-08
342.6,-1.2812791419637753e-15,-5.868873404963633e-08,2.1033141498142944e-08
342.7,-1.3206586207299337e-15,-6.91948829826068e-08,2.0757762186078643e-08
342.8,-1.2399985500213928e-15,-7.958259394192676e-08,2.0404126960659528e-08
342.9,-1.079458872724194e-15,-8.9835781536565e-08,1.997779077448037e-08
343.0,-1.1188792514642867e-15,-9.993858627817102e-08,1.9488435785360765e-08
343.1,-1.0384399551269287e-15,-1.0987539907939687e-07,1.894353628876184e-08
343.2,-1.037920864932728e-15,-1.196308854288468e-07,1.8350017959218187e-08
343.3,-9.576018777403837e-16,-1.2919000900608134e-07,1.7719157077203978e-08
343.4,-7.976026637348342e-16,-1.3853805478155834e-07,1.7061273695994007e-08
343.5,-6.377631696693479e-16,-1.4766065171489268e-07,1.6384083831177122e-08
343.6,-5.577638218176712e-16,-1.565437948458327e-07,1.5698753736662514e-08
343.7,-3.9820357829687266e-16,-1.6517386669888285e-07,1.5017073254910577e-08
343.8,-2.3880271576492594e-16,-1.7353765816610523e-07,1.4346946948615136e-08
343.9,-1.5912222950160572e-16,-1.8162238876167332e-07,1.3697900599772816e-08
344.0,3.976067206845473e-17,-1.8941572606625877e-07,1.3081489118095584e-08
344.1,1.192223901050288e-16,-1.9690580449658498e-07,1.2505167428611802e-08
344.2,3.1776745016077754e-16,-2.040812434221522e-07,1.1975700881325476e-08
344.3,3.9701075768751133e-16,-2.109311644074736e-07,1.1502665990516674e-08
344.4,5.952184528901134e-16,-2.1744520762022834e-07,1.1092388095427189e-08
344.5,7.932278907381016e-16,-2.2361354753329743e-07,1.0748298482450735e-08
344.6,9.117560823191495e-16,-2.2942690773930908e-07,1.047652999345876e-08
344.7,1.1490308360272489e-15,-2.348765747985274e-07,1.0281588244890715e-08
344.8,1.3068642523816242e-15,-2.399544112898172e-07,1.0163554495072673e-08
344.9,1.5437038896928317e-15,-2.4465286798780313e-07,1.0124205483530124e-08
345.0,1.6616193253464157e-15,-2.489649949934799e-07,1.0165604887341421e-08
345.1,1.8585016666076818e-15,-2.5288445195121024e-07,1.0284930863810494e-08
345.2,2.015663937243979e-15,-2.5640551740143697e-07,1.0479417917822387e-08
345.3,2.093662488845924e-15,-2.595230970690182e-07,1.0748246634132009e-08
345.4,2.290032515422842e-15,-2.622327311221764e-07,1.1086438904013818e-08
345.5,2.5651328629163267e-15,-2.6453060054929955e-07,1.1487256282459587e-08
345.6,2.6427383283675974e-15,-2.664135325039883e-07,1.1946860017713093e-08
345.7,2.7202655667888836e-15,-2.6787900453813234e-07,1.2458976456456349e-08
345.8,2.837119068502977e-15,-2.6892514790062137e-07,1.3014102342496397e-08
345.9,2.9538550661974068e-15,-2.6955074986110983e-07,1.3605645383167656e-08
346.0,3.109838694919175e-15,-2.6975525489566364e-07,1.4226848098376385e-08
346.1,3.0689387950692174e-15,-2.6953876486488367e-07,1.4867047193820779e-08
346.2,3.1853818134260704e-15,-2.6890203826752986e-07,1.5517597984404527e-08
346.3,3.2230955640902452e-15,-2.678464883915361e-07,1.6171922576312683e-08
346.4,3.300057209838445e-15,-2.663741803916122e-07,1.6819882486149147e-08
346.5,3.3769411078069815e-15,-2.6448782746374626e-07,1.74518656252976e-08
346.6,3.2967588021073395e-15,-2.621907860005846e-07,1.806194987841856e-08
346.7,3.3343383446697536e-15,-2.5948704964455056e-07,1.8641976886090366e-08
346.8,3.3718794933051998e-15,-2.5638124242661733e-07,1.918268746371723e-08
346.9,3.2918173709040997e-15,-2.528786109884097e-07,1.9679132692098474e-08
347.0,3.3293405864085242e-15,-2.489850157313619e-07,2.0126107924673227e-08
347.1,3.2885271988933815e-15,-2.447069210223762e-07,2.0516047215721433e-08
347.2,3.1694946553523563e-15,-2.400513845739039e-07,2.0845187622006117e-08
347.3,3.1679103041454887e-15,-2.3502604584017098e-07,2.1111639200321295e-08
347.4,3.088145837634333e-15,-2.2963911345138237e-07,2.1310643667187544e-08
347.5,2.9693894107705783e-15,-2.2389935188137607e-07,2.1439789158923128e-08
347.6,2.8116995562729608e-15,-2.1781606726280566e-07,2.1500252597900554e-08
347.7,2.8102940578987e-15,-2.113990922614916e-07,2.1490751602163723e-08
347.8,2.6918522095105514e-15,-2.0465877020921446e-07,2.1410372080537336e-08
347.9,2.573528071142935e-15,-1.9760593852774466e-07,2.12626294930056e-08
348.0,2.4553215547109104e-15,-1.9025191129033817e-07,2.1049799922157804e-08
348.1,2.4540942007976027e-15,-1.826084610500935e-07,2.077258050438966e-08
348.2,2.219261035607111e-15,-1.7468780008451075e-07,2.0435834365371568e-08
348.3,2.101406857058565e-15,-1.6650256091195435e-07,2.004486643637753e-08
348.4,2.0614609270720796e-15,-1.580657760949139e-07,1.960201725182266e-08
348.5,1.9049262690219374e-15,-1.4939085754740936e-07,1.911248557973229e-08
348.6,1.7485475913950775e-15,-1.4049157528397622e-07,1.858356953269732e-08
348.7,1.7865107258232144e-15,-1.3138203551508227e-07,1.8019138018711403e-08
348.8,1.7856176937369292e-15,-1.220766582978176e-07,1.7423907250100915e-08
348.9,1.6295316203981136e-15,-1.1259015480138894e-07,1.6805836413757386e-08
349.0,1.6674960358226947e-15,-1.0293750403358956e-07,1.6170010003628158e-08
349.1,1.6279029032720049e-15,-9.313392915572177e-08,1.552017252074035e-08
349.2,1.5496087193088776e-15,-8.319487355898085e-08,1.486359572151779e-08
349.3,1.4713924031871318e-15,-7.31359765664965e-08,1.4206057455570192e-08
349.4,1.4319553937505456e-15,-6.29730487681369e-08,1.3550208578956003e-08
349.5,1.3925574438015558e-15,-5.2722047220091465e-08,1.2901543048002284e-08
349.6,1.2372100792180687e-15,-4.2399050461873954e-08,1.2265851780986042e-08
349.7,1.2752351172040711e-15,-3.202023324832269e-08,1.16448770215667e-08
349.8,1.120100973081077e-15,-2.160184120895239e-08,1.1041716289699675e-08
349.9,1.0809361983567975e-15,-1.1160165511008954e-08,1.0461443732440936e-08
350.0,1.0803958653521271e-15,-7.11517370478212e-10,9.905257243843305e-09
350.1,1.0027232451288266e-15,9.727797467196197e-09,9.373815581138936e-09
350.2,1.0022220088257805e-15,2.0141504091141142e-08,8.870838842644496e-09
350.3,1.0017210230782414e-15,3.0513383764884234e-08,8.397373050890994e-09
350.4,1.001220287760964e-15,4.082729924479107e-08,7.952139013103496e-09
350.5,9.237413563834737e-16,5.106721984121814e-08,7.537102651845004e-09
350.6,9.617495845351136e-16,6.121724626094255e-08,7.15344726502711e-09
350.7,9.997195831391709e-16,7.126163534136215e-08,6.7988445507399745e-09
350.8,1.037651380918329e-15,8.118482447013364e-08,6.473447113045811e-09
350.9,9.987203632492448e-16,9.097145560598766e-08,6.178680710415262e-09
351.0,9.982211278868616e-16,1.0060639905889478e-07,5.912206141833206e-09
351.1,9.977221420797655e-16,1.10074776920922e-07,5.6726740691840514e-09
351.2,1.1122876448228112e-15,1.193619859603487e-07,5.461664584070461e-09
351.3,1.1500672138067438e-15,1.284537201071139e-07,5.277750487871826e-09
351.4,1.2261251455299044e-15,1.373359925465645e-07,5.118698591050786e-09
351.5,1.1872149788160777e-15,1.459951571936878e-07,4.986017653905923e-09
351.6,1.2631777467814769e-15,1.5441792958085703e-07,4.879769838568588e-09
351.7,1.3773232535770818e-15,1.6259140727965833e-07,4.79762379558296e-09
351.8,1.376634764087009e-15,1.70503089667955e-07,4.74073950740135e-09
351.9,1.375946618755635e-15,1.781408969552405e-07,4.710771413290468e-09
352.0,1.4516620850448625e-15,1.8549318862804068e-07,4.7060416207577196e-09
352.1,1.4891189732043315e-15,1.9254878122851788e-07,4.7271314908100305e-09
352.2,1.6028649536593956e-15,1.992969652853761e-07,4.776898111110944e-09
352.3,1.563919347185694e-15,2.0572752152197319e-07,4.85483983200511e-09
352.4,1.6393881967728297e-15,2.1183073637947154e-07,4.960841048543612e-09
352.5,1.752887454603154e-15,2.17597416644705e-07,5.098189061221702e-09
352.6,1.8662728319035487e-15,2.2301890321087003e-07,5.2676973046985975e-09
352.7,1.9034080905436994e-15,2.280870841058285e-07,5.4685671236377284e-09
352.8,1.940505756872485e-15,2.3279440662581595e-07,5.7035567222684146e-09
352.9,2.0916561972240498e-15,2.3713388848760931e-07,5.974490427636098e-09
353.0,2.1286217329123265e-15,2.4109912816541116e-07,6.280000952655507e-09
353.1,2.241533992797777e-15,2.4468431435650957e-07,6.62140802206168e-09
353.2,2.2404135059464345e-15,2.478842344048125e-07,7.000849420630301e-09
353.3,2.2772477076594715e-15,2.506942818039408e-07,7.4165385694383925e-09
353.4,2.3899148368348768e-15,2.531104628455577e-07,7.867711798149543e-09
353.5,2.38872017810603e-15,2.5512940222485256e-07,8.355893084685118e-09
353.6,2.5391150763386526e-15,2.567483476258392e-07,8.878982490368765e-09
353.7,2.5757241321987222e-15,2.579651734397918e-07,9.43390279299051e-09
353.8,2.6122959536921978e-15,2.587783834870128e-07,1.002063350230889e-08
353.9,2.7245114422934927e-15,2.5918711265415093e-07,1.0636775433377025e-08
354.0,2.8366140907078356e-15,2.591911276200884e-07,1.127716724142185e-08
354.1,2.835196138180154e-15,2.5879082665101384e-07,1.1939561684177122e-08
354.2,2.9093463316368967e-15,2.5798723830312565e-07,1.2621175158816532e-08
354.3,2.983421684989902e-15,2.567820191520992e-07,1.3315392310495557e-08
354.4,3.0196763007726294e-15,2.5517745064728437e-07,1.4017509321005922e-08
354.5,3.0181668400188783e-15,2.5317643492515006e-07,1.472422386877829e-08
354.6,3.12978281382461e-15,2.507824895977987e-07,1.542835731267305e-08
354.7,3.090528936303362e-15,2.479997416921964e-07,1.6123078569784115e-08
354.8,3.0136429834994624e-15,2.4483292064307997e-07,1.6804474862755823e-08
354.9,3.0497882453834386e-15,2.412873502485351e-07,1.746577128789565e-08
355.0,3.123529503591631e-15,2.3736893977066962e-07,1.8098877295225637e-08
355.1,3.0843540553699815e-15,2.3308417419866532e-07,1.8699326934948643e-08
355.2,3.0452169923122763e-15,2.284401035192226e-07,1.926161182070689e-08
355.3,3.081271242977709e-15,2.2344433111174052e-07,1.9777640461453e-08
355.4,3.1172886874808303e-15,2.181050013993657e-07,2.024268275321722e-08
355.5,3.153269353609544e-15,2.1243078660864531e-07,2.0653118741331303e-08
355.6,3.1516931130257237e-15,2.064308726469404e-07,2.100226082101516e-08
355.7,3.0751148589279312e-15,2.001149442957762e-07,2.128566068037749e-08
355.8,3.0360950311185995e-15,1.9349316965152769e-07,2.1501902775594613e-08
355.9,2.959649526926943e-15,1.865761837173337e-07,2.1646966047584118e-08
356.0,2.8458344997013845e-15,1.793750713386609e-07,2.171743286283543e-08
356.1,2.8818384109915857e-15,1.7190134953164012e-07,2.1714106617854498e-08
356.2,2.842990087644746e-15,1.6416694905224318e-07,2.1636489145079965e-08
356.3,2.7294017526030105e-15,1.561841953223357e-07,2.148301362639799e-08
356.4,2.578555891867261e-15,1.4796578887207104e-07,2.1256478825257397e-08
356.5,2.5772669361871003e-15,1.3952478516458085e-07,2.0960176481112964e-08
356.6,2.3519804835346707e-15,1.3087457380497662e-07,2.0595094517592096e-08
356.7,2.3134904255392254e-15,1.2202885735087778e-07,2.0165654110503616e-08
356.8,2.2750382602796546e-15,1.1300162967682342e-07,1.9678554839497395e-08
356.9,2.1993468934988934e-15,1.0380715379055612e-07,1.9137728228545538e-08
357.0,2.1237306306899565e-15,9.445993930056668e-08,1.8548780487585873e-08
357.1,2.1599088383545378e-15,8.497471960768287e-08,1.792085917055389e-08
357.2,2.196050346187231e-15,7.536642866882408e-08,1.7260756345715038e-08
357.3,2.1205474227467302e-15,6.565017744635873e-08,1.6574814842626392e-08
357.4,2.119487414059612e-15,5.584123022176555e-08,1.5873279903419165e-08
357.5,2.1555933376170663e-15,4.595498064784951e-08,1.516517552836146e-08
357.6,2.1173689860361e-15,3.600692753378221e-08,1.4457138974979409e-08
357.7,2.079182310623255e-15,2.601265059089092e-08,1.3759025994548426e-08
357.8,2.041033283263092e-15,1.5987786104888863e-08,1.3080963943133608e-08
357.9,2.040013021708105e-15,5.948002426399832e-09,1.242943011745613e-08
358.0,1.9277754554205808e-15,-4.091024520809991e-09,1.1812533559285262e-08
358.1,1.963865881867427e-15,-1.4113635627074513e-08,1.1240038566170052e-08
358.2,1.9628841943688203e-15,-2.4104213032466055e-08,1.071776696220701e-08
358.3,1.9619029975912712e-15,-3.404720450502932e-08,1.0251073610455214e-08
358.4,1.9609222912894834e-15,-4.392714757420254e-08,9.84781053752599e-09
358.5,1.996922114373339e-15,-5.372869354030806e-08,9.512593802007726e-09
358.6,1.9589623491326e-15,-6.343663137588277e-08,9.247501505517524e-09
358.7,1.994926190387286e-15,-7.303591129143182e-08,9.05713247815827e-09
358.8,2.0308535872943897e-15,-8.251166799181143e-08,8.944318139753927e-09
358.9,2.0298384143151368e-15,-9.184924373882807e-08,8.907849574615757e-09
359.0,2.1025991578426075e-15,-1.0103421103013352e-07,8.948209569638303e-09
359.1,2.2121559168892438e-15,-1.1005239480177015e-07,9.06591310648997e-09
359.2,2.358453456431155e-15,-1.1888989430877566e-07,9.256894402839603e-09
359.3,2.3572745244604934e-15,-1.2753310459311983e-07,9.51732359047447e-09
359.4,2.3929101846492326e-15,-1.3596873735286846e-07,9.84502275696149e-09
359.5,2.538896430382117e-15,-1.4418384132981453e-07,1.0233808274249731e-08
359.6,2.500850092237309e-15,-1.5216582224604958e-07,1.0676058964792678e-08
359.7,2.4995999797453575e-15,-1.5990246207356995e-07,1.116681567204593e-08
359.8,2.5718313889814547e-15,-1.6738193765770302e-07,1.1698657177577178e-08
359.9,2.5338237119307106e-15,-1.745928388197394e-07,1.2261328863996198e-08
360.0,2.6426682957390545e-15,-1.815241857687237e-07,1.2847389030733584e-08
360.1,2.604661912815928e-15,-1.8816544572877695e-07,1.344905560422958e-08
360.2,2.640026948337129e-15,-1.9450654893853417e-07,1.4055020256347728e-08
360.3,2.6387072648113348e-15,-2.0053790395576213e-07,1.4656090070962524e-08
360.4,2.6007578487267833e-15,-2.0625041208932722e-07,1.524488887554655e-08
360.5,2.6726819580779884e-15,-2.1163548107175126e-07,1.5810768842982698e-08
360.6,2.67134595112852e-15,-2.1668503802441196e-07,1.6343902260208167e-08
360.7,2.596859636343895e-15,-2.213915415187136e-07,1.683792797271287e-08
360.8,2.595561531079083e-15,-2.2574799274897074e-07,1.728440067266779e-08
360.9,2.5942640747046676e-15,-2.2974794595625135e-07,1.7674216647947696e-08
361.0,2.4834052697034833e-15,-2.3338551796120554e-07,1.800248577182235e-08
361.1,2.4821638774425585e-15,-2.366553967127339e-07,1.8264071222900393e-08
361.2,2.4079547790837163e-15,-2.3955284901273933e-07,1.8451983314964913e-08
361.3,2.333819251043261e-15,-2.420737273816927e-07,1.8563130441477226e-08
361.4,2.2597572383122636e-15,-2.4421447589788523e-07,1.8596196987612176e-08
361.5,2.25862764211569e-15,-2.459721351197476e-07,1.8547472733016726e-08
361.6,2.1482648068384883e-15,-2.4734434617103637e-07,1.8415893917776977e-08
361.7,2.074404809264999e-15,-2.4832935381498163e-07,1.8203851077731804e-08
361.8,1.9642432415852424e-15,-2.489260085275195e-07,1.7911620604969546e-08
361.9,1.8905479815482376e-15,-2.4913376772675354e-07,1.754030777395462e-08
362.0,1.8169259075351722e-15,-2.489526960491062e-07,1.7095350209756914e-08
362.1,1.6344159044933655e-15,-2.4838346457819567e-07,1.6581102388868205e-08
362.2,1.4883901096260337e-15,-2.474273491929507e-07,1.6000864579397325e-08
362.3,1.4513620493551023e-15,-2.4608622803529764e-07,1.536210162406502e-08
362.4,1.4869024634634596e-15,-2.443625779398927e-07,1.4672671185833221e-08
362.5,1.304920271470445e-15,-2.422594699322711e-07,1.3937934469623797e-08
362.6,1.2318086425101965e-15,-2.3978056390639733e-07,1.3166223883337173e-08
362.7,1.2674044477905203e-15,-2.3693010232956534e-07,1.2367747640284994e-08
362.8,1.1943839951677353e-15,-2.3371290297838503e-07,1.1549575477868112e-08
362.9,1.12143622805277e-15,-2.3013435088366245e-07,1.0719826051078109e-08
363.0,1.0847183710595918e-15,-2.2620038940618206e-07,9.889526447333122e-09
363.1,9.757585326971365e-16,-2.21917510346491e-07,9.066855528912377e-09
363.2,9.391496355513798e-16,-2.1729274326354173e-07,8.258874219296621e-09
363.3,7.942678430142459e-16,-2.1233364403712604e-07,7.475800318680345e-09
363.4,7.21700734872431e-16,-2.0704828252302856e-07,6.726089368471629e-09
363.5,6.131389784971701e-16,-2.0144522940510478e-07,6.015220272300274e-09
363.6,5.76783515894138e-16,-1.9553354238585687e-07,5.351173560314736e-09
363.7,5.764951962221156e-16,-1.8932275158085772e-07,4.741697724173914e-09
363.8,5.401940818817769e-16,-1.828228441141415e-07,4.190478666560624e-09
363.9,4.319392418830749e-16,-1.7604424811274073e-07,3.702285665271403e-09
364.0,4.67700270099336e-16,-1.6899781604853749e-07,3.283161222769587e-09
364.1,5.034254382953143e-16,-1.6169480732601632e-07,2.9350338807027473e-09
364.2,3.23468864031767e-16,-1.5414687029900873e-07,2.6590944860852843e-09
364.3,2.873841511347742e-16,-1.4636602378024372e-07,2.458840063254776e-09
364.4,2.154303712321795e-16,-1.3836463789557258e-07,2.3346222542613523e-09
364.5,1.794355691423935e-16,-1.301554143853135e-07,2.284316983739296e-09
364.6,1.7934587378353065e-16,-1.2175136651895943e-07,2.3083666060778958e-09
364.7,1.0755373395668236e-16,-1.131657985008897e-07,2.4057737162025615e-09
364.8,-3.5833323510560107e-17,-1.0441228435735336e-07,2.5718878108172125e-09
364.9,-3.581541132722384e-17,-9.550464651871596e-08,2.8040419894020544e-09
365.0,-3.5797508097740575e-17,-8.645693406369503e-08,3.1001033279406845e-09
365.1,-1.0733884145290358e-16,-7.728340051915696e-08,3.4540024982266987e-09
365.2,-1.7880864241216065e-16,-6.799848140324271e-08,3.860406190059235e-09
365.3,-2.5020696461363415e-16,-5.8616771595572395e-08,4.316225875548735e-09
365.4,-3.215338616596962e-16,-4.9153002387373205e-08,4.815145957540064e-09
365.5,-3.927893871169905e-16,-3.962201830994242e-08,5.350047551213811e-09
365.6,-3.5690276501265746e-16,-3.003875392313273e-08,5.917058570064061e-09
365.7,-3.567243582355622e-16,-2.0418210449295834e-08,6.510611488687622e-09
365.8,-4.635098528314259e-16,-1.0775432235464569e-08,7.122964113520954e-09
365.9,-4.989149370520933e-16,-1.1254832643452167e-09,7.7496706986138e-09
366.0,-4.2742760737503557e-16,8.516576306981317e-09,8.386550672891462e-09
366.1,-4.628151092401367e-16,1.813571369288817e-08,9.026457823815287e-09
366.2,-4.981671256452849e-16,2.7716946924381675e-08,9.6646632280138e-09
366.3,-4.267869465796934e-16,3.7245368098829136e-08,1.0298578253268563e-08
366.4,-3.9102580590872495e-16,4.670616658154909e-08,1.0922688636051704e-08
366.5,-3.553003107962281e-16,5.608465207004134e-08,1.1532361772600214e-08
366.6,-3.5512270504596756e-16,6.536627733418828e-08,1.2126405407708207e-08
366.7,-3.904397068840239e-16,7.453666074183145e-08,1.2701580681582295e-08
366.8,-4.257213118117222e-16,8.358160859727514e-08,1.3253791746667668e-08
366.9,-3.1913137827158433e-16,9.248713707622367e-08,1.3782764894420152e-08
367.0,-1.7720658470401278e-16,1.0123949377129388e-07,1.4287670001979722e-08
367.1,-2.4796520498230944e-16,1.0982517896678047e-07,1.4765372599897132e-08
367.2,-2.124353600316889e-16,1.182309664701291e-07,1.521593144177926e-08
367.3,-1.0616458445083392e-16,1.2644392390143623e-07,1.564054212082025e-08
367.4,0.0,1.344514325889329e-07,1.6037343866870542e-08
367.5,0.0,1.42241206997849e-07,1.640620944740806e-08
367.6,1.0600545694961997e-16,1.4980131351035223e-07,1.6749572575942127e-08
367.7,2.472224240957779e-16,1.5712018866143057e-07,1.7066958196227378e-08
367.8,2.8239867860729517e-16,1.641866568738169e-07,1.735773416728235e-08
367.9,3.8810408252267274e-16,1.7098994748950827e-07,1.7624583212957927e-08
368.0,5.642328421619449e-16,1.7751971110704585e-07,1.786827493806805e-08
368.1,5.991977210243544e-16,1.837660353526134e-07,1.80876174333355e-08
368.2,7.398154198866228e-16,1.8971945993440154e-07,1.828459813323481e-08
368.3,8.45080691015081e-16,1.9537099088187845e-07,1.8460846710026033e-08
368.4,9.854346323348994e-16,2.0071211411922105e-07,1.8614801272295825e-08
368.5,1.0201185395410168e-15,2.0573480832536134e-07,1.8747087771997832e-08
368.6,1.0899264427830768e-15,2.1043155690824123e-07,1.885964113989084e-08
368.7,1.265088328002333e-15,2.1479535919364702e-07,1.895088619009277e-08
368.8,1.3347034942784655e-15,2.1881974089346084e-07,1.9019851409462695e-08
368.9,1.5095674026758634e-15,2.2249876367170316e-07,1.9068191133178782e-08
369.0,1.5439014775840983e-15,2.2582703381253884e-07,1.909471627480943e-08
369.1,1.6483431097872502e-15,2.2879971013155779e-07,1.9097109866475557e-08
369.2,1.6124655454272733e-15,2.314125110090815e-07,1.9076275861080883e-08
369.3,1.681731666969562e-15,2.3366172044773485e-07,1.9031743621658572e-08
369.4,1.680891011317504e-15,2.3554419330686203e-07,1.8960515864753106e-08
369.5,1.7500528915502162e-15,2.3705735969792511e-07,1.8862532849114873e-08
369.6,1.8541287688540733e-15,2.381992283797383e-07,1.8738225287608132e-08
369.7,1.713337639125639e-15,2.38968389249799e-07,1.8584825896584167e-08
369.8,1.8522755668406596e-15,2.393640150234978e-07,1.8401432125533167e-08
369.9,1.7814874092114745e-15,2.3938586194296117e-07,1.818938223516857e-08
370.0,1.7456832236820442e-15,2.3903426951366647e-07,1.7947066433919947e-08
370.1,1.7448106002442423e-15,2.3831015942739346e-07,1.767318653497772e-08
370.2,1.7439384130090995e-15,2.3721503358236457e-07,1.7369846137977445e-08
370.3,1.7082053285233976e-15,2.3575097110183293e-07,1.703730817138397e-08
370.4,1.6028197185727364e-15,2.3392062450955674e-07,1.6674555352649415e-08
370.5,1.6368449983593209e-15,2.3172721508072918e-07,1.628422967650454e-08
370.6,1.6360267804316687e-15,2.2917452721659404e-07,1.586879378545577e-08
370.7,1.6004172912658125e-15,2.262669019358823e-07,1.5428246206952165e-08
370.8,1.4257458388738939e-15,2.2300922960448993e-07,1.49655331344266e-08
370.9,1.3207624262788667e-15,2.1940694176618516e-07,1.4485172993432723e-08
371.0,1.2506231464422803e-15,2.1546600206623222e-07,1.3988768742820534e-08
371.1,1.2152758247494868e-15,2.1119289644594418e-07,1.3479387261348001e-08
371.2,1.145258719365774e-15,2.0659462254857065e-07,1.2963016219375763e-08
371.3,1.075311309918994e-15,2.0167867823546225e-07,1.2443121193804578e-08
371.4,9.707634220114634e-16,1.9645304937812918e-07,1.1922776732562635e-08
371.5,8.316669956791403e-16,1.9092619697700642e-07,1.1408535354500592e-08
371.6,7.619803272788217e-16,1.8510704346142505e-07,1.0905536511965854e-08
371.7,5.885086522680209e-16,1.79004958261666e-07,1.0416796314454539e-08
371.8,4.498110664359836e-16,1.7262974280231773e-07,9.94840113393701e-09
371.9,3.804191067936592e-16,1.6599161479597208e-07,9.506513477955581e-09
372.0,3.1109640936932155e-16,1.5910119182309966e-07,9.094017335223758e-09
372.1,1.3819595557564785e-16,1.5196947439401278e-07,8.71558315175919e-09
372.2,1.0359515615210683e-16,1.4460782845708053e-07,8.377382529414967e-09
372.3,3.4514457173755767e-17,1.3702796724848563e-07,8.082021881642984e-09
372.4,-6.899440851751417e-17,1.2924193265568172e-07,7.83206147105252e-09
372.5,-1.3791983987223854e-16,1.2126207617084888e-07,7.632504161026201e-09
372.6,-1.7231362148676176e-16,1.131010392922232e-07,7.485414652894443e-09
372.7,-3.1000947518093706e-16,1.0477173346174435e-07,7.390917004433483e-09
372.8,-4.1313934558409753e-16,9.628731970923141e-08,7.351749809005898e-09
372.9,-4.129328275451179e-16,8.766118789348454e-08,7.36905812057636e-09
373.0,-4.471202804676259e-16,7.890693552001288e-08,7.4405955005314275e-09
373.1,-5.500268014869086e-16,7.003834634341939e-08,7.566070312398136e-09
373.2,-6.184708389315652e-16,6.106936873501986e-08,7.745273798398417e-09
373.3,-7.555309432098646e-16,5.2014093707051176e-08,7.973989874888692e-09
373.4,-7.894784208986115e-16,4.2886732767647146e-08,8.248649598687068e-09
373.5,-8.576997612570865e-16,3.3701595699622354e-08,8.5673076122861e-09
373.6,-8.22980177828219e-16,2.4473068122300432e-08,8.924404866680896e-09
373.7,-8.568424902027956e-16,1.521558892007021e-08,9.313446928142366e-09
373.8,-8.564141760451569e-16,5.94362771899386e-09,9.730555001966572e-09
373.9,-8.559860759910666e-16,-3.32833769054562e-09,1.0169546376390044e-08
374.0,-9.240028451281796e-16,-1.2585844012675849e-08,1.0621907782050612e-08
374.1,-9.577461798973429e-16,-2.1814464975619118e-08,1.1081939061720985e-08
374.2,-8.88891181755308e-16,-3.099983374096523e-08,1.1543526306072025e-08
374.3,-9.909599450177707e-16,-4.012766530613309e-08,1.199743805976544e-08
374.4,-9.904645888946129e-16,-4.9183778731006666e-08,1.2436644870689497e-08
374.5,-9.216957231194962e-16,-5.8154119087976654e-08,1.2855686714931463e-08
374.6,-8.871151759895648e-16,-6.702477927499142e-08,1.3246067557104667e-08
374.7,-9.207744880906607e-16,-7.578202161879954e-08,1.3600286225113026e-08
374.8,-8.862285042233478e-16,-8.441229908541793e-08,1.3913984889620164e-08
374.9,-8.176481545212357e-16,-9.29022761945701e-08,1.4180736299730748e-08
375.0,-7.831877896065886e-16,-1.0123884967607967e-07,1.4393689829733664e-08
375.1,-6.466578077515194e-16,-1.0940916866492792e-07,1.4549907441016708e-08
375.2,-6.803521680698941e-16,-1.1740065443771495e-07,1.4646007167227326e-08
375.3,-5.780102654633516e-16,-1.2520101980992478e-07,1.467698514128244e-08
375.4,-6.117049403680901e-16,-1.327982880401235e-07,1.4641543291740709e-08
375.5,-5.094993036235678e-16,-1.401808111382385e-07,1.4539803055903109e-08
375.6,-4.752949764719852e-16,-1.4733728771738841e-07,1.436964785234803e-08
375.7,-4.071920471877606e-16,-1.5425678033439106e-07,1.4131567676782486e-08
375.8,-3.730727935501329e-16,-1.6092873214277797e-07,1.3829076454166771e-08
375.9,-2.7119003911249866e-16,-1.673429829502063e-07,1.346360029327035e-08
376.0,-2.0329085848953616e-16,-1.7348978473383786e-07,1.3037497736816159e-08
376.1,-1.3545949231160932e-16,-1.793598164269466e-07,1.2557055924952399e-08
376.2,-3.3847944873767086e-17,-1.849441979748477e-07,1.2027344344764697e-08
376.3,6.766205026323647e-17,-1.9023450378829728e-07,1.1452573472834363e-08
376.4,2.0288468308335505e-16,-1.9522277546451618e-07,1.0840825948706476e-08
376.5,3.717693211799829e-16,-1.9990153367388593e-07,1.0200293283694433e-08
376.6,4.391441162524164e-16,-2.0426378935275186e-07,9.536871592395196e-09
376.7,5.402148911731164e-16,-2.083030541733234e-07,8.859299587134673e-09
376.8,6.411845108512264e-16,-2.1201335012541684e-07,8.177803384992162e-09
376.9,7.757827353053525e-16,-2.1538921829746439e-07,7.499591828764223e-09
377.0,9.102462349629693e-16,-2.184257269317649e-07,6.8329572789104e-09
377.1,9.771831682448843e-16,-2.2111847858934715e-07,6.188682996435946e-09
377.2,1.1114112089659998e-15,-2.2346361641756157e-07,5.574674354228857e-09
377.3,1.1445179344546075e-15,-2.254578296614417e-07,4.997872753070524e-09
377.4,1.2448822142807766e-15,-2.2709835831854497e-07,4.4680084207256654e-09
377.5,1.3451458689275469e-15,-2.2838299683665992e-07,3.99284161238154e-09
377.6,1.4453089739164187e-15,-2.2931009699750211e-07,3.5773468938039553e-09
377.7,1.5789666396037176e-15,-2.2987856998879007e-07,3.2287482868369524e-09
377.8,1.7124903198875438e-15,-2.300878875112051e-07,2.9536715555146348e-09
377.9,1.8123186586798776e-15,-2.299380820032206e-07,2.7548188702553187e-09
378.0,1.912046766177764e-15,-2.2942974608524515e-07,2.635870552633096e-09
378.1,1.944618893721405e-15,-2.2856403108126451e-07,2.601322092124949e-09
378.2,2.0441802838964707e-15,-2.2734264460561678e-07,2.651566080404356e-09
378.3,2.1771360524629666e-15,-2.2576784737223748e-07,2.7862927914331617e-09
378.4,2.1760477565333905e-15,-2.2384244915712478e-07,3.007042129790635e-09
378.5,2.1749600046157637e-15,-2.2156980381279063e-07,3.3120565497163283e-09
378.6,2.2407611901747097e-15,-2.189538034832773e-07,3.697236515987792e-09
378.7,2.3733510054267868e-15,-2.1599887205466654e-07,4.1606904597758394e-09
378.8,2.4389861653193835e-15,-2.1270995769698504e-07,4.698788820810485e-09
378.9,2.4377669770591888e-15,-2.0909252457731944e-07,5.304417895542912e-09
379.0,2.53668052419585e-15,-2.051525438733325e-07,5.972264315750228e-09
379.1,2.5687731917681603e-15,-2.0089648396538148e-07,6.697168186335296e-09
379.2,2.6008331408415907e-15,-1.9633129978907952e-07,7.470175617200706e-09
379.3,2.6661877428934716e-15,-1.914644215233507e-07,8.283099051220781e-09
379.4,2.698165669517954e-15,-1.863037425723484e-07,9.129632012049034e-09
379.5,2.5969348156051913e-15,-1.8085760673801662e-07,1.000031396048799e-08
379.6,2.5623592795196293e-15,-1.751347947383498e-07,1.0885117723798012e-08
379.7,2.5943391788242798e-15,-1.691445101353327e-07,1.1777022509054626e-08
379.8,2.460065803551519e-15,-1.628963645349272e-07,1.2667308918450738e-08
379.9,2.292698505261675e-15,-1.5640036213656092e-07,1.3545475690999333e-08
380.0,2.291552442548599e-15,-1.4966688378592443e-07,1.4404289561933139e-08
380.1,2.2904069527236447e-15,-1.4270667042433955e-07,1.5236732240717327e-08
380.2,2.2892620355004416e-15,-1.355308059113153e-07,1.6033293453267936e-08
380.3,2.1886343127408994e-15,-1.2815069941056617e-07,1.6787108490802258e-08
380.4,2.154395719586133e-15,-1.2057806731899056e-07,1.7493414149360065e-08
380.5,2.053934846781807e-15,-1.128249146329243e-07,1.8144993714151066e-08
380.6,2.0197967145081732e-15,-1.0490351591119528e-07,1.8735988102761358e-08
380.7,1.9195024586531017e-15,-9.682639592155424e-08,1.926401883540871e-08
380.8,1.8523862939656807e-15,-8.860630983602584e-08,1.9725064729831113e-08
380.9,1.7522749573822342e-15,-8.025622305011784e-08,2.0114904597713373e-08
381.0,1.6192179793616818e-15,-7.178929079686415e-08,2.0433316469537272e-08
381.1,1.4862935872106804e-15,-6.321883745938033e-08,2.0679818857787773e-08
381.2,1.3865139177612926e-15,-5.455833555310907e-08,2.085235530741117e-08
381.3,1.3198293657978755e-15,-4.582138457677505e-08,2.0952403384035233e-08
381.4,1.253211135262847e-15,-3.702168972586965e-08,2.0982760672955192e-08
381.5,1.2196219314173307e-15,-2.8173040359789046e-08,2.094384580759948e-08
381.6,1.1201734399428261e-15,-1.928928838223173e-08,2.083829525816201e-08
381.7,1.020824067348742e-15,-1.0384326634636088e-08,2.067139794372403e-08
381.8,9.215737393906683e-16,-1.472067170326548e-09,2.044604464218896e-08
381.9,8.882161724235471e-16,7.433580521478953e-09,2.016553079924682e-08
382.0,7.891308225296488e-16,1.6318731163392036e-08,1.9836506267239092e-08
382.1,7.230083260980236e-16,2.516954529843109e-08,1.9463967162613757e-08
382.2,6.569517384508678e-16,3.397225089536738e-08,1.9051487747852023e-08
382.3,6.894545119212712e-16,4.271316475235804e-08,1.86058465354756e-08
382.4,6.562951150788216e-16,5.137871369638621e-08,1.8133441494984775e-08
382.5,5.903703445900503e-16,5.995545569128362e-08,1.763788216129019e-08
382.6,5.900752332017505e-16,6.843010070248829e-08,1.7124992968193705e-08
382.7,5.897802693322622e-16,7.678953121353061e-08,1.6601631681682435e-08
382.8,5.239870692514169e-16,8.502082252497192e-08,1.6071305337468372e-08
382.9,5.2372514120426e-16,9.311126277848615e-08,1.553815326326765e-08
383.0,5.8889626209943975e-16,1.0104837252923462e-07,1.5008474738800728e-08
383.1,5.232016778383605e-16,1.0881992395056698e-07,1.4485585942652116e-08
383.2,5.229401423887525e-16,1.1641395971721163e-07,1.3971666997792112e-08
383.3,5.226787376741826e-16,1.238188113790846e-07,1.3471562472087369e-08
383.4,5.550685551061314e-16,1.3102311721791172e-07,1.298829658355067e-08
383.5,5.547910902005851e-16,1.3801583970471255e-07,1.2522275346871302e-08
383.6,6.197506774037337e-16,1.4478628242360798e-07,1.20762909422683e-08
383.7,6.520430310746913e-16,1.5132410635665786e-07,1.165293294288192e-08
383.8,7.494746547085927e-16,1.5761934565953719e-07,1.1251371384645396e-08
383.9,7.165304453521339e-16,1.6366242288989043e-07,1.0872170473655589e-08
384.0,8.138321246373156e-16,1.6944416352033332e-07,1.0517306800428934e-08
384.1,8.459623226985421e-16,1.749558098150039e-07,1.018543193337633e-08
384.2,8.455394472648613e-16,1.8018903413167322e-07,9.875160409226003e-09
384.3,8.776212748782022e-16,1.8513595147982413e-07,9.587684750263913e-09
384.4,9.746473043612677e-16,1.8978913132264984e-07,9.321836399383272e-09
384.5,1.0066321059370206e-15,1.94141608749488e-07,9.074945128674731e-09
384.6,1.0710404586399737e-15,1.981868949090973e-07,8.847317310490799e-09
384.7,1.1678237152018916e-15,2.019189866005449e-07,8.6384728120418e-09
384.8,1.232086613147813e-15,2.0533237515187755e-07,8.445346265792978e-09
384.9,1.231470723826401e-15,2.08422054574506e-07,8.267386587157688e-09
385.0,1.3604188415697992e-15,2.1118352883748496e-07,8.10501206428754e-09
385.1,1.5216124690983918e-15,2.1361281833554895e-07,7.955667364993007e-09
385.2,1.5855689531627988e-15,2.1570646563447078e-07,7.818129251152691e-09
385.3,1.6171187416829673e-15,2.1746154034645007e-07,7.693607181785307e-09
385.4,1.648636592106649e-15,2.1887564311903921e-07,7.580758482664047e-09
385.5,1.8093627229789472e-15,2.1994690887637109e-07,7.478013824223118e-09
385.6,1.873046063026897e-15,2.2067400923262263e-07,7.387009631601404e-09
385.7,1.9366652835384053e-15,2.210561539761449e-07,7.3079514622769975e-09
385.8,1.9679588128217783e-15,2.2109309175685382e-07,7.23932069068363e-09
385.9,2.095957051786879e-15,2.2078510999561618e-07,7.18268220245191e-09
386.0,2.223826832763462e-15,2.2013303387131833e-07,7.139679649584257e-09
386.1,2.2871417247364755e-15,2.1913822445565677e-07,7.10921414088064e-09
386.2,2.382589923087596e-15,2.1780257610421367e-07,7.09228760511739e-09
386.3,2.4135799924663804e-15,2.1612851297898003e-07,7.091457963095769e-09
386.4,2.4767034642271663e-15,2.141189846807078e-07,7.106278166070812e-09
386.5,2.63620992995551e-15,2.1177746114538662e-07,7.136830241499335e-09
386.6,2.6670249856138336e-15,2.0910792675414283e-07,7.185781597619837e-09
386.7,2.6978085751959264e-15,2.0611487355500598e-07,7.253351211170117e-09
386.8,2.7927621512238523e-15,2.0280329373418804e-07,7.338557893444538e-09
386.9,2.9517894593684004e-15,1.991786713858936e-07,7.443293919348322e-09
387.0,2.9503139335509103e-15,1.952469734457685e-07,7.568215773158588e-09
387.1,2.980891744717483e-15,1.9101463985507858e-07,7.711362127473927e-09
387.2,3.043474825618037e-15,1.8648857308963912e-07,7.873110323935881e-09
387.3,3.1059945942304182e-15,1.8167612694750252e-07,8.054123154116483e-09
387.4,3.136446541665535e-15,1.765850945687646e-07,8.251729101856299e-09
387.5,3.230844385192895e-15,1.7122369585771176e-07,8.464381323354103e-09
387.6,3.2931745027645557e-15,1.656005642818346e-07,8.692226288547789e-09
387.7,3.3234849127913047e-15,1.597247329448933e-07,8.932253448359222e-09
387.8,3.353764197102266e-15,1.536056200771065e-07,9.18102649320428e-09
387.9,3.4159370243287478e-15,1.4725301401775664e-07,9.437706395573297e-09
388.0,3.3823207959829984e-15,1.406770575612824e-07,9.699325887518575e-09
388.1,3.348737321905549e-15,1.3388823173194825e-07,9.961040387974088e-09
388.2,3.3789401657838343e-15,1.2689733914241598e-07,1.0220767014337412e-08
388.3,3.345390258394321e-15,1.1971548684399083e-07,1.0475896485491759e-08
388.4,3.3118730482133225e-15,1.123540686375114e-07,1.0721007291811082e-08
388.5,3.3102175256043582e-15,1.0482474702750702e-07,1.0952837022341756e-08
388.6,3.3085628305497916e-15,9.71394348129934e-08,1.116934420583784e-08
388.7,3.1797201563807222e-15,8.931027621003387e-08,1.1365535843385506e-08
388.8,3.209912000638329e-15,8.134962765268446e-08,1.1537396127051853e-08
388.9,3.1447766052990536e-15,7.327003836599472e-08,1.1683561700684239e-08
389.0,3.079705526997103e-15,6.508423058609732e-08,1.1800431294272684e-08
389.1,3.0781660591326427e-15,5.68050794894322e-08,1.1883973206196659e-08
389.2,2.981473937279516e-15,4.844559299980771e-08,1.1933549541610948e-08
389.3,2.948281620029469e-15,4.0018891390696836e-08,1.1947673199354095e-08
389.4,2.820063424136544e-15,3.153818664684777e-08,1.1923205422468333e-08
389.5,2.691972677688327e-15,2.301676177349735e-08,1.1860267776299859e-08
389.6,2.6589725921689323e-15,1.446795005840177e-08,1.1759827336704644e-08
389.7,2.5943662134702475e-15,5.905114180075606e-09,1.1620518376250188e-08
389.8,2.371709775553579e-15,-2.6583746937348088e-09,1.1443279351019268e-08
389.9,2.307310237957984e-15,-1.1209157713201044e-08,1.123143474382211e-08
390.0,2.2429744911717154e-15,-1.973390918161238e-08,1.098602916086279e-08
390.1,2.147127089142011e-15,-2.8219357363286e-08,1.0708904534410595e-08
390.2,1.988255720859512e-15,-3.6652305091213164e-08,1.040524667675511e-08
390.3,1.9241741639820234e-15,-4.501965025065614e-08,1.0078728819281769e-08
390.4,1.860156175828222e-15,-5.330840618106395e-08,9.732175451750348e-09
390.5,1.796201708857655e-15,-6.150572181189706e-08,9.371853842934921e-09
390.6,1.7008141570967587e-15,-6.959890151995344e-08,9.00377064626655e-09
390.7,1.479598263730998e-15,-7.75754248179571e-08,8.631735001647212e-09
390.8,1.384463416570131e-15,-8.542296574007756e-08,8.262193980950456e-09
390.9,1.2894233107620065e-15,-9.31294118177761e-08,7.90269248362293e-09
391.0,1.194477875360776e-15,-1.00682882766123e-07,7.557873360805603e-09
391.1,1.1310449548812141e-15,-1.0807174883762886e-07,7.233498775456972e-09
391.2,1.0990773633785871e-15,-1.152846486757441e-07,6.937485518832247e-09
391.3,1.0043684224536444e-15,-1.223105067384493e-07,6.674943978579922e-09
391.4,9.72495539899813e-16,-1.2913855034507816e-07,6.450258823074298e-09
391.5,8.779439865420431e-16,-1.3575832617483478e-07,6.270392812498909e-09
391.6,8.77505124273482e-16,-1.4215971620015764e-07,6.140329101224169e-09
391.7,7.83095072661792e-16,-1.483329531696904e-07,6.0626303521145846e-09
391.8,7.513954780761911e-16,-1.5426863552531683e-07,6.04207194536173e-09
391.9,7.510198742459359e-16,-1.5995774164800813e-07,6.0827423865226664e-09
392.0,6.880907533230984e-16,-1.65391643551265e-07,6.1851976917421755e-09
392.1,6.564855760369271e-16,-1.7056211999927036e-07,6.351126549257932e-09
392.2,6.561574152959308e-16,-1.7546136889201966e-07,6.582899003368901e-09
392.3,6.870593909083054e-16,-1.8008201898328711e-07,6.879105513117349e-09
392.4,6.242872246190574e-16,-1.8441714100003474e-07,7.23795435283516e-09
392.5,5.927764010781643e-16,-1.8846025801143097e-07,7.659382043626702e-09
392.6,6.548464119057301e-16,-1.9220535502706928e-07,8.140217363119211e-09
392.7,6.233514957542265e-16,-1.9564688794714869e-07,8.675370270541493e-09
392.8,6.541918928079166e-16,-1.987797917747711e-07,9.261912653004795e-09
392.9,6.850013014133897e-16,-2.0159948798791316e-07,9.895212469730477e-09
393.0,6.535380279020503e-16,-2.0410189119001452e-07,1.0567596055515435e-08
393.1,6.53211340566739e-16,-2.0628341504241736e-07,1.1273266328418389e-08
393.2,7.461540760391617e-16,-2.0814097733361124e-07,1.2006485010820231e-08
393.3,8.079295166094301e-16,-2.0967200424651175e-07,1.2758095696508535e-08
393.4,6.8329093700618e-16,-2.1087443391314397e-07,1.3519923546307804e-08
393.5,7.139925304318472e-16,-2.117467191275274e-07,1.4285516837836875e-08
393.6,6.20552716000717e-16,-2.1228782919209692e-07,1.5045514364334227e-08
393.7,6.202425171988797e-16,-2.1249725103256038e-07,1.5790322199934862e-08
393.8,6.199324734576748e-16,-2.123749895196782e-07,1.6513215299931104e-08
393.9,7.125659724045304e-16,-2.1192156689808973e-07,1.720585574984667e-08
394.0,7.122097784742313e-16,-2.111380214431901e-07,1.785852303292771e-08
394.1,8.047042533698215e-16,-2.1002590537886238e-07,1.8464726496682474e-08
394.2,8.043020018144058e-16,-2.0858728192244932e-07,1.9018132063234746e-08
394.3,8.657384091294557e-16,-2.068247215146707e-07,1.9510307548734025e-08
394.4,8.034981018295755e-16,-2.0474129734772064e-07,1.993557521091647e-08
394.5,8.957614285683227e-16,-2.0234058008344326e-07,2.0290212538541744e-08
394.6,7.718221205220325e-16,-1.9962663173288846e-07,2.0568358126278363e-08
394.7,8.331512103973356e-16,-1.966039988461592e-07,2.076577086990945e-08
394.8,8.327347389186833e-16,-1.9327770497918205e-07,2.08815308785996e-08
394.9,8.01491865415434e-16,-1.8965324233727392e-07,2.0913258870863478e-08
395.0,8.319024204083794e-16,-1.8573656272188718e-07,2.0858750291651405e-08
395.1,8.314865731686487e-16,-1.8153406784083123e-07,2.0719703991185005e-08
395.2,8.926317437117187e-16,-1.7705259885756158e-07,2.0497589454643158e-08
395.3,9.229505580002445e-16,-1.722994252348748e-07,2.0192712099346058e-08
395.4,9.532388380065334e-16,-1.672822330091963e-07,1.9808929746812475e-08
395.5,1.0142308756401105e-15,-1.6200911240465992e-07,1.9351313378834453e-08
395.6,1.0137238869600227e-15,-1.564885447544449e-07,1.8822907859086656e-08
395.7,1.0746242518146036e-15,-1.507293888921833e-07,1.8229121420826902e-08
395.8,1.0740870739943426e-15,-1.4474086700280882e-07,1.757781576047335e-08
395.9,1.134895888392762e-15,-1.385325498322563e-07,1.6874662324043782e-08
396.0,1.1649861115379083e-15,-1.321143413869598e-07,1.6125977911663117e-08
396.1,1.2869725813528341e-15,-1.2549646320643512e-07,1.5341200595269866e-08
396.2,1.2863292559069221e-15,-1.1868943809054008e-07,1.452812387694444e-08
396.3,1.3469094069025364e-15,-1.1170407333492501e-07,1.3693382020388535e-08
396.4,1.376832396001402e-15,-1.0455144362874646e-07,1.2846604353908456e-08
396.5,1.4373061141844935e-15,-9.724287353660545e-08,1.1996833218358401e-08
396.6,1.4977190297292665e-15,-8.978991952828032e-08,1.1150519505942099e-08
396.7,1.6191720192264971e-15,-8.22043517291765e-08,1.0316179330849397e-08
396.8,1.557292347444576e-15,-7.449813539685234e-08,9.502971516862042e-09
396.9,1.6785934171470134e-15,-6.668341202213183e-08,8.716749840732983e-09
397.0,1.738763578599565e-15,-5.877248018754606e-08,7.963915828633716e-09
397.1,1.7074050384331861e-15,-5.0777776281633414e-08,7.2525257679887885e-09
397.2,1.7979739537310348e-15,-4.2711854954435956e-08,6.587489332512869e-09
397.3,1.7666162899132318e-15,-3.4587369364827935e-08,5.972536832513893e-09
397.4,1.8570642302770557e-15,-2.641705138325126e-08,5.413530312287366e-09
397.5,1.8257074723832083e-15,-1.821369168057433e-08,4.91412950596037e-09
397.6,1.8856213417165004e-15,-9.990119662358232e-09,4.475326621349911e-09
397.7,1.8846787667090316e-15,-1.759183424065536e-09,4.100025714954059e-09
397.8,1.883736662871263e-15,6.466270257617708e-09,3.790370950025236e-09
397.9,1.9131626917413434e-15,1.4673416000025944e-08,3.5449794739929268e-09
398.0,1.912206349500956e-15,2.284946982772952e-08,3.3635125098923543e-09
398.1,1.8202385574401586e-15,3.098170901805204e-08,3.246398197552359e-09
398.2,1.7890065212257862e-15,3.905749189039728e-08,3.190537138334182e-09
398.3,1.7881122415537217e-15,4.706427749626208e-08,3.192598018533071e-09
398.4,1.7266347340314318e-15,5.498964504527202e-08,3.251208372261776e-09
398.5,1.725771632457791e-15,6.282131313074287e-08,3.362330741720184e-09
398.6,1.6341242800993261e-15,7.054715880144732e-08,3.5203802130001813e-09
398.7,1.542568120957951e-15,7.81552363109287e-08,3.722272665418577e-09
398.8,1.4511030867636276e-15,8.563379552340102e-08,3.963763130732617e-09
398.9,1.3899453117204915e-15,9.297130008134094e-08,4.2380899097742666e-09
399.0,1.2382450222594022e-15,1.0015644521795324e-07,4.540762552717716e-09
399.1,1.1470680505150746e-15,1.0717817510831646e-07,4.867884211700972e-09
399.2,1.0861528356468277e-15,1.140256998679415e-07,5.212716477206878e-09
399.3,1.0856098949754831e-15,1.206885121692348e-07,5.5698878152647995e-09
399.4,9.042226880888486e-16,1.271564033180798e-07,5.936170451821205e-09
399.5,7.83267931119964e-16,1.334194788489079e-07,6.3059345142597436e-09
399.6,7.527657644678647e-16,1.3946817369551554e-07,6.673623145014576e-09
399.7,6.019115805325367e-16,1.4529326678369867e-07,7.036771115332156e-09
399.8,5.715301649702456e-16,1.5088589502133034e-07,7.391623161578822e-09
399.9,4.509824773556257e-16,1.562375667955643e-07,7.733202593110817e-09
400.0,4.507570424803632e-16,1.6134017488026336e-07,8.059736882063667e-09
