# # polarizability field in atomic units, damped with signal_damped = signal * exp(-t/tau) where tau = 200

Timestamps (au),X Values,Y Values,Z Values
0.0,0.0,0.0,0.0
0.1,-6.658008311205571e-16,-1.6334692031237312e-17,5.100402920433535e-06
0.2,-1.5527586991378739e-15,-2.2011980649230966e-17,1.953578526412852e-05
0.3,-3.1039650277015945e-15,2.989352999925716e-19,3.7795689956138487e-05
0.4,-3.5456153521356735e-15,-3.144529773155686e-18,5.638698057243809e-05
0.5,-4.2083135477603546e-15,-1.7512712365415798e-17,7.498055405781223e-05
0.6,-5.534486732813165e-15,1.9801371592295353e-18,9.171084566366578e-05
0.7,-5.974257795633698e-15,1.3712303575765033e-17,0.00010770533507025866
0.8,-6.855904215377903e-15,-2.2195137470125524e-18,0.0001236216535476452
0.9,-7.957715365295334e-15,7.600944389904135e-18,0.0001374738862564979
1.0,-8.616548960674789e-15,3.103027862959628e-17,0.00014956937323475815
1.1,-9.274721898705395e-15,2.1943087880143628e-17,0.0001613394643575063
1.2,-9.711518349136562e-15,2.00143253171001e-17,0.000171203599101293
1.3,-1.0147875794776738e-14,4.747736426071366e-17,0.00017854284778678946
1.4,-1.0142803125152437e-14,5.1241845618964384e-17,0.00018514203180940782
1.5,-1.0358118491038295e-14,4.072360599202177e-17,0.000190245095367081
1.6,-1.1674592733959925e-14,6.320722300250437e-17,0.00019246608409780483
1.7,-1.188892212113939e-14,8.08988163518262e-17,0.00019343483983341823
1.8,-1.1662923976577052e-14,6.906789548108854e-17,0.0001934179765062155
1.9,-1.2316929480072331e-14,8.014500068766736e-17,0.00019064339483877964
2.0,-1.231077255469191e-14,1.0731820730399594e-16,0.00018613154569147622
2.1,-1.3183520043219312e-14,1.021278777846072e-16,0.0001810951765299921
2.2,-1.2737698933167648e-14,1.0023010995763872e-16,0.00017387249866205129
2.3,-1.251182595710244e-14,1.2856504923096698e-16,0.00016460005299208806
2.4,-1.206677962160145e-14,1.3528641477657778e-16,0.00015510716830471742
2.5,-1.2499320384973531e-14,1.2440292412121916e-16,0.00014431563345915688
2.6,-1.205471887335903e-14,1.4520922415557086e-16,0.00013145808436650203
2.7,-1.1829625874683628e-14,1.640716720106213e-16,0.00011848877949431792
2.8,-1.1166839621302928e-14,1.5176339061026162e-16,0.0001052303996994391
2.9,-1.1380105785293333e-14,1.592772060159022e-16,9.02492044582905e-05
3.0,-1.0936939571804667e-14,1.8520476367400483e-16,7.510551646859594e-05
3.1,-1.0056954671395715e-14,1.7934861126992125e-16,6.0594520622203466e-05
3.2,-9.833407288992253e-15,1.7304028320980762e-16,4.504212786657295e-05
3.3,-9.173259026697575e-15,1.975876571982536e-16,2.921018930636977e-05
3.4,-8.513768290532626e-15,2.0287915567009115e-16,1.4670597493450372e-05
3.5,-7.636741960643247e-15,1.8755858507552711e-16,2.0377270217460452e-09
3.6,-7.414840985693833e-15,2.0244501059829879e-16,-1.5013118217255297e-05
3.7,-6.32126177250435e-15,2.1842201334520753e-16,-2.8437032417168744e-05
3.8,-4.575177260845759e-15,2.0211092122939616e-16,-4.101767979738335e-05
3.9,-3.919620209157591e-15,2.0249396904876198e-16,-5.386269843144622e-05
4.0,-3.2647174074365744e-15,2.235858509541035e-16,-6.5181933137523e-05
4.1,-2.610468365403621e-15,2.1400220043062706e-16,-7.482084125431055e-05
4.2,-1.739442304983391e-15,2.005276969292365e-16,-8.444499724471349e-05
4.3,-8.692864006124769e-16,2.1851461872457455e-16,-9.288770008785406e-05
4.4,0.0,2.2012501754829453e-16,-9.911898328091028e-05
4.5,6.513131615326648e-16,1.9870500000416308e-16,-0.00010488221334843954
4.6,1.0849793105874606e-15,2.0601118611681716e-16,-0.00010994165825520224
4.7,2.3857613043703558e-15,2.1774492559326863e-16,-0.0001126682453242457
4.8,3.0349056460400826e-15,1.967535113895562e-16,-0.00011438956148498968
4.9,3.900071021807635e-15,1.8961765414353662e-16,-0.00011585606887597405
5.0,4.547808386011761e-15,2.0562492820170743e-16,-0.00011528825760476639
5.1,4.978443150219124e-15,1.927530500087724e-16,-0.00011322818278952654
5.2,5.192300400882474e-15,1.7294732840312516e-16,-0.00011120093004339216
5.3,5.6221803079123744e-15,1.8516262766939677e-16,-0.00010777242752088593
5.4,6.051629145061061e-15,1.842856135332076e-16,-0.00010255508338431556
5.5,6.264625661345261e-15,1.5846828840346874e-16,-9.742914560599778e-05
5.6,6.477407722202378e-15,1.5997962235001736e-16,-9.171059573644137e-05
5.7,7.337392471599956e-15,1.694464814561858e-16,-8.420208353217761e-05
5.8,6.902329122245055e-15,1.464034753240916e-16,-7.662755880665696e-05
5.9,6.8988788203312924e-15,1.34546435422025e-16,-6.925322116326622e-05
6.0,7.110912438235311e-15,1.48303414853769e-16,-6.0420478001723904e-05
6.1,6.8919833898008456e-15,1.355352111338137e-16,-5.1234253342910755e-05
6.2,6.458004618244035e-15,1.131614694032947e-16,-4.2850265281948255e-05
6.3,6.4547764230509655e-15,1.2328160225347215e-16,-3.362691772414509e-05
6.4,6.236498180166967e-15,1.239032158308394e-16,-2.3762760501945964e-05
6.5,5.373604060783832e-15,9.82039453583781e-17,-1.499749428426421e-05
6.6,5.156081213128331e-15,9.829769384783723e-17,-6.179849583343086e-06
6.7,4.724045165514138e-15,1.0990688846797653e-16,3.4323253275851755e-06
6.8,4.507061745459593e-15,8.958327303871888e-17,1.1981746368353976e-05
6.9,3.861264666750597e-15,7.769304525070165e-17,1.97936893969336e-05
7.0,3.430519570662108e-15,9.355304243501488e-17,2.8324932968957375e-05
7.1,2.5716035547151975e-15,8.540289039231005e-17,3.609932323299789e-05
7.2,2.1419317286122633e-15,6.502376439635849e-17,4.251208362642385e-05
7.3,1.4986027213113636e-15,7.717841458708228e-17,4.931277155583075e-05
7.4,8.559163469970463e-16,8.337918629725341e-17,5.57999834754607e-05
7.5,-2.1387212394881545e-16,6.197570162627453e-17,6.059556682904254e-05
7.6,-8.550608584656057e-16,6.437907370283041e-17,6.524269237515907e-05
7.7,-1.4956085110770451e-15,8.149353097215385e-17,6.999508656839255e-05
7.8,-2.135515562487737e-15,6.74201589093024e-17,7.307503860689775e-05
7.9,-2.7747824930818903e-15,5.875756722481448e-17,7.538211367725716e-05
8.0,-2.98673356005808e-15,7.949798872004168e-17,7.804335658968504e-05
8.1,-3.6249349736770016e-15,7.879112338857449e-17,7.936847790128037e-05
8.2,-4.475622479050706e-15,6.313641065733274e-17,7.935957576948647e-05
8.3,-5.112440259623726e-15,7.944803922336763e-17,7.96967085868609e-05
8.4,-5.32279654004422e-15,9.309893485883582e-17,7.924186304365913e-05
8.5,-6.596968400695981e-15,7.78835400688874e-17,7.709914731334208e-05
8.6,-6.593670740979262e-15,8.402254707384645e-17,7.503245270865139e-05
8.7,-7.228152929326743e-15,1.0761627787859791e-16,7.276986577730734e-05
8.8,-8.499458536741914e-15,1.0078499426249189e-16,6.876966517505449e-05
8.9,-9.13235060995847e-15,9.603083123548401e-17,6.43920507782982e-05
9.0,-9.764607825495952e-15,1.2166058248585137e-16,6.03072741091977e-05
9.1,-1.1032734577863053e-14,1.2814761135364327e-16,5.4761774210595305e-05
9.2,-1.1663405334980516e-14,1.1678584064477174e-16,4.834133889522958e-05
9.3,-1.2081486911450125e-14,1.3617510161514056e-16,4.247611101990811e-05
9.4,-1.2287297637190503e-14,1.558947003444783e-16,3.569534780747304e-05
9.5,-1.2492899584787266e-14,1.4548638629738533e-16,2.7658773875399918e-05
9.6,-1.227501648115476e-14,1.5345830485081313e-16,2.016689550830163e-05
9.7,-1.3326542619711024e-14,1.8108492562740275e-16,1.2449409111462634e-05
9.8,-1.3531307696702369e-14,1.7902667816956907e-16,3.348491890123607e-06
9.9,-1.3735864729829137e-14,1.7540561975915758e-16,-5.453427981634974e-06
10.0,-1.351778315240486e-14,2.0255142531270182e-16,-1.3801648640432961e-05
10.1,-1.3722135730742934e-14,2.129024260422543e-16,-2.3334177813251947e-05
10.2,-1.3504272125891631e-14,2.0245462165051797e-16,-3.293869186485545e-05
10.3,-1.3497521677581397e-14,2.2099008138001473e-16,-4.156621957451933e-05
10.4,-1.3912361310015766e-14,2.4258687070986525e-16,-5.086361341281478e-05
10.5,-1.3694718885265873e-14,2.329454134201121e-16,-6.0579616312426865e-05
10.6,-1.3477290572187402e-14,2.383909271932417e-16,-6.904843558941405e-05
10.7,-1.3681031011458167e-14,2.65343494111199e-16,-7.745238918063697e-05
10.8,-1.3463820018014848e-14,2.6353108672069404e-16,-8.645179224743129e-05
10.9,-1.2826288706763684e-14,2.5651497318506155e-16,-9.421138261023276e-05
11.0,-1.2819877165429208e-14,2.803212116244533e-16,-0.00010110583018089686
11.1,-1.2603411963013863e-14,2.8979221618280756e-16,-0.00010850482659874666
11.2,-1.1967256240586496e-14,2.759039007171638e-16,-0.00011489737929533578
11.3,-1.154158027976872e-14,2.891382189827811e-16,-0.00011973360787304076
11.4,-1.0906584881244899e-14,3.0825456967966404e-16,-0.0001246957425113178
11.5,-9.85294709114056e-15,2.95486953366368e-16,-0.00012900132013546665
11.6,-9.219424709709742e-15,2.945852079778227e-16,-0.00013131823801835137
11.7,-9.005388509827498e-15,3.170358230551543e-16,-0.00013316175119810792
11.8,-8.163595132587995e-15,3.122360651016983e-16,-0.00013468212877232587
11.9,-7.322641088090676e-15,2.9897155875820087e-16,-0.00013412762654495703
12.0,-6.482525747555748e-15,3.1655831087447457e-16,-0.0001324188697550418
12.1,-5.64324848262231e-15,3.2269541568948724e-16,-0.00013058818668369756
12.2,-4.595903940767746e-15,3.034170503499205e-16,-0.00012694694785073303
12.3,-3.549605071555614e-15,3.092992704558069e-16,-0.00012156492564167262
12.4,-3.1304388640998788e-15,3.240040651987328e-16,-0.00011606678821892685
12.5,-2.0859160239383184e-15,3.0675459130617317e-16,-0.00010929656891307245
12.6,-8.339493306489605e-16,2.9830767035343215e-16,-0.00010045973037359707
12.7,-6.25149345157448e-16,3.1509458142356283e-16,-9.132623608770621e-05
12.8,2.08278949538505e-16,3.066826247667554e-16,-8.159938522613333e-05
12.9,1.6653986887541268e-15,2.86936673286087e-16,-6.985295403249559e-05
13.0,2.0807077469373677e-15,2.980409876024635e-16,-5.752244565005119e-05
13.1,3.1195014796635374e-15,3.0095953210190514e-16,-4.526384958427715e-05
13.2,4.157256158395212e-15,2.769557346936777e-16,-3.14324322299108e-05
13.3,4.986213659863722e-15,2.7630474139249757e-16,-1.6749492705929528e-05
13.4,5.606686323232461e-15,2.8770506810807415e-16,-2.6580686854510775e-06
13.5,6.226537423099826e-15,2.6777784101949083e-16,1.2227388559041613e-05
13.6,7.053214923585851e-15,2.5386866036539053e-16,2.807555154606422e-05
13.7,7.879064397350058e-15,2.670483321318923e-16,4.303559979344872e-05
13.8,8.496846311702174e-15,2.575475480234546e-16,5.7825868161310734e-05
13.9,9.321145189545858e-15,2.3421123907236257e-16,7.343029523999582e-05
14.0,9.730551816651183e-15,2.416126000423925e-16,8.807913707932664e-05
14.1,1.0139546810342507e-14,2.4434662662672825e-16,0.00010160010981742256
14.2,1.0754956567690053e-14,2.1922051799238617e-16,0.00011549081587179975
14.3,1.0749580433551745e-14,2.156084285354462e-16,0.0001285273122963034
14.4,1.0330968256546732e-14,2.2730736088235603e-16,0.0001396716460465995
14.5,1.1151868388660233e-14,2.087914245342289e-16,0.0001504932978737685
14.6,1.0733468150135033e-14,1.9362200811457815e-16,0.00016062826563110498
14.7,1.0728102757519898e-14,2.0721899771513265e-16,0.0001684409797299266
14.8,1.051653350756646e-14,2.009412103229655e-16,0.00017511620037451647
14.9,1.0511276555160299e-14,1.7854514044637576e-16,0.00018122906110623147
15.0,9.888020922892545e-15,1.8649514730304787e-16,0.00018498470339067921
15.1,9.88307814822774e-15,1.9333872588097038e-16,0.00018684062529497963
15.2,9.878137844332524e-15,1.7163493254971368e-16,0.00018813609510032848
15.3,9.256125009348581e-15,1.693028375018113e-16,0.00018740531085721621
15.4,8.840320410170422e-15,1.8512896154460706e-16,0.00018424638149066794
15.5,8.42492919878304e-15,1.7195980326907622e-16,0.00018038427965570556
15.6,7.804567705139596e-15,1.592504929650258e-16,0.00017508621664446826
15.7,7.184824312745777e-15,1.7654614848260673e-16,0.0001672061983027199
15.8,6.770876638626047e-15,1.768193053217506e-16,0.0001583793444365176
15.9,5.742114463718413e-15,1.5880399855089913e-16,0.00014881405844243437
16.0,4.9193521063982135e-15,1.703213654223121e-16,0.00013695035571207733
16.1,4.507151958064758e-15,1.8408167855600177e-16,0.00012389288871375904
16.2,4.300130811504659e-15,1.686306343371897e-16,0.00011074603805884808
16.3,3.0699866310897733e-15,1.6998064498124151e-16,9.598779813514718e-05
16.4,2.2501981490696455e-15,1.9197222600242501e-16,7.990778496001484e-05
16.5,1.6356896954349134e-15,1.8632010164599271e-16,6.42197458753182e-05
16.6,4.087180137535838e-16,1.7811694429157624e-16,4.788615505669604e-05
16.7,-2.0425685291397243e-16,2.0058241491576495e-16,3.0329724430919627e-05
16.8,-8.16619000061469e-16,2.0874382679917448e-16,1.3423752612590122e-05
16.9,-1.6324215852436049e-15,1.9625301395881795e-16,-3.0698785439571187e-06
17.0,-2.6513590650132248e-15,2.1174197292157642e-16,-2.0403270994577558e-05
17.1,-3.0577312117446592e-15,2.323397955552593e-16,-3.7033899628445824e-05
17.2,-3.871190122502558e-15,2.2303993374362155e-16,-5.230679218035219e-05
17.3,-4.276545012444636e-15,2.2751816209408303e-16,-6.776963134457451e-05
17.4,-4.2744072744174574e-15,2.5449316786430695e-16,-8.260820151498034e-05
17.5,-5.086036434514428e-15,2.550252308456906e-16,-9.543019207418625e-05
17.6,-5.490173576101441e-15,2.496004199337314e-16,-0.00010762111132534798
17.7,-6.3003816459108296e-15,2.7480570070633635e-16,-0.00011929260598602248
17.8,-6.0940957185525855e-15,2.881920414752352e-16,-0.000128678981302016
17.9,-7.106224337716385e-15,2.7849178396127913e-16,-0.00013659712556482248
18.0,-7.305605602639756e-15,2.947104299037138e-16,-0.00014403038167991843
18.1,-7.707617808047343e-15,3.1861777606419436e-16,-0.00014931252907904508
18.2,-7.501034305528805e-15,3.120452368948503e-16,-0.00015245138415064438
18.3,-7.497284725849076e-15,3.15933926446923e-16,-0.00015501374414591783
18.4,-7.49353702049057e-15,3.4382177838352205e-16,-0.00015588473973114598
18.5,-7.287364399637535e-15,3.4660964592211646e-16,-0.0001542562093929498
18.6,-7.0813960274229525e-15,3.4007853730662935e-16,-0.00015183781343726808
18.7,-6.67340728789702e-15,3.6376970291675975e-16,-0.00014837241372668458
18.8,-6.467948041978154e-15,3.7815282310232166e-16,-0.0001424642020970193
18.9,-6.666737216200811e-15,3.672537240384078e-16,-0.00013549560805358992
19.0,-5.85571926494193e-15,3.79961098085978e-16,-0.00012814341736050046
19.1,-5.650971718629892e-15,4.028841831120692e-16,-0.00011882326997208134
19.2,-5.244707871951162e-15,3.9508622884404333e-16,-0.00010822053937755494
19.3,-4.83884877553331e-15,3.9435055200048207e-16,-9.777048627195668e-05
19.4,-3.8288403817548345e-15,4.188536311975416e-16,-8.615756930108317e-05
19.5,-3.021257715859932e-15,4.1992109614155103e-16,-7.320132983747356e-05
19.6,-2.415797971677025e-15,4.085072444914043e-16,-6.07160917019168e-05
19.7,-1.609726916410407e-15,4.266589774397574e-16,-4.8041784103705924e-05
19.8,-1.4078069723677177e-15,4.382307016960975e-16,-3.42084964298697e-05
19.9,-6.030442477834627e-16,4.227658450325168e-16,-2.0929835017324124e-05
20.0,2.0091426700918003e-16,4.285742429672842e-16,-8.407695078902742e-06
20.1,8.032553399430945e-16,4.471592869166757e-16,4.82013674252812e-06
20.2,1.6057076253266163e-15,4.3537274313879596e-16,1.7590051709867565e-05
20.3,2.407357458290937e-15,4.275541671529278e-16,2.8871156856951332e-05
20.4,3.60923112064699e-15,4.463021224085909e-16,4.018568855518291e-05
20.5,4.4090773908687906e-15,4.43836478194416e-16,5.121677704389466e-05
20.6,5.007810685472938e-15,4.2618784749884804e-16,6.0369555958463414e-05
20.7,6.406793479682843e-15,4.375096438713508e-16,6.878155561310638e-05
20.8,6.803815313887398e-15,4.45343762121524e-16,7.704720945258267e-05
20.9,7.200438624598914e-15,4.250381653991886e-16,8.343263529116101e-05
21.0,8.79613692856733e-15,4.2382520232147215e-16,8.835882358761519e-05
21.1,9.59098904665847e-15,4.3812111543557177e-16,9.314841473992332e-05
21.2,1.0185331922734548e-14,4.229566132869939e-16,9.639656777515511e-05
21.3,1.117830332675961e-14,4.089078859034586e-16,9.768184685707642e-05
21.4,1.1771253906373685e-14,4.2268970321233127e-16,9.867697588390304e-05
21.5,1.296184803030224e-14,4.1788883236522675e-16,9.868819399043782e-05
21.6,1.3553308821305693e-14,3.95680951754331e-16,9.656664414366658e-05
21.7,1.434338879376316e-14,4.018743028292323e-16,9.386786488224788e-05
21.8,1.47344471945464e-14,4.079929216129686e-16,9.079961974855018e-05
21.9,1.512511105062237e-14,3.8544503075665506e-16,8.58088313742836e-05
22.0,1.6112126068672247e-14,3.7986427762256585e-16,7.990705272352446e-05
22.1,1.6501703427202437e-14,3.92598174919964e-16,7.41496552959649e-05
22.2,1.6692170958796072e-14,3.77305497102471e-16,6.701974554667289e-05
22.3,1.7676911897555232e-14,3.604541784263843e-16,5.87159655595388e-05
22.4,1.8462146466620862e-14,3.7256117845879463e-16,5.0857659220663223e-05
22.5,1.8254499230870512e-14,3.6908891955381973e-16,4.2397989741232704e-05
22.6,1.8047054977223234e-14,3.463421071054157e-16,3.268444711984531e-05
22.7,1.883091430766872e-14,3.5120826166574257e-16,2.3464940435972282e-05
22.8,1.9019622269292036e-14,3.594642119950219e-16,1.4468158225569255e-05
22.9,1.8416048746613545e-14,3.3886638964159025e-16,4.39120840945363e-06
23.0,1.9198535196932074e-14,3.329819689733165e-16,-5.356991670114001e-06
23.1,1.8595466009304693e-14,3.4796713097897967e-16,-1.4181179001089455e-05
23.2,1.8783895819498552e-14,3.366706597224822e-16,-2.3652928134278373e-05
23.3,1.837925345667535e-14,3.2124232469047933e-16,-3.307385469328311e-05
23.4,1.856759371973397e-14,3.3565767759597153e-16,-4.113171503995095e-05
23.5,1.816345453612938e-14,3.3754573502399055e-16,-4.9212140679338095e-05
23.6,1.775971475111228e-14,3.183767221725925e-16,-5.750152100340975e-05
23.7,1.7159142542886747e-14,3.2561222148299e-16,-6.432006121384441e-05
23.8,1.655916631904204e-14,3.3938668516591863e-16,-7.046757471271378e-05
23.9,1.5565716852729004e-14,3.241809045619251e-16,-7.694566000118218e-05
24.0,1.5361000041722203e-14,3.211046819678039e-16,-8.215982259421282e-05
24.1,1.436913418833288e-14,3.4104742003027743e-16,-8.609071737231137e-05
24.2,1.31815170540334e-14,3.364527984243607e-16,-9.026272237416874e-05
24.3,1.2388365080657469e-14,3.248994038005453e-16,-9.359776403354046e-05
24.4,1.159600276726791e-14,3.433515678974591e-16,-9.525543053196243e-05
24.5,1.041154117631496e-14,3.521073821127975e-16,-9.68499386022803e-05
24.6,9.228260853335297e-15,3.3798075659264507e-16,-9.810993834529999e-05
24.7,8.831152221940537e-15,3.4852230926526587e-16,-9.760364084676227e-05
24.8,7.453689655166803e-15,3.6840623786918946e-16,-9.658240989065373e-05
24.9,7.057860387058573e-15,3.592113052674713e-16,-9.565113745712647e-05
25.0,5.87861028245881e-15,3.591446719703993e-16,-9.318357894634278e-05
25.1,5.288104540819269e-15,3.836195121635608e-16,-8.972141145312448e-05
25.2,3.915156407001313e-15,3.851594617072958e-16,-8.657578223034688e-05
25.3,3.326219420394186e-15,3.7666599426321343e-16,-8.237936585327464e-05
25.4,2.5423080848880985e-15,3.9774226117961573e-16,-7.681884725019811e-05
25.5,1.9546440373701592e-15,4.11687980547878e-16,-7.154974201365059e-05
25.6,1.3675668717488835e-15,4.0083308100111417e-16,-6.584722158145942e-05
25.7,1.1716142221974692e-15,4.1236002853059407e-16,-5.863855498215683e-05
25.8,3.903428538379142e-16,4.356274952019378e-16,-5.147042695621328e-05
25.9,0.0,4.2982213753064203e-16,-4.4467689538865276e-05
26.0,-7.799054121809246e-16,4.2987942982083564e-16,-3.6106996918607944e-05
26.1,-1.1692733354201469e-15,4.555484184354753e-16,-2.740724731245328e-05
26.2,-1.947814741478745e-15,4.599481223986743e-16,-1.9316367182044372e-05
26.3,-2.5308934008075563e-15,4.512684269049825e-16,-1.0295656252464773e-05
26.4,-3.1133886405121318e-15,4.7130988676587705e-16,-5.671554319744163e-07
26.5,-2.917342814344314e-15,4.867777064068012e-16,8.350939673302283e-06
26.6,-3.499061409053068e-15,4.757084075473109e-16,1.7572589748073737e-05
26.7,-3.4973123156583297e-15,4.844137566620986e-16,2.7718122467504153e-05
26.8,-3.6897621019578934e-15,5.070148178952665e-16,3.710780988431227e-05
26.9,-3.2997158207818624e-15,5.007071806835993e-16,4.6108605679808316e-05
27.0,-3.4920702796946965e-15,4.969358213253285e-16,5.59937838559227e-05
27.1,-3.1025108275474593e-15,5.195601522096122e-16,6.537351126266645e-05
27.2,-2.9071499623902295e-15,5.227922486009713e-16,7.375298652328241e-05
27.3,-2.7119836340260736e-15,5.100782675445305e-16,8.268799920675243e-05
27.4,-2.517011696782628e-15,5.250516599519302e-16,9.144808140773995e-05
27.5,-2.3222340050845544e-15,5.381270068251519e-16,9.880141335642349e-05
27.6,-1.7408048837346668e-15,5.233981392782022e-16,0.0001061389530400675
27.7,-1.7399346988571476e-15,5.258986707735846e-16,0.00011357568606039348
27.8,-1.7390649489633123e-15,5.445646370638793e-16,0.00011947254444590744
27.9,-7.725313928158771e-16,5.349955871375762e-16,0.00012465662534849123
28.0,-3.8607261183490043e-16,5.247884499006458e-16,0.00013004092991262953
28.1,0.0,5.417148877543972e-16,0.00013402281239995994
28.2,5.785300982925631e-16,5.415791729097147e-16,0.0001366263390409619
28.3,1.156481811095256e-15,5.230798755812272e-16,0.0001392964187707618
28.4,1.3485543338468183e-15,5.311538099433451e-16,0.00014090198149546167
28.5,2.1180974967760066e-15,5.402278233172241e-16,0.00014065163180362528
28.6,2.3094967775407466e-15,5.207664367547111e-16,0.00014011287754171447
28.7,2.885427897238706e-15,5.160353766346647e-16,0.00013893312970717224
28.8,3.8453140585446244e-15,5.297140839265429e-16,0.00013572354176427748
28.9,4.4199006644144354e-15,5.164172552348153e-16,0.00013173657114996638
29.0,5.378058933103337e-15,4.997318678675472e-16,0.00012749282267086802
29.1,6.143280658036712e-15,5.109736738622719e-16,0.00012139401900143433
29.2,7.09961756447259e-15,5.079373381355654e-16,0.00011403372685456403
29.3,7.096068642994659e-15,4.846572539708685e-16,0.00010666316810008628
29.4,8.050970346281753e-15,4.86911668099582e-16,9.792493624087884e-05
29.5,9.196509562642512e-15,4.933465922956853e-16,8.759908471292314e-05
29.6,9.957905162002758e-15,4.710905554509292e-16,7.732801038935199e-05
29.7,9.952927453952472e-15,4.6129220799075e-16,6.638265724705462e-05
29.8,1.0521872555334144e-14,4.722951306633045e-16,5.38063405321473e-05
29.9,1.1090246366838898e-14,4.581176478457278e-16,4.119077100417674e-05
30.0,1.1849164880029758e-14,4.380358728221381e-16,2.8652109372184994e-05
30.1,1.2225281835859123e-14,4.465275339031404e-16,1.4782455755302906e-05
30.2,1.2982868893024685e-14,4.438288264229464e-16,7.006160288849874e-07
30.3,1.316720818530114e-14,4.1937169383716335e-16,-1.2646429867017195e-05
30.4,1.354209365370002e-14,4.1931893131130147e-16,-2.6704529243578362e-05
30.5,1.3916601040179622e-14,4.266924239468692e-16,-4.1114610623368593e-05
30.6,1.4481273704106885e-14,4.056442787487544e-16,-5.434132366734953e-05
30.7,1.447403487711239e-14,3.9469641623001893e-16,-6.744409881897994e-05
30.8,1.446679966862669e-14,4.0674427621705983e-16,-8.089761647248338e-05
30.9,1.4649825551536254e-14,3.9568261599302277e-16,-9.298256246591205e-05
31.0,1.4642502469683512e-14,3.763132899410801e-16,-0.00010405619006144714
31.1,1.444511573613885e-14,3.8589410497005104e-16,-0.00011527025680254598
31.2,1.462786728602526e-14,3.8741292456128697e-16,-0.00012517723827897657
31.3,1.4050923160539092e-14,3.658453976996823e-16,-0.00013331441387743695
31.4,1.4043899455031526e-14,3.672104397392584e-16,-0.00014116950048561228
31.5,1.384719170292459e-14,3.790198714334012e-16,-0.00014794935002063
31.6,1.3271491625176095e-14,3.628856663698991e-16,-0.00015248554232314868
31.7,1.2506865678707877e-14,3.5435707310110973e-16,-0.00015617332592444188
31.8,1.2121807329906623e-14,3.705790081913416e-16,-0.0001590792880940904
31.9,1.1169205133307654e-14,3.6578439972764414e-16,-0.00015964498910937618
32.0,1.0785194064738334e-14,3.5022270106511985e-16,-0.00015877816700390793
32.1,1.0023325425059994e-14,3.6346486623317173e-16,-0.000157378254630353
32.2,9.451240580239952e-15,3.7161622002217626e-16,-0.00015392693203424227
32.3,9.068655495511707e-15,3.553967554578569e-16,-0.00014859327927303813
32.4,8.119942894786463e-15,3.601846662923945e-16,-0.00014285938697204526
32.5,7.549659477360732e-15,3.78030957206471e-16,-0.00013567254822837474
32.6,6.225355612717082e-15,3.683224834991083e-16,-0.00012642548656094024
32.7,5.279479514018604e-15,3.6331277609476694e-16,-0.00011677959170820766
32.8,4.146088912496581e-15,3.842525933159302e-16,-0.00010645039087345791
32.9,3.2021944802571084e-15,3.8617576928653435e-16,-9.42393585310169e-05
33.0,2.4475128930540948e-15,3.7465823518880605e-16,-8.154228109002127e-05
33.1,1.3172327767284516e-15,3.912028912672655e-16,-6.893810231450521e-05
33.2,5.642461392714624e-16,4.053471146103855e-16,-5.499172076585109e-05
33.3,-5.639640867208404e-16,3.9379012455376694e-16,-4.046895915397579e-05
33.4,-1.691046525483729e-15,4.0080477466756283e-16,-2.6672452101695648e-05
33.5,-2.6292018877702313e-15,4.230363806953433e-16,-1.235398285220648e-05
33.6,-3.1910063901550597e-15,4.1820917747920375e-16,2.535627809098788e-06
33.7,-4.502698285791967e-15,4.149282963451358e-16,1.630744730427539e-05
33.8,-5.063003436816633e-15,4.3827953601125936e-16,2.9650592954050727e-05
33.9,-6.3724469373154955e-15,4.445651984643525e-16,4.338661506058037e-05
34.0,-7.305917614721428e-15,4.3474697728016396e-16,5.588368506741688e-05
34.1,-7.863978305078626e-15,4.517531783076351e-16,6.70565385960339e-05
34.2,-8.608623231974758e-15,4.687875247981956e-16,7.824389017268299e-05
34.3,-9.165471300361092e-15,4.588685401453555e-16,8.829967060079571e-05
34.4,-9.534803575926508e-15,4.647857398205067e-16,9.636766874307438e-05
34.5,-1.0464354754593353e-14,4.877729725261623e-16,0.00010390986124700427
34.6,-1.1019434093169693e-14,4.842444693360762e-16,0.00011056330373545585
34.7,-1.1387279168689702e-14,4.789914085724086e-16,0.0001149235859414066
34.8,-1.175475373759864e-14,5.006348435563444e-16,0.00011815508106426611
34.9,-1.1562387705546195e-14,5.071674908275533e-16,0.00012076378280890485
35.0,-1.1556607956751032e-14,4.950063032444452e-16,0.00012117832418758014
35.1,-1.2109742279226043e-14,5.081426004194523e-16,0.00011993589524975718
35.2,-1.1917478322758853e-14,5.23787813087068e-16,0.00011826367015073763
35.3,-1.1911521073034015e-14,5.115724243264315e-16,0.0001148577118680069
35.4,-1.171954231992092e-14,5.124002333424415e-16,0.00010948152232488051
35.5,-1.1527752521182487e-14,5.320776414150221e-16,0.00010374416763780621
35.6,-1.0964474436345143e-14,5.26199150362635e-16,9.697606131051352e-05
35.7,-1.0401756608299002e-14,5.154768510347431e-16,8.824346658831099e-05
35.8,-1.0396557029997752e-14,5.318449280070213e-16,7.910073669344726e-05
35.9,-9.834680048112468e-15,5.355125644452168e-16,6.970973420232168e-05
36.0,-9.458829449021627e-15,5.183828023113268e-16,5.871598552588192e-05
36.1,-8.341854014518025e-15,5.249961762572424e-16,4.720536798630378e-05
36.2,-8.15240226051167e-15,5.367320731483933e-16,3.614280991756045e-05
36.3,-7.22238081936848e-15,5.202035140889487e-16,2.4150642180247114e-05
36.4,-6.478383810415597e-15,5.14040818375925e-16,1.156818345408404e-05
36.5,-6.105137117992078e-15,5.285337490426435e-16,-8.392315783005795e-08
36.6,-5.547350284043679e-15,5.189907944452488e-16,-1.1800792709489332e-05
36.7,-4.62048108517074e-15,5.018918378256584e-16,-2.4057613870916007e-05
36.8,-3.6945371376736334e-15,5.120804602258586e-16,-3.517742190682217e-05
36.9,-3.1387867812182324e-15,5.122861303097706e-16,-4.547381456803538e-05
37.0,-2.2145066683133558e-15,4.90073403835062e-16,-5.607851427209746e-05
37.1,-2.0289497174342027e-15,4.902104327674294e-16,-6.560082308768008e-05
37.2,-1.1061466342646922e-15,4.983932240375663e-16,-7.356562971070413e-05
37.3,-1.8426561653214122e-16,4.785533008935277e-16,-8.142410768262884e-05
37.4,1.8417350675323883e-16,4.666222276591503e-16,-8.843690795117824e-05
37.5,3.681628860354282e-16,4.772166656433957e-16,-9.345603217830965e-05
37.6,1.2879259771178574e-15,4.657887911701941e-16,-9.783191086151105e-05
37.7,2.7584618037711795e-15,4.445231164572441e-16,-0.00010166485901589835
37.8,3.1246939733021666e-15,4.50743455399895e-16,-0.0001034416195609423
37.9,3.306845664886418e-15,4.500934046057391e-16,-0.00010402678916681948
38.0,4.590545354639998e-15,4.2593681718326126e-16,-0.00010432138004521827
38.1,4.9553107081400414e-15,4.2264681568505924e-16,-0.00010286136200429299
38.2,5.136271956248312e-15,4.3035757403704646e-16,-9.978296878292393e-05
38.3,6.233783989810875e-15,4.107514525494645e-16,-9.653366556488458e-05
38.4,6.5971777520214135e-15,3.9671406939610928e-16,-9.210496807082955e-05
38.5,6.593879987655198e-15,4.0696000499709532e-16,-8.58716734059993e-05
38.6,7.322870968621126e-15,3.9753096329497714e-16,-7.942917553174488e-05
38.7,7.319210448343147e-15,3.7613660126854543e-16,-7.25096058879431e-05
38.8,7.315551757867816e-15,3.8216652449636905e-16,-6.391064968321599e-05
38.9,7.129097523873451e-15,3.8443734656368805e-16,-5.49430136896851e-05
39.0,7.490945859233546e-15,3.6232675426279805e-16,-4.616357773547143e-05
39.1,7.852430655321782e-15,3.5942981878100745e-16,-3.614171881877348e-05
39.2,7.118411893813741e-15,3.703084743071017e-16,-2.5555578526478962e-05
39.3,7.47971786354671e-15,3.547423594960648e-16,-1.5645839598325085e-05
39.4,7.475978939423862e-15,3.422567385969948e-16,-5.168095166127524e-06
39.5,7.289992082239792e-15,3.5543303927827247e-16,6.000560334868141e-06
39.6,6.739871897498639e-15,3.512988662832345e-16,1.626354625573824e-05
39.7,6.5544351605450076e-15,3.330486286315489e-16,2.6315687381829453e-05
39.8,5.8232522330067525e-15,3.4174783034321176e-16,3.702553074042458e-05
39.9,5.456570001258259e-15,3.4966469129584873e-16,4.6865652295982825e-05
40.0,5.0902529050008675e-15,3.3239568523127526e-16,5.577142468378198e-05
40.1,4.3608929269062406e-15,3.322649940323947e-16,6.509542927870183e-05
40.2,3.8138738972806165e-15,3.483002269098737e-16,7.378499272818623e-05
40.3,3.4489229191785042e-15,3.3881297009448787e-16,8.101894742141301e-05
40.4,2.7214728069177133e-15,3.2969287673958696e-16,8.824072293251331e-05
40.5,1.9947491011372208e-15,3.4706519001749503e-16,9.514740875000477e-05
40.6,1.2687512573837421e-15,3.4937956192768703e-16,0.00010037678193197021
40.7,1.8115957718893264e-16,3.353596038773458e-16,0.00010504893770039472
40.8,-3.621380400830233e-16,3.4723969711275243e-16,0.00010968024576944738
40.9,-1.266849557129426e-15,3.609776916900082e-16,0.00011273594142167541
41.0,-1.9897684567839047e-15,3.486904374582174e-16,0.00011469331064555837
41.1,-3.073559541908824e-15,3.5100343988428427e-16,0.00011673396021803976
41.2,-3.614144877963279e-15,3.7141257484097514e-16,0.00011756991893027832
41.3,-4.696039734382259e-15,3.6720962057854637e-16,0.00011689960313300103
41.4,-5.235272182355546e-15,3.6041318040284897e-16,0.00011623589073413549
41.5,-6.315273517922475e-15,3.80392311921493e-16,0.000114891398592766
41.6,-7.213847623361316e-15,3.874558011108383e-16,0.00011187024517546786
41.7,-8.111521801271608e-15,3.758820449147144e-16,0.00010859579423305787
41.8,-9.188462661361193e-15,3.88679448092521e-16,0.00010517137211990901
41.9,-9.544021326569372e-15,4.057195637636021e-16,0.00010018762671517302
42.0,-1.0079208084674657e-14,3.9595959068363253e-16,9.45874701088544e-05
42.1,-1.0973649181423674e-14,3.9794089865356106e-16,8.923873531933727e-05
42.2,-1.1507581616588088e-14,4.1950698957071564e-16,8.27167390631064e-05
42.3,-1.258012575748664e-14,4.173981910404327e-16,7.523072719162939e-05
42.4,-1.2933089760200464e-14,4.0957785241465953e-16,6.817789678113657e-05
42.5,-1.3644770655669799e-14,4.284072343843007e-16,6.052231851106577e-05
42.6,-1.381739668586004e-14,4.3647074902999423e-16,5.169333577053002e-05
42.7,-1.4348560742237787e-14,4.2375958866781394e-16,4.323868952160373e-05
42.8,-1.4699922961516315e-14,4.3359597288679317e-16,3.480850396737019e-05
42.9,-1.5050930321054347e-14,4.499893857647611e-16,2.522455534762987e-05
43.0,-1.5222494912386428e-14,4.3912695113737256e-16,1.576753948616962e-05
43.1,-1.5214885567425002e-14,4.3712146272899436e-16,6.881372161643444e-06
43.2,-1.5207280026185048e-14,4.560624880503036e-16,-2.877911578169581e-06
43.3,-1.5557317775865538e-14,4.525756213584508e-16,-1.2837665493564614e-05
43.4,-1.5549541061318257e-14,4.404580891103839e-16,-2.1871936923511808e-05
43.5,-1.536312721997062e-14,4.546814437373651e-16,-3.127506424430195e-05
43.6,-1.517689586042649e-14,4.604617848754956e-16,-4.1153107196553836e-05
43.7,-1.4812384384367593e-14,4.4363676782024103e-16,-4.9998272619234714e-05
43.8,-1.4448233536344668e-14,4.474440106607468e-16,-5.858243114326975e-05
43.9,-1.3727874868499548e-14,4.60169721793038e-16,-6.774444687044003e-05
44.0,-1.3721012646763696e-14,4.456409034928048e-16,-7.600010869132663e-05
44.1,-1.3357942066832216e-14,4.3720361685018606e-16,-8.337245277666679e-05
44.2,-1.2995231038189615e-14,4.510422378234768e-16,-9.118472823814679e-05
44.3,-1.22770235373898e-14,4.441626308588701e-16,-9.83748378740484e-05
44.4,-1.1737369753037076e-14,4.261305241269337e-16,-0.00010420013539415163
44.5,-1.0487252266214386e-14,4.3417398843418337e-16,-0.00011008754427211297
44.6,-9.949026393950573e-15,4.3648015265303193e-16,-0.00011567890252488775
44.7,-9.05619123808763e-15,4.14924761754421e-16,-0.000119663329227545
44.8,-7.986762594973981e-15,4.1220071769126716e-16,-0.00012316517609519138
44.9,-7.0957957438715075e-15,4.2091338048881224e-16,-0.0001266182489470989
45.0,-6.205717641222951e-15,4.0291538619855137e-16,-0.00012850051476071033
45.1,-5.316527621132378e-15,3.884783107639662e-16,-0.0001293155009828236
45.2,-3.896838015969813e-15,3.976700348056591e-16,-0.00013016013145231527
45.3,-3.009687792170541e-15,3.88284919855116e-16,-0.00012971913183517956
45.4,-2.1234235231219315e-15,3.656107962074969e-16,-0.0001277336766786813
45.5,-7.074540255813594e-16,3.687226359941523e-16,-0.00012565514353297336
45.6,-1.767750967463963e-16,3.6905999444620414e-16,-0.00012273827137549906
45.7,5.300601938736835e-16,3.447911629843433e-16,-0.00011803638803891299
45.8,1.9425825100851745e-15,3.376349721711016e-16,-0.00011295352550372978
45.9,2.8241621259817892e-15,3.445492688337169e-16,-0.0001075228669316646
46.0,3.704859897217808e-15,3.257832618201373e-16,-0.00010037947570035351
46.1,4.761010196099372e-15,3.082358347774961e-16,-9.249710754993721e-05
46.2,6.168594815222027e-15,3.156049910033265e-16,-8.468379391254816e-05
46.3,6.870141150332875e-15,3.069174952026639e-16,-7.554566665965497e-05
46.4,7.74705398176458e-15,2.8313980415205606e-16,-6.536823905141218e-05
46.5,8.975051194834035e-15,2.847418308840774e-16,-5.552019080704399e-05
46.6,9.322351645477376e-15,2.8665752546385377e-16,-4.4979100167272315e-05
46.7,1.0196719147467082e-14,2.635648712281281e-16,-3.3279948904140814e-05
46.8,1.1070210171087287e-14,2.5575404191098066e-16,-2.1986692134212986e-05
46.9,1.1591565804287768e-14,2.645161253472855e-16,-1.0747910979397432e-05
47.0,1.1936855454032007e-14,2.488942363348736e-16,1.5027588097331403e-06
47.1,1.2983613975648264e-14,2.321393745296966e-16,1.3421855935373364e-05
47.2,1.2801757253620893e-14,2.41275316524215e-16,2.4575032063934706e-05
47.3,1.2970636851316209e-14,2.369475399069327e-16,3.6312645617142e-05
47.4,1.3139344412787132e-14,2.157793354692019e-16,4.7863803802894354e-05
47.5,1.2957672697622085e-14,2.192118678788103e-16,5.811121359854258e-05
47.6,1.2951195480712443e-14,2.258932096756378e-16,6.829384823042239e-05
47.7,1.294472150160174e-14,2.0725680442355362e-16,7.840594705303064e-05
47.8,1.3113091985140013e-14,2.0174120373297907e-16,8.694023281547473e-05
47.9,1.2582275594890354e-14,2.148811204834787e-16,9.466257441317052e-05
48.0,1.2401319556981714e-14,2.049925319938754e-16,0.00010231423263621049
48.1,1.222054128588294e-14,1.914955165218872e-16,0.00010840098218652251
48.2,1.2039940649088053e-14,2.0446008710703937e-16,0.00011298954057740066
48.3,1.1510708175526797e-14,2.0646618268636635e-16,0.000117346774910903
48.4,1.0807684304883976e-14,1.8983925289779761e-16,0.00012039412792207355
48.5,1.0976512165297052e-14,1.9648447801626518e-16,0.00012147265934009518
48.6,1.0100308988902968e-14,2.0895233670907405e-16,0.00012201361327523624
48.7,9.573091471043462e-15,1.95817801593555e-16,0.00012164592204518149
48.8,9.22036771731787e-15,1.9330179405945931e-16,0.00011916595201672641
48.9,8.694111967748217e-15,2.111134991950735e-16,0.00011576992716705225
49.0,7.646994078545565e-15,2.0720317767146978e-16,0.00011189549538800534
49.1,7.122046205137993e-15,1.969779974007417e-16,0.00010613256552603923
49.2,5.903134791533088e-15,2.1314360313593863e-16,9.911611902240504e-05
49.3,5.032509849861174e-15,2.2066719764819546e-16,9.197584518143111e-05
49.4,4.162753840464947e-15,2.0775034824159863e-16,8.349637073497488e-05
49.5,3.293866112176766e-15,2.1636271156238954e-16,7.358842033487357e-05
49.6,2.0792965836538916e-15,2.3310297121393223e-16,6.3771697938028e-05
49.7,1.3855047968205494e-15,2.2398059510579343e-16,5.3377468426773696e-05
49.8,6.924061087906889e-16,2.2269653314912123e-16,4.163619298443991e-05
49.9,-3.460299961363169e-16,2.4294463759412517e-16,3.005341422298194e-05
50.0,-1.0375710731543706e-15,2.42795329973903e-16,1.871086676285534e-05
50.1,-2.0741048345851284e-15,2.3351544755890146e-16,6.395373502027532e-06
50.2,-2.936846391965958e-15,2.501337788335919e-16,-5.797293491899734e-06
50.3,-3.798724905171832e-15,2.602973369424661e-16,-1.70371609451017e-05
50.4,-4.6597410214536214e-15,2.4826877918002076e-16,-2.8620027360234877e-05
50.5,-5.1749019259038415e-15,2.557245299515542e-16,-4.0139338046571905e-05
50.6,-5.861957137921944e-15,2.7339154375582895e-16,-5.0226145429144045e-05
50.7,-6.031351212327737e-15,2.6512087241352127e-16,-5.987626454315287e-05
50.8,-7.234003548617805e-15,2.6170649393746536e-16,-6.946078596428197e-05
50.9,-7.574691615273881e-15,2.8073453620132713e-16,-7.743172638727617e-05
51.0,-7.915037271424225e-15,2.8081348992552353e-16,-8.418922546297205e-05
51.1,-8.255040774264308e-15,2.690680335198108e-16,-9.075772638029184e-05
51.2,-9.110384523667118e-15,2.8248445964528617e-16,-9.582269271323675e-05
51.3,-8.762214225862118e-15,2.917525824166744e-16,-9.906364214012589e-05
51.4,-9.27300093230482e-15,2.7738349403507036e-16,-0.00010185841979982644
51.5,-8.92509279111245e-15,2.803021638322138e-16,-0.00010347816914067449
51.6,-8.920631360167576e-15,2.9543794656338545e-16,-0.00010296334046291499
51.7,-9.430566707037161e-15,2.849354682707172e-16,-0.00010165472234214737
51.8,-9.425852602308036e-15,2.764743307138445e-16,-9.960479571356991e-05
51.9,-9.42114085404211e-15,2.912895164215166e-16,-9.548072679450415e-05
52.0,-8.902807926821731e-15,2.8896632648744527e-16,-9.02145955455468e-05
52.1,-8.727235373302246e-15,2.7244992751508414e-16,-8.462597818532565e-05
52.2,-8.380799401383783e-15,2.8033740468383255e-16,-7.738471259486317e-05
52.3,-7.863756372632411e-15,2.8657690524172703e-16,-6.876432768489913e-05
52.4,-7.347228163518019e-15,2.68200748241022e-16,-6.013163805915839e-05
52.5,-7.172775107973086e-15,2.649666817616359e-16,-5.054011438064847e-05
52.6,-6.14501967159992e-15,2.7607391372625736e-16,-3.954484806940465e-05
52.7,-5.63011893561661e-15,2.6234135012989117e-16,-2.8694989496174007e-05
52.8,-5.286255817384487e-15,2.4809690940598117e-16,-1.7706658420359283e-05
52.9,-4.772295929165624e-15,2.5796505315399604e-16,-5.561161411574958e-06
53.0,-3.7477867252874884e-15,2.5296492404595524e-16,6.419959716441554e-06
53.1,-3.064838154807368e-15,2.318640855533901e-16,1.7759782644738996e-05
53.2,-2.2123877524456436e-15,2.344380842205166e-16,2.974429423997825e-05
53.3,-8.504930134891554e-16,2.382194396711083e-16,4.1622777017650474e-05
53.4,-1.700135746552642e-16,2.1699595605789567e-16,5.22690870500844e-05
53.5,3.3985717823218384e-16,2.089925359226913e-16,6.285592448912378e-05
53.6,1.1889055224134742e-15,2.1760889366840094e-16,7.33871535280836e-05
53.7,2.0371049455554723e-15,2.027165422337204e-16,8.23794448319875e-05
53.8,2.884456084211036e-15,1.8501961271433902e-16,9.05456213234396e-05
53.9,4.070137717645914e-15,1.9225652410111028e-16,9.862015746921285e-05
54.0,5.085128946836902e-15,1.8723717185028341e-16,0.00010515564381657699
54.1,5.760265286951832e-15,1.6460751257810537e-16,0.00011019054578847511
54.2,6.6040602674893975e-15,1.6485019677063708e-16,0.00011496746259865956
54.3,7.6162604569911e-15,1.6919370997875732e-16,0.00011846153033579278
54.4,8.458281420707232e-15,1.4851420026557084e-16,0.00012001524538126069
54.5,9.130377604074332e-15,1.3910649861365964e-16,0.00012102211216561415
54.6,1.0646782482442521e-14,1.4846593052629547e-16,0.0001211539905369674
54.7,1.1148196632390535e-14,1.359719035954611e-16,0.00011923515786881467
54.8,1.1480279197892958e-14,1.185519967821185e-16,0.00011641842798181546
54.9,1.2149513463271521e-14,1.2672293501697683e-16,0.00011315901493261438
55.0,1.3155393577057316e-14,1.2534514846227617e-16,0.00010809058967040992
55.1,1.3991690442650931e-14,1.0499808636473356e-16,0.00010180822911417976
55.2,1.4321676980945223e-14,1.0643882831059887e-16,9.542606552988708e-05
55.3,1.5324954492297763e-14,1.1475224724961767e-16,8.777304054964185e-05
55.4,1.5485615841674243e-14,9.820253156055162e-17,7.873126434594889e-05
55.5,1.5814350511940044e-14,9.072425745535814e-17,6.977276575255625e-05
55.6,1.614275266023673e-14,1.0376847408919791e-16,6.02578094544761e-05
55.7,1.6302752919137495e-14,9.661309546201699e-17,4.9403676161487506e-05
55.8,1.6630574788021256e-14,8.224680403548301e-17,3.864553655245488e-05
55.9,1.645435994699052e-14,9.359751694937293e-17,2.806679454635318e-05
56.0,1.7117405632590454e-14,9.798727893520688e-17,1.64559947881893e-05
56.1,1.694111525469042e-14,8.204393451468579e-17,4.831214302147695e-06
56.2,1.676499684589068e-14,8.639564658418854e-17,-6.007832366382236e-06
56.3,1.6756616442743112e-14,1.0007732369469437e-16,-1.73450328035298e-05
56.4,1.6748240228749745e-14,8.906355657369225e-17,-2.8841392429842488e-05
56.5,1.6237672155762023e-14,8.467984042021768e-17,-3.918560122648306e-05
56.6,1.6564185356251928e-14,1.0214890126944278e-16,-4.9358401917643e-05
56.7,1.6054211232729142e-14,1.0100715427966775e-16,-5.977299895818515e-05
56.8,1.5711890589105702e-14,9.016921577603696e-17,-6.895335809097154e-05
56.9,1.536990816901337e-14,1.0465622791225424e-16,-7.728807601128041e-05
57.0,1.502826371985054e-14,1.1455241866710032e-16,-8.580860447650705e-05
57.1,1.435316251215673e-14,1.0272916570581058e-16,-9.326798314169665e-05
57.2,1.3845546292488362e-14,1.092389434276976e-16,-9.934147672633596e-05
57.3,1.3171703550964005e-14,1.2713800004928844e-16,-0.00010537675946378379
57.4,1.2665178104413402e-14,1.2048805338549986e-16,-0.00011068836982044213
57.5,1.1826028210202223e-14,1.1765739576089901e-16,-0.0001143189426066699
57.6,1.1320675124494263e-14,1.3750284297539938e-16,-0.00011754739468395138
57.7,1.0150235122185528e-14,1.4031054913387944e-16,-0.00012042946875528732
57.8,9.47990479626174e-15,1.3092067539543284e-16,-0.00012163531618951315
57.9,8.644011113860006e-15,1.4599615183161527e-16,-0.00012201462635599765
58.0,8.30739441213885e-15,1.5867788435264438e-16,-0.00012234222229342268
58.1,7.306852742801948e-15,1.4833113158807076e-16,-0.0001212828101511503
58.2,6.6392729360317565e-15,1.5404289058616384e-16,-0.00011902084899814408
58.3,5.9723587164011015e-15,1.729743510737663e-16,-0.00011683295009978014
58.4,5.140293660760092e-15,1.676682098822782e-16,-0.00011374997247218459
58.5,4.6405250444536e-15,1.6329069060242478e-16,-0.00010924441701578018
58.6,3.809954404418136e-15,1.8207604813633353e-16,-0.0001047427111116946
58.7,3.145780354966799e-15,1.8546687061972943e-16,-9.991447006092197e-05
58.8,2.3167847374341393e-15,1.7420627946314717e-16,-9.367465525002828e-05
58.9,1.6540190247251812e-15,1.8630964642914265e-16,-8.721032148244232e-05
59.0,9.919153331584454e-16,1.982345727912625e-16,-8.09274934270638e-05
59.1,-1.6523658324343676e-16,1.8605055286908197e-16,-7.349505138526238e-05
59.2,-4.954619568088379e-16,1.8757167891275448e-16,-6.554165434742001e-05
59.3,-1.1555000047566667e-15,2.0402678518801794e-16,-5.810515773693298e-05
59.4,-1.814878055834987e-15,1.9686189935432964e-16,-4.998926010096345e-05
59.5,-2.3086901646187546e-15,1.8784213882211004e-16,-4.110292753457219e-05
59.6,-2.802008131233472e-15,2.0236524231751238e-16,-3.283792290753042e-05
59.7,-2.9653490936758273e-15,2.0341525892183627e-16,-2.4476506059571656e-05
59.8,-3.293185321928729e-15,1.8776677693327304e-16,-1.5247943131424944e-05
59.9,-3.620693054932064e-15,1.943530960874338e-16,-6.523558033686411e-06
60.0,-3.7833778500483445e-15,2.031403386388304e-16,1.725171053531002e-06
60.1,-4.274724021005881e-15,1.8722888655079803e-16,1.0719753214169059e-05
60.2,-4.272587193246835e-15,1.8270969957075768e-16,1.947657800517784e-05
60.3,-4.598947697760349e-15,1.9485661549599984e-16,2.7316046816432256e-05
60.4,-4.760814827208565e-15,1.8447428227845767e-16,3.5557268703352055e-05
60.5,-4.4302670827426325e-15,1.6977853187141698e-16,4.386327332092888e-05
60.6,-4.428052502892361e-15,1.7906393217608018e-16,5.102444483698743e-05
60.7,-4.425839030055238e-15,1.7721779956784743e-16,5.807898421418221e-05
60.8,-3.932112589935907e-15,1.5701309824501323e-16,6.541618920550068e-05
60.9,-3.9301470250731044e-15,1.5791260611903953e-16,7.162208735697869e-05
61.0,-3.764508174299284e-15,1.6362858623140314e-16,7.71557603472496e-05
61.1,-3.2718490353889024e-15,1.4459334510784257e-16,8.301209144252137e-05
61.2,-2.779681491816555e-15,1.348598603776738e-16,8.795572233332935e-05
61.3,-2.2880051752130015e-15,1.4361896438691162e-16,9.17317330157952e-05
61.4,-1.7968197174544424e-15,1.31366584191646e-16,9.565421872047895e-05
61.5,-8.163279691639776e-16,1.1261550558820887e-16,9.900083578789414e-05
61.6,-3.2636796288135482e-16,1.1826148129447465e-16,0.00010086857527777175
61.7,0.0,1.15441474752002e-16,0.00010251915526249214
61.8,4.890626370721107e-16,9.306063273845723e-17,0.00010393697308392117
61.9,1.4664545006286503e-15,9.064916451118894e-17,0.00010381926109124764
62.0,1.6285793962828904e-15,9.571155460499529e-17,0.00010302239518634105
62.1,2.9299775582218483e-15,7.633776518272663e-17,0.00010223771570820905
62.2,3.2539032618098872e-15,6.423279000918116e-17,0.00010012444610629835
62.3,3.902732060218931e-15,7.242059877787281e-17,9.68975545081023e-05
62.4,4.388378829692661e-15,6.15432394735682e-17,9.37628947555579e-05
62.5,5.360893008452367e-15,4.2200228247370565e-17,8.971646674145952e-05
62.6,5.8453235257615595e-15,4.743168391861387e-17,8.427806156270491e-05
62.7,6.004690527724089e-15,4.694730962690877e-17,7.883714306990388e-05
62.8,6.974935786908725e-15,2.5946701001904432e-17,7.301041286353353e-05
62.9,7.133575916102926e-15,2.3633558490970233e-17,6.576541566599019e-05
63.0,7.778192748756291e-15,3.139152764170846e-17,5.829801363603352e-05
63.1,8.098233983847897e-15,1.5298237318007145e-17,5.0960035459434685e-05
63.2,8.74172074928385e-15,4.32510430857931e-18,4.246591614809614e-05
63.3,8.89915377739484e-15,1.5116304693949963e-17,3.349882838778637e-05
63.4,1.0026758716151442e-14,8.835587499952454e-18,2.5058959760116636e-05
63.5,1.018338766396046e-14,-7.84799498011459e-18,1.5978947544807962e-05
63.6,1.066297806392742e-14,-1.183972190464589e-19,6.255970401095081e-06
63.7,1.0980606935046978e-14,4.536674851881782e-18,-2.72550367048814e-06
63.8,1.129791559227737e-14,-1.2194145353159287e-17,-1.1675276309925905e-05
63.9,1.1614904276384917e-14,-1.18145001862942e-17,-2.1263056009253272e-05
64.0,1.1609098275867813e-14,9.784022377275297e-19,-3.008879520755248e-05
64.1,1.1764452055092356e-14,-9.432725505064801e-18,-3.819256963125264e-05
64.2,1.2241800256884867e-14,-1.705257986758243e-17,-4.6706615639018744e-05
64.3,1.2396676687867589e-14,-1.8806803931561873e-18,-5.4587381187183256e-05
64.4,1.239047989885001e-14,-1.887500259728252e-18,-6.118012206649613e-05
64.5,1.2384286207452468e-14,-1.4393109346506642e-17,-6.774868873429616e-05
64.6,1.253885010059572e-14,-3.0915085637094742e-18,-7.387972647850725e-05
64.7,1.2211233980008683e-14,7.606374071917947e-18,-7.839353501567644e-05
64.8,1.2686911332162053e-14,-3.961869596402857e-18,-8.23217723566815e-05
64.9,1.2038515312116088e-14,-4.908705138681602e-19,-8.598244253307041e-05
65.0,1.187206425823669e-14,1.7264685497516925e-17,-8.798942525512612e-05
65.1,1.1385070397306073e-14,1.2416328693998057e-17,-8.884786662433664e-05
65.2,1.089856044197572e-14,7.717249933125332e-18,-8.950948954169157e-05
65.3,1.0092148367682485e-14,2.6300046986889588e-17,-8.876134185692188e-05
65.4,9.606765290292345e-15,3.14761722925216e-17,-8.643973519872727e-05
65.5,9.281897671349653e-15,2.2002980636612423e-17,-8.386229489216492e-05
65.6,8.477494271992508e-15,3.5242080021123195e-17,-8.032519626914806e-05
65.7,7.514019989910095e-15,5.004761879168348e-17,-7.504525742270373e-05
65.8,7.03088537098913e-15,4.170202832785987e-17,-6.934328294791957e-05
65.9,5.909379996810463e-15,4.605266444929935e-17,-6.32241288366475e-05
66.0,5.2678934999169786e-15,6.625323515887099e-17,-5.551196452162936e-05
66.1,4.627046852568947e-15,6.453488606480785e-17,-4.717395043357426e-05
66.2,3.348945243309304e-15,6.022626508577825e-17,-3.8931523397880325e-05
66.3,2.39090799231146e-15,7.938219507437114e-17,-2.9556602247276178e-05
66.4,1.911770269703199e-15,8.695841767946612e-17,-1.9410053838124357e-05
66.5,7.961727597915865e-16,7.778599351690476e-17,-9.74363241050921e-06
66.6,-3.1830990916668033e-16,8.987579342216606e-17,3.6488368804193767e-07
66.7,-7.953769849855124e-16,1.055676539958075e-16,1.1240869587131058e-05
66.8,-2.066946429336294e-15,9.737321243808411e-17,2.1431851790260696e-05
66.9,-2.8604952200033632e-15,9.93012106406802e-17,3.127933748941662e-05
67.0,-3.6532501437555884e-15,1.1837898557978912e-16,4.168222741717935e-05
67.1,-4.762726924257233e-15,1.1634889910600219e-16,5.137022164477066e-05
67.2,-5.871093592445335e-15,1.0903029902271369e-16,5.999043408357273e-05
67.3,-6.819752094994083e-15,1.2511219907157895e-16,6.874374004473003e-05
67.4,-6.9748626775822236e-15,1.3160081959951118e-16,7.68738602716895e-05
67.5,-7.446697216907519e-15,1.1953851960590268e-16,8.341414125209864e-05
67.6,-7.918058296788402e-15,1.2720108101191629e-16,8.951492181003635e-05
67.7,-8.86379228810024e-15,1.4057165050861714e-16,9.512487667745614e-05
67.8,-9.808578803289757e-15,1.2978043701174424e-16,9.891756862869537e-05
67.9,-1.0278047146518536e-14,1.2670640633165615e-16,0.00010165928909673822
68.0,-1.0905088447947812e-14,1.4211463522508552e-16,0.00010400295644674998
68.1,-1.1531500296582458e-14,1.3768289249930033e-16,0.00010462041630187832
68.2,-1.1525735987631493e-14,1.2555681108653936e-16,0.00010367343361268057
68.3,-1.1677782430801089e-14,1.367588498740951e-16,0.00010232897863998487
68.4,-1.182967398553909e-14,1.4060971160781903e-16,9.962089353389596e-05
68.5,-1.1666110485315692e-14,1.244996226591602e-16,9.506082036412212e-05
68.6,-1.1660278888093832e-14,1.2660010230586292e-16,9.00042448427072e-05
68.7,-1.1654450205941752e-14,1.3669435254165892e-16,8.411602490502121e-05
68.8,-1.1648624437402288e-14,1.228134996525135e-16,7.639944865095445e-05
68.9,-1.1800136737519248e-14,1.1439734738727592e-16,6.802847501633209e-05
69.0,-1.1636981635336152e-14,1.2581174705620593e-16,5.9398829133482476e-05
69.1,-1.1316808798928543e-14,1.190981241804655e-16,4.929433003618509e-05
69.2,-1.1154052478215352e-14,1.026607296976131e-16,3.839506941715199e-05
69.3,-1.0363372842760989e-14,1.0950432378582407e-16,2.7730311209942247e-05
69.4,-1.0044307831801539e-14,1.1160779978148793e-16,1.6218784553016086e-05
69.5,-9.254967641557474e-15,9.286017008891335e-17,3.87731946429682e-06
69.6,-8.779984976393768e-15,9.096090375574646e-17,-7.899620928166418e-06
69.7,-8.305474862583971e-15,9.95025576857457e-17,-1.9738635778971702e-05
69.8,-7.988065685308782e-15,8.472553784650977e-17,-3.226778971798658e-05
69.9,-7.201320430140495e-15,7.329664366296937e-17,-4.40936907462746e-05
70.0,-6.571831916032603e-15,8.302498966382594e-17,-5.5193717155425016e-05
70.1,-5.786576961724219e-15,7.666394082419902e-17,-6.66424323908672e-05
70.2,-5.158421218450891e-15,5.878656545788372e-17,-7.741193632335569e-05
70.3,-4.687129684124422e-15,6.396821261870465e-17,-8.681680455851346e-05
70.4,-3.747829364060747e-15,6.705556661364964e-17,-9.605742371157369e-05
70.5,-3.121629931482764e-15,4.865617643055793e-17,-0.00010473500897392256
70.6,-2.184048654659017e-15,4.5586937164383505e-17,-0.00011167403852137607
70.7,-1.5592549309230526e-15,5.5266838837124145e-17,-0.00011784912522482567
70.8,-1.090932848832384e-15,4.252303776200549e-17,-0.00012358252943980326
70.9,-6.230785821439137e-16,3.1035483072993686e-17,-0.00012752096573047267
71.0,4.670753405435141e-16,4.183675375560167e-17,-0.00013013006418327082
71.1,1.2449116299944808e-15,3.8764111706876885e-17,-0.0001323499040604467
71.2,2.0219701608721954e-15,2.2519520967203263e-17,-0.00013301568042787393
71.3,2.7982515163789527e-15,2.886952070899182e-17,-0.0001319487396080894
71.4,3.4183755715314497e-15,3.575662710760117e-17,-0.00013043878546136527
71.5,3.57196984783376e-15,2.0704957214523765e-17,-0.00012782864188802114
71.6,4.1910859283458715e-15,1.9264706366478977e-17,-0.0001233456085976111
71.7,4.654434343533484e-15,3.267103162584703e-17,-0.00011827107378225901
71.8,4.8071779650046895e-15,2.4703609648432788e-17,-0.00011263925935882277
71.9,5.579738682757893e-15,1.5815211898568236e-17,-0.00010530459303892269
72.0,5.886780039143597e-15,2.994192061806549e-17,-9.719170998618626e-05
72.1,6.193513036683058e-15,3.234867569092602e-17,-8.902352994745496e-05
72.2,6.654698333291693e-15,1.989636640048412e-17,-7.961114108345016e-05
72.3,6.96073794679226e-15,2.9187559613102967e-17,-6.927923021500483e-05
72.4,7.266469934333494e-15,4.141189185178514e-17,-5.925049656934795e-05
72.5,7.571894526992797e-15,3.124828366172428e-17,-4.8637631961021215e-05
72.6,7.259207096423352e-15,3.2590557657040736e-17,-3.709323056843939e-05
72.7,7.255578400124812e-15,5.043640202607213e-17,-2.6016146070296347e-05
72.8,7.251951517720911e-15,4.788536797179514e-17,-1.5083743311072076e-05
72.9,7.094106736638864e-15,4.197632932895635e-17,-3.3933109163082408e-06
73.0,7.090560569886113e-15,5.929865093985407e-17,7.849968847154478e-06
73.1,6.6248194686578734e-15,6.685441262241587e-17,1.829730272140186e-05
73.2,6.467519331378956e-15,5.776066488841917e-17,2.913566921120499e-05
73.3,5.84864005811194e-15,6.90341430774969e-17,3.966855921939647e-05
73.4,5.5380471811967926e-15,8.532100425390492e-17,4.895613806220877e-05
73.5,5.3815211039204325e-15,7.87543048800894e-17,5.8121645169598594e-05
73.6,4.917788357436808e-15,8.128531453479008e-17,6.715176685524124e-05
73.7,4.454517883078019e-15,1.0155909278939907e-16,7.476178461692304e-05
73.8,3.838182052464159e-15,1.0238646445724798e-16,8.16843917248651e-05
73.9,3.2224612905498144e-15,9.730816734402438e-17,8.857680206610601e-05
74.0,2.453981304872438e-15,1.1528542616434295e-16,9.415372555423225e-05
74.1,1.83956596568741e-15,1.253972239744837e-16,9.854334386837371e-05
74.2,1.3789848094589944e-15,1.1710755974966704e-16,0.00010287852287337119
74.3,6.125757730660626e-16,1.2753007770120253e-16,0.00010622082476563067
74.4,-3.0613478086937036e-16,1.4489523024253587e-16,0.00010805244832155095
74.5,-9.179452552182188e-16,1.3910161682487384e-16,0.00010965992503018346
74.6,-1.987887194181731e-15,1.3981836985101718e-16,0.00011070615943716911
74.7,-2.4454073834204683e-15,1.592743831287872e-16,0.00011016959014235173
74.8,-3.3607543548613944e-15,1.6044836210518012e-16,0.00010913110301811583
74.9,-3.8171299973957396e-15,1.532373999914979e-16,0.00010794612771208205
75.0,-4.883484044107236e-15,1.686667769202519e-16,0.0001053750832527276
75.1,-5.643705867484425e-15,1.7821705469608735e-16,0.00010199608772820421
75.2,-6.2507100950202825e-15,1.6788497512007781e-16,9.875978202056508e-05
75.3,-6.8571060598331644e-15,1.744799766641618e-16,9.455764684593735e-05
75.4,-7.91980610927846e-15,1.8991689201637e-16,8.931178672603298e-05
75.5,-8.372530688113528e-15,1.8222541094928264e-16,8.430918139131285e-05
75.6,-8.976952412373141e-15,1.7857079954137675e-16,7.888707637558884e-05
75.7,-9.4286920949515e-15,1.9457434411258257e-16,7.234354272197304e-05
75.8,-1.0183977227882367e-14,1.9370058820860108e-16,6.595300268461216e-05
75.9,-1.0634657549906579e-14,1.8220038116209093e-16,5.9690794032330236e-05
76.0,-1.1084884759538388e-14,1.9281964284302888e-16,5.243791925680286e-05
76.1,-1.1686431028704792e-14,1.9974012172100624e-16,4.5113566946028895e-05
76.2,-1.1983981202939215e-14,1.856667062810826e-16,3.834731498172497e-05
76.3,-1.2281230981227171e-14,1.8673987984052452e-16,3.092629570280717e-05
76.4,-1.2578180589539161e-14,1.9859790684332952e-16,2.3172261638105717e-05
76.5,-1.3026298844914772e-14,1.8777755841413486e-16,1.620427935245056e-05
76.6,-1.3322573075217817e-14,1.7870107472890361e-16,9.064286507384601e-06
76.7,-1.3164596255386549e-14,1.9023547154847843e-16,1.4010425113183435e-06
76.8,-1.3460498719859369e-14,1.867438750275512e-16,-5.4769828772789075e-06
76.9,-1.3604936109554213e-14,1.7076629056190436e-16,-1.1996349364643025e-05
77.0,-1.3144864163771948e-14,1.7644853658891864e-16,-1.9070361696466176e-05
77.1,-1.2987278508150422e-14,1.8087894775175454e-16,-2.55534953586632e-05
77.2,-1.2527968358592522e-14,1.6369540641835509e-16,-3.1213181026410036e-05
77.3,-1.2521705940148303e-14,1.5999621687224136e-16,-3.7259226891863706e-05
77.4,-1.2364658138249544e-14,1.6917722515558899e-16,-4.3016253856960676e-05
77.5,-1.1906337939096397e-14,1.5662571363152907e-16,-4.764942748456426e-05
77.6,-1.1448472855962048e-14,1.4376341691441802e-16,-5.231943984398614e-05
77.7,-1.0840500047704444e-14,1.524461781954814e-16,-5.6998443290366734e-05
77.8,-9.932157723140843e-15,1.4826425842177587e-16,-6.047476194911132e-05
77.9,-9.175132818501783e-15,1.3003547127416467e-16,-6.353079195953163e-05
78.0,-8.869872746373567e-15,1.3294214342414508e-16,-6.678533789717829e-05
78.1,-7.362822152693825e-15,1.3721273241268327e-16,-6.898118037188763e-05
78.2,-7.20895509729e-15,1.1962014164502396e-16,-7.030128772636147e-05
78.3,-6.4547940706365565e-15,1.1388639022450217e-16,-7.183308056577558e-05
78.4,-5.551348762132405e-15,1.23135103725547e-16,-7.261906654156356e-05
78.5,-4.498843606665645e-15,1.1193100742930538e-16,-7.219102798032131e-05
78.6,-4.196821763982446e-15,9.848571521899531e-17,-7.180001824980317e-05
78.7,-3.2958544752695195e-15,1.0738847322335884e-16,-7.105196979811061e-05
78.8,-1.946576839967523e-15,1.0577286427042573e-16,-6.895920320209269e-05
78.9,-1.1972946429717512e-15,8.87781512624028e-17,-6.658969040011451e-05
79.0,-5.983480726435776e-16,9.2183798083085e-17,-6.422221157960756e-05
79.1,7.475612167353761e-16,9.947855906125554e-17,-6.062791851360017e-05
79.2,1.3449375532018588e-15,8.486671315211545e-17,-5.6399698357585336e-05
79.3,1.7923536700192484e-15,8.032959474710109e-17,-5.24145246431911e-05
79.4,2.388610289588148e-15,9.254593632500377e-17,-4.754964979038374e-05
79.5,3.431910906769208e-15,8.562968301369068e-17,-4.1766415721378965e-05
79.6,3.7284732393839105e-15,7.443492898016184e-17,-3.630244361326238e-05
79.7,4.770060119994504e-15,8.599676967896324e-17,-3.0460654385745074e-05
79.8,5.512625012044637e-15,8.931669229582111e-17,-2.3592722081865316e-05
79.9,5.658784777380337e-15,7.594485127255996e-17,-1.6962577496418312e-05
80.0,6.5490017909937425e-15,8.18797127797367e-17,-1.0501742789889927e-05
80.1,6.843261204431914e-15,9.401643674356716e-17,-3.145397500446228e-06
80.2,7.285916978818373e-15,8.422812076095931e-17,4.154837921964509e-06
80.3,7.579510642382809e-15,8.244349426312436e-17,1.0809108120389169e-05
80.4,8.31843966123889e-15,9.884568432871153e-17,1.7989054195889103e-05
80.5,8.759689417524232e-15,9.742352419900291e-17,2.5305094180626306e-05
80.6,8.606915571533258e-15,8.952534666295494e-17,3.166110388084863e-05
80.7,8.899255023551017e-15,1.0427828022229518e-16,3.799656270387967e-05
80.8,9.339546833673778e-15,1.128651540472846e-16,4.457674920789663e-05
80.9,9.038532886950007e-15,1.0337770101506427e-16,5.0091471181592324e-05
81.0,8.885916147673637e-15,1.1168193705547944e-16,5.497500586575502e-05
81.1,9.32554801516193e-15,1.281712884381681e-16,6.005928368218632e-05
81.2,8.877034673003422e-15,1.227100486801145e-16,6.417209337548937e-05
81.3,9.020473886196528e-15,1.2286602840866172e-16,6.71121799444405e-05
81.4,9.163767477880906e-15,1.421427309560732e-16,7.003511534370438e-05
81.5,8.716000284288688e-15,1.4483837379544233e-16,7.222192818751011e-05
81.6,8.56398840103341e-15,1.387479953497914e-16,7.288513384447568e-05
81.7,8.264545150354667e-15,1.5483352436589075e-16,7.31751649506671e-05
81.8,8.112906519413414e-15,1.667038251041412e-16,7.30184998182939e-05
81.9,7.519116456090896e-15,1.5915642566294912e-16,7.125717310278502e-05
82.0,6.9259180071961106e-15,1.675621672207514e-16,6.871434309171028e-05
82.1,6.480597025673864e-15,1.8588300831221622e-16,6.597898430874634e-05
82.2,6.035719523207433e-15,1.823138107060431e-16,6.184522324083703e-05
82.3,5.444146084342599e-15,1.8181729339418274e-16,5.658341450557621e-05
82.4,4.853162562872278e-15,2.01137400915473e-16,5.12831767814208e-05
82.5,4.262768516845968e-15,2.052535338981812e-16,4.50306318804531e-05
82.6,3.37912642423899e-15,1.9835046787271932e-16,3.7476852968064756e-05
82.7,3.0837470847953464e-15,2.1287129581557113e-16,2.9916795478572552e-05
82.8,2.49511881634146e-15,2.25145402741219e-16,2.199129081061953e-05
82.9,1.7603799308972938e-15,2.1684365890204063e-16,1.2842331180489135e-05
83.0,1.0263749772165554e-15,2.2250505880656004e-16,3.6232664805045763e-06
83.1,2.9310340514383976e-16,2.397251327592906e-16,-5.358170694946594e-06
83.2,0.0,2.3538716630329123e-16,-1.52141440624969e-05
83.3,-7.320261206039003e-16,2.316509879230557e-16,-2.523608668543574e-05
83.4,-1.4633203980632295e-15,2.4827703453714277e-16,-3.451952697534276e-05
83.5,-1.9013655969733955e-15,2.51225234773861e-16,-4.410359855337847e-05
83.6,-2.1927867136223093e-15,2.4107504666698593e-16,-5.390138549879026e-05
83.7,-3.214479538333301e-15,2.5144924895301095e-16,-6.264572357971617e-05
83.8,-3.79703137309023e-15,2.616296475449728e-16,-7.099590172452359e-05
83.9,-4.0870666651807045e-15,2.5044906166400375e-16,-7.949025488801026e-05
84.0,-4.5227047472155575e-15,2.5126704424973385e-16,-8.683321766637441e-05
84.1,-4.812085505897821e-15,2.652789143123767e-16,-9.310467094713006e-05
84.2,-5.392671587531724e-15,2.584438147235323e-16,-9.929990320720515e-05
84.3,-5.389975925709574e-15,2.4993813004006695e-16,-0.00010443828505867071
84.4,-5.824088228520467e-15,2.6231532456000637e-16,-0.00010798482851813852
84.5,-6.1122357579107114e-15,2.6293390464356923e-16,-0.00011110055536347044
84.6,-6.400093756502184e-15,2.4882502291778443e-16,-0.00011337857867184454
84.7,-6.396894509502335e-15,2.544163835889144e-16,-0.00011380862695720965
84.8,-6.684319446350061e-15,2.621044742009e-16,-0.00011338596036674389
84.9,-6.680978122027577e-15,2.480619544854461e-16,-0.00011238152892481514
85.0,-6.3873063606475e-15,2.441617791688768e-16,-0.0001095863655788767
85.1,-6.239020016980433e-15,2.551549353955857e-16,-0.00010555131837850255
85.2,-6.090880326563214e-15,2.464024734368557e-16,-0.0001011470059881654
85.3,-6.087835647633096e-15,2.339463646554945e-16,-9.53028821591227e-05
85.4,-5.9399164789794936e-15,2.428555622593909e-16,-8.79771775724802e-05
85.5,-5.502536487756624e-15,2.421817167497391e-16,-8.040223240865784e-05
85.6,-5.0655922829613546e-15,2.254746501639484e-16,-7.194990353891072e-05
85.7,-4.484424677637574e-15,2.2759639918197757e-16,-6.200858380817764e-05
85.8,-4.337596476540412e-15,2.342047947899494e-16,-5.184069892872727e-05
85.9,-3.901885398370211e-15,2.1913000088470647e-16,-4.14465216563252e-05
86.0,-3.3221668035735074e-15,2.1243467024772518e-16,-2.983072419184751e-05
86.1,-2.7430268074823478e-15,2.223671520758537e-16,-1.795175814795319e-05
86.2,-2.020167311399866e-15,2.1404375383974712e-16,-6.453909471758045e-06
86.3,-8.653532058098564e-16,2.0017281840137253e-16,5.745903598186756e-06
86.4,-7.207671977983969e-16,2.0807413268478294e-16,1.8238534225967727e-05
86.5,-2.8816276171215335e-16,2.0877396105056723e-16,2.98959815722219e-05
86.6,5.760374326912797e-16,1.9240882075250957e-16,4.156747667363382e-05
86.7,1.5833110864109382e-15,1.938926077280219e-16,5.3483862133416784e-05
86.8,1.7263850495439675e-15,2.0225510357046243e-16,6.432657168172218e-05
86.9,2.5882831091720472e-15,1.8923790006838322e-16,7.44550354274145e-05
87.0,3.880483936648401e-15,1.8279518198640507e-16,8.465345191945068e-05
87.1,4.309493532955261e-15,1.944980819291282e-16,9.375899535288699e-05
87.2,5.168807189742847e-15,1.895731502804165e-16,0.00010152381128069732
87.3,6.314273083728139e-15,1.7729375964232687e-16,0.00010904802021460453
87.4,6.741420150180165e-15,1.8688968336897143e-16,0.00011562965410097785
87.5,7.311501370526606e-15,1.9164327974832018e-16,0.00012046853025735171
87.6,8.454175401646587e-15,1.7840269229613545e-16,0.00012466045584859085
87.7,8.879607813111493e-15,1.8176995486135378e-16,0.00012814527310106946
87.8,9.304612786017926e-15,1.942035131913615e-16,0.0001297835051047295
87.9,9.872266974354322e-15,1.85649690365451e-16,0.00013035393027384381
88.0,1.0725360950755293e-14,1.8162329921167693e-16,0.00013044621267159197
88.1,1.1434666251441725e-14,1.968761834444996e-16,0.00012889398474988994
88.2,1.2000397864781648e-14,1.970855882490857e-16,0.00012594120181000406
88.3,1.2422770564422192e-14,1.88035627932821e-16,0.00012266117887523974
88.4,1.2701998909468389e-14,2.0054618860446021e-16,0.00011818572247573525
88.5,1.3123592738987653e-14,2.103749573729446e-16,0.00011216128153367585
88.6,1.3544761906145852e-14,2.012247520926067e-16,0.0001058509377321831
88.7,1.3823001559437573e-14,2.0702346071069764e-16,9.893182502125289e-05
88.8,1.3958525722185776e-14,2.2370492014464605e-16,9.056169421965983e-05
88.9,1.4663361887719513e-14,2.1975473171472282e-16,8.185298274524308e-05
89.0,1.4513740466192474e-14,2.1804600507090565e-16,7.31281617849687e-05
89.1,1.4222044519484908e-14,2.3632814081395844e-16,6.33048264202363e-05
89.2,1.4499233980178163e-14,2.410731480266831e-16,5.3051212203023854e-05
89.3,1.477614276696265e-14,2.3455289416701254e-16,4.325936707839304e-05
89.4,1.4910763816734306e-14,2.4881041676029575e-16,3.2924204419552464e-05
89.5,1.5045246586916632e-14,2.6231831507232464e-16,2.2102833580539704e-05
89.6,1.4753995167664355e-14,2.5587605279649357e-16,1.2025307971217399e-05
89.7,1.4604825590810825e-14,2.6240682961131476e-16,2.060348834246032e-06
89.8,1.4172354372149894e-14,2.813315991136664e-16,-8.342087245357564e-06
89.9,1.3881964566888638e-14,2.8003619112996826e-16,-1.7938282244022777e-05
90.0,1.3591861537529724e-14,2.7856319868235005e-16,-2.679404748404302e-05
90.1,1.3019022834399668e-14,2.9743968997511086e-16,-3.5894950910813936e-05
90.2,1.3012514950089125e-14,3.0427749823594396e-16,-4.4312040679888615e-05
90.3,1.2581901286769104e-14,2.9786796489972815e-16,-5.1513194501821095e-05
90.4,1.2010415867765279e-14,3.1117761565630224e-16,-5.862976611453997e-05
90.5,1.1298270269066535e-14,3.256064554884192e-16,-6.529029948295091e-05
90.6,1.0869149200506167e-14,3.1925826201345633e-16,-7.050121642941288e-05
90.7,1.0440454322596275e-14,3.237442508433193e-16,-7.521364236714991e-05
90.8,9.307101843487877e-15,3.419124924189875e-16,-7.970454355528553e-05
90.9,8.738664640259384e-15,3.4039151050324274e-16,-8.278678089485219e-05
91.0,8.029917658147536e-15,3.36229721707806e-16,-8.49602109330679e-05
91.1,6.899461077923756e-15,3.525585327394165e-16,-8.706513654841284e-05
91.2,6.051602551346315e-15,3.5848176603031973e-16,-8.80458758250717e-05
91.3,5.34525454053503e-15,3.4936171222933764e-16,-8.781024647223231e-05
91.4,4.639611189032572e-15,3.587727931022893e-16,-8.752505483767725e-05
91.5,3.653623971079181e-15,3.7122978714731287e-16,-8.655788377891639e-05
91.6,2.6686213345650033e-15,3.624081589411085e-16,-8.425254379612562e-05
91.7,1.9653696317830093e-15,3.622973468113819e-16,-8.177966551281618e-05
91.8,1.2628203380983167e-15,3.771961982285792e-16,-7.910747960059546e-05
91.9,4.2072969525183476e-16,3.733510925157528e-16,-7.520387542224493e-05
92.0,-4.2051938298665666e-16,3.64662562719952e-16,-7.092399251611607e-05
92.1,-8.40618351702653e-16,3.765392092929777e-16,-6.685016018426242e-05
92.2,-1.4003302459776416e-15,3.798687974284196e-16,-6.186912250303038e-05
92.3,-2.2394084093868217e-15,3.666827314992084e-16,-5.629237825826791e-05
92.4,-2.9377542928932595e-15,3.708250986623015e-16,-5.11618147879562e-05
92.5,-3.4955783129820285e-15,3.8000753016750686e-16,-4.5601555023677096e-05
92.6,-4.192597152840014e-15,3.6777232463505247e-16,-3.930462054411755e-05
92.7,-5.028601653901083e-15,3.6226242611516444e-16,-3.349241008306715e-05
92.8,-5.3053150916304005e-15,3.7312345471684706e-16,-2.7779376501689925e-05
92.9,-5.860838159995137e-15,3.665572308205672e-16,-2.133796683914831e-05
93.0,-6.415804518483331e-15,3.5321239525513673e-16,-1.5240737121476093e-05
93.1,-6.1337888346718355e-15,3.605296469554032e-16,-9.70902912191147e-06
93.2,-6.6880611347458155e-15,3.6148252876458263e-16,-3.6368749387940246e-06
93.3,-6.684717940046769e-15,3.4488056497979657e-16,2.3382114941763136e-06
93.4,-6.5421810745162554e-15,3.4449510134992045e-16,7.440497662835719e-06
93.5,-6.678036563351851e-15,3.5138306243427373e-16,1.2736248257573791e-05
93.6,-6.674698379685636e-15,3.3724179438395037e-16,1.818840540249191e-05
93.7,-6.810348570208512e-15,3.279927157019844e-16,2.2673931260464215e-05
93.8,-6.5291097880108235e-15,3.36446573128502e-16,2.6914339189582597e-05
93.9,-6.248150472561258e-15,3.291016589928854e-16,3.147262442075871e-05
94.0,-5.967470414737471e-15,3.133032261375298e-16,3.518266027571368e-05
94.1,-5.5483603956647416e-15,3.182333930390689e-16,3.821423245015494e-05
94.2,-4.991028218006744e-15,3.191919431775738e-16,4.1565142513830875e-05
94.3,-4.711392587246063e-15,3.018780297713596e-16,4.4343163318025924e-05
94.4,-4.016531968046258e-15,2.99596056944653e-16,4.6114872741184096e-05
94.5,-3.876092334940061e-15,3.0678534979043713e-16,4.8029384987985736e-05
94.6,-3.459066761788742e-15,2.935970250488376e-16,4.971038212071594e-05
94.7,-2.489283115717779e-15,2.835395935209164e-16,5.0239274356960854e-05
94.8,-2.0733656543903805e-15,2.9243443790010625e-16,5.0593933914431664e-05
94.9,-1.1052422563683745e-15,2.8739940774644883e-16,5.101422515436015e-05
95.0,-2.7617244334311236e-16,2.723545354510476e-16,5.03508378835965e-05
95.1,5.520687832744867e-16,2.7786671932206163e-16,4.9138517239399304e-05
95.2,8.276892268199209e-16,2.81786429790866e-16,4.816455982747936e-05
95.3,1.516671723692442e-15,2.668996237268611e-16,4.636888080965273e-05
95.4,2.6183961791160356e-15,2.6568033023285843e-16,4.369723911559229e-05
95.5,3.581277369213573e-15,2.759227148798671e-16,4.126623192930156e-05
95.6,4.130177513208504e-15,2.6651048881355184e-16,3.8401525310949295e-05
95.7,5.0913392934536e-15,2.582929324681478e-16,3.448016878223782e-05
95.8,6.051539120140596e-15,2.699074543931496e-16,3.064151273893278e-05
95.9,6.735845255407865e-15,2.693791944875174e-16,2.6787857045990288e-05
96.0,7.694260770994862e-15,2.572458025436802e-16,2.1907772307592487e-05
96.1,8.651716427510645e-15,2.6511438049073985e-16,1.685362202063508e-05
96.2,9.333692575230524e-15,2.735604218145073e-16,1.2136815100921912e-05
96.3,1.0014984755420352e-14,2.626484240420897e-16,6.646974710918152e-06
96.4,1.0969839468172183e-14,2.6370790845136855e-16,7.222709240062287e-07
96.5,1.1512573715411496e-14,2.7788980804459683e-16,-4.651504671678307e-06
96.6,1.1917776684078035e-14,2.7315343509146954e-16,-1.0365814060383495e-05
96.7,1.259640660045177e-14,2.6747096354512164e-16,-1.667894276689122e-05
96.8,1.341120410001215e-14,2.8205235737615607e-16,-2.2395192650955862e-05
96.9,1.3541280788104548e-14,2.862077625899572e-16,-2.7929675678343862e-05
97.0,1.3671224080897496e-14,2.770755059217369e-16,-3.405262018365379e-05
97.1,1.4074321882799535e-14,2.8700259052738355e-16,-3.967949628713531e-05
97.2,1.4340437674658205e-14,2.994565840309171e-16,-4.462396387110285e-05
97.3,1.4196761921904701e-14,2.919625157982358e-16,-4.9941587060089094e-05
97.4,1.473542167352185e-14,2.9440664813306e-16,-5.494822057670449e-05
97.5,1.4728055804305846e-14,3.112609147943971e-16,-5.889844195353187e-05
97.6,1.44480881797501e-14,3.0991388877036595e-16,-6.282862303927308e-05
97.7,1.444086594137028e-14,3.053263979186071e-16,-6.663314366978848e-05
97.8,1.4433647313207022e-14,3.210590716049459e-16,-6.920602707462165e-05
97.9,1.4018137039867302e-14,3.2800987378778984e-16,-7.126768610848014e-05
98.0,1.3739068951995842e-14,3.200087463670118e-16,-7.330998910438265e-05
98.1,1.3460276359674353e-14,3.2974616277700997e-16,-7.416652684146387e-05
98.2,1.3181759057208295e-14,3.4372799704616184e-16,-7.403601779262231e-05
98.3,1.249603735991236e-14,3.3728151874788186e-16,-7.386377196053682e-05
98.4,1.2218273709433796e-14,3.385856935999136e-16,-7.274201357088003e-05
98.5,1.1669403161848389e-14,3.553678117701401e-16,-7.02907225104918e-05
98.6,1.084983248251142e-14,3.54776423397986e-16,-6.764284616281832e-05
98.7,1.0031078253102723e-14,3.4864709173456697e-16,-6.439941558904487e-05
98.8,9.484114563995136e-15,3.6262569171133865e-16,-5.9709339712401195e-05
98.9,8.666855946998763e-15,3.694797881105334e-16,-5.458028898646522e-05
99.0,7.985763945779711e-15,3.5986521182621994e-16,-4.923463040003044e-05
99.1,7.57591924515617e-15,3.665506249758614e-16,-4.2592541540590936e-05
99.2,6.8960489973330355e-15,3.7920416360204206e-16,-3.526353079722431e-05
99.3,5.946558445620806e-15,3.7121143053096054e-16,-2.803544415709378e-05
99.4,4.998015423976714e-15,3.6874999277378436e-16,-1.9909032697032224e-05
99.5,3.510363326046651e-15,3.827068899795559e-16,-1.0938143971979989e-05
99.6,2.5639831953466335e-15,3.803956050854403e-16,-2.2674898475361206e-06
99.7,1.7534273586586766e-15,3.704932624110737e-16,6.73185301278119e-06
99.8,8.088696295944193e-16,3.8049794266931326e-16,1.6561124754664447e-05
99.9,0.0,3.8529605093983137e-16,2.6022594125894996e-05
100.0,-9.42738024975672e-16,3.7243838426349406e-16,3.518592128497493e-05
100.1,-1.749924008459342e-15,3.7441643556173886e-16,4.495048925449e-05
100.2,-2.556302772155697e-15,3.8419974919431733e-16,5.438124447178543e-05
100.3,-3.6308249150980964e-15,3.735292406332854e-16,6.295387501515548e-05
100.4,-4.435456613399813e-15,3.6637464697049657e-16,7.169799137634126e-05
100.5,-5.373623562948844e-15,3.766481580340335e-16,8.018263079530949e-05
100.6,-6.176578036172135e-15,3.7209852452783006e-16,8.741974574530192e-05
100.7,-6.978728412892985e-15,3.5815180048943715e-16,9.426653835520481e-05
100.8,-7.645936067120893e-15,3.6381271660684103e-16,0.00010089814099007787
100.9,-8.312474936658673e-15,3.6634938567974787e-16,0.00010612297123814519
101.0,-9.112350680471062e-15,3.504344631044494e-16,0.00011037415985696904
101.1,-1.0045362842630344e-14,3.4799846887131474e-16,0.0001143692508875968
101.2,-1.057582629222587e-14,3.5531052526336506e-16,0.00011703227748232988
101.3,-1.0704344000848346e-14,3.427583995291555e-16,0.00011824276644060956
101.4,-1.1501417654168038e-14,3.318555535641876e-16,0.00011905086805654856
101.5,-1.1763009507959477e-14,3.3936188491975215e-16,0.0001187869156856247
101.6,-1.202433696136703e-14,3.3382686291755977e-16,0.00011680618195150485
101.7,-1.2018326295677991e-14,3.1741448060628067e-16,0.00011419517922782402
101.8,-1.2679669669824512e-14,3.2031766379443567e-16,0.00011087308967671074
101.9,-1.267333141968418e-14,3.2236746351626733e-16,0.0001058512720669657
102.0,-1.266699633787677e-14,3.0553148806182914e-16,9.995291173265873e-05
102.1,-1.2927204726456796e-14,3.008345824227231e-16,9.371049465653007e-05
102.2,-1.2654335672926425e-14,3.0782130179481633e-16,8.607248662185013e-05
102.3,-1.2381736190057937e-14,2.9586944123114905e-16,7.737874317075069e-05
102.4,-1.237554686942201e-14,2.838126207776162e-16,6.863488541299804e-05
102.5,-1.2103352886916462e-14,2.9102039854655274e-16,5.9029508198374835e-05
102.6,-1.1698490545454058e-14,2.8715037780483126e-16,4.8339010658020804e-05
102.7,-1.1161159000328552e-14,2.7106752762839967e-16,3.7775943708134834e-05
102.8,-1.0757166250892884e-14,2.738435968574864e-16,2.7008950411004728e-05
102.9,-1.0088098332424377e-14,2.780971690312262e-16,1.5331393544399654e-05
103.0,-9.552368410162403e-15,2.632684590311932e-16,3.843448873804372e-06
103.1,-8.884566098984642e-15,2.5908029204323076e-16,-7.197179562656592e-06
103.2,-8.482507392306473e-15,2.6831681599564785e-16,-1.8763548264675318e-05
103.3,-7.550956723884089e-15,2.5963197911051543e-16,-3.0153180852459816e-05
103.4,-7.017555368937292e-15,2.4904696425160226e-16,-4.0572801471564914e-05
103.5,-6.2200043586820754e-15,2.583381448472706e-16,-5.097138648650377e-05
103.6,-5.29097458202018e-15,2.585045361957327e-16,-6.121830417980235e-05
103.7,-4.627288536491931e-15,2.4518062045472177e-16,-7.018724455405692e-05
103.8,-4.096406845333978e-15,2.4999080291353484e-16,-7.852140582519211e-05
103.9,-2.773598136497211e-15,2.5841575578351267e-16,-8.667883901761938e-05
104.0,-2.112161283101679e-15,2.4757916937119476e-16,-9.349695249107465e-05
104.1,-1.583329099827218e-15,2.4566954494959227e-16,-9.912012312635141e-05
104.2,-7.912688165802298e-16,2.5865894759809006e-16,-0.00010445206222050197
104.3,0.0,2.5479708750715635e-16,-0.00010860379544662204
104.4,7.904779432662128e-16,2.4710791402190055e-16,-0.00011117118708799791
104.5,1.580165606175713e-15,2.5948972983835343e-16,-0.00011324215086749491
104.6,2.5006782246956486e-15,2.6460165873377495e-16,-0.00011443948039968734
104.7,2.6309770506484087e-15,2.5488447369691685e-16,-0.00011391848772854568
104.8,3.287077363675513e-15,2.621250391839608e-16,-0.0001126450476141193
104.9,4.205355821836638e-15,2.748284825638034e-16,-0.00011085485434276734
105.0,4.597308701023934e-15,2.680720970179277e-16,-0.00010749824776831619
105.1,4.8575826567407445e-15,2.6821262898142166e-16,-0.00010315332119486622
105.2,5.511256428253481e-15,2.8429234907664334e-16,-9.860513930184517e-05
105.3,5.77081108353787e-15,2.844684320354443e-16,-9.289634456405123e-05
105.4,6.1611941082655e-15,2.7867928455807603e-16,-8.606522398614563e-05
105.5,6.68220911367759e-15,2.9271084484265013e-16,-7.923557398436124e-05
105.6,7.071743482155206e-15,3.011560140595908e-16,-7.181792613474324e-05
105.7,7.329993994021228e-15,2.933931326650031e-16,-6.331339584831597e-05
105.8,7.457157232997933e-15,3.011017988930316e-16,-5.488459572545427e-05
105.9,7.584191508938659e-15,3.158430322681107e-16,-4.6486284718959626e-05
106.0,7.841793476948424e-15,3.109413245939713e-16,-3.7237220251607686e-05
106.1,7.445979882257245e-15,3.106994276473254e-16,-2.8031716278224294e-05
106.2,7.703389676343884e-15,3.271695403607874e-16,-1.9395754756494086e-05
106.3,7.438537624124243e-15,3.2880616514599253e-16,-1.0327795269512278e-05
106.4,7.173948432870067e-15,3.2239324938558696e-16,-1.223185425242959e-06
106.5,6.909621905966012e-15,3.3532290935655615e-16,6.9518602540225585e-06
106.6,6.645557846927615e-15,3.443532244451439e-16,1.5024494549103738e-05
106.7,6.251516139821601e-15,3.359530229522066e-16,2.3190376724746105e-05
106.8,5.597517083575464e-15,3.413668863628489e-16,3.029677870195254e-05
106.9,5.464609279848416e-15,3.5533780840425486e-16,3.675250570522516e-05
107.0,5.071743539730046e-15,3.4975487795964013e-16,4.327394654709439e-05
107.1,4.419309801588825e-15,3.4661227351062885e-16,4.882890209471603e-05
107.2,3.8974417932438514e-15,3.6077178802468817e-16,5.328337879401615e-05
107.3,3.1163948475570138e-15,3.612982302840093e-16,5.766302249243581e-05
107.4,2.8552672863162014e-15,3.517983058222303e-16,6.133220969872235e-05
107.5,2.2052400073578914e-15,3.6098774475363626e-16,6.364427184364048e-05
107.6,1.1668964098040875e-15,3.6807701967231956e-16,6.564129499612086e-05
107.7,6.479517263538497e-16,3.5681255005683103e-16,6.725341031525341e-05
107.8,0.0,3.576919545730453e-16,6.749763298898745e-05
107.9,-6.473040984953941e-16,3.6867237073345787e-16,6.714014483454813e-05
108.0,-1.1645649492222147e-15,3.604946539602379e-16,6.669271946922041e-05
108.1,-1.8106399302350543e-15,3.526996792134296e-16,6.510933805568704e-05
108.2,-2.585335480803159e-15,3.6282626517933156e-16,6.266943146864482e-05
108.3,-3.2300539202197977e-15,3.608495969743824e-16,6.032485491186916e-05
108.4,-4.003264728216938e-15,3.4722098907595453e-16,5.726032182528296e-05
108.5,-4.517555673103663e-15,3.5167911507562256e-16,5.319697261629834e-05
108.6,-5.418356951840959e-15,3.5601402339381895e-16,4.92669365879991e-05
108.7,-5.802480482728702e-15,3.4144816202504365e-16,4.5117710344444787e-05
108.8,-6.572857296700065e-15,3.3742692116309475e-16,3.9998622419372775e-05
108.9,-7.47127760769164e-15,3.4511311317835124e-16,3.4915671877506004e-05
109.0,-7.853795121744029e-15,3.344194303360552e-16,3.0084439765526642e-05
109.1,-8.364614727432076e-15,3.222562705774222e-16,2.4501585053269995e-05
109.2,-8.87492167873071e-15,3.286277057578271e-16,1.877820440314989e-05
109.3,-9.256158602161755e-15,3.247507725050522e-16,1.3646747390916772e-05
109.4,-9.76550566189256e-15,3.079158463807566e-16,8.140867285532416e-06
109.5,-1.0145911924133756e-14,3.085484455717554e-16,2.3191267045038866e-06
109.6,-1.0525935435042347e-14,3.1119510870845656e-16,-2.76313611222835e-06
109.7,-1.0905576482219961e-14,2.9479150475862866e-16,-7.756567445705644e-06
109.8,-1.0900125056948739e-14,2.87451863920865e-16,-1.3159111560455868e-05
109.9,-1.1151021682749047e-14,2.93453995416429e-16,-1.7875876088986138e-05
110.0,-1.1273556158260605e-14,2.8219116329599876e-16,-2.2052135561694196e-05
110.1,-1.1011831680297043e-14,2.677786041940399e-16,-2.659276101662664e-05
110.2,-1.100632714070647e-14,2.7244351248995677e-16,-3.065781140557138e-05
110.3,-1.0617075631092004e-14,2.688978702592546e-16,-3.3839531684089604e-05
110.4,-1.061176842018975e-14,2.5135405986496446e-16,-3.718911954811137e-05
110.5,-1.0350886419766292e-14,2.5060284469535415e-16,-4.0346041370162216e-05
110.6,-1.0473437113043591e-14,2.5405114089200974e-16,-4.245711145266756e-05
110.7,-1.0085218714297981e-14,2.3853799771691017e-16,-4.442125689418801e-05
110.8,-9.824983001702505e-15,2.3056563408340345e-16,-4.645004203750414e-05
110.9,-9.820071738119867e-15,2.3747496310244665e-16,-4.747767070558989e-05
111.0,-9.432753984247868e-15,2.2844843858540617e-16,-4.7997383618208246e-05
111.1,-9.045820997525657e-15,2.1464641859080486e-16,-4.8728637434129845e-05
111.2,-8.277245762560503e-15,2.2023195542834925e-16,-4.868624324142692e-05
111.3,-8.018550999572907e-15,2.1967059041284803e-16,-4.781978198820654e-05
111.4,-6.9968230149583e-15,2.0417045193359355e-16,-4.715384827239105e-05
111.5,-6.357568616279954e-15,2.0456382782824075e-16,-4.605598602988987e-05
111.6,-5.718951563881913e-15,2.1121942318416125e-16,-4.394751414842455e-05
111.7,-5.0809713803109216e-15,1.991033836847284e-16,-4.1873501176499726e-05
111.8,-4.1897060119499876e-15,1.92821629468723e-16,-3.9729789352867926e-05
111.9,-3.553125063998779e-15,2.02686195303734e-16,-3.657340903155415e-05
112.0,-2.7903456000619556e-15,1.9796604839644015e-16,-3.31824609936283e-05
112.1,-2.155098326906773e-15,1.8678076010481872e-16,-3.001158387619255e-05
112.2,-1.773899685835297e-15,1.9498904118761492e-16,-2.6020027611724127e-05
112.3,-7.598626961540952e-16,1.989964717952953e-16,-2.1508327258691336e-05
112.4,0.0,1.8706518140457806e-16,-1.7367185220670824e-05
112.5,6.325860110522308e-16,1.8973270051564688e-16,-1.2752725004165446e-05
112.6,1.5174475130562693e-15,2.0040196002185892e-16,-7.41218418284722e-06
112.7,2.275033468423606e-15,1.9247383831065834e-16,-2.4306834756332395e-06
112.8,3.158189216696093e-15,1.8844466007019978e-16,2.598008520190941e-06
112.9,3.914197040826556e-15,2.0141045275890022e-16,8.4004395582579e-06
113.0,4.669448256950704e-15,2.0104595752080864e-16,1.399049411581166e-05
113.1,5.297805213217612e-15,1.9237212440619806e-16,1.9216782311318035e-05
113.2,6.051607968830054e-15,2.0260908731112157e-16,2.506771253700635e-05
113.3,6.6786436421258446e-15,2.103836468149844e-16,3.0920168711686727e-05
113.4,7.305050924335372e-15,2.012293055775945e-16,3.6099263414532734e-05
113.5,8.056716482044027e-15,2.0508814593037226e-16,4.157053116902816e-05
113.6,8.178512398392313e-15,2.18418949255244e-16,4.723572997241004e-05
113.7,8.92898639489097e-15,2.1334433597485773e-16,5.207527274671564e-05
113.8,9.427313046793126e-15,2.1003049595894266e-16,5.675402097036496e-05
113.9,9.422600568487482e-15,2.242116211349124e-16,6.171433695772721e-05
114.0,9.669034191054216e-15,2.26292292505664e-16,6.586599261793924e-05
114.1,1.004072818949252e-14,2.1820425900281094e-16,6.938001412228752e-05
114.2,1.0161155443783137e-14,2.282791975280052e-16,7.310571228068013e-05
114.3,1.0030692479994086e-14,2.375430883725715e-16,7.617594268360023e-05
114.4,1.00256783873817e-14,2.289467270257682e-16,7.82134507781976e-05
114.5,9.895408466174104e-15,2.3157316839971243e-16,8.022973903581943e-05
114.6,9.765266277158912e-15,2.449893979204358e-16,8.181336605705088e-05
114.7,9.635251725187056e-15,2.403464809129623e-16,8.213853933875266e-05
114.8,9.505364715172684e-15,2.3529393785920037e-16,8.209210277759772e-05
114.9,9.250597083398533e-15,2.4804809891728057e-16,8.18262401196614e-05
115.0,9.12102736070514e-15,2.500345527053909e-16,8.029316134355328e-05
115.1,8.492052371417783e-15,2.4009987485880398e-16,7.800652200929552e-05
115.2,8.113345315095767e-15,2.4741074236970702e-16,7.563645117009046e-05
115.3,7.610256446810462e-15,2.5561342163316005e-16,7.220388428041984e-05
115.4,7.23236445316744e-15,2.4531124163650897e-16,6.770846453550657e-05
115.5,6.730214748985018e-15,2.4443710028483644e-16,6.315259198777853e-05
115.6,6.10399395656688e-15,2.5564554932902305e-16,5.7900379334600994e-05
115.7,5.353888511547136e-15,2.4943027226511784e-16,5.144338891477115e-05
115.8,5.102318644024464e-15,2.407548746576749e-16,4.4842756038847794e-05
115.9,4.229076003929851e-15,2.5009624858186805e-16,3.798795380563241e-05
116.0,3.7296723480655514e-15,2.5022733890072056e-16,3.001304847591806e-05
116.1,2.857986116484201e-15,2.369823736172922e-16,2.1752528206259657e-05
116.2,2.1113685726282484e-15,2.4006688102454527e-16,1.3660617163774282e-05
116.3,1.3654967455534865e-15,2.4585261441318655e-16,4.766532130917457e-06
116.4,6.203700762906175e-16,2.3281861529769723e-16,-4.540411483256654e-06
116.5,-2.480239875143236e-16,2.274571651543056e-16,-1.3355768227913213e-05
116.6,-9.916000260735935e-16,2.3544541818957157e-16,-2.2471608678375384e-05
116.7,-1.7344326124823325e-15,2.269707678548941e-16,-3.203589986459495e-05
116.8,-2.476522304205769e-15,2.1424608575194778e-16,-4.093116356901804e-05
116.9,-3.2178696583375762e-15,2.1979719059204443e-16,-4.953611575741377e-05
117.0,-3.8347728806126e-15,2.1799308518417827e-16,-5.847769470538923e-05
117.1,-4.32741803452793e-15,2.0172712558878537e-16,-6.672031580941768e-05
117.2,-4.819569708216094e-15,2.009257869466279e-16,-7.410988352979173e-05
117.3,-5.681779081604077e-15,2.0482716984524453e-16,-8.156157716172588e-05
117.4,-6.1727596762688084e-15,1.9004043424182862e-16,-8.839379108439823e-05
117.5,-7.156821918760579e-15,1.813634486577044e-16,-9.394957580416668e-05
117.6,-7.39990800233261e-15,1.874001863828969e-16,-9.916395648488443e-05
117.7,-7.889289571376853e-15,1.7829534964359272e-16,-0.00010388457383952842
117.8,-8.378180032124772e-15,1.6339531431209725e-16,-0.0001071236441080065
117.9,-8.37399198920669e-15,1.6698976162542662e-16,-0.00010956603107886027
118.0,-8.492891422724688e-15,1.6525679217276862e-16,-0.00011162004232161574
118.1,-9.103765316596233e-15,1.4825117555395218e-16,-0.00011223421747091998
118.2,-9.099214571718962e-15,1.4580514365057178e-16,-0.00011164767510764082
118.3,-9.094666101645382e-15,1.500813800491279e-16,-0.00011070969640127986
118.4,-9.458638279775063e-15,1.360365327044569e-16,-0.00010859393580475638
118.5,-9.331132088965749e-15,1.265371767738445e-16,-0.00010502739592436229
118.6,-9.081034328878446e-15,1.3296848928764595e-16,-0.000101063788809955
118.7,-8.708528935303289e-15,1.2575096251905486e-16,-9.63325799906054e-05
118.8,-8.581581734442599e-15,1.1129535093849338e-16,-9.012980703705313e-05
118.9,-8.087161043746084e-15,1.153880427324679e-16,-8.342630149276567e-05
119.0,-7.715703997862205e-15,1.1624356742324442e-16,-7.641605400316416e-05
119.1,-7.467026566985692e-15,1.0117349475793576e-16,-6.816961725701848e-05
119.2,-6.851548578160634e-15,9.957616266818083e-17,-5.9316302182049944e-05
119.3,-6.236684047657009e-15,1.0659741884487374e-16,-5.057097404294865e-05
119.4,-5.500205722137152e-15,9.580320422482364e-17,-4.105038140404319e-05
119.5,-5.008793523870583e-15,8.789872871953237e-17,-3.088309643417134e-05
119.6,-4.151557356232173e-15,9.692951241333993e-17,-2.1120343125893087e-05
119.7,-3.5392641410575034e-15,9.384651489519884e-17,-1.1186178702057347e-05
119.8,-2.561634275094711e-15,8.200932685258301e-17,-6.911870022312037e-07
119.9,-1.7069025187387245e-15,8.843944580155061e-17,9.252259609767108e-06
120.0,-8.53024640403307e-16,9.36120568939028e-17,1.8736186858766228e-05
120.1,0.0,8.223183762507235e-17,2.8540522104081483e-05
120.2,1.0956497684568283e-15,8.296122990593529e-17,3.778269020272919e-05
120.3,1.946848143121774e-15,9.392702297298778e-17,4.6029136580225485e-05
120.4,3.04042962869637e-15,8.760451170961894e-17,5.421560498118916e-05
120.5,3.768248144401765e-15,8.231493969056974e-17,6.191694302401238e-05
120.6,5.1028164075434716e-15,9.45626892885342e-17,6.828013691182957e-05
120.7,5.828875013811949e-15,9.614351458408436e-17,7.412190221501761e-05
120.8,6.918329049441688e-15,8.7421419900946e-17,7.95774251433334e-05
120.9,7.76406540301921e-15,9.630985518707046e-17,8.359974363551967e-05
121.0,8.730207383247163e-15,1.0566633131158045e-16,8.664930746208618e-05
121.1,9.452996984870407e-15,9.778978101545686e-17,8.937293546166532e-05
121.2,1.0538456860244798e-14,1.0035097105428599e-16,9.081283136530156e-05
121.3,1.1380686910308188e-14,1.1442385743329046e-16,9.094024197655906e-05
121.4,1.1859040456827441e-14,1.1166673705756632e-16,9.072808812294525e-05
121.5,1.2699763305784342e-14,1.0786746610257686e-16,8.957040183867061e-05
121.6,1.3418753011985162e-14,1.2181917593527115e-16,8.695764864023342e-05
121.7,1.4016191497793494e-14,1.2642880832645124e-16,8.391869034007183e-05
121.8,1.4733798178971908e-14,1.1910749658279479e-16,8.036891795496085e-05
121.9,1.532997546233717e-14,1.2841499271044873e-16,7.546498324782358e-05
122.0,1.5925553035830205e-14,1.397924405117859e-16,7.00118731983679e-05
122.1,1.6158767889821263e-14,1.3333560245809215e-16,6.447557828521928e-05
122.2,1.6150690525385738e-14,1.3541895804841384e-16,5.792268498862689e-05
122.3,1.6504019076204044e-14,1.5006714963062164e-16,5.072175989145032e-05
122.4,1.685699035113456e-14,1.4846002821178157e-16,4.376977213992971e-05
122.5,1.6848563962731644e-14,1.4375601416530287e-16,3.631483815514994e-05
122.6,1.6960428513516017e-14,1.5680674615408062e-16,2.8201449399199765e-05
122.7,1.7072177017675548e-14,1.6192285698319452e-16,2.052145853159082e-05
122.8,1.7183809563275702e-14,1.535832626706365e-16,1.2927182741465416e-05
122.9,1.6935006941691158e-14,1.6070034603809546e-16,4.798800203972377e-06
123.0,1.6806495160738137e-14,1.7144020095363476e-16,-2.865140823626447e-06
123.1,1.6558121241996435e-14,1.6396348463254664e-16,-9.897506172835182e-06
123.2,1.5950212212723368e-14,1.6311796277483002e-16,-1.7193801889031427e-05
123.3,1.546277326246545e-14,1.7582198785300564e-16,-2.41104824165746e-05
123.4,1.49758176437585e-14,1.7307432613221292e-16,-2.99988860314701e-05
123.5,1.4369598342337795e-14,1.6527986166854339e-16,-3.576689305010035e-05
123.6,1.3524607777621511e-14,1.7514285760753224e-16,-4.1290066481811504e-05
123.7,1.3158966265866936e-14,1.7862994444570244e-16,-4.560708668342924e-05
123.8,1.231541825468236e-14,1.6739774667741796e-16,-4.9374749095283686e-05
123.9,1.1472710292559933e-14,1.7042512239049209e-16,-5.301017490916555e-05
124.0,1.0869737070676816e-14,1.7870551218006974e-16,-5.549763681643462e-05
124.1,1.0147975853337758e-14,1.687215294804706e-16,-5.705325867987878e-05
124.2,8.83029213992417e-15,1.6356648599974966e-16,-5.851152384027572e-05
124.3,7.752460491009337e-15,1.729327209785066e-16,-5.907869596113972e-05
124.4,7.033331208460528e-15,1.6794084660401752e-16,-5.846741977366163e-05
124.5,6.314918938295559e-15,1.562013827415861e-16,-5.769399097714528e-05
124.6,5.0017738728020546e-15,1.6203786507531712e-16,-5.640474032473244e-05
124.7,3.9280006943439405e-15,1.6332867101365355e-16,-5.3889961864134076e-05
124.8,3.2122122422032082e-15,1.490377704199267e-16,-5.1066514311587414e-05
124.9,1.902581651876577e-15,1.4787292152990298e-16,-4.8120075809567906e-05
125.0,9.508152994168567e-16,1.5369005766947893e-16,-4.4120435461074126e-05
125.1,2.375850026498136e-16,1.415152490883066e-16,-3.963581981766035e-05
125.2,-9.498649593666598e-16,1.3249632414308582e-16,-3.53440426142933e-05
125.3,-1.7801065230005814e-15,1.3898621545332672e-16,-3.0359985140173615e-05
125.4,-2.6095178152491296e-15,1.3254391875695737e-16,-2.4754428572446727e-05
125.5,-3.556654612468464e-15,1.1788908297806578e-16,-1.951637117421525e-05
125.6,-4.265852075603963e-15,1.2070065683847783e-16,-1.4060420074845774e-05
125.7,-4.855902971973921e-15,1.209692375646819e-16,-7.951559994048536e-06
125.8,-5.326985444679499e-15,1.0511102120426957e-16,-2.2249354087579443e-06
125.9,-6.270868860869485e-15,1.0130525963788667e-16,3.233025883723427e-06
126.0,-6.859029890371468e-15,1.0631345712477728e-16,9.230113489003105e-06
126.1,-6.855601232662141e-15,9.395615505293668e-17,1.4961380834379118e-05
126.2,-7.324738032911994e-15,8.318931762016794e-17,2.0027503646341043e-05
126.3,-8.029567861206363e-15,8.888431904135866e-17,2.5372938660703957e-05
126.4,-8.02555408080448e-15,8.326758719213451e-17,3.06348313961149e-05
126.5,-8.375433879149594e-15,6.816002374847578e-17,3.5002812620526955e-05
126.6,-8.489152099231896e-15,7.026668765655534e-17,3.928547604061358e-05
126.7,-8.484908584149456e-15,7.185024639691384e-17,4.3651716660301334e-05
126.8,-8.127306057365283e-15,5.690813311964681e-17,4.709696749105368e-05
126.9,-8.240971585588974e-15,5.2802249934181524e-17,5.0061404109489626e-05
127.0,-7.88384418132828e-15,5.921015988843282e-17,5.318920000161987e-05
127.1,-7.644682252179167e-15,4.9052680661998835e-17,5.555348537697312e-05
127.2,-7.288205749564693e-15,3.89259036919101e-17,5.709831720975946e-05
127.3,-7.049576668610141e-15,4.601606535680256e-17,5.8757059585979895e-05
127.4,-6.224013272504697e-15,4.351585655939477e-17,5.9932232023608295e-05
127.5,-5.868775512962692e-15,3.031867627583533e-17,6.008432034693857e-05
127.6,-5.396574509986426e-15,3.386305527092064e-17,6.017239686154036e-05
127.7,-4.69032773668768e-15,3.883020306917108e-17,6.0090243317492344e-05
127.8,-4.336384422086655e-15,2.6994889776595916e-17,5.896376571243569e-05
127.9,-3.5142298150000007e-15,2.46146995706353e-17,5.751023570639155e-05
128.0,-2.6928960734618182e-15,3.422662470724444e-17,5.6142100141215347e-05
128.1,-1.9894064936381318e-15,2.80958510260353e-17,5.389432685594738e-05
128.2,-1.1696541406033433e-15,2.0264415437160572e-17,5.104498741147984e-05
128.3,-2.3381389194308884e-16,3.0018507133719645e-17,4.841079770056924e-05
128.4,7.010910426569499e-16,3.177538407663153e-17,4.520604667639923e-05
128.5,1.5182712669743616e-15,2.157775328674351e-17,4.1196690581010694e-05
128.6,2.5680977741576485e-15,2.7334343512323308e-17,3.737947642777597e-05
128.7,3.383527606393163e-15,3.627642505742084e-17,3.336961137701707e-05
128.8,4.081526527279836e-15,2.8137825264666035e-17,2.8492127042697167e-05
128.9,5.011940279635588e-15,2.776048427331124e-17,2.3652013193264508e-05
129.0,5.7084258571700304e-15,4.0458587546089134e-17,1.8976738818743244e-05
129.1,6.28777361866309e-15,3.818932503427886e-17,1.3545258596063113e-05
129.2,6.8665407508143415e-15,3.237658991716335e-17,7.926736745647276e-06
129.3,7.677375429635432e-15,4.4175183235504507e-17,2.7311516680203434e-06
129.4,8.371132037926493e-15,4.9445105096943056e-17,-2.9448323634666185e-06
129.5,9.064193144635044e-15,4.1433970717721363e-17,-9.016895014537658e-06
129.6,9.64040975659665e-15,4.8243013743637494e-17,-1.455502792553199e-05
129.7,9.983865121264011e-15,5.976182481354362e-17,-2.018584087731295e-05
129.8,1.0443008131198479e-14,5.392725943049267e-17,-2.632310220857364e-05
129.9,1.0901689618170975e-14,5.3968608801752224e-17,-3.1966852264505495e-05
130.0,1.1243992480607048e-14,6.795520501996795e-17,-3.728493629527232e-05
130.1,1.1701809905698866e-14,6.779449457759084e-17,-4.306379909352962e-05
130.2,1.1927563640718169e-14,6.219030628319876e-17,-4.850196877483478e-05
130.3,1.2384576159287807e-14,7.395179464870284e-17,-5.325415946005983e-05
130.4,1.2609757109097386e-14,8.065700268211415e-17,-5.8251079863363496e-05
130.5,1.27190818230732e-14,7.283661666187717e-17,-6.310248996202682e-05
130.6,1.259715365476574e-14,7.846512669274197e-17,-6.70384699360318e-05
130.7,1.2590856652320159e-14,9.018807441369187e-17,-7.086677286216033e-05
130.8,1.2584562797588803e-14,8.442387134049902e-17,-7.470712753245933e-05
130.9,1.2693669080640395e-14,8.259735500924145e-17,-7.757191934670939e-05
131.0,1.2341305909838542e-14,9.540889530594655e-17,-7.991474345368794e-05
131.1,1.2335136799289782e-14,9.501361240290978e-17,-8.23235701816318e-05
131.2,1.2098522720702385e-14,8.735068497881707e-17,-8.386130741518978e-05
131.3,1.1862142114807153e-14,9.665926873910539e-17,-8.449684304518107e-05
131.4,1.1165559369400296e-14,1.0244914392929121e-16,-8.511680084304854e-05
131.5,1.0699772707438634e-14,9.272207997801249e-17,-8.50901137529965e-05
131.6,1.0234448925717123e-14,9.50861457044421e-17,-8.390756363521674e-05
131.7,9.88452400348155e-15,1.0498156344525981e-16,-8.250497226387417e-05
131.8,9.075430874073411e-15,9.754310291614581e-17,-8.072977933081229e-05
131.9,8.381965612404577e-15,9.217852399173811e-17,-7.773666713948301e-05
132.0,7.80395542530855e-15,1.021313275171867e-16,-7.425122692407367e-05
132.1,6.997107644096963e-15,1.0008624470780674e-16,-7.064166676460462e-05
132.2,6.305713902659326e-15,8.917313297604476e-17,-6.59645196417729e-05
132.3,5.500417600399314e-15,9.479221116480531e-17,-6.053801242560219e-05
132.4,4.581390065863947e-15,9.862163091951328e-17,-5.5152023104831975e-05
132.5,3.663279954727472e-15,8.625685853405901e-17,-4.903264252719119e-05
132.6,2.8605068535810887e-15,8.466285151070988e-17,-4.201041631019256e-05
132.7,1.829809252901164e-15,9.213019451494323e-17,-3.5084275291921e-05
132.8,6.858354663610327e-16,8.277477831047546e-17,-2.7872807118745645e-05
132.9,0.0,7.381806685250372e-17,-1.9777035747495578e-05
133.0,-1.027724960547191e-15,8.083701698798197e-17,-1.1737756261660745e-05
133.1,-2.2826916144691764e-15,7.736304413469867e-17,-3.882032066637113e-06
133.2,-2.9660157201360967e-15,6.372803982457571e-17,4.639127971512544e-06
133.3,-3.7626766053032654e-15,6.622464634544227e-17,1.3191220947281714e-05
133.4,-4.786467301963213e-15,6.882135793701006e-17,2.1162322501052256e-05
133.5,-5.581420444274429e-15,5.488501293600509e-17,2.940161584111992e-05
133.6,-6.147878434839457e-15,5.0458259514146316e-17,3.77421821875579e-05
133.7,-7.0551467845682265e-15,5.665052489397103e-17,4.524450794439404e-05
133.8,-7.847770748574845e-15,4.685246113176713e-17,5.250844342595128e-05
133.9,-8.184884706791402e-15,3.593597598581494e-17,5.986574930375732e-05
134.0,-8.862526061326273e-15,4.1621703647205705e-17,6.629742077206668e-05
134.1,-9.653053230817618e-15,3.852940756613336e-17,7.197520327914147e-05
134.2,-9.988753601596294e-15,2.4204444408692454e-17,7.762344749102428e-05
134.3,-1.0324115943858266e-14,2.554165354506685e-17,8.241473487462959e-05
134.4,-1.088593073531686e-14,2.89530442188678e-17,8.603531465285118e-05
134.5,-1.1107165987348443e-14,1.5764235621981372e-17,8.938991252794532e-05
134.6,-1.1101613792519146e-14,1.0807526523738106e-17,9.206265545913213e-05
134.7,-1.1662190106414447e-14,1.7945583882460742e-17,9.333496400887813e-05
134.8,-1.188269756537541e-14,1.0129024673250282e-17,9.403383967788834e-05
134.9,-1.1763645723571132e-14,-2.555766511269112e-19,9.426388938880214e-05
135.0,-1.1757765370920019e-14,6.4568369681210645e-18,9.309850299159688e-05
135.1,-1.1864886880380599e-14,6.1744993671794424e-18,9.105547056129653e-05
135.2,-1.1746013482472647e-14,-6.3137571096593715e-18,8.872853232083453e-05
135.3,-1.1175712042597146e-14,-3.804119868285066e-18,8.524152892399253e-05
135.4,-1.128295513465359e-14,2.645631220801961e-18,8.066266422878488e-05
135.5,-1.0826222464531799e-14,-7.507494225073124e-18,7.591251425074289e-05
135.6,-1.0257226815395999e-14,-1.0888995968299897e-17,7.041369918302064e-05
135.7,-1.0026778616149351e-14,-9.443247556474728e-19,6.377414741716816e-05
135.8,-9.233537655711666e-15,-4.912256879876646e-18,5.699318993524716e-05
135.9,-8.666182892049308e-15,-1.303800596558215e-17,4.996113177160533e-05
136.0,-8.099393034104996e-15,-3.935016939610539e-18,4.1946634497724355e-05
136.1,-7.87047367345882e-15,-1.4714131271567002e-19,3.376229230889689e-05
136.2,-6.967506343665368e-15,-9.508020939343369e-18,2.5808107802400366e-05
136.3,-6.0654397888626e-15,-4.791628913139657e-18,1.7231230195593444e-05
136.4,-5.725607392187252e-15,5.532840723396653e-18,8.447213182635557e-06
136.5,-4.825059766179039e-15,-7.2174510251242395e-19,2.683898403942647e-07
136.6,-3.813256431096487e-15,-1.8722458155680376e-18,-8.027115807685581e-06
136.7,-2.9145619784094874e-15,1.122562065596948e-17,-1.6519125269519315e-05
136.8,-2.352892549818314e-15,1.1420766891359513e-17,-2.4193747641380402e-05
136.9,-1.2318514463650272e-15,5.800126532338609e-18,-3.142631768191635e-05
137.0,-3.357915476175314e-16,1.721506624005624e-17,-3.875299298266339e-05
137.1,4.474982584142284e-16,2.4860740059127776e-17,-4.522523718458262e-05
137.2,1.2300050543357004e-15,1.831543518004022e-17,-5.075442552442534e-05
137.3,2.1234921731943003e-15,2.4533874144242898e-17,-5.6169396853388195e-05
137.4,2.904378842368408e-15,3.7759461679239656e-17,-6.083727860803639e-05
137.5,3.6844842894547925e-15,3.44568826054143e-17,-6.421989894289875e-05
137.6,4.463809100356184e-15,3.440658371191423e-17,-6.7197608452163e-05
137.7,5.019274972900304e-15,4.9211889444267344e-17,-6.961875011391166e-05
137.8,5.5741844030207434e-15,5.2096588024552143e-17,-7.06385740149909e-05
137.9,6.4628216886723574e-15,4.742032812426885e-17,-7.093838811271618e-05
138.0,7.016452386024219e-15,5.927471944520882e-17,-7.08837362384622e-05
138.1,7.346894800395958e-15,6.88185454723816e-17,-6.955548425105639e-05
138.2,7.899526988720067e-15,6.319478688905724e-17,-6.72460482847129e-05
138.3,8.340399520248622e-15,6.883260249962175e-17,-6.473539521091781e-05
138.4,8.891979053722347e-15,8.269722555905925e-17,-6.128697971154186e-05
138.5,9.109722529895332e-15,8.012896371582289e-17,-5.672772825358481e-05
138.6,9.327246095135352e-15,7.886228113755457e-17,-5.2039310713212715e-05
138.7,9.544549914889713e-15,9.285958731640286e-17,-4.687789472543375e-05
138.8,9.539778832802184e-15,9.600280939377321e-17,-4.066204977955454e-05
138.9,9.645882346539179e-15,8.993145061223104e-17,-3.431123601120204e-05
139.0,9.419427033638196e-15,9.972998784605915e-17,-2.7978725504091122e-05
139.1,9.30395710326703e-15,1.0872457623725306e-16,-2.0848476438814857e-05
139.2,9.299306287516226e-15,1.01812904923539e-16,-1.353499996005803e-05
139.3,8.962705732428042e-15,1.0463474517770992e-16,-6.65757718280681e-06
139.4,8.515843993554661e-15,1.1689062499652637e-16,5.938376557244225e-07
139.5,8.179966857840434e-15,1.1307691259440231e-16,8.065261684391585e-06
139.6,7.623453714525018e-15,1.0873042023301406e-16,1.4830314615994393e-05
139.7,7.398783724775721e-15,1.200116848128193e-16,2.1453926549578004e-05
139.8,6.732838816627428e-15,1.2171384611748064e-16,2.82695946907783e-05
139.9,6.288196304999539e-15,1.127641361661156e-16,3.428754955938337e-05
140.0,5.6234684671889495e-15,1.1896696407925402e-16,3.965774978981134e-05
140.1,5.179821558456339e-15,1.259433024726863e-16,4.509382250086854e-05
140.2,4.296001266102752e-15,1.165156566916873e-16,4.980464130925884e-05
140.3,3.4130632788151657e-15,1.1534548331609743e-16,5.347284816669367e-05
140.4,2.751094494949654e-15,1.2486452025812648e-16,5.698198646754192e-05
140.5,1.759820346580278e-15,1.1901958198112288e-16,5.99483538955243e-05
140.6,9.894041191956785e-16,1.1099367893055701e-16,6.166769515992137e-05
140.7,2.1975767573133011e-16,1.1892752987941415e-16,6.293998920440608e-05
140.8,-5.491195608964904e-16,1.1880607931837494e-16,6.38875772010742e-05
140.9,-1.756304223182556e-15,1.0689438263660435e-16,6.361051601687137e-05
141.0,-2.5234252926978358e-15,1.09462049213118e-16,6.259952374038787e-05
141.1,-2.8511417948306163e-15,1.1456289905683066e-16,6.144487205375587e-05
141.2,-3.945761418830586e-15,1.0316986593271278e-16,5.929987660246908e-05
141.3,-5.0392859843866975e-15,9.86661057149982e-17,5.6210802841640864e-05
141.4,-5.4747467078263915e-15,1.0612359213420884e-16,5.307203654653905e-05
141.5,-6.5664120224421285e-15,9.919379992703359e-17,4.932751007564521e-05
141.6,-7.219442600805191e-15,8.861357539516007e-17,4.457137004590499e-05
141.7,-8.090480300788937e-15,9.431664929505993e-17,3.975807907113406e-05
141.8,-8.5235407243087e-15,9.368206689529889e-17,3.4781679391546715e-05
141.9,-9.50227386758215e-15,8.036745385568134e-17,2.8905237555803393e-05
142.0,-9.93419168459027e-15,8.081739449906121e-17,2.2886315269424263e-05
142.1,-1.0474787689123517e-14,8.560554999818161e-17,1.7105924160692136e-05
142.2,-1.1342014238109988e-14,7.401832018637064e-17,1.0710999620802065e-05
142.3,-1.1881361218146182e-14,6.794927138214133e-17,4.062725597332381e-06
142.4,-1.2093319674248015e-14,7.50548607509365e-17,-2.067492960838218e-06
142.5,-1.2740640716409018e-14,6.898018158467632e-17,-8.400891626885186e-06
142.6,-1.306079178293898e-14,5.790307433885517e-17,-1.5060479783618476e-05
142.7,-1.3271834069697325e-14,6.332926918016693e-17,-2.1088297770361e-05
142.8,-1.3591393249349663e-14,6.426527518244974e-17,-2.6862694681637492e-05
142.9,-1.4019306427409739e-14,5.183627711174326e-17,-3.294401328425756e-05
143.0,-1.3795053587924789e-14,5.2375206821097116e-17,-3.84429568034093e-05
143.1,-1.3788157785225165e-14,5.903084992560749e-17,-4.328023322710925e-05
143.2,-1.3889779330585256e-14,4.9630443996023005e-17,-4.8286306499688664e-05
143.3,-1.4099755492116373e-14,4.4325015474941123e-17,-5.287704765780284e-05
143.4,-1.3659085611113855e-14,5.3250564839283204e-17,-5.6529426373383256e-05
143.5,-1.3543906523223683e-14,5.0245725539947337e-17,-6.0103961334853435e-05
143.6,-1.3428839172566912e-14,4.086316612688291e-17,-6.347460684683768e-05
143.7,-1.3097397566032265e-14,4.7918450973519635e-17,-6.581351467553997e-05
143.8,-1.2658095115584135e-14,5.223178228524015e-17,-6.776568702101216e-05
143.9,-1.2435498117545505e-14,4.2503565384021044e-17,-6.969077296164213e-05
144.0,-1.1996959073180958e-14,4.467548321365035e-17,-7.068150571931778e-05
144.1,-1.1126748608833133e-14,5.449250476745412e-17,-7.09847378018074e-05
144.2,-1.047335051105466e-14,4.8573307542518156e-17,-7.134106591417823e-05
144.3,-1.0144359006252361e-14,4.515240859936242e-17,-7.101304836168345e-05
144.4,-9.276369958873623e-15,5.668574644916989e-17,-6.978025347762584e-05
144.5,-8.624867844881113e-15,5.750009303218982e-17,-6.855659842219825e-05
144.6,-7.758500839998743e-15,5.051615389752882e-17,-6.697830126743248e-05
144.7,-7.32381019482808e-15,5.959857579128093e-17,-6.4420752987353e-05
144.8,-6.243656674899324e-15,6.750339507841688e-17,-6.171844779313514e-05
144.9,-5.272176650302691e-15,6.065961545006803e-17,-5.898309241431853e-05
145.0,-4.409207960336361e-15,6.436902188128235e-17,-5.536311726388308e-05
145.1,-3.5471007059684453e-15,7.70194288370141e-17,-5.138572238474747e-05
145.2,-2.6858542416130005e-15,7.425043078234784e-17,-4.7609696467349075e-05
145.3,-1.9328483881209784e-15,7.22081680587803e-17,-4.3198020640863004e-05
145.4,-7.512875243582738e-16,8.551464368960664e-17,-3.8230410831702145e-05
145.5,1.0727313921305505e-16,8.925446063750579e-17,-3.356202322885876e-05
145.6,8.577561284028508e-16,8.367181343045114e-17,-2.8608651759494568e-05
145.7,1.8218206347731326e-15,9.345349302779018e-17,-2.2988286262306317e-05
145.8,2.8920334534073608e-15,1.0354050706732596e-16,-1.7621240070650767e-05
145.9,3.639999449490232e-15,9.824773131853526e-17,-1.2344679970459197e-05
146.0,4.4942222352047925e-15,1.0195419290612144e-16,-6.429782777808919e-06
146.1,5.561493706193102e-15,1.1567445399240108e-16,-6.143280420552717e-07
146.2,6.3070020309661785e-15,1.143731069066811e-16,4.791203466569882e-06
146.3,7.05176364408206e-15,1.1194547974543996e-16,1.0651008320539617e-05
146.4,7.795779105781841e-15,1.2503486809630022e-16,1.6605613345151748e-05
146.5,8.432310863733929e-15,1.2973335946087767e-16,2.195032557207693e-05
146.6,9.068204301063897e-15,1.236631766799581e-16,2.743605847874089e-05
146.7,9.383565614564711e-15,1.3207703135834636e-16,3.317171152178014e-05
146.8,9.911765629763778e-15,1.4220360784789455e-16,3.824655990883177e-05
146.9,1.0652484930874335e-14,1.3643282186891652e-16,4.3081830502843556e-05
147.0,1.0966574820340046e-14,1.3804255504526664e-16,4.8214868817486944e-05
147.1,1.1386766414339725e-14,1.5065247541202717e-16,5.277403838270838e-05
147.2,1.1806535181502515e-14,1.4878974873276595e-16,5.672706833631819e-05
147.3,1.1906945402000582e-14,1.440353269821676e-16,6.088170641339852e-05
147.4,1.2007252287218118e-14,1.5486133591239701e-16,6.463971326757986e-05
147.5,1.2107455915374562e-14,1.5862525288311263e-16,6.751860336002056e-05
147.6,1.2207556364636979e-14,1.5037514645445998e-16,7.036500288329376e-05
147.7,1.209535451116974e-14,1.5567712972410738e-16,7.30130433513845e-05
147.8,1.219535491001644e-14,1.6415139878899192e-16,7.465956323489285e-05
147.9,1.1977271647914118e-14,1.5645890014616593e-16,7.594996894868575e-05
148.0,1.1441581654619108e-14,1.5452730930358433e-16,7.719097854193444e-05
148.1,1.1118199452258081e-14,1.6456624208707331e-16,7.747868426176312e-05
148.2,1.0795137692301704e-14,1.6099249332037967e-16,7.70756773065615e-05
148.3,1.0366614356049444e-14,1.5295541493653881e-16,7.667234738029483e-05
148.4,9.727058935636418e-15,1.6054648303665045e-16,7.551348589286886e-05
148.5,9.193816370660935e-15,1.6259404681458756e-16,7.340636501110979e-05
148.6,8.661104484412796e-15,1.5168403804084732e-16,7.123240942675494e-05
148.7,8.128922879589927e-15,1.5342231459511146e-16,6.859509667269245e-05
148.8,7.491753504166588e-15,1.5992227894514526e-16,6.490302815700723e-05
148.9,7.066148926334529e-15,1.503681833076886e-16,6.098628267004014e-05
149.0,6.3247314044711495e-15,1.4513114852099658e-16,5.691958344038053e-05
149.1,5.6894128463057326e-15,1.5287121088822638e-16,5.188266371922687e-05
149.2,4.844114206356867e-15,1.4810001700577707e-16,4.64295617658768e-05
149.3,3.9996592321162654e-15,1.374539797161609e-16,4.109041200762109e-05
149.4,3.0508457149698575e-15,1.4244465600094071e-16,3.505147930513568e-05
149.5,2.2081287634998355e-15,1.4360223207954187e-16,2.844584507935167e-05
149.6,1.6815428381624262e-15,1.3114342347469575e-16,2.211933385674391e-05
149.7,5.252194615316163e-16,1.3046286504711403e-16,1.5499881208203025e-05
149.8,-3.1497415046540546e-16,1.3622322113178334e-16,8.273995216020802e-06
149.9,-9.444501082661413e-16,1.2630410567905827e-16,1.3781926391615015e-06
150.0,-1.7830695579140187e-15,1.1933245889691813e-16,-5.3488785346374965e-06
150.1,-2.4111823327986543e-15,1.263151409148797e-16,-1.2567538729206099e-05
150.2,-3.24822992749454e-15,1.2212862379948357e-16,-1.9498939366654848e-05
150.3,-4.084440081328482e-15,1.1087388472792194e-16,-2.5838299928974393e-05
150.4,-4.91981342237472e-15,1.152402077266968e-16,-3.2396602792241096e-05
150.5,-5.440476910382166e-15,1.1760402519562897e-16,-3.8756368866816506e-05
150.6,-5.960618635707226e-15,1.0590266025640378e-16,-4.4220910410032755e-05
150.7,-6.584758973589121e-15,1.05022294937589e-16,-4.951501940567024e-05
150.8,-7.312741574511148e-15,1.1214047679007412e-16,-5.468630723135195e-05
150.9,-7.622332665564156e-15,1.0409792037281269e-16,-5.8830135114340476e-05
151.0,-7.931612415639419e-15,9.759671973579342e-17,-6.237445981093187e-05
151.1,-8.553514516564082e-15,1.0583922786234674e-16,-6.580830692458813e-05
151.2,-8.757756848519791e-15,1.0431023714530007e-16,-6.826244526423877e-05
151.3,-8.753379064632705e-15,9.455309439634464e-17,-6.974290756367181e-05
151.4,-8.957313075497349e-15,1.001602465119946e-16,-7.103695304377866e-05
151.5,-9.056938277256184e-15,1.0549418227497839e-16,-7.154671280815539e-05
151.6,-8.844309539125577e-15,9.6351117358709e-17,-7.085201132801118e-05
151.7,-8.943887177824713e-15,9.685621318888068e-17,-6.98164501171032e-05
151.8,-8.731522948499683e-15,1.0677576383216167e-16,-6.827726068818414e-05
151.9,-8.31157931265135e-15,1.0215042249710716e-16,-6.550591958754877e-05
152.0,-7.995896140702953e-15,9.75624889918332e-17,-6.220395283622764e-05
152.1,-7.888108293356267e-15,1.0822527746980465e-16,-5.869027966728431e-05
152.2,-7.365470144462836e-15,1.1047173739976462e-16,-5.4135117709922914e-05
152.3,-6.843352532039187e-15,1.0326774162598478e-16,-4.8889170073061786e-05
152.4,-6.632661053139086e-15,1.108737820378135e-16,-4.3669777286829503e-05
152.5,-6.42217850307083e-15,1.1979656776874368e-16,-3.7784237398000065e-05
152.6,-5.694245998470654e-15,1.1385071784976457e-16,-3.1145164766269145e-05
152.7,-5.277479617160204e-15,1.161651720938125e-16,-2.4678149353892284e-05
152.8,-4.447415413487169e-15,1.2904326863223924e-16,-1.8030282430903028e-05
152.9,-3.928309440496719e-15,1.2796582476843848e-16,-1.0713423934733572e-05
153.0,-3.2030715547034994e-15,1.2528967684726591e-16,-3.616503809115641e-06
153.1,-2.3752845045999195e-15,1.3806998558576277e-16,3.163649978983013e-06
153.2,-1.8579890811198553e-15,1.437141053222123e-16,1.0365831153214934e-05
153.3,-9.285301593946134e-16,1.3864646190218083e-16,1.737050282322191e-05
153.4,-2.0623689119152092e-16,1.4753130958215311e-16,2.364541357495697e-05
153.5,6.184013955637215e-16,1.5914022908805982e-16,2.996043506122191e-05
153.6,1.5452306803830809e-15,1.5551330544998424e-16,3.6122805674291744e-05
153.7,2.2652054453079863e-15,1.5854599205313947e-16,4.130046162544995e-05
153.8,3.2931972737292027e-15,1.7300509962920226e-16,4.606781105094545e-05
153.9,4.1144388583417466e-15,1.740875926447273e-16,5.0698836197667994e-05
154.0,4.832049029929779e-15,1.718158567451453e-16,5.428193779400298e-05
154.1,5.651698904523741e-15,1.8490602558825206e-16,5.702673146959907e-05
154.2,6.470528126713003e-15,1.9208727939971955e-16,5.9587005188488105e-05
154.3,7.391192767235286e-15,1.8733402517545821e-16,6.121637517967004e-05
154.4,8.105727076015934e-15,1.9545859208701367e-16,6.169543941612829e-05
154.5,8.819545182217048e-15,2.0756860785411056e-16,6.18694234992585e-05
154.6,9.840152385360412e-15,2.041282198328364e-16,6.135927170430674e-05
154.7,1.0552385984532559e-14,2.056316694769417e-16,5.9575686379951646e-05
154.8,1.1161505932331953e-14,2.1928088701922867e-16,5.731869785235548e-05
154.9,1.187236222588346e-14,2.2027163226152528e-16,5.468056382613049e-05
155.0,1.2377911473765404e-14,2.162335909699654e-16,5.0868098357970845e-05
155.1,1.2780706678728942e-14,2.273624480519587e-16,4.6417191263202195e-05
155.2,1.2978707009475068e-14,2.3389261107363266e-16,4.1868717385917956e-05
155.3,1.3482936572449309e-14,2.2739544855080985e-16,3.645196457299151e-05
155.4,1.3782473989004963e-14,2.3258307077352704e-16,3.029780995505356e-05
155.5,1.397966720748865e-14,2.4302562195228675e-16,2.425259033645596e-05
155.6,1.4074669479599923e-14,2.3785329534416306e-16,1.779120408275738e-05
155.7,1.4271512656131067e-14,2.3596201206320814e-16,1.0614832646915123e-05
155.8,1.436626710261226e-14,2.4690062999721405e-16,3.6508821029607e-06
155.9,1.4155410789161462e-14,2.460802007593173e-16,-3.2230958883725937e-06
156.0,1.4250121434573892e-14,2.386868827444029e-16,-1.0638686759380394e-05
156.1,1.4242998154824944e-14,2.461677122600478e-16,-1.7831709807952126e-05
156.2,1.3829139051944878e-14,2.505031395016455e-16,-2.4475617264052814e-05
156.3,1.3415690145750472e-14,2.4104617707239986e-16,-3.134477525153681e-05
156.4,1.3408983977359406e-14,2.4218561815988924e-16,-3.803592921904494e-05
156.5,1.2793086562977388e-14,2.499825436872938e-16,-4.385177802699506e-05
156.6,1.2279283221003119e-14,2.424615779307452e-16,-4.9480786410591914e-05
156.7,1.2070283211335708e-14,2.367144110533938e-16,-5.4978393289531667e-05
156.8,1.1557348335479806e-14,2.4449700633846407e-16,-5.945863060751277e-05
156.9,1.1247582392430918e-14,2.417396291087913e-16,-6.332154324069476e-05
157.0,1.0431728655096082e-14,2.3116035474486037e-16,-6.705352486954481e-05
157.1,9.819144341438638e-15,2.3524062284451014e-16,-6.98162200745239e-05
157.2,9.105992161660597e-15,2.3785484157969207e-16,-7.160209559121284e-05
157.3,8.19129627327519e-15,2.2623697133993607e-16,-7.31843304714713e-05
157.4,7.580742267481441e-15,2.241728429731864e-16,-7.399783911561143e-05
157.5,6.667718502528664e-15,2.3021406312446166e-16,-7.362529550771686e-05
157.6,5.856581176408977e-15,2.2151315562816853e-16,-7.290706838807211e-05
157.7,5.3490283058945765e-15,2.1324306370831268e-16,-7.170434100065472e-05
157.8,4.438482948139333e-15,2.1920882101039324e-16,-6.930538321178483e-05
157.9,3.6296707593135075e-15,2.160379402609335e-16,-6.638414055026468e-05
158.0,2.8216660714410677e-15,2.039652863005511e-16,-6.326631245219434e-05
158.1,2.2159151072573653e-15,2.0624546131121317e-16,-5.914638841219032e-05
158.2,1.0067306484758937e-15,2.0877853255746307e-16,-5.4348972442573964e-05
158.3,3.018682226916047e-16,1.9683076473645757e-16,-4.957724979697925e-05
158.4,-5.028622105124977e-16,1.9335840735864235e-16,-4.416149588929691e-05
158.5,-1.2062660214109027e-15,1.9940641260352155e-16,-3.7994842956660314e-05
158.6,-2.0094383985972042e-15,1.9147655635799887e-16,-3.196957206079433e-05
158.7,-2.410120716643017e-15,1.826535261800255e-16,-2.574578805372395e-05
158.8,-3.1115164451036247e-15,1.8864043837004353e-16,-1.8825509250809934e-05
158.9,-4.213495651024005e-15,1.870157707090089e-16,-1.2052073030593314e-05
159.0,-4.7127453142974026e-15,1.7555063863438555e-16,-5.519297200405531e-06
159.1,-5.111273746008462e-15,1.7804255134231422e-16,1.511593999248235e-06
159.2,-5.409231615463981e-15,1.825386665007706e-16,8.468713669165947e-06
159.3,-5.907132090113959e-15,1.7248429473303365e-16,1.4840379428567858e-05
159.4,-6.004250097292234e-15,1.6976498162144155e-16,2.138894216663171e-05
159.5,-6.4013319708264295e-15,1.7785006740244976e-16,2.7960293399937033e-05
159.6,-6.798015361428804e-15,1.7281098120738695e-16,3.375673210248841e-05
159.7,-6.894538044584261e-15,1.6550559984476404e-16,3.934152015090522e-05
159.8,-6.891091637235606e-15,1.733384516031408e-16,4.500907087102526e-05
159.9,-7.187109863645109e-15,1.7504776202667815e-16,4.988750194093836e-05
160.0,-6.983975062314742e-15,1.6596488753734373e-16,5.417552620019865e-05
160.1,-6.880762748383058e-15,1.7013056286194853e-16,5.8523855461206805e-05
160.2,-6.777651875845504e-15,1.7781396222603346e-16,6.221998382680803e-05
160.3,-6.375777785386241e-15,1.7082636148172897e-16,6.503621278825871e-05
160.4,-6.273018963749632e-15,1.6976050500470706e-16,6.779089964468518e-05
160.5,-5.971317369775673e-15,1.8045652081242348e-16,7.01218410403752e-05
160.6,-5.6699158345120166e-15,1.788289088820953e-16,7.143394105363312e-05
160.7,-5.07054668150917e-15,1.7344072261213055e-16,7.248108773059328e-05
160.8,-4.670520901341431e-15,1.831839410073974e-16,7.334709730366193e-05
160.9,-3.972924446475389e-15,1.8817266076642047e-16,7.32328172919715e-05
161.0,-3.673118094726077e-15,1.813935407958502e-16,7.261672026618575e-05
161.1,-2.9767151308718614e-15,1.8687905042079314e-16,7.200291255426221e-05
161.2,-2.1818332399114606e-15,1.9722081253529783e-16,7.06101894999443e-05
161.3,-1.5859946152546985e-15,1.9280414712887e-16,6.851018765369871e-05
161.4,-1.0898262486123105e-15,1.92749589256034e-16,6.648746747048931e-05
161.5,-9.902558833578033e-17,2.0517426320018038e-16,6.399746012852219e-05
161.6,5.938565275064893e-16,2.0607476448391787e-16,6.068903056724974e-05
161.7,1.1871193469248628e-15,2.0163637882468954e-16,5.7412082631998356e-05
161.8,1.9775432260276503e-15,2.120770757016541e-16,5.4013055801636125e-05
161.9,2.964832052349519e-15,2.190719037059165e-16,4.9821299095562915e-05
162.0,3.753576675363082e-15,2.133415868969787e-16,4.552118489237172e-05
162.1,4.442803053328771e-15,2.186942595680511e-16,4.139717400065816e-05
162.2,5.131339439269266e-15,2.3009246629110543e-16,3.665212086935747e-05
162.3,5.917816627915582e-15,2.2670795774320327e-16,3.1621894725112285e-05
162.4,6.604925279446064e-15,2.259940423724298e-16,2.6955477366445223e-05
162.5,7.192813819205408e-15,2.382638493306071e-16,2.195776434429009e-05
162.6,7.78011296696669e-15,2.398868665914557e-16,1.653123995398863e-05
162.7,8.465256378782693e-15,2.3466337210948943e-16,1.1515722154916838e-05
162.8,8.854560846182102e-15,2.4390590850584237e-16,6.518274905971385e-06
162.9,9.53847848024759e-15,2.510211235765661e-16,1.0440528013733008e-06
163.0,9.631996107686816e-15,2.4459417697683705e-16,-4.102070468697577e-06
163.1,1.0216600577519507e-14,2.4797666968076184e-16,-8.894961907666758e-06
163.2,1.0407868430133252e-14,2.5854394493820373e-16,-1.4080544454726994e-05
163.3,1.0893357579547432e-14,2.544936432769189e-16,-1.910433712503789e-05
163.4,1.0789822962540974e-14,2.5146047726107505e-16,-2.3523718195240273e-05
163.5,1.1470711270444085e-14,2.618458419360934e-16,-2.8120489346351436e-05
163.6,1.1464977348408829e-14,2.6256850213104484e-16,-3.273628128187429e-05
163.7,1.1557188568623251e-14,2.5500683885764313e-16,-3.6627868129069066e-05
163.8,1.1649304735854788e-14,2.61347067957612e-16,-4.0389020839135304e-05
163.9,1.1741325922091384e-14,2.6693598131513614e-16,-4.4293583834004875e-05
164.0,1.1539865781108975e-14,2.5840960714745867e-16,-4.749846723648122e-05
164.1,1.153409729046126e-14,2.58449644023872e-16,-5.0239256517298e-05
164.2,1.1332936231077962e-14,2.6684030973299475e-16,-5.313913278333853e-05
164.3,1.113197340038918e-14,2.610450086152674e-16,-5.54841232123922e-05
164.4,1.0833608573244463e-14,2.5474484930231415e-16,-5.708259250224075e-05
164.5,1.0633090544141652e-14,2.622756961385402e-16,-5.872887174019821e-05
164.6,1.02377652240125e-14,2.6141826154556063e-16,-6.0032041005724265e-05
164.7,9.94028626031052e-15,2.5117724240664894e-16,-6.042449223153298e-05
164.8,9.448291998748832e-15,2.543683377016568e-16,-6.0648234576891975e-05
164.9,8.956787124641249e-15,2.5835140848191197e-16,-6.074089658892106e-05
165.0,8.07654040859491e-15,2.4791319125009445e-16,-5.9916139895036575e-05
165.1,7.488948703371374e-15,2.448185972380712e-16,-5.865729378007453e-05
165.2,6.999152881541869e-15,2.5127762811406826e-16,-5.7418839487594516e-05
165.3,6.218359270977253e-15,2.4425932303910737e-16,-5.541523445808569e-05
165.4,5.535457804764172e-15,2.3536147897625637e-16,-5.2739275507632514e-05
165.5,4.950302265817791e-15,2.4068405045555914e-16,-5.013716556555925e-05
165.6,4.365730352973131e-15,2.3906323235349294e-16,-4.704500672055915e-05
165.7,3.393870692661553e-15,2.2715495517914084e-16,-4.314415199986294e-05
165.8,2.713739345182689e-15,2.2817810366326434e-16,-3.926904198333397e-05
165.9,2.0342871110032405e-15,2.3163295181411615e-16,-3.5238303563120425e-05
166.0,9.682239150910723e-16,2.206614972361125e-16,-3.0417270192544994e-05
166.1,9.677399241413473e-17,2.1588416802687747e-16,-2.5503328581709157e-05
166.2,-4.836280875633042e-16,2.2185524837277346e-16,-2.0753888922057144e-05
166.3,-1.3534817350962857e-15,2.1531329095326762e-16,-1.5402942075462622e-05
166.4,-2.5123524462878405e-15,2.0570445746710547e-16,-9.82595588452265e-06
166.5,-3.0905804111463614e-15,2.1068378484223232e-16,-4.6550656297548294e-06
166.6,-3.8612943839987005e-15,2.1029752700480712e-16,7.851138839209579e-07
166.7,-5.1136575906891875e-15,1.9888645455446421e-16,6.534835815463598e-06
166.8,-5.786152529427758e-15,1.997903351318453e-16,1.1754078890737978e-05
166.9,-6.168810854732353e-15,2.0472740276001933e-16,1.6830690582694216e-05
167.0,-7.129122098446255e-15,1.9535951734377783e-16,2.2198338215046847e-05
167.1,-7.799597739182324e-15,1.9097069979831126e-16,2.7032899668811276e-05
167.2,-8.276914897513558e-15,1.9838065236561923e-16,3.131817897208053e-05
167.3,-8.753752909071096e-15,1.942858971676096e-16,3.575021081502131e-05
167.4,-9.42240613639589e-15,1.858553002895103e-16,3.974011156433122e-05
167.5,-9.705992930654596e-15,1.921110011209234e-16,4.286450920031063e-05
167.6,-1.0373497464371387e-14,1.9452622735760394e-16,4.5879590018860327e-05
167.7,-1.075232356811438e-14,1.8519708214654983e-16,4.8586651962785955e-05
167.8,-1.1226723247921201e-14,1.873689438435291e-16,5.026679579636457e-05
167.9,-1.1317018223501255e-14,1.9504470186405268e-16,5.1520143427858594e-05
168.0,-1.1790656091864984e-14,1.8858690055821406e-16,5.2586746608936975e-05
168.1,-1.2072195462708024e-14,1.857324638984941e-16,5.2648065900074305e-05
168.2,-1.206616087374963e-14,1.954916046199149e-16,5.1978690735336464e-05
168.3,-1.2060129301331518e-14,1.9476699459811797e-16,5.1187123985331384e-05
168.4,-1.2245435676389377e-14,1.8837065674113654e-16,4.958128939955464e-05
168.5,-1.1952455555640198e-14,1.964825035512216e-16,4.7034892340212603e-05
168.6,-1.1755337128523617e-14,2.0218070771298572e-16,4.4355968587480943e-05
168.7,-1.1558412783942494e-14,1.9542950955632108e-16,4.1172701174737465e-05
168.8,-1.145715869961456e-14,1.9911508568088881e-16,3.699748758289769e-05
168.9,-1.0974288570830474e-14,2.095368045551858e-16,3.261759997610592e-05
169.0,-1.0682660116412897e-14,2.0601871347371002e-16,2.8089260953261937e-05
169.1,-1.0200654044613578e-14,2.0458548983669454e-16,2.2706578852431163e-05
169.2,-9.62384162839733e-15,2.162634149499413e-16,1.7025381515734847e-05
169.3,-9.142841261334998e-15,2.1838042437170464e-16,1.1521656618941147e-05
169.4,-8.567129046908472e-15,2.1344290590806333e-16,5.477180461381277e-06
169.5,-7.991990116224511e-15,2.225499692159239e-16,-9.269350685709698e-07
169.6,-7.322328859998794e-15,2.305265649717802e-16,-6.917353196027467e-06
169.7,-6.748382744937967e-15,2.2532427442881693e-16,-1.3013896429822563e-05
169.8,-6.080008470510662e-15,2.2927205004417833e-16,-1.944741475254561e-05
169.9,-5.222395428722497e-15,2.4099039756151076e-16,-2.5350481029272753e-05
170.0,-4.5554486257734794e-15,2.389509058579495e-16,-3.0888562579963605e-05
170.1,-3.5097363420725167e-15,2.3734772784266616e-16,-3.662681909083094e-05
170.2,-2.7494993368599178e-15,2.4913672829132377e-16,-4.1832386961502746e-05
170.3,-1.800495644331413e-15,2.523195985390609e-16,-4.6259518287302546e-05
170.4,-1.1365867083370721e-15,2.470379751546859e-16,-5.063825765750321e-05
170.5,-2.8400463925814153e-16,2.5511753197678824e-16,-5.456208436421068e-05
170.6,6.623462356774115e-16,2.633100956901821e-16,-5.743296831091299e-05
170.7,1.5131774750606975e-15,2.577014811629409e-16,-5.993311862467252e-05
170.8,2.079578978728392e-15,2.598288261865142e-16,-6.208533058241966e-05
170.9,2.7398929102340616e-15,2.7066881331911257e-16,-6.309841947140845e-05
171.0,3.588409849514566e-15,2.6808420156933025e-16,-6.341091329592252e-05
171.1,4.341693165290773e-15,2.643222597857023e-16,-6.346174026605632e-05
171.2,4.811210128865129e-15,2.741286934816092e-16,-6.24822884574152e-05
171.3,5.751708090807966e-15,2.764084983978636e-16,-6.054345359334704e-05
171.4,6.314291934846222e-15,2.6900519529694725e-16,-5.8375591775877686e-05
171.5,6.687919791647714e-15,2.742451750158387e-16,-5.5445479305950054e-05
171.6,7.15532150334921e-15,2.8090333615634326e-16,-5.1438859482011784e-05
171.7,7.810458067890589e-15,2.7337479362355005e-16,-4.7176450293115787e-05
171.8,8.276828141206095e-15,2.7219554214006996e-16,-4.251138583801131e-05
171.9,8.554714310256368e-15,2.806477829056654e-16,-3.683765787577254e-05
172.0,9.020242309199819e-15,2.762437569714924e-16,-3.0844731798950435e-05
172.1,9.203561092791519e-15,2.6917814788374263e-16,-2.4819197933704373e-05
172.2,9.198960462498542e-15,2.758278728723464e-16,-1.8040908726286446e-05
172.3,9.382002175454826e-15,2.762129184301889e-16,-1.0886852803417569e-05
172.4,9.471085470391157e-15,2.6592642710413467e-16,-4.006827548638479e-06
172.5,9.372624862717182e-15,2.6757524405991285e-16,3.2219883498981813e-06
172.6,9.180580927235318e-15,2.720576929715574e-16,1.0826706036932634e-05
172.7,9.363256922605183e-15,2.6224777940504744e-16,1.7963113929808808e-05
172.8,9.077819170425274e-15,2.5749176927931403e-16,2.4971264488436102e-05
172.9,8.605586478090815e-15,2.6332597429678273e-16,3.226042042284098e-05
173.0,8.227315857746001e-15,2.5715140658312865e-16,3.9013406431425835e-05
173.1,8.036312245604317e-15,2.4701914328073285e-16,4.518072153057358e-05
173.2,7.191706072403394e-15,2.507475002458678e-16,5.1425977082121236e-05
173.3,6.9080548408489285e-15,2.496787420764206e-16,5.717284811314621e-05
173.4,6.344769108402963e-15,2.3722342983194177e-16,6.198482956788404e-05
173.5,5.782044794741022e-15,2.36011322730367e-16,6.658325366588399e-05
173.6,5.126669310061845e-15,2.39146357587116e-16,7.07807505625655e-05
173.7,4.471947592262126e-15,2.2820760023254234e-16,7.38658284301863e-05
173.8,3.8178791515003714e-15,2.211467071411366e-16,7.64079387819296e-05
173.9,2.7921736749365755e-15,2.256660534902187e-16,7.865118740986736e-05
174.0,2.0465704871792795e-15,2.192600964336508e-16,7.980010495834117e-05
174.1,1.3946914484416155e-15,2.0776184455998533e-16,8.010869795891684e-05
174.2,6.505306626115607e-16,2.1023042133724702e-16,8.017871479908126e-05
174.3,-2.786594908213015e-16,2.0948936775839276e-16,7.934807918530442e-05
174.4,-8.355605877075676e-16,1.9683385933767885e-16,7.748353848157375e-05
174.5,-1.577492166811499e-15,1.9468614087693503e-16,7.537547219294371e-05
174.6,-2.596923605922889e-15,1.9838506122584178e-16,7.267876151854115e-05
174.7,-3.2445318358516033e-15,1.8837153536188115e-16,6.891256682209854e-05
174.8,-3.706182829065795e-15,1.8104653772241483e-16,6.483883906313771e-05
174.9,-4.630412751058642e-15,1.861574184379154e-16,6.052818121767874e-05
175.0,-5.368593823130371e-15,1.815180792477647e-16,5.529169583213666e-05
175.1,-5.9210043555102926e-15,1.706975218668267e-16,4.965775377919817e-05
175.2,-6.657800167501586e-15,1.7376723640617056e-16,4.409898209058248e-05
175.3,-7.48628111194219e-15,1.75207084452968e-16,3.791818759504142e-05
175.4,-7.852047001189014e-15,1.6430183205003215e-16,3.1273090080691845e-05
175.5,-8.67909957822222e-15,1.6300412321024656e-16,2.491552992203328e-05
175.6,-9.22846926929762e-15,1.6888821229184943e-16,1.8343555371084082e-05
175.7,-9.869526121191453e-15,1.6147746452094612e-16,1.1312152045556161e-05
175.8,-1.0141169953997792e-14,1.55449003172497e-16,4.653886529944701e-06
175.9,-1.0596832483567415e-14,1.6250574916326762e-16,-1.7881122358798698e-06
176.0,-1.0867836314970925e-14,1.610137913994481e-16,-8.581118694834824e-06
176.1,-1.1046512293288061e-14,1.5225956801090923e-16,-1.5031736066538521e-05
176.2,-1.1040990417725347e-14,1.5709635429811145e-16,-2.0898041995474615e-05
176.3,-1.1311358084970552e-14,1.61736037526707e-16,-2.690020909549305e-05
176.4,-1.1305703819612204e-14,1.535696204043431e-16,-3.266522685171489e-05
176.5,-1.1391922725238243e-14,1.5387917380254385e-16,-3.761034801186766e-05
176.6,-1.1294403766760689e-14,1.62491617897748e-16,-4.2398541240152925e-05
176.7,-1.110520093617515e-14,1.5821908550355728e-16,-4.707040408380814e-05
176.8,-1.128311500831388e-14,1.5389671588747517e-16,-5.0856375541457085e-05
176.9,-1.1185788073476551e-14,1.62994227855316e-16,-5.4170495119627384e-05
177.0,-1.0996914666324898e-14,1.646081520532508e-16,-5.744723343428937e-05
177.1,-1.0625036997264431e-14,1.577642560199989e-16,-5.9937811940019544e-05
177.2,-1.0253528365064644e-14,1.6391088742881627e-16,-6.168759830598412e-05
177.3,-9.973892090867793e-15,1.7117859997466862e-16,-6.339844842895793e-05
177.4,-9.511617107344176e-15,1.6521213250033328e-16,-6.454610292380206e-05
177.5,-9.049801791027947e-15,1.664124679393043e-16,-6.479272138559617e-05
177.6,-8.588445797877772e-15,1.7684270708718254e-16,-6.490985316459694e-05
177.7,-8.036228011226569e-15,1.7481302174831697e-16,-6.474118794462529e-05
177.8,-7.393285034410757e-15,1.7116881261964167e-16,-6.366004821014417e-05
177.9,-6.6597533340828715e-15,1.8102834794040448e-16,-6.229374708317171e-05
178.0,-6.018137029085669e-15,1.844640084604502e-16,-6.089728205849872e-05
178.1,-5.37716051591001e-15,1.7826322160800182e-16,-5.873169391458367e-05
178.2,-4.554637803122975e-15,1.8422104308922055e-16,-5.610901363487803e-05
178.3,-3.732936063834134e-15,1.924723631335417e-16,-5.362678232763546e-05
178.4,-3.0940581004782883e-15,1.8711716928308813e-16,-5.064290971083088e-05
178.5,-2.3648617032688933e-15,1.8749056457394795e-16,-4.707290323909149e-05
178.6,-1.3636612892167557e-15,1.9785664012003087e-16,-4.3694940202589786e-05
178.7,-8.177877774008414e-16,1.9628792784786718e-16,-4.0146973066828324e-05
178.8,9.081988730206423e-17,1.9157850698765414e-16,-3.597834840278263e-05
178.9,9.985193757990798e-16,2.0031796596208454e-16,-3.1937541165347e-05
179.0,1.6331240305723131e-15,2.037544339370299e-16,-2.804851966359434e-05
179.1,2.1764102302180157e-15,1.9650929026019888e-16,-2.3627195060635063e-05
179.2,2.8097913004322634e-15,2.0049781600169888e-16,-1.9191585068998254e-05
179.3,3.4425386040645912e-15,2.0793566838716345e-16,-1.515080457394101e-05
179.4,3.98410478053578e-15,2.015493353296039e-16,-1.0784832028009135e-05
179.5,4.7966363859547225e-15,1.994253285537666e-16,-6.245276253144196e-06
179.6,5.5178973339947905e-15,2.0798768726355645e-16,-2.2188176396253606e-06
179.7,5.967199654863954e-15,2.0531343401744746e-16,1.843612546573976e-06
179.8,6.50641832815874e-15,1.9808074852718317e-16,6.1908295400467106e-06
179.9,7.225739924623798e-15,2.0417401898402105e-16,1.0043087341055012e-05
180.0,7.583234355614882e-15,2.061916962667378e-16,1.3620007321247699e-05
180.1,8.120832520910791e-15,1.9667544542840492e-16,1.7494105018952294e-05
180.2,8.567704959562196e-15,1.974808847287266e-16,2.1002885296005036e-05
180.3,8.743704750032684e-15,2.0299463760338123e-16,2.3970540417740034e-05
180.4,9.009622670555283e-15,1.947723097733822e-16,2.712771781035864e-05
180.5,9.36532374464457e-15,1.8948087490158005e-16,3.010714523848774e-05
180.6,9.540654604266524e-15,1.9560548673807688e-16,3.238239777419355e-05
180.7,9.535885469347478e-15,1.9144017712628992e-16,3.4634280637098596e-05
180.8,9.621034932724376e-15,1.815363471560923e-16,3.688732318322088e-05
180.9,9.616225617686966e-15,1.848881209552176e-16,3.8407546614377385e-05
181.0,9.341939677546031e-15,1.856015757088925e-16,3.96335732575434e-05
181.1,9.157706993038675e-15,1.7422691266435524e-16,4.09705748725316e-05
181.2,9.153129284064767e-15,1.72321119665989e-16,4.167854824330717e-05
181.3,9.058862158830352e-15,1.764736754239393e-16,4.183073336689065e-05
181.4,8.606099510419015e-15,1.6725380995794293e-16,4.209765176621408e-05
181.5,8.512195478577733e-15,1.5974228264206494e-16,4.19373622354942e-05
181.6,8.328825909007975e-15,1.643535562714144e-16,4.1037804325417285e-05
181.7,7.787587534597199e-15,1.5982145774892357e-16,4.014787883870074e-05
181.8,7.33635593744278e-15,1.48497392139367e-16,3.9073865310045056e-05
181.9,7.243265643727123e-15,1.5028252721368356e-16,3.720710856832314e-05
182.0,6.435239925477851e-15,1.5096256546782807e-16,3.516843630920584e-05
182.1,5.985354838273133e-15,1.3922134797317448e-16,3.3167170303997944e-05
182.2,5.535917915697278e-15,1.3606464634578794e-16,3.047051435569458e-05
182.3,5.1761731874129576e-15,1.4029129508438055e-16,2.7402656025017722e-05
182.4,4.4599877135629965e-15,1.3168626220113148e-16,2.4520522793763666e-05
182.5,3.655361787231655e-15,1.2360571724889e-16,2.1175247417096508e-05
182.6,3.207981567672105e-15,1.282910893024924e-16,1.7310271563260525e-05
182.7,2.1375853185460932e-15,1.251169270480076e-16,1.3680030329581546e-05
182.8,1.6914091278236954e-15,1.1422468190925747e-16,9.905279213356636e-06
182.9,1.0677244008320157e-15,1.1618357466138902e-16,5.571938060734764e-06
183.0,3.5573022402496937e-16,1.1858664610019103e-16,1.4288592586292794e-06
183.1,-5.333286050577372e-16,1.0836037742014975e-16,-2.522016228869116e-06
183.2,-9.77280346918653e-16,1.0576211779762462e-16,-6.9288630444743275e-06
183.3,-1.687185886255701e-15,1.117654918283482e-16,-1.1248402421189082e-05
183.4,-2.3076265846614345e-15,1.0556261336516648e-16,-1.5091259743671985e-05
183.5,-2.9274465758674536e-15,9.865029880261057e-17,-1.9151124643371803e-05
183.6,-3.3693140091235065e-15,1.0494424753140539e-16,-2.3232265794446847e-05
183.7,-4.076604462310486e-15,1.0466187335533387e-16,-2.6658950121267674e-05
183.8,-4.517454351044967e-15,9.575483963062672e-17,-2.996979377241943e-05
183.9,-4.957862481443131e-15,9.9216291402337e-17,-3.336202581843728e-05
184.0,-5.486318188028222e-15,1.0454672313635211e-16,-3.60542813421798e-05
184.1,-5.837354792971614e-15,9.707218507480491e-17,-3.827389774778163e-05
184.2,-6.0112379616417574e-15,9.608834718034168e-17,-4.054833550949855e-05
184.3,-6.27330220102607e-15,1.0468339253695502e-16,-4.220133067447447e-05
184.4,-6.5351029396178374e-15,1.0168406634083382e-16,-4.308104306706968e-05
184.5,-6.620104261722736e-15,9.662810842526488e-17,-4.3892734551286976e-05
184.6,-6.6167950369670056e-15,1.0492802949925328e-16,-4.4248125503088804e-05
184.7,-6.613487466410068e-15,1.0782721865092808e-16,-4.365583598220076e-05
184.8,-6.610181549225033e-15,1.0115133313537231e-16,-4.279997363679742e-05
184.9,-6.60687728458542e-15,1.0611199210706489e-16,-4.1685201896861905e-05
185.0,-6.339431684798554e-15,1.141578929943649e-16,-3.9616971536366745e-05
185.1,-6.600273709638605e-15,1.0916503397261555e-16,-3.7068532868857944e-05
185.2,-6.245135763137551e-15,1.0928582940135692e-16,-3.443601938602717e-05
185.3,-5.9782669063692186e-15,1.1970870790213685e-16,-3.1016990185107854e-05
185.4,-5.623791548305757e-15,1.191593432774041e-16,-2.6946189062041334e-05
185.5,-5.269669083176625e-15,1.1513175461271792e-16,-2.2904154741374705e-05
185.6,-5.003683161872206e-15,1.2437164253727916e-16,-1.8380409023323583e-05
185.7,-4.737961843244938e-15,1.2932736085688286e-16,-1.3140733932219725e-05
185.8,-4.297112579055975e-15,1.237342155002628e-16,-7.967244603281696e-06
185.9,-3.681398194128006e-15,1.288143348336369e-16,-2.6901127690494573e-06
186.0,-2.978689773199691e-15,1.3806006219176143e-16,3.2193360637606613e-06
186.1,-2.626941882871116e-15,1.340966437814776e-16,9.085552737392074e-06
186.2,-2.012982034186066e-15,1.3377459508485216e-16,1.4681879874991667e-05
186.3,-1.2246809185433536e-15,1.443384216042143e-16,2.0673644567999022e-05
186.4,-4.371674039798878e-16,1.4459412063341108e-16,2.6668271288690574e-05
186.5,8.738977498294338e-17,1.3994198501717266e-16,3.209569304854658e-05
186.6,7.861148191561805e-16,1.4826230958984247e-16,3.756172717947604e-05
186.7,1.6587461488774455e-15,1.5338513286925988e-16,4.305357724499227e-05
186.8,2.3559872917903423e-15,1.4708468647817672e-16,4.780573375427491e-05
186.9,3.0525309533623095e-15,1.5039743104269286e-16,5.218558068241522e-05
187.0,3.748377656677191e-15,1.5893453930977247e-16,5.655177432603508e-05
187.1,4.44352792447016e-15,1.5428566305458793e-16,6.014599387039477e-05
187.2,5.137982279127938e-15,1.5181982517812953e-16,6.298619501453331e-05
187.3,6.005823070828984e-15,1.606949761406722e-16,6.569273981641196e-05
187.4,6.6988001458263585e-15,1.600254524346192e-16,6.771647682190459e-05
187.5,7.217175082935139e-15,1.531099745789196e-16,6.871448142119622e-05
187.6,7.821940551386982e-15,1.5881438689280993e-16,6.938937071300727e-05
187.7,8.42609960214466e-15,1.6253605397332415e-16,6.954736234499186e-05
187.8,8.769181939675072e-15,1.541541055565925e-16,6.857644959163682e-05
187.9,9.285479540393298e-15,1.542984822138027e-16,6.70630797120565e-05
188.0,9.887995584738942e-15,1.6073537014601043e-16,6.521950190669295e-05
188.1,1.04032134976211e-14,1.542081115716657e-16,6.233443206078917e-05
188.2,1.0484663300982748e-14,1.4848529843857513e-16,5.8716271562134865e-05
188.3,1.0912456258196633e-14,1.5455704229428941e-16,5.492495111367113e-05
188.4,1.1253255406401927e-14,1.521009891111396e-16,5.035054853337666e-05
188.5,1.1507190881700958e-14,1.4231780242840204e-16,4.4942935270548736e-05
188.6,1.1674392690200006e-14,1.4482503285216574e-16,3.945878702502694e-05
188.7,1.2014291973737794e-14,1.4671040431531047e-16,3.356504373508075e-05
188.8,1.226745797668184e-14,1.3611684678924427e-16,2.687569563081413e-05
188.9,1.2347673145524224e-14,1.3304503722561556e-16,2.014232357474449e-05
189.0,1.2514109255680015e-14,1.3738233202953484e-16,1.3409888720844307e-05
189.1,1.233533164415784e-14,1.2923348272012335e-16,6.074989098752968e-06
189.2,1.2329165519995264e-14,1.2065395307419216e-16,-1.3132869294269403e-06
189.3,1.2323002478124129e-14,1.2437026632817697e-16,-8.333878847094657e-06
189.4,1.2316842517003681e-14,1.2077658647602853e-16,-1.562739392507117e-05
189.5,1.1966330792154234e-14,1.0894836505648355e-16,-2.2986495830344756e-05
189.6,1.1702212090883688e-14,1.0907148260509084e-16,-2.971929807404701e-05
189.7,1.1524357117262595e-14,1.1003031226349769e-16,-3.631306209427403e-05
189.8,1.1260717355597902e-14,9.836556588873576e-17,-4.294605758313385e-05
189.9,1.0739588172018324e-14,9.328345249221573e-17,-4.883588990254003e-05
190.0,1.0304850931350839e-14,9.679797456526897e-17,-5.4169665624437386e-05
190.1,9.956376467317643e-15,8.856339878042751e-17,-5.944903093499674e-05
190.2,9.179308181089051e-15,7.878566412254247e-17,-6.400737072618575e-05
190.3,8.917484543167896e-15,8.172288095575245e-17,-6.767030048622035e-05
190.4,8.227409460365652e-15,7.867511145278898e-17,-7.111319471649713e-05
190.5,7.538022051899414e-15,6.664412938261516e-17,-7.396118621968117e-05
190.6,6.849321802699271e-15,6.615506337903133e-17,-7.572023312937648e-05
190.7,6.332455647983935e-15,6.799094624142587e-17,-7.704499971211958e-05
190.8,5.473980723532963e-15,5.72082337865773e-17,-7.795004477531507e-05
190.9,4.787338865141666e-15,5.200374087548801e-17,-7.775540550216873e-05
191.0,4.101382109165768e-15,5.645170468263146e-17,-7.691041683878271e-05
191.1,3.245304445136323e-15,4.9972035993906425e-17,-7.581200834412845e-05
191.2,2.390081619954154e-15,4.0845125047926896e-17,-7.378285737109555e-05
191.3,1.791665158390944e-15,4.471242513165391e-17,-7.094353018752183e-05
191.4,1.0232968855614694e-15,4.398173904842754e-17,-6.796386100439166e-05
191.5,1.7046422750158057e-16,3.35817711183239e-17,-6.436000911129448e-05
191.6,-6.815160667692293e-16,3.414093804496244e-17,-5.9895381481937424e-05
191.7,-1.2772038635834188e-15,3.8406340001484153e-17,-5.5331206935351954e-05
191.8,-2.0425046740408074e-15,3.0138368284508137e-17,-5.0516884040089175e-05
191.9,-2.721978235965766e-15,2.6324143813665856e-17,-4.493239004367534e-05
192.0,-3.4007719837979526e-15,3.3014496459563695e-17,-3.92267469931443e-05
192.1,-3.654002424544089e-15,2.961451518894897e-17,-3.363194584042244e-05
192.2,-4.586453430705215e-15,2.238655735912569e-17,-2.7498847057948577e-05
192.3,-4.923728242178854e-15,2.815318215685663e-17,-2.1194276858046343e-05
192.4,-5.345514148026508e-15,3.05807065854533e-17,-1.5277447337707935e-05
192.5,-6.021298193510465e-15,2.262753046630763e-17,-9.16100833079287e-06
192.6,-6.4421114164541166e-15,2.4820662564917265e-17,-2.839299555844669e-06
192.7,-6.862502426788494e-15,3.190261601263582e-17,2.9466582202413914e-06
192.8,-7.028431836534949e-15,2.6501433781703232e-17,8.548992920845752e-06
192.9,-7.363468788133858e-15,2.424229481070779e-17,1.4332623316276551e-05
193.0,-7.444383238089198e-15,3.309422511349503e-17,1.9570538601380005e-05
193.1,-7.440661976862986e-15,3.264191383989127e-17,2.4272692983982146e-05
193.2,-7.605963997979632e-15,2.7111950363531848e-17,2.9051403007725567e-05
193.3,-7.771098899158098e-15,3.4344290963739484e-17,3.3386277408082056e-05
193.4,-7.682788078315156e-15,3.93959361295526e-17,3.6934903565798906e-05
193.5,-7.510179564366348e-15,3.333413763479322e-17,4.037856987996117e-05
193.6,-7.337741696049604e-15,3.6386338784656204e-17,4.3540149250459146e-05
193.7,-7.081174647705529e-15,4.5341827748752666e-17,4.581456089653956e-05
193.8,-6.740604709886667e-15,4.188088727470205e-17,4.7757287860789517e-05
193.9,-6.484588928093143e-15,4.012832820023003e-17,4.957783619139528e-05
194.0,-6.144654070349834e-15,4.987962557317985e-17,5.0573210412685476e-05
194.1,-5.720926174880172e-15,5.1112919242758247e-17,5.101630742532099e-05
194.2,-5.381709578154666e-15,4.5976368715189865e-17,5.144178340911946e-05
194.3,-4.8747363275952576e-15,5.315259677672164e-17,5.1242696726867946e-05
194.4,-4.452273743786443e-15,5.927183267484642e-17,5.033396806300903e-05
194.5,-4.030232298888475e-15,5.362516787513815e-17,4.942637516398684e-05
194.6,-3.524690475629851e-15,5.592074418091958e-17,4.817817452668926e-05
194.7,-3.1035323124638616e-15,6.501360904407473e-17,4.617277584287088e-05
194.8,-2.3474450312747712e-15,6.185289465865941e-17,4.410184366086875e-05
194.9,-1.759703701605648e-15,5.895478991812425e-17,4.198597632988865e-05
195.0,-1.005042325532087e-15,6.781988327750149e-17,3.919736948669571e-05
195.1,-4.185583041577816e-16,6.904086536385893e-17,3.6221019094325667e-05
195.2,1.6733963092670872e-16,6.270419366812787e-17,3.3437821936594705e-05
195.3,1.0035358921512806e-15,6.812825512187003e-17,3.0188749816051706e-05
195.4,1.7553099368460023e-15,7.364439104684099e-17,2.6623760439376374e-05
195.5,2.506332144649653e-15,6.692970804472665e-17,2.3383166707398455e-05
195.6,3.256603079361629e-15,6.697860610836517e-17,1.9965759740096646e-05
195.7,3.755740597880187e-15,7.46988743328751e-17,1.6152180418879158e-05
195.8,4.5880550185196054e-15,7.05397334644808e-17,1.2670197469018758e-05
195.9,5.002648979369074e-15,6.528503604886637e-17,9.32152966010252e-06
196.0,5.750170522122249e-15,7.201579975211217e-17,5.586035992772839e-06
196.1,6.330355185782129e-15,7.21334059387247e-17,2.083337640041074e-06
196.2,7.159715904529635e-15,6.370695953643397e-17,-1.0213319249098204e-06
196.3,7.738613204064215e-15,6.648318676815441e-17,-4.3973112543088856e-06
196.4,8.067422063106242e-15,7.059109735945532e-17,-7.698453233175782e-06
196.5,8.6452834378843e-15,6.221831542367276e-17,-1.0436883016983756e-05
196.6,9.139478907990645e-15,5.951208486953308e-17,-1.3239164602439468e-05
196.7,9.550133506725728e-15,6.544079927676202e-17,-1.6122233803966214e-05
196.8,9.877372142532816e-15,6.012768745100246e-17,-1.8406565201792425e-05
196.9,1.0536127779393016e-14,5.2509416729644905e-17,-2.0497239845525812e-05
197.0,1.0696701363517138e-14,5.710980313826189e-17,-2.2763787053076323e-05
197.1,1.077423306558938e-14,5.633309545256406e-17,-2.4519752834899177e-05
197.2,1.1100196443168552e-14,4.6264271137491025e-17,-2.5833024949131284e-05
197.3,1.1094647732240296e-14,4.688603667772288e-17,-2.7318528785213646e-05
197.4,1.1089101794974035e-14,5.020204449467368e-17,-2.8470089376958742e-05
197.5,1.1248984878191984e-14,4.105358160286634e-17,-2.8997738169302675e-05
197.6,1.1160690013761955e-14,3.6519377595168963e-17,-2.9588044205463405e-05
197.7,1.0907219706639755e-14,4.1565844624058986e-17,-3.0052976683879676e-05
197.8,1.081917831253774e-14,3.6208012455588155e-17,-2.9824639421043685e-05
197.9,1.0731222212381227e-14,2.7494618540170507e-17,-2.9469423667038387e-05
198.0,1.0313324944667572e-14,3.1204512909078473e-17,-2.9167946612078952e-05
198.1,1.0060773501438516e-14,3.0889778152375185e-17,-2.823249800630657e-05
198.2,9.643623701088235e-15,2.0666873411025203e-17,-2.695272406853488e-05
198.3,9.309271364763622e-15,2.0531709962015985e-17,-2.582733280503071e-05
198.4,8.645883882454474e-15,2.4443198924893156e-17,-2.4241042191921364e-05
198.5,8.394660249038099e-15,1.608449143820333e-17,-2.2128794766850316e-05
198.6,7.896907264067053e-15,1.1297567887525996e-17,-2.017011366610125e-05
198.7,7.235213147601937e-15,1.6930357471051565e-17,-1.7995088298978e-05
198.8,6.6563558189500466e-15,1.3097440566212432e-17,-1.5205986182322253e-05
198.9,6.24234770301143e-15,4.8961666646414404e-18,-1.2477460404212787e-05
199.0,5.336181251394975e-15,9.180255497731282e-18,-9.790648161283446e-06
199.1,4.5129732388068115e-15,1.0799582439700892e-17,-6.530677572402627e-06
199.2,4.1006521056500495e-15,2.0004985231806363e-18,-3.18479483620385e-06
199.3,3.1969097878327874e-15,2.580789422636806e-18,-9.435524926412175e-08
199.4,2.376001031848565e-15,8.461566510965542e-18,3.396091023425575e-06
199.5,1.719692410136165e-15,2.3341476113181846e-18,7.115648968348642e-06
199.6,9.821901593467576e-16,-1.3517017537322487e-18,1.04525561563687e-05
199.7,4.908495935101973e-16,6.082288269424655e-18,1.3914667025443845e-05
199.8,-4.906042300594166e-16,5.035159805748777e-18,1.76874654305074e-05
199.9,-1.0624444767293412e-15,-1.410235611394519e-18,2.1052690518796024e-05
200.0,-2.287198064898718e-15,4.490780503363807e-18,2.4223414736048684e-05
200.1,-2.939213252209349e-15,9.035477454238666e-18,2.7682168223399464e-05
200.2,-3.508972015436612e-15,2.6907429292424725e-18,3.079693930571527e-05
200.3,-4.078160427880582e-15,4.845014156041649e-18,3.342099575277033e-05
200.4,-4.891346228822093e-15,1.3410964990784118e-17,3.619247166754157e-05
200.5,-5.459272969843546e-15,1.0264884556992133e-17,3.873415563575954e-05
200.6,-6.1080716593142065e-15,8.319308274958193e-18,4.057499430875377e-05
200.7,-6.674820102973791e-15,1.7915129092052386e-17,4.2325222457014675e-05
200.8,-7.322359968807558e-15,1.9926543545664972e-17,4.396067280245254e-05
200.9,-7.887931903162946e-15,1.5414725292141654e-17,4.481240487587826e-05
201.0,-8.046545395678511e-15,2.2820582988681354e-17,4.528881216966399e-05
201.1,-8.529948772790697e-15,2.99972439701352e-17,4.572024301139561e-05
201.2,-8.769275860597936e-15,2.5767884136046334e-17,4.5422476676583716e-05
201.3,-9.008361549717906e-15,2.8919219915408154e-17,4.448646365975137e-05
201.4,-9.409437706278092e-15,3.935069404411259e-17,4.3502168522588596e-05
201.5,-9.56688475243295e-15,3.8309908645324714e-17,4.1958527938398375e-05
201.6,-9.724172039713263e-15,3.7076797991919763e-17,3.960413050003608e-05
201.7,-9.881299688495889e-15,4.757831801898446e-17,3.712429668724615e-05
201.8,-9.95731404634276e-15,5.135961932016572e-17,3.432342903012177e-05
201.9,-9.871423327810765e-15,4.74834368498316e-17,3.0680434239466214e-05
202.0,-9.866488849869148e-15,5.4884168768576416e-17,2.678835029006628e-05
202.1,-9.699891972344059e-15,6.311514387996192e-17,2.2824009977111002e-05
202.2,-9.614251211653643e-15,5.947509198733104e-17,1.814651011340335e-05
202.3,-9.44794200548392e-15,6.196602556137732e-17,1.3097683302990169e-05
202.4,-9.120374113900126e-15,7.245685809075495e-17,8.182745093805858e-06
202.5,-8.954473207112346e-15,7.179001530705343e-17,2.826027777978393e-06
202.6,-8.788735880809225e-15,6.951155351174441e-17,-2.9683398694397983e-06
202.7,-8.139620217789457e-15,7.89994535756451e-17,-8.499678107751853e-06
202.8,-7.893901382637884e-15,8.2675705078608e-17,-1.4110111991739953e-05
202.9,-7.406896923508387e-15,7.765218473439226e-17,-2.012406247912281e-05
203.0,-7.000846878974324e-15,8.318998143243773e-17,-2.583066194180493e-05
203.1,-6.353913093207978e-15,9.061475759767705e-17,-3.1234269176627486e-05
203.2,-5.948791555403082e-15,8.584389986496436e-17,-3.6886645613459326e-05
203.3,-5.303026778440904e-15,8.595207763778288e-17,-4.2253640520080765e-05
203.4,-4.497288666028721e-15,9.477786756261572e-17,-4.699130653191498e-05
203.5,-4.0134290926456316e-15,9.295225692031746e-17,-5.17147572664494e-05
203.6,-3.449823676537135e-15,8.820015840357873e-17,-5.620418810795519e-05
203.7,-2.806592368719157e-15,9.52128216747217e-17,-5.985410298944524e-05
203.8,-2.0037067309288425e-15,9.746215797011924e-17,-6.316286455442823e-05
203.9,-1.361839487029787e-15,9.015121964935812e-17,-6.627631516186041e-05
204.0,-5.604771272008753e-16,9.26669819522361e-17,-6.84880680971071e-05
204.1,2.4008441086510317e-16,9.819446330385111e-17,-7.003446685723247e-05
204.2,7.998813288840694e-16,9.146089283168717e-17,-7.137890228922938e-05
204.3,1.4390666787386362e-15,8.842069322421113e-17,-7.19047150012347e-05
204.4,1.9177964336701667e-15,9.48013688151749e-17,-7.151677970035865e-05
204.5,2.555783700183916e-15,9.124236095905333e-17,-7.086289876946787e-05
204.6,3.0334760267073376e-15,8.361353169151165e-17,-6.958438621352336e-05
204.7,3.750055378613658e-15,8.775850512469855e-17,-6.728060217127825e-05
204.8,4.226671988063134e-15,8.83479754942196e-17,-6.460322419249674e-05
204.9,4.7028111629922324e-15,7.875887053934677e-17,-6.155115414546264e-05
205.0,5.178473261621542e-15,7.830289071453926e-17,-5.753234526284356e-05
205.1,5.4944006520192175e-15,8.207195321281009e-17,-5.302476123446242e-05
205.2,5.571243328790126e-15,7.373633738803789e-17,-4.838845273174571e-05
205.3,6.125304243756603e-15,6.800283908311799e-17,-4.301019692866333e-05
205.4,6.678809844185629e-15,7.241706258512397e-17,-3.7068628908151446e-05
205.5,6.596001377856885e-15,6.782168539165728e-17,-3.119141103984928e-05
205.6,6.751564543736289e-15,5.81898550345096e-17,-2.492265038427767e-05
205.7,7.224532400935421e-15,6.032903415112045e-17,-1.8102140392218057e-05
205.8,7.300271818284538e-15,6.025954188061839e-17,-1.1460093290587505e-05
205.9,7.138000364436493e-15,4.961138579712977e-17,-4.834423627840906e-06
206.0,7.13443225635563e-15,4.741972007709593e-17,2.217467923432087e-06
206.1,7.13086593188287e-15,5.071181394285785e-17,9.054321214339487e-06
206.2,6.73134020178626e-15,4.2298294551195815e-17,1.5488684466716105e-05
206.3,6.727975372962673e-15,3.5478580085838737e-17,2.211012196952595e-05
206.4,6.724612226132964e-15,3.951035356824439e-17,2.8532139962922244e-05
206.5,6.325883068664798e-15,3.561832372325425e-17,3.425909209254649e-05
206.6,5.848516848904021e-15,2.5827565251503484e-17,3.985202604884727e-05
206.7,5.6876043127352564e-15,2.77206818479048e-17,4.5274537421050635e-05
206.8,5.211031119626704e-15,2.8779261078149746e-17,4.985054906212413e-05
206.9,4.8927640580440654e-15,1.8963475287958113e-17,5.394694104564429e-05
207.0,4.3381855776286246e-15,1.6818778572573432e-17,5.7877038610606427e-05
207.1,3.941833660929673e-15,2.1315144691268135e-17,6.096380808318459e-05
207.2,3.3882823836018212e-15,1.4584852352663514e-17,6.327099792179993e-05
207.3,2.835283534220711e-15,8.378920723366818e-18,6.53668624934622e-05
207.4,2.440273712526512e-15,1.3554153847469183e-17,6.67554233439885e-05
207.5,1.652262306249233e-15,1.1901371959914633e-17,6.717576148206356e-05
207.6,1.0223177600346774e-15,3.5043834439606556e-18,6.728898337695125e-05
207.7,3.930025880473402e-16,6.531444258148966e-18,6.691468734200313e-05
207.8,-2.3568368152227203e-16,1.0035132825229339e-17,6.55392569331689e-05
207.9,-1.1778293456853083e-15,2.4195171561379616e-18,6.373271494402609e-05
208.0,-1.7266195147176784e-15,1.5571963440348438e-18,6.168022505410962e-05
208.1,-2.431747683786616e-15,8.350955171764883e-18,5.876072069253569e-05
208.2,-3.292978992975039e-15,4.417666470412696e-18,5.529834510872477e-05
208.3,-3.7615233314655196e-15,-1.3789483598631015e-19,5.179545995062207e-05
208.4,-4.54290200656015e-15,6.993820554503692e-18,4.7701239306311945e-05
208.5,-5.088638327864211e-15,8.338693080840423e-18,4.301072676971891e-05
208.6,-5.712075524018571e-15,2.0419469918397563e-18,3.840995519001493e-05
208.7,-6.334888167286416e-15,6.670305371758224e-18,3.357847228548525e-05
208.8,-6.800737923445301e-15,1.2959122122716961e-17,2.819276091442763e-05
208.9,-7.344250689848398e-15,7.881364163362183e-18,2.2940380044619327e-05
209.0,-7.652944566738498e-15,8.442229838863066e-18,1.7828634466738468e-05
209.1,-8.117432462194218e-15,1.7431280438146435e-17,1.2315666993683409e-05
209.2,-8.659467292428004e-15,1.6161698641045548e-17,6.909567647288994e-06
209.3,-9.045009750991343e-15,1.3010839012608645e-17,1.9522696067734326e-06
209.4,-9.352229355055502e-15,2.1623390450889743e-17,-3.1555476576303967e-06
209.5,-9.581243269442126e-15,2.5439518959295803e-17,-8.215856553198592e-06
209.6,-9.81002589026965e-15,2.069908678267958e-17,-1.2638317030690239e-05
209.7,-9.960758962157105e-15,2.614553347520224e-17,-1.690392219642462e-05
209.8,-1.0033559357466246e-14,3.428073844094424e-17,-2.1169723349836176e-05
209.9,-1.0028543831773425e-14,3.0836994578556187e-17,-2.4752949080729262e-05
210.0,-1.025663618096584e-14,3.183399651113256e-17,-2.7875183706673724e-05
210.1,-1.0173846196675006e-14,4.189598248044358e-17,-3.099652339403373e-05
210.2,-1.0091136418797075e-14,4.219598969233125e-17,-3.352470780183986e-05
210.3,-9.930921463896144e-15,3.930242343394298e-17,-3.535519377568756e-05
210.4,-9.615771080437433e-15,4.803300449102595e-17,-3.711731056741345e-05
210.5,-9.300933287098352e-15,5.290355580550895e-17,-3.8468854196108755e-05
210.6,-8.986407850115128e-15,4.8341291397033456e-17,-3.900546499802834e-05
210.7,-8.594764227523521e-15,5.312337017554223e-17,-3.934777969878924e-05
210.8,-8.126118302301859e-15,6.156892488357078e-17,-3.949582419677944e-05
210.9,-7.735291674996403e-15,5.830546803965302e-17,-3.8857312919375874e-05
211.0,-7.344853746113772e-15,5.818425192832938e-17,-3.7871684314673805e-05
211.1,-6.800253019716949e-15,6.764070323275962e-17,-3.688059287682782e-05
211.2,-6.333431896976808e-15,6.79474539133559e-17,-3.52698890888467e-05
211.3,-5.789877413940894e-15,6.382473717889595e-17,-3.317837772047009e-05
211.4,-5.324024542940153e-15,7.110028498677534e-17,-3.119615568859511e-05
211.5,-4.241666315700676e-15,7.554442811860349e-17,-2.8860898831132348e-05
211.6,-3.6228847744572654e-15,6.984918464336124e-17,-2.5977014211405983e-05
211.7,-3.158809046363018e-15,7.25979141204013e-17,-2.3222975152034502e-05
211.8,-2.2331627088324347e-15,7.997285385525054e-17,-2.0420931632986774e-05
211.9,-1.693276584299671e-15,7.568049366347689e-17,-1.7101413883857543e-05
212.0,-9.2314372234463e-16,7.327330217374206e-17,-1.3848402970797595e-05
212.1,-3.0756075528573116e-16,8.091002772735569e-17,-1.0822910649083545e-05
212.2,6.14814026693552e-16,8.016781280228944e-17,-7.418769344696408e-06
212.3,1.3058267301031968e-15,7.394035201432134e-17,-3.970030269384798e-06
212.4,2.0729233799035708e-15,7.891799859440151e-17,-9.372751411764463e-07
212.5,2.8392527985028466e-15,8.225581717630678e-17,2.247362461237554e-06
212.6,3.5281173578310367e-15,7.498645610480156e-17,5.585271572344681e-06
212.7,4.0629727874988e-15,7.532750595461281e-17,8.438619422734455e-06
212.8,4.903778788096016e-15,8.132652212674612e-17,1.1173315202427462e-05
212.9,5.743743177623634e-15,7.595560121461082e-17,1.4118733153156294e-05
213.0,6.123596825475278e-15,7.136856695791808e-17,1.6631403446726714e-05
213.1,6.656082674218237e-15,7.734121067229839e-17,1.8768748699741456e-05
213.2,7.264503093695598e-15,7.592649757615847e-17,2.1090433125648143e-05
213.3,7.719453123748331e-15,6.812999234558727e-17,2.31208498431039e-05
213.4,8.021162455500158e-15,7.131992301721411e-17,2.458922852834036e-05
213.5,8.627983572122106e-15,7.412416948669502e-17,2.6125234193442015e-05
213.6,9.005249006382328e-15,6.603058256812136e-17,2.754861000882994e-05
213.7,9.305857592342513e-15,6.471910335922713e-17,2.8332925811730362e-05
213.8,9.453684610627066e-15,7.01485377531688e-17,2.8999793048602473e-05
213.9,9.753764077249444e-15,6.472294971598857e-17,2.9710689575024386e-05
214.0,9.748888414228152e-15,5.905500727271965e-17,2.9828015418317586e-05
214.1,9.820140307088617e-15,6.441775516952823e-17,2.96190477227028e-05
214.2,9.815231464248049e-15,6.350391558306253e-17,2.9539716743921666e-05
214.3,9.886374106806215e-15,5.545489035633496e-17,2.9017440558262404e-05
214.4,9.57738808902537e-15,5.811923946991509e-17,2.799116608055777e-05
214.5,9.572600591954864e-15,6.17125870754833e-17,2.708372821482273e-05
214.6,9.340010357367069e-15,5.429776467081538e-17,2.594646292417442e-05
214.7,8.955856091873368e-15,5.2821839530562646e-17,2.4208565985460626e-05
214.8,8.87552013665574e-15,5.910952984762069e-17,2.2487554576500472e-05
214.9,8.567798580343657e-15,5.517065311942944e-17,2.075621571792562e-05
215.0,7.881465824711353e-15,4.996821339235102e-17,1.8439662197709428e-05
215.1,7.650289747679066e-15,5.613000604513898e-17,1.5981047570442755e-05
215.2,7.040804920600831e-15,5.716070986327329e-17,1.3683829040792568e-05
215.3,6.431927514387426e-15,5.0331766612682405e-17,1.093213624472114e-05
215.4,5.823657074064867e-15,5.377566875162441e-17,7.875690481661737e-06
215.5,5.140399041412062e-15,5.937250828745359e-17,5.067132858469697e-06
215.6,4.760047904603704e-15,5.389591955643647e-17,2.024610135669242e-06
215.7,4.002483003247404e-15,5.33922945389501e-17,-1.4319176950282519e-06
215.8,3.245674288015653e-15,6.14894468599284e-17,-4.650071981277851e-06
215.9,2.640507325068982e-15,5.999523367989257e-17,-7.839523818674314e-06
216.0,1.809728503827332e-15,5.61701915646902e-17,-1.1454000230825678e-05
216.1,1.1305149160961147e-15,6.384421186486028e-17,-1.491730991940616e-05
216.2,4.519799199715528e-16,6.748969144765907e-17,-1.8104035669301868e-05
216.3,-7.529233108327364e-17,6.257312595223961e-17,-2.1609174243921886e-05
216.4,-9.0305633193246e-16,6.730512184128826e-17,-2.508648682490873e-05
216.5,-1.5043415277162067e-15,7.53122255279357e-17,-2.8105316157621102e-05
216.6,-2.2553843174455544e-15,7.221518614767766e-17,-3.123042993534241e-05
216.7,-2.8553920824063276e-15,7.297047551065336e-17,-3.4434876128071204e-05
216.8,-3.4547994260148445e-15,8.29532237133902e-17,-3.709714334376809e-05
216.9,-4.053606798615417e-15,8.395907156124705e-17,-3.958925246819292e-05
217.0,-4.726843918804607e-15,8.147908839004684e-17,-4.2204243493080656e-05
217.1,-5.174431667373872e-15,9.039419027091733e-17,-4.4297096932982745e-05
217.2,-5.546616482166527e-15,9.62892845943936e-17,-4.593903660560761e-05
217.3,-6.143178339259878e-15,9.288969542865206e-17,-4.7655687022857214e-05
217.4,-6.589383677702958e-15,9.831881050394087e-17,-4.8952698988942e-05
217.5,-6.960299457661157e-15,1.0795682835163802e-16,-4.957719026503444e-05
217.6,-7.256038249989275e-15,1.0641419665916651e-16,-5.013683095183207e-05
217.7,-7.551479638242365e-15,1.0746473375054317e-16,-5.042107949458776e-05
217.8,-7.622434593113775e-15,1.1819409566620482e-16,-4.99210493646198e-05
217.9,-7.768009119216932e-15,1.2056226344637993e-16,-4.915518359423048e-05
218.0,-7.913436202525433e-15,1.1824400255754496e-16,-4.825246324846533e-05
218.1,-8.058715954069776e-15,1.2701031316938423e-16,-4.6588746320084734e-05
218.2,-8.129268044035333e-15,1.336980974308803e-16,-4.444918984540936e-05
218.3,-7.976118106259316e-15,1.3038514351615446e-16,-4.226570358566081e-05
218.4,-7.674107453622846e-15,1.3492477162342236e-16,-3.9473316107086815e-05
218.5,-7.446865397086999e-15,1.4451207151887627e-16,-3.604717878295178e-05
218.6,-7.219848608238761e-15,1.4293545792219978e-16,-3.2603846500617885e-05
218.7,-6.993056918648871e-15,1.4263572062085478e-16,-2.879726527425491e-05
218.8,-6.76649016000016e-15,1.5231499987373277e-16,-2.430434885180186e-05
218.9,-6.4658282985865016e-15,1.543142376496407e-16,-1.9759382327350384e-05
219.0,-5.868334473677628e-15,1.5049188834365128e-16,-1.5135956257272582e-05
219.1,-5.4199275431621025e-15,1.5735542881701626e-16,-9.909330624481766e-06
219.2,-5.046175910414552e-15,1.6313104185159002e-16,-4.56220727064195e-06
219.3,-4.45028245864078e-15,1.5833479703078758e-16,5.985283335933386e-07
219.4,-3.780849192563455e-15,1.6037845910273022e-16,6.1452820151308165e-06
219.5,-3.4084730404460778e-15,1.6831113392601253e-16,1.1872107838050822e-05
219.6,-2.814287624711552e-15,1.6529992985240115e-16,1.7216285567053056e-05
219.7,-1.998625854760952e-15,1.6235854493292878e-16,2.262995790093323e-05
219.8,-1.4057373718808609e-15,1.6969913484454015e-16,2.823100885003673e-05
219.9,-7.394919362541103e-16,1.7019730563637695e-16,3.334838480716594e-05
220.0,7.39122282707071e-17,1.6389150909885822e-16,3.817946423659643e-05
220.1,8.12628095334667e-16,1.678659767326998e-16,4.3122893544077615e-05
220.2,1.4029287067384634e-15,1.7187318071355633e-16,4.757651717001841e-05
220.3,2.4354476202539274e-15,1.64989837898091e-16,5.1419932486001436e-05
220.4,3.171875716225239e-15,1.6400387339218228e-16,5.521241463004124e-05
220.5,3.686383924169208e-15,1.6978285834999802e-16,5.857927572718946e-05
220.6,4.347758607655422e-15,1.650525433967588e-16,6.110892929305403e-05
220.7,5.1557791359518606e-15,1.5929732172345162e-16,6.335848369010522e-05
220.8,5.668522079823765e-15,1.6411788631113399e-16,6.527751239586092e-05
220.9,6.3279118615827125e-15,1.6311541371135668e-16,6.627259599486268e-05
221.0,7.427902538923465e-15,1.5453889706119037e-16,6.673925047679578e-05
221.1,7.86523047733286e-15,1.558561463525839e-16,6.696034503786445e-05
221.2,8.228649258405856e-15,1.5839121077424422e-16,6.632276817244237e-05
221.3,8.958869530238759e-15,1.4991490332758294e-16,6.494915440249294e-05
221.4,9.541564409581494e-15,1.4643653642204482e-16,6.337516661547201e-05
221.5,9.756874700332117e-15,1.5063801490355981e-16,6.11381700900673e-05
221.6,1.0338583797118153e-14,1.4496739675481928e-16,5.805578066069882e-05
221.7,1.091970889221102e-14,1.3730164892818105e-16,5.476920485477564e-05
221.8,1.1207250413306458e-14,1.4051288672639087e-16,5.109733219660139e-05
221.9,1.13480749624821e-14,1.390911070039126e-16,4.660843224956112e-05
222.0,1.1854639868453948e-14,1.2950796308299666e-16,4.187618284394834e-05
222.1,1.1994994450227488e-14,1.2941870616655274e-16,3.705645443275539e-05
222.2,1.2208309399421821e-14,1.3181518898944686e-16,3.1595608729893733e-05
222.3,1.242140808973713e-14,1.232987478042196e-16,2.5848557228040115e-05
222.4,1.2561260102087286e-14,1.1892736878954025e-16,2.0272328485285693e-05
222.5,1.2408992890281722e-14,1.2311587850748206e-16,1.4354388471439133e-05
222.6,1.2329832356792192e-14,1.182182082846045e-16,8.142664224111964e-06
222.7,1.2396590099820237e-14,1.1041966303997275e-16,2.2776713756114026e-06
222.8,1.2317508687297117e-14,1.136893387389267e-16,-3.5596124903504967e-06
222.9,1.1947110304563417e-14,1.1352486258103458e-16,-9.630066054574678e-06
223.0,1.1649890968342495e-14,1.0468926114762251e-16,-1.5277267683324525e-05
223.1,1.135296579188072e-14,1.048410399122094e-16,-2.0528161057491004e-05
223.2,1.0692639339722724e-14,1.0867951456368066e-16,-2.5868621257722895e-05
223.3,1.0396483625623375e-14,1.0177478189094224e-16,-3.0798194852949e-05
223.4,1.0100621321387893e-14,9.807843118811992e-17,-3.5035222564143065e-05
223.5,9.441902125915684e-15,1.0368757268301909e-16,-3.9145651646214906e-05
223.6,9.074213802782511e-15,1.010184123209592e-16,-4.291445497262668e-05
223.7,8.561775871490565e-15,9.451877526772072e-17,-4.582217161571136e-05
223.8,7.832284523632485e-15,9.910123753011551e-17,-4.83500656875585e-05
223.9,7.320975049856958e-15,1.0140693017065326e-16,-5.062063156882799e-05
224.0,6.66527746447257e-15,9.454117831404675e-17,-5.2015599277250575e-05
224.1,5.865408677822339e-15,9.597000259790328e-17,-5.279341703098416e-05
224.2,5.283466661447224e-15,1.0213748405346405e-16,-5.33752179776883e-05
224.3,4.41274466979214e-15,9.772833081660008e-17,-5.321285663493616e-05
224.4,3.7598036089481504e-15,9.545675274994731e-17,-5.226910579599677e-05
224.5,3.1797819959576067e-15,1.0300312033375089e-16,-5.1145243972984236e-05
224.6,2.4558760245556543e-15,1.0305434906441485e-16,-4.951537505615066e-05
224.7,1.5883019016614082e-15,9.828708716659574e-17,-4.705912088745696e-05
224.8,8.659134268446706e-16,1.0437926649925738e-16,-4.4392895370227286e-05
224.9,7.212338152936576e-17,1.0924218020831898e-16,-4.150609677267003e-05
225.0,-5.766986308201711e-16,1.0441279061700046e-16,-3.7889149510849863e-05
225.1,-1.2969232955551729e-15,1.0700441939777493e-16,-3.400766211273177e-05
225.2,-2.0884430491043308e-15,1.1520409345904067e-16,-3.0174233258111776e-05
225.3,-2.5192747620933776e-15,1.1297720461011247e-16,-2.5838653507004945e-05
225.4,-3.1655051240298487e-15,1.116975178454219e-16,-2.1194294283851784e-05
225.5,-3.739181452015495e-15,1.2055050849445525e-16,-1.6797110218868468e-05
225.6,-4.31228345608763e-15,1.226392153510899e-16,-1.2217319837017426e-05
225.7,-4.7411406386357095e-15,1.1886573861979427e-16,-7.331897270452855e-06
225.8,-5.241367549133262e-15,1.2552492555107455e-16,-2.7941303796959674e-06
225.9,-5.741093173063515e-15,1.3193410372842796e-16,1.5773650651509706e-06
226.0,-6.168590094793592e-15,1.2818119461045716e-16,6.177774976107477e-06
226.1,-6.452274318165482e-15,1.3083977705331978e-16,1.0428882395764398e-05
226.2,-6.664017286986493e-15,1.3985822790194065e-16,1.4205111245699056e-05
226.3,-6.947167234268983e-15,1.3865118666056456e-16,1.805460734740494e-05
226.4,-7.230032437208318e-15,1.371461334012601e-16,2.162598313095522e-05
226.5,-7.297967020876261e-15,1.459195693264743e-16,2.4514436926897253e-05
226.6,-7.294318949459679e-15,1.4868987256292958e-16,2.726101292811388e-05
226.7,-7.147718334924386e-15,1.445971167744042e-16,2.983098574150068e-05
226.8,-7.21558682276355e-15,1.503959921942856e-16,3.164711490748189e-05
226.9,-6.997762705472486e-15,1.5689238687413293e-16,3.308758800177773e-05
227.0,-6.708784506910878e-15,1.5282799555287075e-16,3.4438080127927e-05
227.1,-6.634096581274081e-15,1.5409883864160081e-16,3.510538501745967e-05
227.2,-6.274286794252091e-15,1.624177067512917e-16,3.519700049454796e-05
227.3,-5.9860981425096556e-15,1.6085795501566161e-16,3.523619844523188e-05
227.4,-5.698196039596166e-15,1.5781386293051121e-16,3.4776656498030065e-05
227.5,-5.054621042687306e-15,1.6514655771860145e-16,3.3625211414673756e-05
227.6,-4.554000553364102e-15,1.6735221551284628e-16,3.239669832207388e-05
227.7,-4.338362054012503e-15,1.6183818392836378e-16,3.09157040832781e-05
227.8,-3.554256897697034e-15,1.656286295629095e-16,2.874429677947362e-05
227.9,-3.1261825878415095e-15,1.7111935411080084e-16,2.6420158387221457e-05
228.0,-2.5565071804816027e-15,1.6585028346265396e-16,2.4089462955330626e-05
228.1,-1.987400524978948e-15,1.6487796691186066e-16,2.1195205707359258e-05
228.2,-1.418862195071518e-15,1.7163633624764735e-16,1.8053035106548244e-05
228.3,-7.799841177162104e-16,1.6902587322723636e-16,1.5093790554841533e-05
228.4,-2.126166063106689e-16,1.6386116222475598e-16,1.180135108180943e-05
228.5,7.083677486005347e-16,1.6916498558523518e-16,8.187909898983947e-06
228.6,1.4868286718406393e-15,1.7035230773919633e-16,4.854422789647159e-06
228.7,1.9814472577697746e-15,1.631473012269832e-16,1.4748293909891083e-06
228.8,2.6877627752735655e-15,1.646930416200563e-16,-2.2382757166846036e-06
228.9,3.2519811729161374e-15,1.690214681848062e-16,-5.674571877400487e-06
229.0,3.74497491748387e-15,1.62608557883448e-16,-8.873608298618832e-06
229.1,4.449348727893319e-15,1.5951916354557977e-16,-1.2335170800561211e-05
229.2,5.082428125263178e-15,1.6486882700909528e-16,-1.5602370881788704e-05
229.3,5.503211508598039e-15,1.6156832672034262e-16,-1.8411684626862462e-05
229.4,5.994091669276874e-15,1.5477733412036244e-16,-2.13296895265365e-05
229.5,6.766413597265505e-15,1.5852685900167045e-16,-2.4173118184018006e-05
229.6,7.256168930428595e-15,1.5930381521362548e-16,-2.6443539019823402e-05
229.7,7.46378083301296e-15,1.5120108933121654e-16,-2.861137998964054e-05
229.8,8.234205994560271e-15,1.5127507144559773e-16,-3.0811777204549674e-05
229.9,8.441117867350991e-15,1.552499891531097e-16,-3.2445493734377484e-05
230.0,8.788435795188766e-15,1.4868468457326592e-16,-3.375210514429935e-05
230.1,9.065132041283777e-15,1.4454240821606528e-16,-3.514262646138018e-05
230.2,9.271312250267339e-15,1.4953591313916302e-16,-3.607990624451512e-05
230.3,9.407081961239822e-15,1.4674252553540313e-16,-3.6503697792103294e-05
230.4,9.332212584038426e-15,1.3961452376518157e-16,-3.698329634104219e-05
230.5,9.46781151842563e-15,1.430299633365038e-16,-3.719017389893503e-05
230.6,9.463078795945636e-15,1.446690564149118e-16,-3.678005490644123e-05
230.7,9.388286598944757e-15,1.3708621262512484e-16,-3.632075341947207e-05
230.8,9.383593628985544e-15,1.3707160621123075e-16,-3.5781978341194714e-05
230.9,9.378903004924788e-15,1.420511900335592e-16,-3.4631344764601634e-05
231.0,9.024430594037972e-15,1.368162020693425e-16,-3.3277680797371494e-05
231.1,8.810153936685705e-15,1.3306785366289132e-16,-3.1996883343492926e-05
231.2,8.526202342999809e-15,1.390189200481756e-16,-3.021758230111743e-05
231.3,8.032976519294995e-15,1.3808490555122642e-16,-2.8077967714486248e-05
231.4,7.679875772599207e-15,1.3200895416655262e-16,-2.608434839315407e-05
231.5,7.327126031149339e-15,1.3632700156195772e-16,-2.3787051853131477e-05
231.6,6.974727032258942e-15,1.4000744294330812e-16,-2.1018536034201236e-05
231.7,6.4832537026077145e-15,1.3413074419632782e-16,-1.837715215096758e-05
231.8,6.20130265437095e-15,1.3506460835615903e-16,-1.5662412099650523e-05
231.9,5.571418227485321e-15,1.4193304988303354e-16,-1.245185885116495e-05
232.0,4.942161978030985e-15,1.3892357361066325e-16,-9.273337432164258e-06
232.1,4.45267967523089e-15,1.3637808118886425e-16,-6.234406231095096e-06
232.2,3.8941471553997956e-15,1.4391128136727213e-16,-2.779899897335524e-06
232.3,3.2666683342846517e-15,1.4542426226063675e-16,7.745782225679868e-07
232.4,2.5703470236206627e-15,1.4091862297531064e-16,4.039486576417024e-06
232.5,1.9441551566963043e-15,1.4644577707880073e-16,7.543400408711567e-06
232.6,1.3185886828514358e-15,1.5237307094713763e-16,1.1264813941682138e-05
232.7,6.242824199871134e-16,1.484226554163107e-16,1.4635904935850924e-05
232.8,0.0,1.5035519631859278e-16,1.8006776524424023e-05
232.9,-6.929538328936835e-16,1.5900054023428293e-16,2.1649684129363513e-05
233.0,-1.4544756294222652e-15,1.580857874510293e-16,2.4971093907920802e-05
233.1,-2.0767836762667287e-15,1.564866643309235e-16,2.8040522880378212e-05
233.2,-2.6984692071782824e-15,1.6509631544006335e-16,3.134205002004944e-05
233.3,-3.3886896200392177e-15,1.6850139871319194e-16,3.4415661157069415e-05
233.4,-4.0090969495346756e-15,1.650165890005048e-16,3.70264014641743e-05
233.5,-4.69797098868481e-15,1.7102695717447632e-16,3.9729903373045374e-05
233.6,-5.248048777437683e-15,1.7837557947010986e-16,4.2321680987188945e-05
233.7,-5.7285566966117966e-15,1.755287914674934e-16,4.432336555979188e-05
233.8,-6.277567171246396e-15,1.7749274054931905e-16,4.6202962528987336e-05
233.9,-6.55022825671935e-15,1.867623926341214e-16,4.8062908537736934e-05
234.0,-7.0982764000737574e-15,1.868113604032883e-16,4.931058456749567e-05
234.1,-7.301370716457313e-15,1.8499542948237598e-16,5.019285551164996e-05
234.2,-7.710799487596726e-15,1.9338436477291993e-16,5.1086177048899994e-05
234.3,-8.119817107874863e-15,1.9735658477073108e-16,5.1445277163139525e-05
234.4,-8.184535826113066e-15,1.9355918162374288e-16,5.122535781477081e-05
234.5,-8.524160739966098e-15,1.985712816523374e-16,5.096942553529462e-05
234.6,-8.519899724938642e-15,2.0579825042590137e-16,5.032899933661278e-05
234.7,-8.652989885690779e-15,2.026011658373109e-16,4.8979788480327375e-05
234.8,-8.785944860638902e-15,2.0309120272833522e-16,4.7479658335703616e-05
234.9,-8.781552986268673e-15,2.1140788529893229e-16,4.577306352595876e-05
235.0,-8.914306483963093e-15,2.1094382056998929e-16,4.334770598632146e-05
235.1,-8.841313133709702e-15,2.0747147381822666e-16,4.062282011876718e-05
235.2,-8.76839053109861e-15,2.1410537431908306e-16,3.7852297413132245e-05
235.3,-8.490132199458622e-15,2.1720326583413594e-16,3.4481139518841295e-05
235.4,-8.417453612235269e-15,2.1181630343961135e-16,3.067732518806957e-05
235.5,-8.27644519048534e-15,2.145124112969327e-16,2.693672420111745e-05
235.6,-7.793744729414553e-15,2.2030462728950734e-16,2.2820259967660102e-05
235.7,-7.44818879465359e-15,2.1558889240161413e-16,1.8203926308972294e-05
235.8,-7.1029763819905485e-15,2.1347351477384024e-16,1.369296708189151e-05
235.9,-6.758107234335005e-15,2.1969445675119914e-16,9.091904996735622e-06
236.0,-6.2771219225386145e-15,2.177234601908266e-16,4.026722092850554e-06
236.1,-5.72842030729667e-15,2.1171959343707006e-16,-9.490684961464838e-07
236.2,-5.316588469285072e-15,2.157110537375618e-16,-5.7263373523011495e-06
236.3,-4.5645303365049636e-15,2.171655675760685e-16,-1.0816788032958884e-05
236.4,-4.0175025353233926e-15,2.0958385504453282e-16,-1.5863976328514644e-05
236.5,-3.471020484646658e-15,2.093849981445635e-16,-2.0477116190180673e-05
236.6,-2.8570585714667226e-15,2.1324459985184021e-16,-2.515490019541906e-05
236.7,-2.243709599413697e-15,2.067707735732589e-16,-2.9827904261300093e-05
236.8,-1.6989303219931452e-15,2.0193136071626515e-16,-3.392466027952491e-05
236.9,-1.1546951270308732e-15,2.059824364052151e-16,-3.77844174473043e-05
237.0,-4.75225027438904e-16,2.0265316264727988e-16,-4.1635283339250415e-05
237.1,1.3571070694811822e-16,1.9445609994221727e-16,-4.487660767536785e-05
237.2,6.103929085004503e-16,1.961445683019617e-16,-4.75873875466404e-05
237.3,1.4235381727760632e-15,1.9641044722464156e-16,-5.0222401957874694e-05
237.4,2.0326094022889906e-15,1.8730560323295735e-16,-5.231239599432212e-05
237.5,2.3701922435586276e-15,1.8493766420760375e-16,-5.3649466075170903e-05
237.6,2.9781807863173217e-15,1.8765098723381594e-16,-5.4783407757336265e-05
237.7,3.517908807795583e-15,1.8039308820380316e-16,-5.550207901161216e-05
237.8,3.92185994225589e-15,1.7386213971473393e-16,-5.5365942967964484e-05
237.9,4.2578218733351776e-15,1.7674056404191873e-16,-5.4864593753996045e-05
238.0,5.0663017792113694e-15,1.7318134161469524e-16,-5.4099551440735134e-05
238.1,5.33383695545083e-15,1.6403690941372724e-16,-5.2521643173867085e-05
238.2,5.668586570907541e-15,1.6465183089548703e-16,-5.042492170221682e-05
238.3,5.935550747319104e-15,1.6503385654779907e-16,-4.8196698072654624e-05
238.4,6.202246609845903e-15,1.5586429718774597e-16,-4.533298985216802e-05
238.5,6.468674360027071e-15,1.5273540565905277e-16,-4.1854382309201145e-05
238.6,6.7348341992672956e-15,1.5565740989137033e-16,-3.8329626855107635e-05
238.7,6.798782300120462e-15,1.4908409688704532e-16,-3.4444402864146574e-05
238.8,6.7953837586765664e-15,1.4234981831647362e-16,-2.994653353915899e-05
238.9,6.926481706496043e-15,1.4543758379971204e-16,-2.5434235075061848e-05
239.0,6.990233111224344e-15,1.4308235749960786e-16,-2.0876507163840876e-05
239.1,7.053919049728242e-15,1.344854831751936e-16,-1.5826823359867543e-05
239.2,6.848953172602141e-15,1.3542090647299089e-16,-1.0754990570913641e-05
239.3,6.91264258681577e-15,1.372731182076414e-16,-5.929692974552953e-06
239.4,6.640869182683597e-15,1.294602494106346e-16,-8.434737083144186e-07
239.5,6.168227890724811e-15,1.2692579423498058e-16,4.283002288300283e-06
239.6,5.9641072254725075e-15,1.3132203707894274e-16,8.947432447922753e-06
239.7,5.7601890885776266e-15,1.2673761493797354e-16,1.3567820601958652e-05
239.8,5.3556369431971934e-15,1.2103912252559657e-16,1.8223746535042007e-05
239.9,4.884575812087645e-15,1.2540360720208046e-16,2.2310127820941553e-05
240.0,4.547741385703074e-15,1.2528756925314271e-16,2.6030862556551378e-05
240.1,4.211242489016753e-15,1.1825625004490648e-16,2.973419831921165e-05
240.2,3.674643756745092e-15,1.20325282780179e-16,3.2872299877661595e-05
240.3,3.0718021296281743e-15,1.243624110498015e-16,3.537142654384254e-05
240.4,2.603052127967629e-15,1.1863442415460778e-16,3.774409012544228e-05
240.5,2.001346867100721e-15,1.1728078365663596e-16,3.9645234821121055e-05
240.6,1.4669207254488156e-15,1.2353745190564308e-16,4.073925733739841e-05
240.7,7.330937242103124e-16,1.213259590529228e-16,4.155556614196241e-05
240.8,6.661156990633199e-17,1.1701336958156975e-16,4.204319627722127e-05
240.9,-4.660479071250624e-16,1.228315178500018e-16,4.169568030120939e-05
241.0,-1.1312648577288948e-15,1.2507114615016025e-16,4.091044557309715e-05
241.1,-1.99535182356101e-15,1.1968558795610708e-16,3.994288520255545e-05
241.2,-2.393225276431972e-15,1.2276711498003223e-16,3.825666860199602e-05
241.3,-3.122926701560054e-15,1.287066156473087e-16,3.60083164918498e-05
241.4,-3.785485975001561e-15,1.247620966264813e-16,3.368968981420498e-05
241.5,-4.381003237508471e-15,1.2413657987966973e-16,3.088628174163481e-05
241.6,-4.7768872182805766e-15,1.3163977972528177e-16,2.7474686404209436e-05
241.7,-5.2386868105964425e-15,1.3117329006999742e-16,2.4050578464608637e-05
241.8,-5.700023525125781e-15,1.2752985686071543e-16,2.044119478012597e-05
241.9,-6.227143921165788e-15,1.338748717508399e-16,1.6284277313868157e-05
242.0,-6.68752280717358e-15,1.3750569210941248e-16,1.2120379672411295e-05
242.1,-7.0150798757082184e-15,1.3283271416668642e-16,8.072876562072418e-06
242.2,-7.342307798004937e-15,1.3586851231835082e-16,3.6495357853846093e-06
242.3,-7.669206821279366e-15,1.4258240285464423e-16,-8.059660214867493e-07
242.4,-7.995777192582231e-15,1.3936072878086214e-16,-4.9009037514978e-06
242.5,-8.255971387697865e-15,1.3832453963315756e-16,-9.11201767278133e-06
242.6,-8.647932966652224e-15,1.4578476741623646e-16,-1.3378645828079864e-05
242.7,-8.907537106353823e-15,1.4582304108238477e-16,-1.713985946840677e-05
242.8,-9.034981998480305e-15,1.416521040590772e-16,-2.0716183825939537e-05
242.9,-9.096381444232509e-15,1.472261714784709e-16,-2.4337627445793826e-05
243.0,-9.157717248269812e-15,1.5095575715677512e-16,-2.7423130968624527e-05
243.1,-9.218989458875829e-15,1.4579942346436787e-16,-3.0040879589216496e-05
243.2,-9.082747100380491e-15,1.4751948098177398e-16,-3.2639640258756925e-05
243.3,-9.012422754288949e-15,1.5369655619123626e-16,-3.477276210778021e-05
243.4,-8.942166445413577e-15,1.500079823801371e-16,-3.623180458651634e-05
243.5,-8.674823053899657e-15,1.4742415885049331e-16,-3.755365738411706e-05
243.6,-8.407744704528375e-15,1.536734048745164e-16,-3.854478427609404e-05
243.7,-8.272236541047669e-15,1.5316141046548027e-16,-3.8774713373566896e-05
243.8,-7.743142633990941e-15,1.47493841663213e-16,-3.8715962049487476e-05
243.9,-7.345749723774691e-15,1.5128500732734337e-16,-3.847853059057215e-05
244.0,-7.145414969648722e-15,1.5417455088999015e-16,-3.752829602870589e-05
244.1,-6.748714174172186e-15,1.4775003882549584e-16,-3.6141623887267516e-05
244.2,-6.221430706317576e-15,1.4738794706616576e-16,-3.470053147329776e-05
244.3,-5.825584719975951e-15,1.522945068023949e-16,-3.271642101746233e-05
244.4,-5.2992863495630216e-15,1.4758866243775569e-16,-3.0194895615114958e-05
244.5,-4.642731520702394e-15,1.4297684498068583e-16,-2.7685401160636136e-05
244.6,-4.1175475537572755e-15,1.4750971626007203e-16,-2.4883170557280683e-05
244.7,-3.658212706300506e-15,1.4608298026531318e-16,-2.1525864365149535e-05
244.8,-2.872873187758939e-15,1.387096140618836e-16,-1.8181603072018614e-05
244.9,-2.4146175699529884e-15,1.4050623352231603e-16,-1.4818163139403822e-05
245.0,-1.9568193753607372e-15,1.4244875252673263e-16,-1.0984056553516726e-05
245.1,-1.303894140156478e-15,1.3486334097728213e-16,-7.1140671395200855e-06
245.2,-7.819454136276038e-16,1.3256967087346704e-16,-3.4626468776283165e-06
245.3,0.0,1.3638938780595257e-16,4.78717244036968e-07
245.4,4.556789177828949e-16,1.310583029908663e-16,4.522252392441257e-06
245.5,1.1711600621341098e-15,1.2493236193106943e-16,8.191578102454013e-06
245.6,1.6257980951022982e-15,1.283035815286547e-16,1.1904199733518678e-05
245.7,2.1449807270042477e-15,1.2670839817844363e-16,1.57638846815261e-05
245.8,2.858544672958206e-15,1.1856383409699807e-16,1.9198359781031913e-05
245.9,3.3765913502221326e-15,1.1930080595338528e-16,2.2411888165190725e-05
246.0,3.8292174060862615e-15,1.2128902315433216e-16,2.576359061141793e-05
246.1,4.346259652356392e-15,1.1369923458888565e-16,2.8738031761158548e-05
246.2,4.9276211491773474e-15,1.1065453485235173e-16,3.126415186156414e-05
246.3,5.378790923941826e-15,1.1456052344643817e-16,3.385029057923235e-05
246.4,5.570419147730531e-15,1.0990838086589356e-16,3.617527878646771e-05
246.5,6.020814197603503e-15,1.0361825339171798e-16,3.7908262547858315e-05
246.6,6.341342421635954e-15,1.070763949760415e-16,3.956073904225837e-05
246.7,6.661548693111905e-15,1.0657854441074932e-16,4.109017663456308e-05
246.8,6.981433253811443e-15,9.897699640819302e-17,4.1994805929088885e-05
246.9,7.494828106734433e-15,9.986212402395866e-17,4.2644166138531284e-05
247.0,7.361925049561586e-15,1.030706151613612e-16,4.328261640633764e-05
247.1,7.551883033627348e-15,9.672975095236876e-17,4.3374968827193e-05
247.2,7.806163011526247e-15,9.413376076056463e-17,4.304499113544344e-05
247.3,7.737779410540413e-15,9.922465789600315e-17,4.275406425339147e-05
247.4,7.86281001269466e-15,9.640448815494688e-17,4.2081426951124085e-05
247.5,7.858879590375776e-15,9.109309035679134e-17,4.0871225416230484e-05
247.6,7.919335978127461e-15,9.563883356860381e-17,3.967343764930271e-05
247.7,7.657966655991554e-15,9.723813084574379e-17,3.829879538025218e-05
247.8,7.589818137062894e-15,9.120518961624644e-17,3.635701223149634e-05
247.9,7.457447495604825e-15,9.311907258395522e-17,3.433535567215973e-05
248.0,7.260951090851168e-15,9.833278083401277e-17,3.232980107575358e-05
248.1,6.936201101411726e-15,9.406162274228385e-17,2.982691670232226e-05
248.2,6.675965946714202e-15,9.259836860482897e-17,2.711893211423113e-05
248.3,6.3518293366505264e-15,9.935042329071287e-17,2.4562584934041046e-05
248.4,6.028015114019032e-15,9.877720442942468e-17,2.1667409207108978e-05
248.5,5.640427273040151e-15,9.476107027992835e-17,1.8453695246996494e-05
248.6,5.317289141365709e-15,1.0048824157357842e-16,1.5443042133748975e-05
248.7,4.738345854693494e-15,1.0418228241412789e-16,1.230802924717357e-05
248.8,4.415978809503873e-15,9.970811819846886e-17,8.796483418482087e-06
248.9,3.965997464699682e-15,1.0248874667049188e-16,5.454146501039174e-06
249.0,3.58040061050849e-15,1.0940272925634146e-16,2.2116298256477462e-06
249.1,3.0673807351531972e-15,1.0688160534693571e-16,-1.3801512315847102e-06
249.2,2.5548728567869308e-15,1.0613661869627701e-16,-4.897892122676376e-06
249.3,1.9790366982399288e-15,1.1397429325675414e-16,-8.12948856063617e-06
249.4,1.4037755935174765e-15,1.1509170035181611e-16,-1.1590713207940959e-05
249.5,9.566412826114265e-16,1.117976515394634e-16,-1.5092675680753875e-05
249.6,3.187210271767845e-16,1.179602473538905e-16,-1.8196356286729052e-05
249.7,0.0,1.229485004191425e-16,-2.133583334402882e-05
249.8,-6.368049309140288e-16,1.192522174681923e-16,-2.4603268606589636e-05
249.9,-1.1456758944646615e-15,1.2197014354634036e-16,-2.7450197030430118e-05
250.0,-1.5268042662707341e-15,1.295313576924375e-16,-3.0103913765882302e-05
250.1,-2.098306450564951e-15,1.2773958520817917e-16,-3.29064295036493e-05
250.2,-2.542130375253655e-15,1.2659683812634437e-16,-3.534766502662072e-05
250.3,-2.921988571946276e-15,1.3425996697669656e-16,-3.738122033701159e-05
250.4,-3.2379766322880083e-15,1.3581779247332063e-16,-3.9499058294562146e-05
250.5,-3.68056405532915e-15,1.3201238909884017e-16,-4.1366839469080915e-05
250.6,-3.86900307294853e-15,1.3724732362176677e-16,-4.267438925994436e-05
250.7,-4.120647353642541e-15,1.4211266647030693e-16,-4.392322273985095e-05
250.8,-4.30867620088207e-15,1.378157634564206e-16,-4.5043818462388516e-05
250.9,-4.559847248410307e-15,1.3900859862023893e-16,-4.554627181271453e-05
251.0,-4.7474665569500236e-15,1.4569680104726035e-16,-4.580008883577252e-05
251.1,-4.99816506591296e-15,1.4322814186638517e-16,-4.6017069048314934e-05
251.2,-4.932430321868718e-15,1.4033445206886774e-16,-4.566246924763557e-05
251.3,-5.0563740750346955e-15,1.4640079914424963e-16,-4.4870586990775725e-05
251.4,-4.990673438439376e-15,1.4707031376001968e-16,-4.4074344194328704e-05
251.5,-5.114461731157981e-15,1.4154003886199576e-16,-4.284254162041954e-05
251.6,-4.859465379518589e-15,1.4462316824460107e-16,-4.103813990958519e-05
251.7,-4.857036254160777e-15,1.4823261852530909e-16,-3.919538197310738e-05
251.8,-4.728514619865635e-15,1.4240160476342903e-16,-3.710742320393204e-05
251.9,-4.53710491538067e-15,1.4116405619808466e-16,-3.4406759736252176e-05
252.0,-4.28290154496844e-15,1.4607435125697874e-16,-3.158303463476349e-05
252.1,-4.091903542875193e-15,1.4217176718797813e-16,-2.8713595441127985e-05
252.2,-4.026937208621746e-15,1.3685574400342418e-16,-2.5306767174936853e-05
252.3,-3.458919271586541e-15,1.4065138398435376e-16,-2.1676054303130027e-05
252.4,-3.2057582264804333e-15,1.3988895308265997e-16,-1.8165337871388138e-05
252.5,-2.952849414842139e-15,1.322549060699108e-16,-1.4300649697201092e-05
252.6,-2.762987825614743e-15,1.3281372090686479e-16,-1.0138443361690922e-05
252.7,-2.196732583991479e-15,1.3487600542466477e-16,-6.198853384524556e-06
252.8,-1.9447048359886913e-15,1.2740883237574168e-16,-2.1633097556944684e-06
252.9,-1.4421242810393778e-15,1.2370107041201633e-16,2.1771290184299013e-06
253.0,-1.0027154080934627e-15,1.2684985707384058e-16,6.264116611367319e-06
253.1,-5.011070878539773e-16,1.217629978951323e-16,1.0165954004139706e-05
253.2,-2.5042829846899894e-16,1.1440404704944868e-16,1.4291144435036122e-05
253.3,3.7545467342712777e-16,1.1630536769850066e-16,1.8191021923060497e-05
253.4,8.756229837003303e-16,1.1462272536070628e-16,2.1658321479423846e-05
253.5,1.3752911568677496e-15,1.0554585127481418e-16,2.5180171586694116e-05
253.6,1.7494955967644426e-15,1.0421916013427524e-16,2.8534881795163257e-05
253.7,2.3106778393504633e-15,1.0542614012782737e-16,3.1291336509439606e-05
253.8,2.746459533123376e-15,9.720316116479384e-17,3.387360255043334e-05
253.9,3.181804976749075e-15,9.197820637236293e-17,3.6341851619895985e-05
254.0,3.679071643985933e-15,9.43093715086995e-17,3.815590057464699e-05
254.1,4.1758403737978694e-15,8.90946491574429e-17,3.955430762767279e-05
254.2,4.609816719213408e-15,8.084457550042407e-17,4.085714223680508e-05
254.3,5.292412876942074e-15,8.197017239664874e-17,4.156154031023802e-05
254.4,5.663162673023437e-15,8.05684737864375e-17,4.165179076130604e-05
254.5,5.722533247810053e-15,7.14009864614872e-17,4.1615858284579876e-05
254.6,6.217035539547391e-15,6.953610446482477e-17,4.112591821554236e-05
254.7,6.648902744691983e-15,7.123097960024653e-17,3.991621149054295e-05
254.8,6.707687340408876e-15,6.370683523468738e-17,3.8506609353124376e-05
254.9,7.0767973536742986e-15,5.838808745428497e-17,3.68354464906654e-05
255.0,7.569628950990047e-15,6.124126482456044e-17,3.446290308683722e-05
255.1,7.751890453443124e-15,5.731692775505019e-17,3.1798740080241e-05
255.2,7.871983724673892e-15,4.9623769678052705e-17,2.9066849993207214e-05
255.3,8.05390813514898e-15,5.130910885614147e-17,2.5779744168496643e-05
255.4,8.235648699674894e-15,5.151569550493088e-17,2.2128300442299808e-05
255.5,8.23153190460959e-15,4.363186185978071e-17,1.8564253717803894e-05
255.6,8.289277446881646e-15,4.248045870443709e-17,1.4693717972593487e-05
255.7,8.470621915282794e-15,4.5820513342358664e-17,1.0442848670237053e-05
255.8,8.466387662976441e-15,4.01978594302835e-17,6.372177963023303e-06
255.9,8.27685285148748e-15,3.5914728851818616e-17,2.2978055936094505e-06
256.0,8.396188824563034e-15,4.0253286093871535e-17,-2.089810708804127e-06
256.1,8.268580135683288e-15,3.856474042157406e-17,-6.269158932909989e-06
256.2,8.141096925597579e-15,3.234139122193384e-17,-1.0155574778156877e-05
256.3,8.013739100744698e-15,3.5327018843450083e-17,-1.4199436508554831e-05
256.4,7.886506567625634e-15,3.780706336782328e-17,-1.805453035174412e-05
256.5,7.574651632022466e-15,3.185926943421858e-17,-2.1383735467470435e-05
256.6,7.201554752739628e-15,3.191748829982323e-17,-2.4644905523863768e-05
256.7,7.013391929884319e-15,3.724928510913681e-17,-2.7754922856736202e-05
256.8,6.579454507174194e-15,3.385537271132877e-17,-3.0211134370208204e-05
256.9,6.2074086525584304e-15,3.083139318271448e-17,-3.2344931122528094e-05
257.0,5.8357331067598825e-15,3.668954733374273e-17,-3.435218612386458e-05
257.1,5.464427592527267e-15,3.722781369838405e-17,-3.5698878591963386e-05
257.2,4.848022346876173e-15,3.2410104103093795e-17,-3.6493285603602276e-05
257.3,4.3549053778977516e-15,3.643306117802278e-17,-3.715072585100214e-05
257.4,3.984892260792702e-15,4.080772395338149e-17,-3.7250450926583024e-05
257.5,3.4314218078567147e-15,3.639922375445104e-17,-3.6645484412438e-05
257.6,2.817258931914563e-15,3.711309064077814e-17,-3.585280346139596e-05
257.7,2.5097799312269295e-15,4.372446377838528e-17,-3.4680265253606826e-05
257.8,2.019056992993668e-15,4.185278058738382e-17,-3.276702024766037e-05
257.9,1.467671066790718e-15,3.930238403219412e-17,-3.058872158847042e-05
258.0,9.168358841785208e-16,4.5727092273861933e-17,-2.8236060476680957e-05
258.1,4.2764287105018194e-16,4.7516138106637357e-17,-2.5237529807121733e-05
258.2,0.0,4.31289855980335e-17,-2.1898941428129493e-05
258.3,-5.492769967662575e-16,4.705119298385017e-17,-1.8571914880784418e-05
258.4,-9.76004314517435e-16,5.213398323245326e-17,-1.481026087820641e-05
258.5,-1.2803653200717548e-15,4.8163127634606714e-17,-1.067116059771645e-05
258.6,-1.8281789963295894e-15,4.838383801960453e-17,-6.6749998952262965e-06
258.7,-2.1927181623788607e-15,5.5050059710806264e-17,-2.531323101221422e-06
258.8,-2.6177708146026644e-15,5.3545954167063566e-17,1.9592440972389954e-06
258.9,-3.1032459319644522e-15,5.0328245845986266e-17,6.244826657624733e-06
259.0,-3.3449648691407113e-15,5.609294668758357e-17,1.0372140095207431e-05
259.1,-3.586441372375767e-15,5.796551058273589e-17,1.473292037627333e-05
259.2,-3.827675623643435e-15,5.294668623709542e-17,1.8888749885022112e-05
259.3,-4.129394189942392e-15,5.569002779187847e-17,2.262209182568594e-05
259.4,-4.309418097565192e-15,6.040202854013772e-17,2.639956728498309e-05
259.5,-4.42859530533218e-15,5.58920252762792e-17,3.00094202051657e-05
259.6,-4.608287652716267e-15,5.4624031767234694e-17,3.302315210230559e-05
259.7,-4.666589138577633e-15,6.029805787700973e-17,3.584506300405829e-05
259.8,-4.5431069096442635e-15,5.824520874681799e-17,3.854099185600918e-05
259.9,-4.601380402969613e-15,5.3539034283234804e-17,4.058432064036511e-05
260.0,-4.599080287844827e-15,5.77971357102119e-17,4.2198926113265515e-05
260.1,-4.415329428181316e-15,5.90015752135443e-17,4.3703622077027455e-05
260.2,-4.231761124252057e-15,5.273446717361018e-17,4.461519024371243e-05
260.3,-4.048375239461695e-15,5.3654192029729524e-17,4.491133936472662e-05
260.4,-3.683991716807118e-15,5.740599063275083e-17,4.5071216348838946e-05
260.5,-3.440697710461369e-15,5.195845933203001e-17,4.4786257734247736e-05
260.6,-3.1976460167710347e-15,4.886486135951518e-17,4.379303087747123e-05
260.7,-2.894533669495964e-15,5.323747668720143e-17,4.259650712495943e-05
260.8,-2.4109056370146908e-15,5.049015686905871e-17,4.1147555682932676e-05
260.9,-2.048245412682792e-15,4.42580410662472e-17,3.9015885836326924e-05
261.0,-1.7461595539108638e-15,4.695325931891964e-17,3.659336971071851e-05
261.1,-1.324010594209811e-15,4.7528588283374884e-17,3.4105159302055996e-05
261.2,-9.022832416271254e-16,4.022498261610648e-17,3.107668618806189e-05
261.3,-6.012214751819478e-16,3.95532227937126e-17,2.768172268023214e-05
261.4,-1.201841879169035e-16,4.2623640672392853e-17,2.43604287463875e-05
261.5,3.6037233253039496e-16,3.669993236018449e-17,2.073033405093272e-05
261.6,7.8041641470685645e-16,3.2321648074284767e-17,1.670465579474828e-05
261.7,1.140038444359282e-15,3.593281616577225e-17,1.2821369838000929e-05
261.8,1.7391888663645601e-15,3.317156378689966e-17,8.901895106989426e-06
261.9,2.2777979514883723e-15,2.6219244832957607e-17,4.6300336140732005e-06
262.0,2.5762197762938604e-15,2.8150342548260827e-17,4.985825035691736e-07
262.1,3.173753381025921e-15,2.899223673973695e-17,-3.411478487457354e-06
262.2,3.591132340741664e-15,2.1693406879858795e-17,-7.550496896823638e-06
262.3,4.0080932327832995e-15,2.0470160714665183e-17,-1.1600520364157543e-05
262.4,4.3050516040424646e-15,2.3895406003199392e-17,-1.5237350243871998e-05
262.5,4.7809995736469066e-15,1.864451337494932e-17,-1.8913324917473867e-05
262.6,4.957807534062392e-15,1.414039278143441e-17,-2.2566338851240192e-05
262.7,5.253843060154055e-15,1.807369457995384e-17,-2.5713156979343376e-05
262.8,5.728600140267183e-15,1.645800578095626e-17,-2.8676383246682807e-05
262.9,5.904665823532511e-15,1.0011049301175232e-17,-3.1660292294732436e-05
263.0,6.080554053689487e-15,1.23131804974595e-17,-3.4151562795654215e-05
263.1,6.37543191585059e-15,1.455347714569391e-17,-3.6248760027296004e-05
263.2,6.6104597629202106e-15,8.459249508278217e-18,-3.836029635054296e-05
263.3,6.666679281363551e-15,7.785621662728914e-18,-4.0080931955195466e-05
263.4,6.782335110185317e-15,1.2579839926400246e-17,-4.1254669864433754e-05
263.5,6.8384092182657516e-15,9.081520292909602e-18,-4.237679029225744e-05
263.6,6.775556165112579e-15,5.502231497223784e-18,-4.325937653572713e-05
263.7,6.7127642405541644e-15,1.0689958277094303e-17,-4.3533567587388864e-05
263.8,6.828159293803561e-15,1.1168492765098965e-17,-4.3642029666549165e-05
263.9,6.824746067534336e-15,6.166922580993908e-18,-4.3664338037644406e-05
264.0,6.584070737105516e-15,9.60384046765727e-18,-4.3120930444745834e-05
264.1,6.699352128655658e-15,1.390013704848399e-17,-4.227891147884152e-05
264.2,6.518233291024668e-15,9.661070247598306e-18,-4.146265093915457e-05
264.3,6.278066807603534e-15,1.0064650591275242e-17,-4.0215900693384114e-05
264.4,6.097336241124648e-15,1.659873837218394e-17,-3.855772583351841e-05
264.5,5.7984490954788555e-15,1.5210327247430365e-17,-3.696809107890754e-05
264.6,5.440720967313418e-15,1.2816316934754434e-17,-3.514248124536951e-05
264.7,5.0242403193321375e-15,1.93142114625113e-17,-3.28496708750769e-05
264.8,4.608174688395676e-15,2.1855939775236537e-17,-3.0594246018244844e-05
264.9,4.1925237636588456e-15,1.822515019340549e-17,-2.831040801640303e-05
265.0,3.777287234483518e-15,2.2559715726465412e-17,-2.558478935115573e-05
265.1,3.4214554007970747e-15,2.857023314017673e-17,-2.281005900139007e-05
265.2,3.0659783661514e-15,2.5855234788650646e-17,-2.0180421928353753e-05
265.3,2.7108558647496278e-15,2.687728031621592e-17,-1.7219543690967568e-05
265.4,2.120478867874774e-15,3.4531353527926355e-17,-1.4103710125800389e-05
265.5,1.7073096641733112e-15,3.4616207355729106e-17,-1.1236755750041338e-05
265.6,1.353396314570533e-15,3.2713928788675885e-17,-8.216115276470665e-06
265.7,8.822085557997358e-16,3.965383718898557e-17,-4.9579350358514804e-06
265.8,4.114915288304467e-16,4.3344818540779427e-17,-1.9675903829858223e-06
265.9,5.875511921341441e-17,4.016926348457628e-17,9.676395151589029e-07
266.0,-3.523544939818421e-16,4.432480132136688e-17,4.163066602798614e-06
266.1,-8.804459019295578e-16,5.088918743779136e-17,7.147643327472856e-06
266.2,-1.4080092624255849e-15,4.859260431533914e-17,9.881189388343374e-06
266.3,-1.7591317922077496e-15,4.9072224140074284e-17,1.2817741414576715e-05
266.4,-2.2857281800164194e-15,5.659294709595904e-17,1.564665953874283e-05
266.5,-2.8117976635013166e-15,5.692970474893694e-17,1.8082362837700553e-05
266.6,-3.2202409663481994e-15,5.428324367409463e-17,2.0586944695918452e-05
266.7,-3.628275225388003e-15,6.031646903939941e-17,2.309171317180852e-05
266.8,-4.035900747502502e-15,6.383240550112518e-17,2.514164884836288e-05
266.9,-4.384655762535081e-15,5.985650366912311e-17,2.7074858894644756e-05
267.0,-4.674628248154077e-15,6.252455687091666e-17,2.9079306148840763e-05
267.1,-5.081117026109006e-15,6.831457937191343e-17,3.0653872138487466e-05
267.2,-5.428823799362823e-15,6.518819920777867e-17,3.191609098644411e-05
267.3,-5.601145874532159e-15,6.385270310814814e-17,3.325476814698927e-05
267.4,-5.948242626722792e-15,6.991747153175526e-17,3.42592368009028e-05
267.5,-6.120130109075143e-15,6.931770917144309e-17,3.4792209753182733e-05
267.6,-6.233586443364798e-15,6.486433910845095e-17,3.53328896298669e-05
267.7,-6.521613907212113e-15,6.892061357133566e-17,3.5673087112831545e-05
267.8,-6.634753092383759e-15,7.128080186273027e-17,3.545827982797577e-05
267.9,-6.747777537061804e-15,6.569642570914543e-17,3.512396810054708e-05
268.0,-6.860687327687402e-15,6.609340446509432e-17,3.4721100585057775e-05
268.1,-6.915370196055261e-15,7.038660015206743e-17,3.3776850006170156e-05
268.2,-6.911913375234456e-15,6.591121697505978e-17,3.256267393241669e-05
268.3,-6.7923497398308186e-15,6.233686067001704e-17,3.1374523385258054e-05
268.4,-6.614878659661513e-15,6.652904857042734e-17,2.9754011666802293e-05
268.5,-6.785560785134082e-15,6.473739729023399e-17,2.773539523779915e-05
268.6,-6.492332577034783e-15,5.83526609502391e-17,2.5778884155952014e-05
268.7,-6.257334107075722e-15,6.030177977867296e-17,2.357018888787684e-05
268.8,-6.1383875883167755e-15,6.146605871516293e-17,2.0900535622578405e-05
268.9,-5.961678053343392e-15,5.4401415531493166e-17,1.8269603732891148e-05
269.0,-5.55373790390893e-15,5.268820665608047e-17,1.5597732977130143e-05
269.1,-5.2040266209923666e-15,5.566267521266104e-17,1.2495920096681123e-05
269.2,-5.085838030119534e-15,5.018598430943487e-17,9.369078214442962e-06
269.3,-4.505648502781889e-15,4.4807476754580524e-17,6.398395944089366e-06
269.4,-4.099245296879899e-15,4.756285200188645e-17,3.1282105411308187e-06
269.5,-3.924075220922784e-15,4.5136151297665165e-17,-2.380163186273995e-07
269.6,-3.229975966609398e-15,3.7502398177432385e-17,-3.3037297343532444e-06
269.7,-2.824816209517581e-15,3.801897503481396e-17,-6.458920389443527e-06
269.8,-2.5929221826636783e-15,3.8747551973965655e-17,-9.751584905628265e-06
269.9,-2.188484216312824e-15,3.1125149746317036e-17,-1.2674570354192057e-05
270.0,-1.6693241364175946e-15,2.824890333824542e-17,-1.543831660848556e-05
270.1,-1.3232849209842406e-15,3.087664513802197e-17,-1.8322380488966616e-05
270.2,-8.625805068957383e-16,2.5511751188884862e-17,-2.084431907958348e-05
270.3,-4.0233635140854656e-16,1.949916131670805e-17,-2.2971643912368535e-05
270.4,0.0,2.195482481362215e-17,-2.5131925453312376e-05
270.5,3.445150424213781e-16,2.0113662745617527e-17,-2.699618370236463e-05
270.6,8.034665985671994e-16,1.2535119631364961e-17,-2.8294086391103954e-05
270.7,1.3766827983162926e-15,1.2859410814402885e-17,-2.9477916146580554e-05
270.8,1.7199932862172583e-15,1.4397318169686615e-17,-3.0459170615791648e-05
270.9,2.1202646555962284e-15,7.555545144858088e-18,-3.080209794068008e-05
271.0,2.6346870340496722e-15,4.787861772500256e-18,-3.085542773438522e-05
271.1,2.862358717188743e-15,8.251539727170886e-18,-3.079283509266333e-05
271.2,3.3186763588558223e-15,4.240808174289783e-18,-3.0133017106440177e-05
271.3,3.7173471259261646e-15,-1.178638328895888e-18,-2.9023869281366334e-05
271.4,4.001295756719862e-15,2.079035778478276e-18,-2.7852107116552336e-05
271.5,4.056428403333266e-15,1.9291626247950572e-18,-2.6225042842302308e-05
271.6,4.4541303421950816e-15,-4.446650304977024e-18,-2.4050520671090588e-05
271.7,4.566055214048712e-15,-3.2711009474787766e-18,-2.1822287536589277e-05
271.8,4.734914235494856e-15,3.9229674124489807e-20,-1.9347530035706873e-05
271.9,4.8465846561702924e-15,-5.0329391883790495e-18,-1.632358025934312e-05
272.0,5.0721225328379464e-15,-6.775761520786657e-18,-1.3217827817925403e-05
272.1,5.0126254526106125e-15,-1.682852736538242e-18,-1.0094734418562088e-05
272.2,5.067052945521233e-15,-3.54556845010802e-18,-6.530789924659715e-06
272.3,5.064520052324539e-15,-7.615081840581237e-18,-2.843045351967384e-06
272.4,5.0051121508167876e-15,-2.973227957871351e-18,6.593486787973693e-07
272.5,4.83206669003945e-15,-9.131757412688917e-19,4.396426939708248e-06
272.6,4.829651260602111e-15,-5.603302267618247e-18,8.282174890452978e-06
272.7,4.543281918661284e-15,-3.2708182232375532e-18,1.1842173223316248e-05
272.8,4.427485574379613e-15,1.9958161693117563e-18,1.53692022140532e-05
272.9,4.1416010782092336e-15,-1.1216822812205238e-18,1.9024079013993366e-05
273.0,3.91270719006295e-15,-1.7870083702379254e-18,2.2291815705774255e-05
273.1,3.684041103708156e-15,4.8034954415437805e-18,2.5249739802307964e-05
273.2,3.3423042010999584e-15,4.9175620798483545e-18,2.8252928331751318e-05
273.3,3.0575289356400297e-15,1.939218638647055e-18,3.088181367385721e-05
273.4,2.4900745249108148e-15,7.537616145019643e-18,3.2970757486643476e-05
273.5,2.3191368580247276e-15,1.132740486635732e-17,3.4963680110389424e-05
273.6,1.865689271256193e-15,7.847794809333315e-18,3.664667150574651e-05
273.7,1.4692022168064959e-15,1.0717976014292952e-17,3.7652449507020064e-05
273.8,1.0731110841168286e-15,1.7209550600042186e-17,3.838558293584689e-05
273.9,5.645129803638432e-16,1.5315355786427947e-17,3.889242074434624e-05
274.0,2.256923177704098e-16,1.489695458710105e-17,3.87030999757104e-05
274.1,-3.947641246821353e-16,2.2012263705661227e-17,3.806801612993365e-05
274.2,-7.327668993488749e-16,2.3154877121303884e-17,3.727821411596858e-05
274.3,-1.1831086736212134e-15,2.0341635405917808e-17,3.589078449925291e-05
274.4,-1.689310381640489e-15,2.5838312329777807e-17,3.393262846125392e-05
274.5,-2.0824413230132078e-15,3.0260902055554985e-17,3.1858519161981755e-05
274.6,-2.4751788095944178e-15,2.692442964515275e-17,2.9376629126687576e-05
274.7,-2.9237490803600326e-15,2.916682136795683e-17,2.628570948403806e-05
274.8,-3.315672436585143e-15,3.5656886441048826e-17,2.3080530928816983e-05
274.9,-3.6510334908338045e-15,3.3855397465225107e-17,1.9704546436065738e-05
275.0,-4.042200107510607e-15,3.2582449066131756e-17,1.5789278807252277e-05
275.1,-4.376861138701634e-15,3.90655926102415e-17,1.1737190279120327e-05
275.2,-4.655101027914699e-15,4.014583544461909e-17,7.747696127859072e-06
275.3,-4.989119171904032e-15,3.644640947230969e-17,3.3940703727121374e-06
275.4,-5.3228022180464586e-15,4.0720716270752224e-17,-1.1181727602036312e-06
275.5,-5.48814595003505e-15,4.4689577247062944e-17,-5.3825912551065416e-06
275.6,-5.7092965451257465e-15,4.0553115086823443e-17,-9.758111908963567e-06
275.7,-5.9861701893373205e-15,4.1233890897020277e-17,-1.4284853957592506e-05
275.8,-6.039095402411558e-15,4.677802062214749e-17,-1.845481617563957e-05
275.9,-6.2596350024148675e-15,4.424447802225553e-17,-2.245176333908234e-05
276.0,-6.3682292880811715e-15,4.133263080149375e-17,-2.6541597707440754e-05
276.1,-6.309212232760038e-15,4.637834539359818e-17,-3.0248098826651075e-05
276.2,-6.417670068529494e-15,4.6717873580257014e-17,-3.352169563912101e-05
276.3,-6.581795827802572e-15,4.161103536677776e-17,-3.677217167137229e-05
276.4,-6.4112556062266534e-15,4.415419035371968e-17,-3.9679981239768736e-05
276.5,-6.185162056924872e-15,4.7243882291616933e-17,-4.196995698896243e-05
276.6,-6.126375922346044e-15,4.2063162890851154e-17,-4.407542203366982e-05
276.7,-6.1789799864183736e-15,4.099943963235455e-17,-4.5915994867373965e-05
276.8,-6.008975288434654e-15,4.546803084389628e-17,-4.7062835177190106e-05
276.9,-5.839139008681977e-15,4.2262772453213395e-17,-4.7848087190482156e-05
277.0,-5.7250540704922195e-15,3.789617138883044e-17,-4.8448365402556175e-05
277.1,-5.555526465018906e-15,4.1690558173930093e-17,-4.839755500902595e-05
277.2,-5.164056938383678e-15,4.1586791952827174e-17,-4.78325051428866e-05
277.3,-5.105975818160116e-15,3.5506175532035153e-17,-4.7135543264327426e-05
277.4,-4.770591503061764e-15,3.675263474282734e-17,-4.5931948599676034e-05
277.5,-4.4355412125905065e-15,3.946289179486373e-17,-4.4125919509920796e-05
277.6,-4.156241246563562e-15,3.387618677858398e-17,-4.2199597163975536e-05
277.7,-3.932608250963388e-15,3.172838430841704e-17,-3.9974850067941596e-05
277.8,-3.321669666196071e-15,3.578624820119685e-17,-3.7152734376778795e-05
277.9,-3.043341809293948e-15,3.270274582540888e-17,-3.418406929616805e-05
278.0,-2.7652913806760295e-15,2.7726612196814277e-17,-3.113969170447367e-05
278.1,-2.2664054460833984e-15,3.1070492619450634e-17,-2.7605204591220512e-05
278.2,-1.8232681311769825e-15,3.1401663426945644e-17,-2.3879828745345573e-05
278.3,-1.3805732765014627e-15,2.5320405410888774e-17,-2.0268146689166805e-05
278.4,-8.831252239399124e-16,2.6206811018365607e-17,-1.636121486981676e-05
278.5,-3.8617415011883713e-16,2.94733643867762e-17,-1.2230066126670103e-05
278.6,5.51401587582146e-17,2.4535063785469095e-17,-8.334087869567849e-06
278.7,5.511259557020674e-16,2.234182647986061e-17,-4.389703967771953e-06
278.8,1.0466158770466126e-15,2.694945261928809e-17,-2.2738175721099226e-07
278.9,1.541610294609033e-15,2.5016314295911143e-17,3.659860535762359e-06
279.0,1.8159896253685635e-15,2.0485755498785612e-17,7.345184434960712e-06
279.1,2.2551017017632394e-15,2.4341661486551767e-17,1.118422199770408e-05
279.2,2.803724294400192e-15,2.6083678123671494e-17,1.4780592021444023e-05
279.3,3.022112804829546e-15,2.1037097733452714e-17,1.7970938060883815e-05
279.4,3.5148824740401803e-15,2.2505232295089084e-17,2.1191557754494474e-05
279.5,3.8973735706001226e-15,2.7212413564706597e-17,2.424644221992733e-05
279.6,4.169751101250779e-15,2.384366034140457e-17,2.6776130783283223e-05
279.7,4.496693068950514e-15,2.2458281907009458e-17,2.9171057816359602e-05
279.8,4.713686517794807e-15,2.834499983641446e-17,3.148452033524174e-05
279.9,4.98524481386066e-15,2.829618293738617e-17,3.325685999141326e-05
280.0,5.20177491624199e-15,2.4929769354850835e-17,3.4720528628151594e-05
280.1,5.4728154514709216e-15,2.988006940083437e-17,3.6159140188633804e-05
280.2,5.6888829168424396e-15,3.357559068099439e-17,3.71377062430334e-05
280.3,5.795386093806185e-15,3.012732748365978e-17,3.7664239013711116e-05
280.4,5.956427496525835e-15,3.26118741499406e-17,3.817136981231596e-05
280.5,6.008068834795987e-15,3.906106839069672e-17,3.8367971870809125e-05
280.6,6.0596570562735135e-15,3.756065317119162e-17,3.8035166835118065e-05
280.7,6.111192201158051e-15,3.717805633806432e-17,3.763373244312971e-05
280.8,6.108137368829196e-15,4.4379300402091854e-17,3.709682376986958e-05
280.9,5.996064705257311e-15,4.6223578242749704e-17,3.604062895339169e-05
281.0,5.993067422287867e-15,4.398118316192567e-17,3.482715811635201e-05
281.1,5.7722508507640265e-15,4.9786863373630673e-17,3.363314533178038e-05
281.2,5.5516535430988274e-15,5.5079143452719974e-17,3.201864118405348e-05
281.3,5.440076872714044e-15,5.282462583112911e-17,3.0148945371053975e-05
281.4,5.111116063323538e-15,5.575759870026282e-17,2.839714009154549e-05
281.5,4.83682916832625e-15,6.325189262395014e-17,2.6392196135216613e-05
281.6,4.671453672012001e-15,6.292788340528056e-17,2.4060548115901398e-05
281.7,4.343366073498042e-15,6.278795929761822e-17,2.1870892673948953e-05
281.8,3.961340376628563e-15,7.037905354678769e-17,1.962741255013101e-05
281.9,3.5254577136868912e-15,7.316807369957045e-17,1.704254884154476e-05
282.0,3.1984312323213948e-15,7.109592639496811e-17,1.4554194208025199e-05
282.1,2.7633636142130187e-15,7.669399942792716e-17,1.2199551748519456e-05
282.2,2.3828866710162206e-15,8.249416990576953e-17,9.56158315024436e-06
282.3,1.9486599754024713e-15,8.039882835536926e-17,6.9301473133899536e-06
282.4,1.6771739599349145e-15,8.267967612083272e-17,4.568635812428928e-06
282.5,1.1355821688355437e-15,9.0048577428605e-17,2.0508057788602046e-06
282.6,6.485797255287098e-16,8.979283883818497e-17,-5.573106969441438e-07
282.7,2.70106465302042e-16,8.877438185128928e-17,-2.8357493398232213e-06
282.8,-1.0798857833082904e-16,9.55562779030062e-17,-5.097617633599581e-06
282.9,-6.476075852279188e-16,9.812801455990339e-17,-7.514376030838693e-06
283.0,-1.024866115423541e-15,9.510150291934982e-17,-9.622584474119975e-06
283.1,-1.5095740364566765e-15,9.92834920696227e-17,-1.1531942063829791e-05
283.2,-1.8321378891259912e-15,1.0437885233962676e-16,-1.3599513707393806e-05
283.3,-2.262097825433558e-15,1.0133990704520598e-16,-1.544362436537022e-05
283.4,-2.745460000500795e-15,1.0185209727519566e-16,-1.69374633291987e-05
283.5,-3.2283383689715934e-15,1.0794375022397905e-16,-1.8521000566070788e-05
283.6,-3.441839576812965e-15,1.0671625721206792e-16,-1.9997076088448285e-05
283.7,-3.601374669394505e-15,1.0385157158529341e-16,-2.1035588368884525e-05
283.8,-4.0293743643544264e-15,1.0882422229665337e-16,-2.2034676683003715e-05
283.9,-4.403247130964387e-15,1.102731225192526e-16,-2.3033648135169017e-05
284.0,-4.4547173510998185e-15,1.0552868436140308e-16,-2.3589359973207625e-05
284.1,-4.613423942514677e-15,1.0753906166832917e-16,-2.394613713456231e-05
284.2,-4.87920605172562e-15,1.1123781327072912e-16,-2.4366764843274842e-05
284.3,-4.823176211702186e-15,1.0673354039550971e-16,-2.4417245266614656e-05
284.4,-4.927893342534956e-15,1.050339607719165e-16,-2.4119991388590264e-05
284.5,-5.139579142693256e-15,1.0944513938620975e-16,-2.3887235962756835e-05
284.6,-5.0834994746761765e-15,1.0700762581059027e-16,-2.3414354052930304e-05
284.7,-5.0274745880570076e-15,1.0217275267944757e-16,-2.249648240614187e-05
284.8,-4.971504442080952e-15,1.0523694795090277e-16,-2.1581026107372807e-05
284.9,-4.9690193111944085e-15,1.0560759579337792e-16,-2.0577724430351427e-05
285.0,-4.699517389091602e-15,9.935708592270697e-17,-1.9113162863102204e-05
285.1,-4.5904143946084075e-15,9.943499326700356e-17,-1.7547259367361366e-05
285.2,-4.321368612215114e-15,1.020338067382654e-16,-1.6030422571991193e-05
285.3,-4.1059142226572225e-15,9.651664293727678e-17,-1.4127023595478338e-05
285.4,-3.837377247615251e-15,9.30799041424003e-17,-1.2012484285891528e-05
285.5,-3.622377980884571e-15,9.627968598683254e-17,-1.0038338223328804e-05
285.6,-3.3011054289145145e-15,9.324113164327118e-17,-7.83098533084324e-06
285.7,-2.8737191224766373e-15,8.715971616320507e-17,-5.336736527978454e-06
285.8,-2.6063305274342762e-15,8.901379902437635e-17,-3.0139018469907967e-06
285.9,-2.073389384252975e-15,8.906400200840896e-17,-6.583900976552669e-07
286.0,-1.647254907934135e-15,8.219036819218106e-17,1.9927768188040433e-06
286.1,-1.2215459414875002e-15,8.12134184115968e-17,4.497538256214606e-06
286.2,-7.431780215905977e-16,8.361646021076328e-17,6.82976728079406e-06
286.3,-1.5917282688462306e-16,7.813354495544663e-17,9.383432205573543e-06
286.4,2.1212434715262457e-16,7.405227990421912e-17,1.1850508711178857e-05
286.5,4.77041200852889e-16,7.71037817575538e-17,1.3977743748873578e-05
286.6,1.1655178085776515e-15,7.461653475654111e-17,1.61755675581657e-05
286.7,1.588547993643832e-15,6.848833376947162e-17,1.8350253282302472e-05
286.8,1.905304701818902e-15,7.026938390637212e-17,2.008766336184537e-05
286.9,2.592035058110506e-15,7.116955526813597e-17,2.1696225008024793e-05
287.0,3.172333915753272e-15,6.493096785122301e-17,2.3317512671887748e-05
287.1,3.6463603670617096e-15,6.410101324928206e-17,2.4487763207257637e-05
287.2,4.0142733454694565e-15,6.744421194233572e-17,2.5324313544301074e-05
287.3,4.540196540825857e-15,6.31852987404156e-17,2.6160569670366256e-05
287.4,5.012826348239727e-15,5.961687061703976e-17,2.660884635075958e-05
287.5,5.379502076627125e-15,6.355153221098332e-17,2.6560725893453148e-05
287.6,5.903951527121816e-15,6.263601485282768e-17,2.6446153311863737e-05
287.7,6.375187812470848e-15,5.74577244193613e-17,2.605912707345524e-05
287.8,6.635306842410052e-15,6.002030995721878e-17,2.5095035765829578e-05
287.9,6.895164225337953e-15,6.25725539103241e-17,2.3960154183854043e-05
288.0,7.365194280128283e-15,5.777895445687557e-17,2.2686707962292627e-05
288.1,7.519259302130169e-15,5.77778289493391e-17,2.0859515724272395e-05
288.2,7.725724405578975e-15,6.262900123799552e-17,1.87496643742162e-05
288.3,8.037040570519814e-15,6.016061189203975e-17,1.661967856292059e-05
288.4,8.190533310671664e-15,5.759154292143933e-17,1.406164610417034e-05
288.5,8.343870588194346e-15,6.275287172133723e-17,1.113957116172931e-05
288.6,8.444601578675171e-15,6.37366160115588e-17,8.276229095286839e-06
288.7,8.545229778419102e-15,5.982933197057232e-17,5.188138857847049e-06
288.8,8.436161197990205e-15,6.334613088386833e-17,1.719612190329531e-06
288.9,8.327199523639533e-15,6.7622908190022e-17,-1.6590983877562076e-06
289.0,8.323036964604192e-15,6.43383464185873e-17,-5.023346738839164e-06
289.1,8.266556508426701e-15,6.511890230519902e-17,-8.698863144153411e-06
289.2,8.105542789965677e-15,7.129601070884746e-17,-1.2292401180115206e-05
289.3,8.049223347519894e-15,7.043237177500409e-17,-1.5644528135356792e-05
289.4,7.783991958005689e-15,6.860579814833792e-17,-1.9153568314140547e-05
289.5,7.623454607315945e-15,7.458314698893969e-17,-2.260544690586621e-05
289.6,7.41088646750352e-15,7.702710743372523e-17,-2.564412498454209e-05
289.7,7.094202431442e-15,7.394935397762775e-17,-2.862306452326557e-05
289.8,6.8299703265282965e-15,7.784343766275908e-17,-3.1559569258373445e-05
289.9,6.46177838302414e-15,8.318935604103978e-17,-3.399387689399839e-05
290.0,6.093952832791755e-15,8.077784242477823e-17,-3.613042717040414e-05
290.1,5.72649340153143e-15,8.159686123276597e-17,-3.8206480061446494e-05
290.2,5.25533379929844e-15,8.823818894175429e-17,-3.9780856866189584e-05
290.3,4.836650805902594e-15,8.814670913883469e-17,-4.084760571644816e-05
290.4,4.47036607858388e-15,8.622716331437516e-17,-4.179286869638781e-05
290.5,4.1564013527881184e-15,9.20632655362256e-17,-4.231234920581797e-05
290.6,3.531175120839015e-15,9.499015138436774e-17,-4.218856699986147e-05
290.7,3.1141852717075844e-15,9.178370399036956e-17,-4.184621879675288e-05
290.8,2.697611425842683e-15,9.499562434155316e-17,-4.119982530074139e-05
290.9,2.0740484286730746e-15,1.0031662856377633e-16,-3.987999887916542e-05
291.0,1.6065840393454802e-15,9.776155280922212e-17,-3.8231462005384925e-05
291.1,1.2431852501538163e-15,9.759842350452982e-17,-3.6410765325394223e-05
291.2,7.248288908589163e-16,1.0364261478148251e-16,-3.4000458941993526e-05
291.3,2.0699044771485695e-16,1.0333975777427576e-16,-3.117157957454217e-05
291.4,-2.5860872295061723e-16,1.0037760145176067e-16,-2.8280972526126322e-05
291.5,-6.720465723655976e-16,1.0507611193953938e-16,-2.498221474301531e-05
291.6,-1.0334009739557493e-15,1.0756383027951143e-16,-2.1229566566565225e-05
291.7,-1.5493266039335505e-15,1.0341972890056363e-16,-1.748506282088218e-05
291.8,-1.9614993700691714e-15,1.0513296613651076e-16,-1.3574289963536888e-05
291.9,-2.3732596793266357e-15,1.0963216705972823e-16,-9.253723579021313e-06
292.0,-2.836174652939668e-15,1.062779402558444e-16,-4.968247271120574e-06
292.1,-3.092462094628309e-15,1.0451244263670486e-16,-7.699028769918009e-07
292.2,-3.4000078750817735e-15,1.0932308947801363e-16,3.707527676474315e-06
292.3,-3.810224453174318e-15,1.0829875690194804e-16,8.152448479650231e-06
292.4,-4.014174942397575e-15,1.0388697718867103e-16,1.2294042234426568e-05
292.5,-4.06360641246866e-15,1.0702370883116708e-16,1.651168951887082e-05
292.6,-4.472873863166916e-15,1.0872719589394188e-16,2.0705504770454468e-05
292.7,-4.778957846303213e-15,1.034575266491031e-16,2.4454095204491937e-05
292.8,-4.7252080080411e-15,1.0351586893770457e-16,2.8037242956884536e-05
292.9,-4.7741812771395394e-15,1.0709810145399084e-16,3.158656350739172e-05
293.0,-5.0283428897964465e-15,1.0301373883365216e-16,3.4640427984332226e-05
293.1,-4.87197742801039e-15,9.978014436429876e-17,3.7295026599254396e-05
293.2,-4.715767036143905e-15,1.0349932121259334e-16,3.98700021278608e-05
293.3,-4.81587517117236e-15,1.0202574096110357e-16,4.198588487476825e-05
293.4,-4.608639416940179e-15,9.655981534962752e-17,4.3523877547970424e-05
293.5,-4.299246628334591e-15,9.854004225631714e-17,4.48977306371116e-05
293.6,-4.297097542336695e-15,9.995230811636608e-17,4.5911110973573045e-05
293.7,-4.0904281243935324e-15,9.419925932266844e-17,4.626044940512278e-05
293.8,-3.883964250472162e-15,9.326659181303136e-17,4.633584308345459e-05
293.9,-3.5244680264414092e-15,9.660111055083878e-17,4.617603647750763e-05
294.0,-3.3184913788313453e-15,9.257769997310719e-17,4.537621059329284e-05
294.1,-2.8575788104848706e-15,8.87278819412451e-17,4.41941381237633e-05
294.2,-2.4481288956149613e-15,9.218557275804839e-17,4.289239935180135e-05
294.3,-2.24299637570458e-15,9.119519137997376e-17,4.107846566077997e-05
294.4,-1.783309784649075e-15,8.570024816955004e-17,3.880829480713096e-05
294.5,-1.324082204813328e-15,8.751056372917254e-17,3.64970838767743e-05
294.6,-9.671148559491803e-16,8.963833639175301e-17,3.387639189526971e-05
294.7,-5.087533786265352e-16,8.448754517248681e-17,3.078897457111633e-05
294.8,5.084990655207966e-17,8.360110385772883e-17,2.7691086965526587e-05
294.9,3.049469277238962e-16,8.767948764841689e-17,2.4517061298438682e-05
295.0,8.635843950541358e-16,8.478940382467369e-17,2.0945740980801328e-05
295.1,1.2693422217451016e-15,8.138947924362698e-17,1.735315329541778e-05
295.2,1.826939101356814e-15,8.555338367546686e-17,1.3899750084574407e-05
295.3,2.1303635034913776e-15,8.600370269960617e-17,1.0196041072733024e-05
295.4,2.6362744422741922e-15,8.143293144027e-17,6.439931789610348e-06
295.5,3.0910068212784444e-15,8.390034918150279e-17,2.979113680095858e-06
295.6,3.494637009645403e-15,8.751524739486074e-17,-5.296137995976844e-07
295.7,3.897862896349286e-15,8.377567833864846e-17,-4.114476178086187e-06
295.8,4.3512810763186865e-15,8.366475734086237e-17,-7.331267420505323e-06
295.9,4.75367397770235e-15,8.910684803866823e-17,-1.0375668666245397e-05
296.0,5.155663499489571e-15,8.797446567730191e-17,-1.3487560183421946e-05
296.1,5.456209036330977e-15,8.559397050644881e-17,-1.6244012263441346e-05
296.2,5.705957614360715e-15,9.088547928491599e-17,-1.8633910465102046e-05
296.3,5.904985184030859e-15,9.317854605060351e-17,-2.10365169371562e-05
296.4,6.204701810435857e-15,8.993520965095946e-17,-2.3162724997256677e-05
296.5,6.3528587773059255e-15,9.33130364573546e-17,-2.4794025745862734e-05
296.6,6.450471763192162e-15,9.855459598509706e-17,-2.6339578395789976e-05
296.7,6.699092932449433e-15,9.635245122968605e-17,-2.772051070801868e-05
296.8,6.695744223230278e-15,9.702136615200439e-17,-2.8569252784559642e-05
296.9,6.692397187947214e-15,1.0368399564156605e-16,-2.920886240765246e-05
297.0,6.789639071263682e-15,1.0415103863225164e-16,-2.9790053340091056e-05
297.1,6.585171171393976e-15,1.0257449123749073e-16,-2.9897214918200226e-05
297.2,6.632122763083285e-15,1.0861425536797126e-16,-2.9677052583116058e-05
297.3,6.5283710528428904e-15,1.1231255461614078e-16,-2.9466975184420302e-05
297.4,6.47491454720204e-15,1.0995204476552793e-16,-2.8918855267951814e-05
297.5,6.371341807698066e-15,1.1368818411218291e-16,-2.7963425801682653e-05
297.6,6.067299125217213e-15,1.1994217628556898e-16,-2.7031624578930397e-05
297.7,5.91391252566109e-15,1.1868306069166082e-16,-2.5940590149424018e-05
297.8,5.660492058153365e-15,1.1946008061790028e-16,-2.4426744731234807e-05
297.9,5.457391279937164e-15,1.2654057480766775e-16,-2.2896889622100195e-05
298.0,5.254492137316783e-15,1.277997148900194e-16,-2.138615319979414e-05
298.1,4.9517589452101754e-15,1.2619652931069504e-16,-1.951313205868963e-05
298.2,4.649327097658576e-15,1.320446400711843e-16,-1.7550756090301123e-05
298.3,4.3971641433949795e-15,1.361903067888921e-16,-1.574501815334523e-05
298.4,3.945480940446581e-15,1.3376640152526486e-16,-1.3706309531059142e-05
298.5,3.594083872173528e-15,1.3679788175045137e-16,-1.1501989677349758e-05
298.6,3.0933584906142995e-15,1.4292066550993955e-16,-9.523781047533964e-06
298.7,2.6928686885583194e-15,1.4151995529606156e-16,-7.485803409599325e-06
298.8,2.2429354923054434e-15,1.4128817561909238e-16,-5.235652090724214e-06
298.9,1.6938152525756264e-15,1.4759984317621936e-16,-3.205575777977142e-06
299.0,1.344416206744293e-15,1.4853152979295506e-16,-1.296320080662393e-06
299.1,7.465245370360786e-16,1.4582418895819307e-16,8.174832674076307e-07
299.2,1.989736981513539e-16,1.5033106198821998e-16,2.779291072042297e-06
299.3,-1.9887423616984568e-16,1.5378760669525204e-16,4.471031835341555e-06
299.4,-6.957118836741417e-16,1.5027865658831968e-16,6.296640185073412e-06
299.5,-1.2417216333603533e-15,1.515817314272825e-16,8.070476502979295e-06
299.6,-1.7375412988262156e-15,1.5655438511872963e-16,9.487202503024903e-06
299.7,-2.084007294399925e-15,1.5410819541121279e-16,1.0913837640813286e-05
299.8,-2.628504147955761e-15,1.52013482219063e-16,1.2383628164019254e-05
299.9,-3.02374723939232e-15,1.5669367654277485e-16,1.348641806002402e-05
300.0,-3.3690496814771604e-15,1.5654209980423792e-16,1.4447982130036356e-05
300.1,-3.763526233897152e-15,1.5208677473985444e-16,1.5508168699221298e-05
300.2,-4.3060935510448035e-15,1.546067623996055e-16,1.6263921535741227e-05
300.3,-4.501823389220184e-15,1.568247832255878e-16,1.673560141480638e-05
300.4,-4.8456940432489324e-15,1.5183027392854813e-16,1.730078198999127e-05
300.5,-5.189219787683703e-15,1.51035959305165e-16,1.7673831269037906e-05
300.6,-5.631193754305745e-15,1.5452913442696328e-16,1.7663437786754246e-05
300.7,-5.6283788612105106e-15,1.5087410383595364e-16,1.767876869488369e-05
300.8,-5.970994828073792e-15,1.4684518048286993e-16,1.762979758896264e-05
300.9,-6.214622063558891e-15,1.4982893544848323e-16,1.7166804180159145e-05
301.0,-6.260813271520855e-15,1.4865718583450085e-16,1.6616759977364495e-05
301.1,-6.356229846527301e-15,1.426632729506644e-16,1.6109723967037125e-05
301.2,-6.59929487196937e-15,1.434289186743916e-16,1.523542684867588e-05
301.3,-6.546772198193539e-15,1.4471343612607691e-16,1.4148814795488044e-05
301.4,-6.592698875645229e-15,1.3869640047020582e-16,1.3164198056737187e-05
301.5,-6.638578002024281e-15,1.3631996768874793e-16,1.1925941870052425e-05
301.6,-6.487809330647072e-15,1.3887683774323082e-16,1.0375949985578712e-05
301.7,-6.386315233234546e-15,1.3469267524486256e-16,8.926753040747838e-06
301.8,-6.43222381895718e-15,1.2948442535055243e-16,7.377834026532914e-06
301.9,-6.2327029075541596e-15,1.3151834633202005e-16,5.4770545628781984e-06
302.0,-5.984327991158476e-15,1.3015967306326262e-16,3.622916337218262e-06
302.1,-5.9323092261031775e-15,1.2354337760396523e-16,1.82791492158314e-06
302.2,-5.6353267643313944e-15,1.2343698401029453e-16,-2.8063617414452425e-07
302.3,-5.3386397284521535e-15,1.2469904688540296e-16,-2.425600286844731e-06
302.4,-5.140155623483506e-15,1.1868028529076112e-16,-4.3822029922689635e-06
302.5,-4.941868619014271e-15,1.1572675588958282e-16,-6.536372181167045e-06
302.6,-4.548158832843485e-15,1.1831098039093848e-16,-8.805144174871677e-06
302.7,-4.057080448534739e-15,1.1464515835016177e-16,-1.0810616365769601e-05
302.8,-3.7130600429811705e-15,1.0933969349439826e-16,-1.2840901446505838e-05
302.9,-3.3693825580792624e-15,1.1143624750819442e-16,-1.502560803024429e-05
303.0,-2.9284332938285707e-15,1.1093716921547892e-16,-1.6934921508984026e-05
303.1,-2.683055322910248e-15,1.0480617282998618e-16,-1.8675409216535962e-05
303.2,-2.1453713044598545e-15,1.0485794392538153e-16,-2.0548579364888388e-05
303.3,-1.7544263620371941e-15,1.0707254575117092e-16,-2.2188075485401673e-05
303.4,-1.2664523214221124e-15,1.02073442784384e-16,-2.3485972061407637e-05
303.5,-9.737071181088925e-16,9.950970548789816e-17,-2.48277198150295e-05
303.6,-5.352712124336196e-16,1.0299016833717881e-16,-2.600823420358324e-05
303.7,-1.459100846523148e-16,1.0072408019850731e-16,-2.6732264062698104e-05
303.8,1.9444953046094639e-16,9.616763332970907e-17,-2.7358855137074356e-05
303.9,5.830569899935703e-16,9.90368514129791e-17,-2.789772362450402e-05
304.0,1.1655310687371031e-15,1.0007410387892725e-16,-2.7946206259992772e-05
304.1,1.456185561087299e-15,9.512203474378963e-17,-2.7735227194571453e-05
304.2,1.8435796903795154e-15,9.592031223814008e-17,-2.748416336530526e-05
304.3,2.085113148172776e-15,9.959763116832812e-17,-2.6793587525035786e-05
304.4,2.374871436221525e-15,9.61377752232712e-17,-2.570170201141377e-05
304.5,2.664339517392e-15,9.439517914038195e-17,-2.4575608611675564e-05
304.6,2.9535176094151795e-15,9.906743587097357e-17,-2.3129953249364987e-05
304.7,3.2424059298768775e-15,9.848524769724619e-17,-2.1200748421339358e-05
304.8,3.482634768872387e-15,9.492911799453118e-17,-1.920161060483061e-05
304.9,3.770968377306814e-15,9.867502347636422e-17,-1.704166674373227e-05
305.0,3.865726527600673e-15,1.0129173422594867e-16,-1.4402948717808922e-05
305.1,4.1535787085325745e-15,9.754413816325164e-17,-1.1633333769212477e-05
305.2,4.296322290787583e-15,9.897963391310351e-17,-8.864181593283149e-06
305.3,4.390672973707429e-15,1.0389769438721357e-16,-5.71581995275745e-06
305.4,4.34025315095265e-15,1.0175657368859891e-16,-2.3781456299501617e-06
305.5,4.530887280899225e-15,1.0054263125919323e-16,8.278633093061479e-07
305.6,4.335915067205079e-15,1.0599061276176713e-16,4.233190492049201e-06
305.7,4.285594899886422e-15,1.0666943080294357e-16,7.8528924507785e-06
305.8,4.235323956720203e-15,1.0367258675857604e-16,1.1260448385754608e-05
305.9,4.088892955066758e-15,1.0773165244704835e-16,1.4640692449453439e-05
306.0,3.990687866212947e-15,1.113001031663124e-16,1.8202857582077593e-05
306.1,3.844523393766452e-15,1.0814133985971299e-16,2.152739533295277e-05
306.2,3.6985040520841e-15,1.0949131619496948e-16,2.45959510092249e-05
306.3,3.4566127127944103e-15,1.1482733198827998e-16,2.7747091213678345e-05
306.4,3.1669777685723827e-15,1.1320270888132597e-16,3.067844430318243e-05
306.5,3.0694736247217904e-15,1.116659397973978e-16,3.316812002090477e-05
306.6,2.7323834137061326e-15,1.1690886806653002e-16,3.558384038192218e-05
306.7,2.347716852824986e-15,1.178683264790744e-16,3.781832577572721e-05
306.8,2.2028773722338092e-15,1.1445824382892863e-16,3.950301092194691e-05
306.9,1.9145880077056314e-15,1.1777376542407479e-16,4.092773586173396e-05
307.0,1.483063988563683e-15,1.2124759960723127e-16,4.2204984414111124e-05
307.1,1.291055204254215e-15,1.1771517987672998e-16,4.291818244015819e-05
307.2,8.602732253380633e-16,1.1801270158048297e-16,4.319562137549271e-05
307.3,4.299215981208137e-16,1.2279287266370552e-16,4.333476924492876e-05
307.4,4.77451878947775e-17,1.2082318876728606e-16,4.2984455018385757e-05
307.5,-3.8177057014387214e-16,1.181457756092709e-16,4.2074657409778644e-05
307.6,-7.154619985728168e-16,1.2235045406430195e-16,4.100376180525344e-05
307.7,-1.1441669711862026e-15,1.2284709185781382e-16,3.9582929449240264e-05
307.8,-1.4771435813177938e-15,1.1839243151810867e-16,3.756424155864212e-05
307.9,-1.809787012170771e-15,1.2030546017217873e-16,3.533726853997025e-05
308.0,-2.23730184757808e-15,1.2306133207985195e-16,3.292919300971811e-05
308.1,-2.474075335448121e-15,1.1864465845561088e-16,2.9985973472825768e-05
308.2,-2.9008299043516335e-15,1.1736773176935507e-16,2.678343208520985e-05
308.3,-3.3746880243924027e-15,1.2105784766648972e-16,2.3560330995673973e-05
308.4,-3.563029333252726e-15,1.1832116893903134e-16,1.9959379260880432e-05
308.5,-3.798664814816581e-15,1.141699122610297e-16,1.6071351354686725e-05
308.6,-4.223902127343999e-15,1.1700888342728337e-16,1.2285095887718064e-05
308.7,-4.458969957223933e-15,1.1682280387710206e-16,8.34502290984435e-06
308.8,-4.6463895839714976e-15,1.1122651526974344e-16,4.138427778394161e-06
308.9,-4.975786039158667e-15,1.1166135482077734e-16,1.0243551224419962e-07
309.0,-5.304852019209273e-15,1.136828373594885e-16,-3.839479940409239e-06
309.1,-5.349541329911699e-15,1.0852749426924097e-16,-7.964693905139351e-06
309.2,-5.4888194551154435e-15,1.0589562369412999e-16,-1.1902181690327496e-05
309.3,-5.675250756595843e-15,1.0875140718655346e-16,-1.552164954925956e-05
309.4,-5.6724138405056704e-15,1.056639049122754e-16,-1.918069181455793e-05
309.5,-5.6695783425189855e-15,1.0054343880028817e-16,-2.2670227798156028e-05
309.6,-5.7611899996257e-15,1.0249936432304724e-16,-2.568321559408226e-05
309.7,-5.711110861337786e-15,1.0219801338156828e-16,-2.855160271217277e-05
309.8,-5.613904680508793e-15,9.614141267270649e-17,-3.127968007636595e-05
309.9,-5.5167942544991004e-15,9.576550245121572e-17,-3.3463668299134946e-05
310.0,-5.419779511867218e-15,9.774288744298209e-17,-3.531261907877737e-05
310.1,-5.3228603812191575e-15,9.266073620850651e-17,-3.7037635356270184e-05
310.2,-4.990629728541355e-15,8.950601968439715e-17,-3.824632327771789e-05
310.3,-4.894019281979165e-15,9.233425456720808e-17,-3.8963628460855736e-05
310.4,-4.60936675606622e-15,8.976810976253995e-17,-3.9545328605650416e-05
310.5,-4.3720084319893906e-15,8.459013852376109e-17,-3.9716929369905046e-05
310.6,-4.13488625514126e-15,8.652311468314599e-17,-3.9311265256397356e-05
310.7,-3.991927760761464e-15,8.699287681044965e-17,-3.872870628902745e-05
310.8,-3.56746887623478e-15,8.144082455659867e-17,-3.78881806560639e-05
310.9,-3.3311010095206986e-15,8.1174772997507e-17,-3.647776536946268e-05
311.0,-3.094968560169797e-15,8.399873941683963e-17,-3.4832294594362e-05
311.1,-2.7184612853997886e-15,7.994897242504646e-17,-3.308774655272582e-05
311.2,-2.2486364644205146e-15,7.720595362772455e-17,-3.0876737589457096e-05
311.3,-1.82610384711708e-15,8.084553745410989e-17,-2.837879319166817e-05
311.4,-1.4507928647685223e-15,7.967059746281912e-17,-2.5912032092941293e-05
311.5,-9.82303891701791e-16,7.531069297868857e-17,-2.315965302847089e-05
311.6,-7.48047895255973e-16,7.797749268018744e-17,-2.010094443060064e-05
311.7,-4.205666051992966e-16,7.992509874229088e-17,-1.7152174071523385e-05
311.8,-4.670626382875132e-17,7.559733259380923e-17,-1.4139998007914057e-05
311.9,2.8009749920488206e-16,7.607067029289936e-17,-1.0855230093202526e-05
312.0,6.998937136540808e-16,8.02850656631247e-17,-7.702145033100769e-06
312.1,1.1659064237823142e-15,7.781473648628956e-17,-4.704297662585091e-06
312.2,1.5382271734954603e-15,7.595212395697795e-17,-1.528492595331383e-06
312.3,1.8635857601879595e-15,8.074330987819227e-17,1.5392148800428635e-06
312.4,2.1420523302498564e-15,8.127095802933306e-17,4.2796423345241865e-06
312.5,2.513326192978678e-15,7.800981562564987e-17,7.051433609280631e-06
312.6,2.6981490916989863e-15,8.15584461697199e-17,9.760161866803103e-06
312.7,2.9292831435350155e-15,8.507793509893979e-17,1.204702609496746e-05
312.8,3.2066587602590617e-15,8.206488671022604e-17,1.4191424797457017e-05
312.9,3.483756338744001e-15,8.323188680706738e-17,1.6311372521074955e-05
313.0,3.574868626530844e-15,8.865757179734851e-17,1.8003951784441537e-05
313.1,3.897907242547297e-15,8.757343691689211e-17,1.9387971470163983e-05
313.2,4.0351001609433495e-15,8.632507341388896e-17,2.0756863829825164e-05
313.3,4.079440392352163e-15,9.184964280486672e-17,2.177230964594044e-05
313.4,4.216403495023822e-15,9.363697053430154e-17,2.235731691019859e-05
313.5,4.3069177063980136e-15,9.103103349367566e-17,2.2896555244582848e-05
313.6,4.397340372611634e-15,9.490289407428911e-17,2.3208215778166875e-05
313.7,4.580200873138172e-15,9.937835981921248e-17,2.304019330738653e-05
313.8,4.5316698163926035e-15,9.706630186968847e-17,2.2760637314994356e-05
313.9,4.668059789109412e-15,9.822022454123772e-17,2.2393942997824735e-05
314.0,4.619531032302071e-15,1.0404761884542876e-16,2.1583557345563798e-05
314.1,4.5710496256897595e-15,1.0355973835523246e-16,2.0579680583663506e-05
314.2,4.430317257854934e-15,1.0210017374780565e-16,1.9606621945219123e-05
314.3,4.4281026529233756e-15,1.0742659761894006e-16,1.8304122594554486e-05
314.4,4.287580118923209e-15,1.0952634277359593e-16,1.6737270409591063e-05
314.5,4.055037033285284e-15,1.0661745334807734e-16,1.526971077385466e-05
314.6,4.006953089500576e-15,1.0974926401511168e-16,1.3640010503821605e-05
314.7,3.820814476328093e-15,1.140759461954388e-16,1.1713505415288054e-05
314.8,3.542839157700426e-15,1.114353247686029e-16,9.894987015706873e-06
314.9,3.4950802824493898e-15,1.1152205310212763e-16,8.097406679417947e-06
315.0,3.3094735381140583e-15,1.1665623529673076e-16,6.027811217117099e-06
315.1,2.940283746631337e-15,1.1574416712696865e-16,4.023358652694498e-06
315.2,2.801057067283856e-15,1.130838121772638e-16,2.1987546069306972e-06
315.3,2.4783847868278023e-15,1.1716423343183146e-16,1.8831404924670774e-07
315.4,2.1101613257836956e-15,1.1859569704687219e-16,-1.8279297865942802e-06
315.5,1.8340056598669685e-15,1.145074702538574e-16,-3.5621090972035564e-06
315.6,1.512298331155869e-15,1.1599542962398237e-16,-5.3471737270502616e-06
315.7,1.0993035425426039e-15,1.1927877572074182e-16,-7.205952180894968e-06
315.8,7.782841032809748e-16,1.1553123213362553e-16,-8.754153782144077e-06
315.9,5.033438613814698e-16,1.1381348098123054e-16,-1.019620488142494e-05
316.0,3.201496151370851e-16,1.1752225758146049e-16,-1.1747473723280529e-05
316.1,-4.571279719164993e-17,1.1557303675344508e-16,-1.303092975539042e-05
316.2,-3.1982962554341066e-16,1.1120779991252347e-16,-1.4063120093767527e-05
316.3,-5.936723941621197e-16,1.135591973819738e-16,-1.5188794188908843e-05
316.4,-8.672413085440545e-16,1.1392932801768468e-16,-1.614013174625678e-05
316.5,-1.140536574048527e-15,1.084000179970372e-16,-1.6739379795933327e-05
316.6,-1.2311637641692015e-15,1.080176173475188e-16,-1.7362481131562817e-05
316.7,-1.5951552505738132e-15,1.1011051932148556e-16,-1.7922873507311153e-05
316.8,-1.9587825288376365e-15,1.052608812364901e-16,-1.809672724929305e-05
316.9,-2.0488640048165212e-15,1.0179131360332431e-16,-1.8185376026797756e-05
317.0,-2.1843624841380628e-15,1.0414001359099505e-16,-1.830582015039785e-05
317.1,-2.4561793978827775e-15,1.0134670322914909e-16,-1.8077518757591533e-05
317.2,-2.636799882944364e-15,9.55501271560541e-17,-1.76431792139529e-05
317.3,-2.726360495739259e-15,9.643807732946218e-17,-1.7289903685462927e-05
317.4,-2.9066641666449697e-15,9.610458881833664e-17,-1.6686038443278796e-05
317.5,-3.0867868976987527e-15,8.964018645061338e-17,-1.5776669016697743e-05
317.6,-3.039872656356995e-15,8.791647655695753e-17,-1.4939211011704551e-05
317.7,-2.9930045462189856e-15,8.936350995717923e-17,-1.3983367634649147e-05
317.8,-3.172811958494498e-15,8.408423349373387e-17,-1.267328494454803e-05
317.9,-3.035316265519911e-15,7.958882326784271e-17,-1.1372816950472615e-05
318.0,-2.9432378229552186e-15,8.129844804872357e-17,-1.0086716686103655e-05
318.1,-2.9870245191469615e-15,7.849505839608606e-17,-8.46571465161379e-06
318.2,-2.895060732318285e-15,7.220538078929176e-17,-6.760982092879598e-06
318.3,-2.667550004104535e-15,7.254392950421191e-17,-5.17240741211944e-06
318.4,-2.7114066737193224e-15,7.245887850569825e-17,-3.3367298824179573e-06
318.5,-2.5293812219683613e-15,6.609651976169556e-17,-1.325488937769795e-06
318.6,-2.2572471852476257e-15,6.403141585471011e-17,5.197481422428247e-07
318.7,-2.07562933626277e-15,6.58070004001552e-17,2.472663559077712e-06
318.8,-1.9392923170264768e-15,6.114415174458952e-17,4.657738367221209e-06
318.9,-1.6678592509266735e-15,5.666672896578114e-17,6.683833802855394e-06
319.0,-1.3966970654652725e-15,5.869500732415989e-17,8.65619030136438e-06
319.1,-1.3059344468782832e-15,5.685488826819886e-17,1.0856862188432244e-05
319.2,-1.0352233719309405e-15,5.106591812591394e-17,1.2950363934475734e-05
319.3,-7.647826140716366e-16,5.176822218593968e-17,1.484128806311477e-05
319.4,-5.395766953034093e-16,5.280923878589887e-17,1.688696840738268e-05
319.5,-3.145957350617695e-16,4.74534123768725e-17,1.8896859937572465e-05
319.6,8.983956471775776e-17,4.588840998065812e-17,2.059834383588383e-05
319.7,4.0407595273562875e-16,4.876422004117265e-17,2.2321057432239298e-05
319.8,8.077479305206756e-16,4.5522833935853145e-17,2.4068242034255912e-05
319.9,1.0764588766761077e-15,4.18403780707834e-17,2.5462711932100574e-05
320.0,1.344900977215882e-15,4.4869284875470327e-17,2.671162355406962e-05
320.1,1.7474973032554453e-15,4.465798923555776e-17,2.8007234069577778e-05
320.2,2.1049055725952618e-15,4.001331499709542e-17,2.8969609237034173e-05
320.3,2.4171932484133814e-15,4.1576949191823056e-17,2.962337594471519e-05
320.4,2.7291681886512365e-15,4.417159254989834e-17,3.029318127052813e-05
320.5,3.0855487254029463e-15,4.02611637870719e-17,3.069928146833126e-05
320.6,3.3521808007277836e-15,3.953421573027257e-17,3.067529706568259e-05
320.7,3.618545539622608e-15,4.371279489679853e-17,3.0585924021324495e-05
320.8,3.884643142732324e-15,4.2074976471429284e-17,3.032737672175932e-05
320.9,4.1504738105680476e-15,3.929853247306266e-17,2.9587821619468536e-05
321.0,4.371431301653571e-15,4.327616427367381e-17,2.866991691102892e-05
321.1,4.636750997585938e-15,4.4597755499973895e-17,2.7673719109558366e-05
321.2,4.8126806324146044e-15,4.099335859712621e-17,2.6228928808329134e-05
321.3,5.077512387671182e-15,4.3212680542491314e-17,2.4492865671097138e-05
321.4,5.253043538553982e-15,4.707037080082922e-17,2.2741987460746426e-05
321.5,5.472892998445796e-15,4.430753520137905e-17,2.0651815861774995e-05
321.6,5.514630059000649e-15,4.4015712689080727e-17,1.8192956065108424e-05
321.7,5.6452252097943484e-15,4.897790320843918e-17,1.574332691738231e-05
321.8,5.775688420112213e-15,4.842336699951237e-17,1.3116879904223813e-05
321.9,5.906019789229272e-15,4.5995082404334425e-17,1.010937328575367e-05
322.0,5.858683551167382e-15,5.025476688295013e-17,7.09860232402492e-06
322.1,5.944478501326492e-15,5.2416974385467136e-17,4.092099084052857e-06
322.2,5.9415070050118135e-15,4.916908162433036e-17,7.72266807512805e-07
322.3,5.805584673311068e-15,5.1247516492460545e-17,-2.5834011526266084e-06
322.4,5.714092032405739e-15,5.551175277900702e-17,-5.771542130666451e-06
322.5,5.71123570053201e-15,5.308125822760167e-17,-9.12949724397454e-06
322.6,5.487125726836723e-15,5.2377665510936113e-17,-1.2551396650679493e-05
322.7,5.484382849749721e-15,5.720572400746206e-17,-1.568953772901558e-05
322.8,5.437434558728148e-15,5.686102736020039e-17,-1.8801751642184764e-05
322.9,5.081239023713061e-15,5.3932609244383746e-17,-2.1976996909070957e-05
323.0,4.857886037543704e-15,5.755197447084621e-17,-2.4814481494623628e-05
323.1,4.7230361279778705e-15,5.964834271144355e-17,-2.7415667179832205e-05
323.2,4.455964441305574e-15,5.591323393784064e-17,-3.0033638896927352e-05
323.3,4.145062173295441e-15,5.696881589103085e-17,-3.23206048295978e-05
323.4,4.010767070034309e-15,6.0749668175846e-17,-3.418896515597074e-05
323.5,3.744448197359764e-15,5.786380420993635e-17,-3.59805179517529e-05
323.6,3.3463036415784966e-15,5.597782101932558e-17,-3.749243364327511e-05
323.7,2.94855619518933e-15,5.987472016753151e-17,-3.846895687659263e-05
323.8,2.859109680059546e-15,5.902296939676275e-17,-3.924200350617091e-05
323.9,2.4180373313873348e-15,5.494926764905241e-17,-3.980651990881426e-05
324.0,2.065289907300347e-15,5.726019083577116e-17,-3.9807555092794226e-05
324.1,1.8885760293615172e-15,5.868707095517323e-17,-3.947316428043508e-05
324.2,1.6242414689079415e-15,5.3984571094667273e-17,-3.8995536744302164e-05
324.3,1.1846648076104213e-15,5.3562181662575206e-17,-3.8018552943177676e-05
324.4,1.0086544568554045e-15,5.643766290311375e-17,-3.660333817467413e-05
324.5,6.574892971876778e-16,5.280931083094589e-17,-3.5085932264365756e-05
324.6,2.6286425388462e-16,4.952834036218229e-17,-3.3208982196155264e-05
324.7,-8.757761820341129e-17,5.2302255530790454e-17,-3.085198738761974e-05
324.8,-2.6260152101906264e-16,5.089222346719842e-17,-2.8403554351753617e-05
324.9,-6.124305905159705e-16,4.573841460790129e-17,-2.5779146061333044e-05
325.0,-9.619098527685098e-16,4.682275750001388e-17,-2.271411812652791e-05
325.1,-1.0051303370635842e-15,4.773762524664082e-17,-1.9545714754824846e-05
325.2,-1.3103842141505311e-15,4.2361736006542846e-17,-1.6389663216538344e-05
325.3,-1.6153326625041629e-15,4.077215873627257e-17,-1.291597353846833e-05
325.4,-1.7890684627105316e-15,4.307354985472682e-17,-9.32245960215127e-06
325.5,-1.8754021594937817e-15,3.9153264237748276e-17,-5.89807032136924e-06
325.6,-2.0924257035909634e-15,3.498017324345745e-17,-2.3451413937638424e-06
325.7,-2.3963726327850776e-15,3.710391917547045e-17,1.3262670716222094e-06
325.8,-2.3516261142205212e-15,3.5669440689822e-17,4.728389950072954e-06
325.9,-2.6116117722974323e-15,3.0056512859905137e-17,8.037738883058903e-06
326.0,-2.7843267123289105e-15,3.050913247499734e-17,1.1427885663881515e-05
326.1,-2.6959681814257227e-15,3.1537414522817114e-17,1.4513836563646525e-05
326.2,-2.8250053988365613e-15,2.6225503745893713e-17,1.7296194699136515e-05
326.3,-2.9104730414871704e-15,2.421998409055811e-17,2.0077506976500465e-05
326.4,-2.822181805469708e-15,2.6684530254660177e-17,2.257666060904044e-05
326.5,-2.7773745893227424e-15,2.3305925978458216e-17,2.4613344975086095e-05
326.6,-2.7326114639992055e-15,1.9111532576443157e-17,2.6529773370329483e-05
326.7,-2.6445392934442814e-15,2.141903541538764e-17,2.822183673527775e-05
326.8,-2.5132230581962822e-15,2.0851651484448972e-17,2.9374802879230768e-05
326.9,-2.46865698903034e-15,1.574157125890548e-17,3.027193760242547e-05
327.0,-2.4241348468021994e-15,1.6477191469117332e-17,3.101148847673759e-05
327.1,-2.2931236315052383e-15,1.8526989796725282e-17,3.1229608002792314e-05
327.2,-2.0325082216087192e-15,1.4223446504033822e-17,3.107039642647455e-05
327.3,-1.9450457440076523e-15,1.2696416224477145e-17,3.080540572016552e-05
327.4,-1.6416620364573848e-15,1.615241640340707e-17,3.0122204218681395e-05
327.5,-1.338581150763003e-15,1.4165694669646444e-17,2.898623538754515e-05
327.6,-1.251595122483518e-15,1.0780125502833917e-17,2.776718805190608e-05
327.7,-9.921482093430584e-16,1.3991457634355507e-17,2.629186734466319e-05
327.8,-6.036144186655409e-16,1.497328551184909e-17,2.4359066590337928e-05
327.9,-4.3093763349674053e-16,1.1014809037698044e-17,2.2336195814490715e-05
328.0,-1.2921666556146587e-16,1.2552680456270052e-17,2.0239895153607184e-05
328.1,2.583041467561533e-16,1.6055625086145242e-17,1.776208153566328e-05
328.2,4.3029171160902147e-16,1.3213571341776499e-17,1.516985823023928e-05
328.3,8.601532390614354e-16,1.2530096402300076e-17,1.2668801906748393e-05
328.4,1.1176402509260845e-15,1.7208800815646647e-17,9.934372370463593e-06
328.5,1.4178343009968561e-15,1.6830270832215968e-17,7.064479954918232e-06
328.6,1.6318415551440064e-15,1.4414154211699128e-17,4.4011793730766064e-06
328.7,1.9743996990100336e-15,1.8550622195753568e-17,1.6988643348101073e-06
328.8,2.359515239686194e-15,2.1062781158107607e-17,-1.1349881868445004e-06
328.9,2.572729938498116e-15,1.8242513609186694e-17,-3.7116880245467006e-06
329.0,2.914303081075386e-15,2.045699160851722e-17,-6.124564853415085e-06
329.1,3.0841901933950862e-15,2.519207097167388e-17,-8.624965381023027e-06
329.2,3.296721295129995e-15,2.357714711652535e-17,-1.0880292538842545e-05
329.3,3.4234528275365388e-15,2.3412677131633462e-17,-1.28011120381938e-05
329.4,3.5928286054322144e-15,2.886732733532962e-17,-1.472257408085336e-05
329.5,3.847534971598106e-15,2.962966167640427e-17,-1.645573974549032e-05
329.6,4.0592567785837e-15,2.768306011602491e-17,-1.774956537594309e-05
329.7,4.099935317069759e-15,3.211682014964954e-17,-1.892594239159423e-05
329.8,4.183258483938936e-15,3.5484934787711945e-17,-1.998813474932061e-05
329.9,4.2664973239970784e-15,3.314000709693739e-17,-2.0590608153524438e-05
330.0,4.434939192900707e-15,3.52689091644313e-17,-2.0950185219512644e-05
330.1,4.432722277579271e-15,4.0389882860666255e-17,-2.125876421446698e-05
330.2,4.43050647043843e-15,3.9178222876237054e-17,-2.117085204733923e-05
330.3,4.556030956623967e-15,3.867132452879711e-17,-2.0737253576805832e-05
330.4,4.5537535105546186e-15,4.3955493369718336e-17,-2.028407284855293e-05
330.5,4.466402862682108e-15,4.4944367554344276e-17,-1.956155334567615e-05
330.6,4.4641702194580866e-15,4.2575548330093784e-17,-1.844121500137379e-05
330.7,4.376949383852325e-15,4.63414318470737e-17,-1.7293289064793466e-05
330.8,4.204867807403901e-15,4.959869516764841e-17,-1.6033977923421102e-05
330.9,4.1178615374247004e-15,4.681832774509945e-17,-1.4393337442237936e-05
331.0,3.946079281249174e-15,4.792427812644335e-17,-1.2684920662964101e-05
331.1,3.859287235113435e-15,5.2479212074854494e-17,-1.1016026577920204e-05
331.2,3.687803872779079e-15,5.0809888668424616e-17,-9.053269820006e-06
331.3,3.558858347888203e-15,4.9124930038220185e-17,-6.969717537116966e-06
331.4,3.3876946319023045e-15,5.336578388707651e-17,-5.0366840462782405e-06
331.5,3.0897261022795727e-15,5.376333421116128e-17,-2.9534875345230162e-06
331.6,2.792054620206425e-15,5.0217443897402405e-17,-7.087645503317242e-07
331.7,2.5792453856446117e-15,5.2534322526656465e-17,1.334131503355812e-06
331.8,2.113078758445684e-15,5.494000344885764e-17,3.355988271752548e-06
331.9,1.8585797851784147e-15,5.10971921126204e-17,5.544963580283317e-06
332.0,1.6043347192646398e-15,5.0575823637258625e-17,7.542788532280783e-06
332.1,1.3081451401267436e-15,5.398521531381069e-17,9.356628348950455e-06
332.2,1.012251275649734e-15,5.139818970302671e-17,1.129482808751999e-05
332.3,6.744968510148218e-16,4.814111375282844e-17,1.3099782686869117e-05
332.4,2.9494486301322465e-16,5.0945677860903466e-17,1.4599885782728565e-05
332.5,-8.422783641248054e-17,5.0471010734945165e-17,1.613423382749224e-05
332.6,-3.3674293208399735e-16,4.5588981929578565e-17,1.761368337312529e-05
332.7,-7.152210307455904e-16,4.631451971792046e-17,1.8732822554504794e-05
332.8,-1.1774222511354435e-15,4.779314605385616e-17,1.9764371837096127e-05
332.9,-1.3869825598708327e-15,4.2932431092890396e-17,2.080914404685115e-05
333.0,-1.638341831377521e-15,4.084143207990976e-17,2.1510560067099908e-05
333.1,-2.057400522969262e-15,4.316967623998471e-17,2.1997269002269593e-05
333.2,-2.518006628375493e-15,3.985760932113654e-17,2.2529536374754508e-05
333.3,-2.6845311357436604e-15,3.529937924487252e-17,2.2796995277155227e-05
333.4,-3.0605126877358907e-15,3.693144652288403e-17,2.2747540837897793e-05
333.5,-3.3104060588698096e-15,3.592902931651844e-17,2.2727067686984765e-05
333.6,-3.5181659068868678e-15,3.0167299524162853e-17,2.2556522678634547e-05
333.7,-3.8094412022667835e-15,2.9769799380170946e-17,2.201745338137759e-05
333.8,-4.1422654815261344e-15,3.083323842740052e-17,2.1444852893888405e-05
333.9,-4.223835166815246e-15,2.560054981375467e-17,2.0840219270525064e-05
334.0,-4.347121513077405e-15,2.2627411258498936e-17,1.9880071973269344e-05
334.1,-4.595618601137068e-15,2.4563267510716884e-17,1.879607316966027e-05
334.2,-4.676836300123878e-15,2.1308488408374555e-17,1.7770040959629312e-05
334.3,-4.674498466480932e-15,1.6293915075394903e-17,1.6464486679682838e-05
334.4,-4.755593262203031e-15,1.7587642343085926e-17,1.494497542924275e-05
334.5,-4.836605815359252e-15,1.6958456048700976e-17,1.3524081724834377e-05
334.6,-4.83418811692655e-15,1.129209232690203e-17,1.1945607430715124e-05
334.7,-4.790118423359515e-15,1.0692834082587606e-17,1.0093156658974641e-05
334.8,-4.829356345098185e-15,1.2248400318774222e-17,8.324972446247883e-06
334.9,-4.743719127899847e-15,7.627826080603821e-18,6.539179550965218e-06
335.0,-4.57498477835278e-15,4.751356567671284e-18,4.472623970414175e-06
335.1,-4.489557896691556e-15,7.221235838740224e-18,2.4322184380334908e-06
335.2,-4.3626660766543055e-15,4.9957821512492084e-18,5.008798946383893e-07
335.3,-4.194371563568517e-15,5.069962051679387e-19,-1.655058772514725e-06
335.4,-4.026244212807855e-15,2.3490104071649665e-18,-3.8620875308740035e-06
335.5,-3.816796975655937e-15,2.9600835551448914e-18,-5.873029105653791e-06
335.6,-3.5246257565869454e-15,-1.719156595593505e-18,-7.996169687331993e-06
335.7,-3.274191139445444e-15,-1.7069937325480333e-18,-1.0235946276125284e-05
335.8,-3.0654307535192947e-15,1.0753543206067774e-18,-1.2246733485423621e-05
335.9,-2.8154742249393465e-15,-2.18539622383431e-18,-1.4222691218715947e-05
336.0,-2.4002334809227264e-15,-4.291300794085277e-18,-1.6341117439997643e-05
336.1,-2.1094951184867934e-15,-7.449321591441251e-19,-1.8250787502626975e-05
336.2,-1.81904682198239e-15,-1.4356234973708065e-18,-1.9974895259411176e-05
336.3,-1.4875670666572033e-15,-4.939732784987915e-18,-2.181061057486642e-05
336.4,-1.1977189056145653e-15,-2.2211843761990642e-18,-2.3495331228965816e-05
336.5,-8.256001350701185e-16,-1.060882139496105e-19,-2.487220743567163e-05
336.6,-4.125937190927013e-16,-3.538260693729417e-18,-2.6272425582634253e-05
336.7,-8.247749475975504e-17,-2.7514671270165407e-18,-2.759165749959402e-05
336.8,3.2974506528137568e-16,1.3343548374794832e-18,-2.8534275479085844e-05
336.9,6.591604679199989e-16,-5.050828309723581e-19,-2.9370889392312207e-05
337.0,9.05892583842629e-16,-1.8465432771849497e-18,-3.0181494537755142e-05
337.1,1.275846921537305e-15,2.6653763085041574e-18,-3.061191392329425e-05
337.2,1.5220238331819524e-15,3.3984469264199753e-18,-3.079533702514314e-05
337.3,1.6857238775932988e-15,7.495541904344609e-19,-3.0971651988842396e-05
337.4,2.0547332028474056e-15,4.090295758628094e-18,-3.0825164013601796e-05
337.5,2.259076702349313e-15,7.392460324840952e-18,-3.0314018172922634e-05
337.6,2.5042689859359225e-15,4.88358978905075e-18,-2.9770210945244187e-05
337.7,2.7081825057706758e-15,6.0174690874591784e-18,-2.9003580902338036e-05
337.8,2.870878980437777e-15,1.0886828132179948e-17,-2.780931383480404e-05
337.9,2.95142801116899e-15,9.971448825504924e-18,-2.6519461781799293e-05
338.0,3.0318957956423822e-15,8.851975209869973e-18,-2.5122478887288197e-05
338.1,3.2351356473892147e-15,1.3676480372286252e-17,-2.3308990822630276e-05
338.2,3.2744490976102145e-15,1.5168462584209606e-17,-2.1320473110579318e-05
338.3,3.4364528964143037e-15,1.2718359646172261e-17,-1.9328535429029112e-05
338.4,3.4756248030160193e-15,1.594046252441007e-17,-1.700763665359613e-05
338.5,3.5147566888186853e-15,1.9664670355961126e-17,-1.4444588675401125e-05
338.6,3.3904532468475425e-15,1.7351329457486238e-17,-1.1948991237281627e-05
338.7,3.3887584439601493e-15,1.805171264912985e-17,-9.272827738278434e-06
338.8,3.3870644882623846e-15,2.2864177537949516e-17,-6.328281832738488e-06
338.9,3.3853713793307598e-15,2.2073655284136462e-17,-3.480591410110989e-06
339.0,3.220610243645996e-15,2.0380903204986772e-17,-6.320502289117205e-07
339.1,3.1782535012734504e-15,2.4661448468965804e-17,2.450454037556062e-06
339.2,3.135938300305754e-15,2.6090712255240035e-17,5.44289442715237e-06
339.3,2.849427930075058e-15,2.3066533965881592e-17,8.261217421181142e-06
339.4,2.6852605109589197e-15,2.5347413197697442e-17,1.1213818974539263e-05
339.5,2.5212565062259724e-15,2.868018448403034e-17,1.410267872681383e-05
339.6,2.235480493858986e-15,2.5856576931225506e-17,1.6680857870632715e-05
339.7,2.0312391209095933e-15,2.5440255006113716e-17,1.924129554714933e-05
339.8,1.8272013796905444e-15,2.9508425851700614e-17,2.1761656750884443e-05
339.9,1.5421987617730397e-15,2.826032874870579e-17,2.3896367119249093e-05
340.0,1.2980445095872615e-15,2.548135125752033e-17,2.583712222289121e-05
340.1,1.013590351219525e-15,2.869585955335624e-17,2.7738606009784595e-05
340.2,8.104669461772766e-16,2.962002788277625e-17,2.9248720200637065e-05
340.3,3.6452781629805305e-16,2.5697227671884117e-17,3.040130807879008e-05
340.4,1.6193137686590564e-16,2.67394259336107e-17,3.148126203949719e-05
340.5,-2.0231303926940207e-16,2.943110880550864e-17,3.222470347864312e-05
340.6,-5.661933424971122e-16,2.5957646625557808e-17,3.249619461099867e-05
340.7,-8.084433094117675e-16,2.4306799583024045e-17,3.26293680149412e-05
340.8,-1.0504509454343253e-15,2.7519762015491503e-17,3.251996923718881e-05
340.9,-1.4133617228312814e-15,2.5810175652969713e-17,3.190034899160663e-05
341.0,-1.6951862623327675e-15,2.2012139543949905e-17,3.105970067881926e-05
341.1,-1.7750216849247897e-15,2.4217927205142236e-17,3.0081914272030976e-05
341.2,-2.1370255223618712e-15,2.476204793137018e-17,2.864241197561826e-05
341.3,-2.4180648415294696e-15,2.016627705024241e-17,2.6907036634297983e-05
341.4,-2.6988226576366917e-15,2.019134918785154e-17,2.5125714644977612e-05
341.5,-2.9792991818915227e-15,2.2500673016262175e-17,2.3009419113178556e-05
341.6,-3.2594946253611346e-15,1.876177085779672e-17,2.055777587064341e-05
341.7,-3.4991886398927475e-15,1.631209226741339e-17,1.8120169485813072e-05
341.8,-3.6582412982041674e-15,1.9102211855517016e-17,1.5526908605699702e-05
341.9,-3.977855503748829e-15,1.746368325410378e-17,1.261612702617216e-05
342.0,-4.0963478935443954e-15,1.3268764711246564e-17,9.743935558482335e-06
342.1,-4.214720826601537e-15,1.507922019945742e-17,6.911514405794081e-06
342.2,-4.413214659271047e-15,1.592571151011505e-17,3.845985541995867e-06
342.3,-4.571408916355906e-15,1.1437109537057104e-17,8.166828831045593e-07
342.4,-4.649283849601049e-15,1.1210168472434345e-17,-1.9997118104733677e-06
342.5,-4.767139783276258e-15,1.3880425032775097e-17,-4.905484149697286e-06
342.6,-4.924916701923261e-15,1.0697455220430536e-17,-7.78692395225527e-06
342.7,-4.882434900880361e-15,8.27488523283036e-18,-1.03357990943366e-05
342.8,-4.919994246859075e-15,1.1413990309965518e-17,-1.279435185326599e-05
342.9,-4.91753486463244e-15,1.0656889393259837e-17,-1.5230213700826517e-05
343.0,-4.955036685056127e-15,6.892194692541322e-18,-1.7284346103241704e-05
343.1,-4.912619787715855e-15,9.061113432330374e-18,-1.9067031847177275e-05
343.2,-4.7904039919972065e-15,1.0937904833378696e-17,-2.080335886617929e-05
343.3,-4.748109310462736e-15,7.32054651780092e-18,-2.217901861039836e-05
343.4,-4.586215316475297e-15,7.544940136745807e-18,-2.3138332462570567e-05
343.5,-4.4244819895811015e-15,1.1235483207875368e-17,-2.3997582229438582e-05
343.6,-4.262909209606488e-15,9.300585565975184e-18,-2.4571384235012987e-05
343.7,-4.101496856457789e-15,7.568273992974173e-18,-2.4651698085352553e-05
343.8,-3.860643904866303e-15,1.1632084683860158e-17,-2.4556190055477832e-05
343.9,-3.62003072116153e-15,1.232214780046531e-17,-2.427820402152291e-05
344.0,-3.419417797887107e-15,9.531644033086795e-18,-2.3514839697400597e-05
344.1,-3.0997821427307486e-15,1.2485879522204756e-17,-2.2496934300122165e-05
344.2,-2.899627982717095e-15,1.5770670341521038e-17,-2.1398358057645908e-05
344.3,-2.6202710007375748e-15,1.340725892263377e-17,-1.990671326171323e-05
344.4,-2.261830120982431e-15,1.437014624700688e-17,-1.8103836524146007e-05
344.5,-2.022731121382159e-15,1.924961400215844e-17,-1.6297484871761553e-05
344.6,-1.5856627518593904e-15,1.8714322444786268e-17,-1.4255086484513444e-05
344.7,-1.2678960949266194e-15,1.7752065237051383e-17,-1.1890323267051104e-05
344.8,-9.900486760466851e-16,2.2687957541534888e-17,-9.562596469031082e-06
344.9,-5.937322652664737e-16,2.4739384801422903e-17,-7.1873570759370525e-06
345.0,-2.7693655422440266e-16,2.282369476944382e-17,-4.538838160520591e-06
345.1,3.9542588651227274e-17,2.6339797879318607e-17,-1.9327752820506173e-06
345.2,4.34751045287917e-16,3.07212963407603e-17,5.395640078060069e-07
345.3,9.085705140274765e-16,2.928750429507204e-17,3.175386987545603e-06
345.4,1.1055329384799927e-15,3.0582089926644165e-17,5.784999818636755e-06
345.5,1.460152552736986e-15,3.614689611898984e-17,8.122015170291036e-06
345.6,1.853861215422046e-15,3.649864661150368e-17,1.046726213236901e-05
345.7,2.0894793484030555e-15,3.5744403470492645e-17,1.2804232932622402e-05
345.8,2.3642658904191474e-15,4.0874951087300804e-17,1.4795239428141828e-05
345.9,2.7569313951175795e-15,4.3585444725276796e-17,1.6622035947004275e-05
346.0,3.0704736481480466e-15,4.1843116036271615e-17,1.844073762006631e-05
346.1,3.305011010074542e-15,4.5135572479264595e-17,1.9911945324266257e-05
346.2,3.4999874246286453e-15,4.9787913560544907e-17,2.10641487943949e-05
346.3,3.851992259522488e-15,4.8498796472404967e-17,2.2178542079618098e-05
346.4,3.967925930877178e-15,4.928734794622288e-17,2.3004841020681315e-05
346.5,4.083742735022396e-15,5.463276410194559e-17,2.340789626507277e-05
346.6,4.317184145616754e-15,5.502263943932547e-17,2.371310344024409e-05
346.7,4.4327086229139075e-15,5.3656561962595487e-17,2.3826427956357453e-05
346.8,4.430492822598693e-15,5.810544984883875e-17,2.3485498697035313e-05
346.9,4.5458430360104235e-15,6.061502057601415e-17,2.2968419325956195e-05
347.0,4.6610768209719344e-15,5.823999706287278e-17,2.2362423813319366e-05
347.1,4.6978959984191164e-15,6.046628277303228e-17,2.135096741298336e-05
347.2,4.695547637559046e-15,6.455609980135555e-17,2.0088199506499477e-05
347.3,4.810530461850557e-15,6.266490660576974e-17,1.8818693670296247e-05
347.4,4.6126735296310295e-15,6.221466211305798e-17,1.726097159015762e-05
347.5,4.6103677693543186e-15,6.658948751407473e-17,1.5404513609342817e-05
347.6,4.490909013491534e-15,6.633448009237866e-17,1.358498964414258e-05
347.7,4.4106003964243486e-15,6.371479223658452e-17,1.1636422077414577e-05
347.8,4.096296840559535e-15,6.680777251927418e-17,9.389816458203227e-06
347.9,4.094249204091033e-15,6.851000119114136e-17,7.1816269257791044e-06
348.0,3.858362443117145e-15,6.50006148208725e-17,5.0104280579385624e-06
348.1,3.622710486891699e-15,6.567052958389594e-17,2.5996827843619538e-06
348.2,3.387293159610853e-15,6.872655783594267e-17,1.970447136824202e-07
348.3,3.2688551109799898e-15,6.586765945561817e-17,-2.0305520113971947e-06
348.4,2.9949526676330215e-15,6.385075943820682e-17,-4.386139232814938e-06
348.5,2.6435711488467704e-15,6.692520960746148e-17,-6.7752334480842215e-06
348.6,2.4479666279531083e-15,6.580438401373955e-17,-8.905263401207567e-06
348.7,2.1360454330494954e-15,6.181595995751485e-17,-1.1017530910423168e-05
348.8,1.7856176937369292e-15,6.346536749074e-17,-1.3192451339673292e-05
348.9,1.5519348765696321e-15,6.43582269943727e-17,-1.5089422189237676e-05
349.0,1.2797062600499749e-15,5.984403361476624e-17,-1.681744342899178e-05
349.1,9.302302304411457e-16,5.910944551933656e-17,-1.860533325682521e-05
349.2,6.19843487723551e-16,6.131302602926073e-17,-2.015560830997791e-05
349.3,5.033710853008608e-16,5.779578654313041e-17,-2.1411846889168537e-05
349.4,7.740299425678625e-17,5.4595614337684645e-17,-2.2684295544493482e-05
349.5,-1.934107560835494e-16,5.677119965028085e-17,-2.3798182126328543e-05
349.6,-4.252909647312111e-16,5.527598200627931e-17,-2.454526905146175e-05
349.7,-6.955827912022206e-16,5.048546583771596e-17,-2.522865186751064e-05
349.8,-1.0042284586244138e-15,5.1233428425141004e-17,-2.5842402404312743e-05
349.9,-1.2353556552649113e-15,5.188774437994776e-17,-2.6083000214618207e-05
350.0,-1.4276659649295965e-15,4.702303032344746e-17,-2.6160934320278196e-05
350.1,-1.812615096963648e-15,4.553582193351007e-17,-2.62391615501891e-05
350.2,-1.927350016972655e-15,4.754189979871724e-17,-2.6002566152892985e-05
350.3,-2.0419697778133383e-15,4.4108203935406675e-17,-2.551041209830863e-05
350.4,-2.2334914111590734e-15,4.04926982062634e-17,-2.5048612367271675e-05
350.5,-2.4248210605066183e-15,4.249957250707283e-17,-2.4377974623571248e-05
350.6,-2.5005489197912956e-15,4.142740833886117e-17,-2.3390892687451552e-05
350.7,-2.5377497110455877e-15,3.6699294703509933e-17,-2.241715594120809e-05
350.8,-2.6517757512357296e-15,3.736962079017658e-17,-2.1360480409661652e-05
350.9,-2.7656871597671396e-15,3.8611260324695304e-17,-1.9977841575165362e-05
351.0,-2.725911541537199e-15,3.428490586734071e-17,-1.8552613695543827e-05
351.1,-2.801296783531649e-15,3.290215786575479e-17,-1.7159245103471407e-05
351.2,-2.876605977990029e-15,3.552070108122435e-17,-1.5488861536065404e-05
351.3,-2.8368324607233014e-15,3.302424562551489e-17,-1.3701881012015428e-05
351.4,-2.758781577442285e-15,2.9831991993650813e-17,-1.2024422735622692e-05
351.5,-2.6808080166814655e-15,3.241687197225545e-17,-1.0169908698556568e-05
351.6,-2.6411898341794516e-15,3.249445753471812e-17,-8.13407415862867e-06
351.7,-2.563351610824013e-15,2.8562760330821305e-17,-6.234061740496865e-06
351.8,-2.4473506917102383e-15,2.980903806380217e-17,-4.287675411392503e-06
351.9,-2.2550236251828464e-15,3.224472112252481e-17,-2.1303975975635213e-06
352.0,-2.101089859933354e-15,2.908383891048444e-17,-8.498051911116319e-08
352.1,-1.8709443509490316e-15,2.8367311074581354e-17,1.8732469797791943e-06
352.2,-1.7555187587698144e-15,3.2060797945297943e-17,4.019964749114642e-06
352.3,-1.6020637215072962e-15,3.09554048999804e-17,6.113351103064472e-06
352.4,-1.2962604346575863e-15,2.8597711025467166e-17,8.011138050355717e-06
352.5,-1.0669749723671372e-15,3.206093021743133e-17,1.0020299185283338e-05
352.6,-7.998312136729494e-16,3.355655070310205e-17,1.2043730831782363e-05
352.7,-5.710224271631099e-16,3.0669662961860835e-17,1.3809155478133433e-05
352.8,-3.0439305990156627e-16,3.261572398635502e-17,1.556657976027035e-05
352.9,0.0,3.6291851361081316e-17,1.7387164666102647e-05
353.0,2.660777166140408e-16,3.433365540301565e-17,1.8941656328147528e-05
353.1,5.698815235926551e-16,3.4229708137013643e-17,2.0351098879277117e-05
353.2,8.733815362164066e-16,3.883173869678444e-17,2.1831962258003972e-05
353.3,1.1765779822907269e-15,3.893370011277989e-17,2.308693819124857e-05
353.4,1.4415359333289734e-15,3.717832650551326e-17,2.407246031130744e-05
353.5,1.7441448919504344e-15,4.1164689350265383e-17,2.5087517708637437e-05
353.6,2.0843481969944163e-15,4.369017440283989e-17,2.594700484601007e-05
353.7,2.272697763704755e-15,4.146204192519055e-17,2.645338988025702e-05
353.8,2.650155315339911e-15,4.364057836617025e-17,2.69032608525574e-05
353.9,2.9137136257860963e-15,4.802233076798509e-17,2.727323179815345e-05
354.0,3.177007781592776e-15,4.675447321675253e-17,2.7265813019933387e-05
354.1,3.3644327506404494e-15,4.6704397918864775e-17,2.7091923563004206e-05
354.2,3.7028044220833234e-15,5.158300347973938e-17,2.6895179570139183e-05
354.3,3.927542471379112e-15,5.2287344763135563e-17,2.6360533379898698e-05
354.4,4.189800867322023e-15,5.0539504081572186e-17,2.5554847640152306e-05
354.5,4.451796089027845e-15,5.4381183160681724e-17,2.4748576082854513e-05
354.6,4.713528334073208e-15,5.725746677484276e-17,2.369706515676506e-05
354.7,4.786550913543012e-15,5.504614219837928e-17,2.230582547215943e-05
354.8,4.897169848186626e-15,5.675503387406242e-17,2.089788450354482e-05
354.9,4.9700252887730106e-15,6.110472904801022e-17,1.9368117248972516e-05
355.0,5.042806668449139e-15,5.98401968047931e-17,1.7489176246650593e-05
355.1,5.153128116898628e-15,5.915609613304734e-17,1.5549002545274558e-05
355.2,5.225742739893906e-15,6.357031153688295e-17,1.3613164687346281e-05
355.3,5.1855540430600475e-15,6.417394378033096e-17,1.1387640484444094e-05
355.4,5.182961914124754e-15,6.177002397943992e-17,9.048500263277942e-06
355.5,5.142832160053661e-15,6.476122360319295e-17,6.816553528580904e-06
355.6,5.027700918398178e-15,6.731057290419655e-17,4.41635484631395e-06
355.7,5.025187696296863e-15,6.451747168599796e-17,1.867286384609963e-06
355.8,4.98519307578733e-15,6.514705073837217e-17,-5.124513267576197e-07
355.9,4.870309348107628e-15,6.884657363823485e-17,-2.899350684678369e-06
356.0,4.7180940389786115e-15,6.706134317795996e-17,-5.431494969540474e-06
356.1,4.566029690142512e-15,6.526141364188953e-17,-7.777652579704455e-06
356.2,4.3393006600893495e-15,6.871896565706307e-17,-9.962456255066596e-06
356.3,4.150186226560742e-15,6.8822536194613e-17,-1.2238441471829182e-05
356.4,3.998630151156477e-15,6.546608446661205e-17,-1.4349083431740277e-05
356.5,3.809872862189626e-15,6.732541661417777e-17,-1.6156676065589188e-05
356.6,3.471971189979752e-15,6.93241208192804e-17,-1.795384132474265e-05
356.7,3.358292553202101e-15,6.583690524314545e-17,-1.9625908106956822e-05
356.8,3.095543862347727e-15,6.530746382576827e-17,-2.0907941204096664e-05
356.9,2.7585028833714933e-15,6.830295377206945e-17,-2.204803376135555e-05
357.0,2.496314951863633e-15,6.605733427790725e-17,-2.310173144650494e-05
357.1,2.197148645912375e-15,6.325613856302362e-17,-2.3748052156140406e-05
357.2,1.935502000029424e-15,6.587206439306527e-17,-2.4119542098389602e-05
357.3,1.7113189727429754e-15,6.566609971546292e-17,-2.4424113558511886e-05
357.4,1.3758076196527308e-15,6.16237013018939e-17,-2.437243494521012e-05
357.5,1.1521274735539492e-15,6.259938073769441e-17,-2.394401123041839e-05
357.6,8.543769592777244e-16,6.432927887982422e-17,-2.344038076416385e-05
357.7,5.197955776558137e-16,6.054085992828411e-17,-2.2683893800852415e-05
357.8,2.968775684746316e-16,5.927088229122626e-17,-2.1507499461389225e-05
357.9,-7.418229169847656e-17,6.199753338599497e-17,-2.0223259385467003e-05
358.0,-3.7072604911934244e-16,5.982855122029449e-17,-1.881545846299699e-05
358.1,-6.299192451272879e-16,5.662967684685679e-17,-1.7019043332645707e-05
358.2,-8.888532200915412e-16,5.899182112209214e-17,-1.507222926666116e-05
358.3,-1.2585792814736458e-15,5.912990660089844e-17,-1.3127778574850458e-05
358.4,-1.3689457505228468e-15,5.513144623463329e-17,-1.0899534260133743e-05
358.5,-1.6641017619777824e-15,5.593706634552932e-17,-8.489460593133074e-06
358.6,-1.7371930265892867e-15,5.812364195035178e-17,-6.179720849380649e-06
358.7,-1.8840969575879924e-15,5.4832857551294995e-17,-3.7466132434187707e-06
358.8,-2.0308535872943897e-15,5.360281901876663e-17,-1.1323472203123632e-06
358.9,-2.2143691792528764e-15,5.678937275946866e-17,1.3255834823691343e-06
359.0,-2.3977007940310435e-15,5.545625707613246e-17,3.7217927532869785e-06
359.1,-2.3965022432966807e-15,5.261199014507089e-17,6.252440532289043e-06
359.2,-2.4690059622013655e-15,5.539225474486884e-17,8.613558262987789e-06
359.3,-2.5782690111286645e-15,5.653852088853541e-17,1.0739865579360019e-05
359.4,-2.5401661960122623e-15,5.3272361860305556e-17,1.2906163335910565e-05
359.5,-2.5756920308224375e-15,5.452200025434149e-17,1.4921445098598127e-05
359.6,-2.6479589211924444e-15,5.77263288311016e-17,1.657449200496914e-05
359.7,-2.573117626208456e-15,5.550422831722138e-17,1.8137851768823712e-05
359.8,-2.461610043739392e-15,5.482968151921562e-17,1.958197360159614e-05
359.9,-2.4603795463675015e-15,5.890083361424959e-17,2.060488577110306e-05
360.0,-2.2756310324419636e-15,5.884215984261799e-17,2.139778131998907e-05
360.1,-2.2744935013322186e-15,5.677198476163188e-17,2.2097180443877744e-05
360.2,-2.2000224569476078e-15,6.02887774300098e-17,2.2391738007123356e-05
360.3,-1.979030448608501e-15,6.272159882282919e-17,2.2336285250967396e-05
360.4,-1.7948892195438365e-15,6.046596702270043e-17,2.219332172747518e-05
360.5,-1.5743195095527877e-15,6.233492828437335e-17,2.1727323585813588e-05
360.6,-1.3539698656404827e-15,6.664545325661151e-17,2.0841266690361478e-05
360.7,-1.2069910985823737e-15,6.558776166718493e-17,1.985026680735025e-05
360.8,-9.504873212402275e-16,6.550532919113175e-17,1.8660109795493333e-05
360.9,-6.577007513335777e-16,7.039157495343765e-17,1.7050188811559125e-05
361.0,-3.6520665730933575e-16,7.150440092277151e-17,1.5302071511846507e-05
361.1,-1.4600963984956227e-16,7.006583690663094e-17,1.3490486962813502e-05
361.2,1.0945248995835075e-16,7.405831622303289e-17,1.1335216104869182e-05
361.3,3.281933321779586e-16,7.746469555296393e-17,9.009109839005856e-06
361.4,5.10267763489866e-16,7.589471392234637e-17,6.737867394817567e-06
361.5,8.378779962687237e-16,7.797328117113766e-17,4.263222868472231e-06
361.6,1.1287493052880192e-15,8.290645543991214e-17,1.6056651524109952e-06
361.7,1.3465434726807887e-15,8.253200332387385e-17,-9.169282318987668e-07
361.8,1.5641196182993598e-15,8.249611177855264e-17,-3.4647657344705626e-06
361.9,1.817834597642536e-15,8.754170791150728e-17,-6.170235871601715e-06
362.0,1.9986184982886897e-15,8.915889821156135e-17,-8.706894753911229e-06
362.1,2.21554155942434e-15,8.767467038510843e-17,-1.1087804967769459e-05
362.2,2.3959450545199568e-15,9.13786156429603e-17,-1.3556080000450194e-05
362.3,2.612451688839184e-15,9.496976130881716e-17,-1.5862356038463745e-05
362.4,2.8287412719548743e-15,9.332194374661919e-17,-1.7864504579438538e-05
362.5,2.9360706108085015e-15,9.47824807081536e-17,-1.9843856822561763e-05
362.6,3.1519809381878558e-15,9.946062384069837e-17,-2.169252677055294e-05
362.7,3.295251564255353e-15,9.893251975479622e-17,-2.3148770902426814e-05
362.8,3.3659912591090718e-15,9.811345637651611e-17,-2.4449935199855398e-05
362.9,3.5090101329393125e-15,1.0245415576208466e-16,-2.565538912792205e-05
363.0,3.651885182567292e-15,1.0376516580286399e-16,-2.645337117813795e-05
363.1,3.6500596963855845e-15,1.0148466567565915e-16,-2.696854550687903e-05
363.2,3.72047740237662e-15,1.0412198427938503e-16,-2.7407992526644433e-05
363.3,3.790823796204355e-15,1.071390066297943e-16,-2.7494432997211672e-05
363.4,3.71675878459302e-15,1.0473780709455311e-16,-2.720392441315353e-05
363.5,3.787034867188404e-15,1.0490842538361579e-16,-2.6832154555166144e-05
363.6,3.857239762542048e-15,1.0864516749736283e-16,-2.6212401522750906e-05
363.7,3.747218775443751e-15,1.0736903647789699e-16,-2.517893960511601e-05
363.8,3.673319756796083e-15,1.0521462424195638e-16,-2.403397795644369e-05
363.9,3.635488619182547e-15,1.0827894140895691e-16,-2.276793744085401e-05
364.0,3.5617174415257125e-15,1.0878064569330666e-16,-2.1120825678525654e-05
364.1,3.3441832686760165e-15,1.0528290607938393e-16,-1.9319065743413595e-05
364.2,3.270629625210088e-15,1.064197288980663e-16,-1.751435984180155e-05
364.3,3.1253026435906693e-15,1.0846199336894027e-16,-1.5427190521291577e-05
364.4,2.8364998878903633e-15,1.0503247487650153e-16,-1.3148296102337013e-05
364.5,2.655646423307424e-15,1.0368288485687766e-16,-1.0951093419809973e-05
364.6,2.510842232969429e-15,1.0627202937157099e-16,-8.617421967676215e-06
364.7,2.1869259237858746e-15,1.0414292861677136e-16,-6.081097659092188e-06
364.8,1.8991661460596855e-15,1.0062530743689362e-16,-3.664767060765304e-06
364.9,1.6833243323795205e-15,1.0238793999593329e-16,-1.2758547663798307e-06
365.0,1.4676978320073636e-15,1.0213432714086267e-16,1.2858996604621502e-06
365.1,1.1449476421643048e-15,9.758634563051131e-17,3.734179480282914e-06
365.2,8.225197550959389e-16,9.741538734297145e-17,6.0065365038470244e-06
365.3,7.148770417532404e-16,9.87271682341403e-17,8.377216217859263e-06
365.4,2.858078770308411e-16,9.462131354584096e-17,1.0671457324453406e-05
365.5,1.7854063050772296e-16,9.2142195576552e-17,1.268556007142532e-05
365.6,-7.138055300253149e-17,9.399587951955732e-17,1.4687546631220628e-05
365.7,-3.9239679405911846e-16,9.153819168829432e-17,1.6658597098552407e-05
365.8,-7.487466853430727e-16,8.725860346467699e-17,1.8307107356874668e-05
365.9,-9.6219309288618e-16,8.832205264064327e-17,1.981715534901257e-05
366.0,-1.2466638548438538e-15,8.797532678000053e-17,2.1327457572785913e-05
366.1,-1.6732546257143404e-15,8.312129765629157e-17,2.253675533449167e-05
366.2,-1.8859184042285784e-15,8.238156946855875e-17,2.3491720994477777e-05
366.3,-2.1695003117801082e-15,8.371403437857625e-17,2.4447286955826158e-05
366.4,-2.45279823706382e-15,7.975069372544319e-17,2.5174071444304083e-05
366.5,-2.629222299892088e-15,7.696099510790697e-17,2.556703107268358e-05
366.6,-2.9120061813769343e-15,7.885297519068316e-17,2.5924773209694836e-05
366.7,-3.15901217387983e-15,7.687590023900493e-17,2.6152052875220468e-05
366.8,-3.3348169425251577e-15,7.265590212403353e-17,2.6020852632124814e-05
366.9,-3.4040680348968995e-15,7.377353132218001e-17,2.578993242465875e-05
367.0,-3.4378077432578478e-15,7.409023276446145e-17,2.5523953355685113e-05
367.1,-3.684054474022883e-15,6.972644239142318e-17,2.4935587491592657e-05
367.2,-3.717618800554556e-15,6.915380555674966e-17,2.417239833601351e-05
367.3,-3.821925040230021e-15,7.11909266033533e-17,2.3441122897080023e-05
367.4,-3.8907555656555696e-15,6.809811649790911e-17,2.2475855077074262e-05
367.5,-3.9595163227567975e-15,6.570199402933105e-17,2.127344186963421e-05
367.6,-3.922201907135939e-15,6.826053611388635e-17,2.0126228410504035e-05
367.7,-3.990876274688987e-15,6.741453601595268e-17,1.8864956787104705e-05
367.8,-4.024181170153956e-15,6.391705951858102e-17,1.7338799402986717e-05
367.9,-3.91632301454697e-15,6.567272115130076e-17,1.5846243285700817e-05
368.0,-3.879100789863371e-15,6.720071345146277e-17,1.4363398613009635e-05
368.1,-3.7714209499768184e-15,6.388529445556798e-17,1.2636244750282069e-05
368.2,-3.699077099433114e-15,6.395965268401977e-17,1.0888908331311935e-05
368.3,-3.5915929368140944e-15,6.71020839699513e-17,9.251491997089647e-06
368.4,-3.519409401196069e-15,6.526879081189826e-17,7.440086681308868e-06
368.5,-3.4121206322578838e-15,6.358956387283007e-17,5.545106316861956e-06
368.6,-3.199461493330967e-15,6.702194528802985e-17,3.816755315636935e-06
368.7,-2.951872765338777e-15,6.747194691138574e-17,2.022796712566595e-06
368.8,-2.7747783170525995e-15,6.482300438310563e-17,9.799031954474495e-08
368.9,-2.56275396268228e-15,6.722881056064414e-17,-1.6543709634296155e-06
369.0,-2.3509408863212404e-15,6.99155016432549e-17,-3.3478201777897267e-06
369.1,-2.1744100597193514e-15,6.757993324356772e-17,-5.181937901353412e-06
369.2,-1.9279479347500006e-15,6.814494750563639e-17,-6.881915454241178e-06
369.3,-1.681731666969562e-15,7.215069308262971e-17,-8.408754740185691e-06
369.4,-1.365723946695472e-15,7.133892254766618e-17,-1.003797225329094e-05
369.5,-1.0850327927611342e-15,7.009907578778369e-17,-1.1596822419449615e-05
369.6,-8.396054802358068e-16,7.403892613296561e-17,-1.2902555976737757e-05
369.7,-6.293893368216633e-16,7.540580336559024e-17,-1.422756092781319e-05
369.8,-3.494859560076716e-16,7.322318248711797e-17,-1.5546469183500516e-05
369.9,-1.0479337701243969e-16,7.580460458229857e-17,-1.6581720512632108e-05
370.0,1.0474099342092265e-16,7.91328324731789e-17,-1.7524961819371957e-05
370.1,4.187545440586182e-16,7.728604589309903e-17,-1.850288324174573e-05
370.2,6.278178286832758e-16,7.779473114321207e-17,-1.9218633919036063e-05
370.3,8.715333308792845e-16,8.2047177948622e-17,-1.9728601318810298e-05
370.4,1.045317207764828e-15,8.167386091985758e-17,-2.02745200171924e-05
370.5,1.3234065944181742e-15,8.027712401996728e-17,-2.0621434265751148e-05
370.6,1.4967904586928034e-15,8.404374111602865e-17,-2.0674215446217e-05
370.7,1.6004172912658125e-15,8.565015889286742e-17,-2.0721436587366327e-05
370.8,1.8430373039101553e-15,8.328402315185032e-17,-2.0654455471142856e-05
370.9,1.911629827508886e-15,8.53324686186648e-17,-2.0253128301790017e-05
371.0,1.980153315200277e-15,8.857809446607505e-17,-1.9772575952093757e-05
371.1,2.1527743181276624e-15,8.654793768953499e-17,-1.9260385854392097e-05
371.2,2.255812629053797e-15,8.631709940756738e-17,-1.843325377230129e-05
371.3,2.2893724662791485e-15,9.010312195858432e-17,-1.7442846197955927e-05
371.4,2.530918921672744e-15,8.950588337427475e-17,-1.6480247858486094e-05
371.5,2.5643065700106826e-15,8.732973856063939e-17,-1.5278973301212702e-05
371.6,2.4937537983670525e-15,9.02812285866786e-17,-1.3846927937269893e-05
371.7,2.630979857198211e-15,9.153647145089464e-17,-1.2466971657366573e-05
371.8,2.5604629935586762e-15,8.847258819304332e-17,-1.096528022091166e-05
371.9,2.5245995269033748e-15,8.946911814604072e-17,-9.206439129933096e-06
372.0,2.4887712749545724e-15,9.212915488645753e-17,-7.488772409707346e-06
372.1,2.5566251781494853e-15,8.951044136197501e-17,-5.781708263271996e-06
372.2,2.4172203102158262e-15,8.816379684761061e-17,-3.8473477826744435e-06
372.3,2.346983087815392e-15,9.110324019701934e-17,-1.9196881433193504e-06
372.4,2.3803070938542386e-15,8.998640608995575e-17,-1.2263150301684715e-07
372.5,2.172237477987757e-15,8.67998365650503e-17,1.814605970117109e-06
372.6,1.9988380092464366e-15,8.869815730948733e-17,3.783683195851345e-06
372.7,1.894502348327949e-15,8.942830447614012e-17,5.537595077902432e-06
372.8,1.7214139399337398e-15,8.559999565238998e-17,7.301287728558303e-06
372.9,1.4796759653700057e-15,8.550162407679874e-17,9.118248968746432e-06
373.0,1.2725731059463198e-15,8.757194302784496e-17,1.0683785928787175e-05
373.1,1.1000536029738172e-15,8.447178892871437e-17,1.211132344116817e-05
373.2,8.589872762938406e-16,8.216435142163944e-17,1.3580343588232974e-05
373.3,6.18161680808071e-16,8.44322822817906e-17,1.4809988931105712e-05
373.4,4.462269335513891e-16,8.307309915433177e-17,1.576802049279149e-05
373.5,2.401559331519842e-16,7.92331020805322e-17,1.6716909026858263e-05
373.6,-6.858168148568492e-17,8.043117164990024e-17,1.7474913586756226e-05
373.7,-3.0846329647300643e-16,8.103472544252891e-17,1.7871216714371175e-05
373.8,-5.481050726689004e-16,7.691830925128659e-17,1.8176215339813906e-05
373.9,-8.559860759910666e-16,7.61983166683249e-17,1.835573921055179e-05
374.0,-1.0608921555175395e-15,7.815722003953313e-17,1.8146880448099897e-05
374.1,-1.3682088284247757e-15,7.513387916094488e-17,1.7751975172243872e-05
374.2,-1.538465506884187e-15,7.244586932838306e-17,1.7292903334423573e-05
374.3,-1.811064727101443e-15,7.458135502696881e-17,1.64877271683354e-05
374.4,-1.9467752264480324e-15,7.356049334374312e-17,1.5415047709132954e-05
374.5,-2.1847602325795464e-15,6.969193348207724e-17,1.4319184569740191e-05
374.6,-2.3883870122795973e-15,7.078327768591562e-17,1.2978532833797912e-05
374.7,-2.5236041525447736e-15,7.187128072766215e-17,1.1328021414750814e-05
374.8,-2.6927712243709414e-15,6.814324387161777e-17,9.668158664482221e-06
374.9,-2.827699867719273e-15,6.744512553328746e-17,7.901256345156044e-06
375.0,-2.9624929432944875e-15,6.990236326541577e-17,5.83970802079398e-06
375.1,-3.0971505529151717e-15,6.761659118419152e-17,3.7596686570549283e-06
375.2,-3.231672798331997e-15,6.520939479410596e-17,1.7174076281306745e-06
375.3,-3.264057969675397e-15,6.781539860014527e-17,-5.41206726071426e-07
375.4,-3.2964099564280412e-15,6.774679739246336e-17,-2.8370695705240714e-06
375.5,-3.4306286443986897e-15,6.44686097909652e-17,-4.97197646900338e-06
375.6,-3.462863400010178e-15,6.598721293416592e-17,-7.1916668968703826e-06
375.7,-3.495065071694945e-15,6.805914042166725e-17,-9.459145883394912e-06
375.8,-3.561149392978541e-15,6.523939186621218e-17,-1.1485276184396575e-05
375.9,-3.5254705084624825e-15,6.50328604987671e-17,-1.3434822836929281e-05
376.0,-3.455944594322115e-15,6.838432633909162e-17,-1.5418326455890533e-05
376.1,-3.420352180868135e-15,6.722110495282354e-17,-1.713186448751243e-05
376.2,-3.3509465425029416e-15,6.542680034030382e-17,-1.8609549240323328e-05
376.3,-3.3154404628985874e-15,6.873764066420321e-17,-2.0074307003164587e-05
376.4,-3.178526701639229e-15,6.984118006966822e-17,-2.128796292468501e-05
376.5,-3.1431406245216737e-15,6.737155957264546e-17,-2.214134651515553e-05
376.6,-3.0064481804973122e-15,6.943983649880084e-17,-2.2904337127848105e-05
376.7,-2.8361281786588613e-15,7.25461290242875e-17,-2.34674729434735e-05
376.8,-2.6322311498102982e-15,7.067097925541669e-17,-2.3606486862442083e-05
376.9,-2.5634559949220345e-15,7.090474773917582e-17,-2.3561086910369682e-05
377.0,-2.359897646200291e-15,7.500765249979056e-17,-2.3378823392412746e-05
377.1,-2.2576300783588707e-15,7.483477706909716e-17,-2.2781670645209638e-05
377.2,-2.121785035298727e-15,7.348923397276161e-17,-2.191201589031429e-05
377.3,-1.9187506548209595e-15,7.723328288242124e-17,-2.096050203401153e-05
377.4,-1.6822732625415902e-15,7.920302828453522e-17,-1.9672866295279798e-05
377.5,-1.4796604558203017e-15,7.723009164592531e-17,-1.8055695727575386e-05
377.6,-1.243637954300174e-15,7.944338179104692e-17,-1.6390624170188497e-05
377.7,-1.0078510465555645e-15,8.3115746631741e-17,-1.4519300987493392e-05
377.8,-8.058777975941383e-16,8.173424173740385e-17,-1.231323838282041e-05
377.9,-5.705447629177393e-16,8.190250475019192e-17,-1.0069241147317697e-05
378.0,-3.354468010838182e-16,8.615699032415699e-17,-7.771496909322645e-06
378.1,-2.0116747176428326e-16,8.636341954050219e-17,-5.195854145382805e-06
378.2,1.3404460878009644e-16,8.483202482483296e-17,-2.575608667411534e-06
378.3,3.684384088783482e-16,8.828880283874997e-17,-4.544431571493211e-08
378.4,5.691201824779636e-16,9.03832506744067e-17,2.6477312111008705e-06
378.5,8.030621555504359e-16,8.818094740517739e-17,5.394196365323302e-06
378.6,1.2039910872580529e-15,8.976533889877705e-17,7.941963720057652e-06
378.7,1.3370991579869222e-15,9.320742086108468e-17,1.0498037853712198e-05
378.8,1.6037169306209644e-15,9.156955319594847e-17,1.3101550575883511e-05
378.9,1.870067818018008e-15,9.09116350294131e-17,1.544867403505643e-05
379.0,2.1027746450570863e-15,9.45293007124143e-17,1.7638289355369573e-05
379.1,2.201805592944137e-15,9.438077370927075e-17,1.984242894008807e-05
379.2,2.400769053084545e-15,9.196774813654781e-17,2.1785363578730896e-05
379.3,2.5662057025349666e-15,9.441633578350944e-17,2.3426433519405875e-05
379.4,2.698165669517954e-15,9.595016368086797e-17,2.5018376998335392e-05
379.5,2.8965811404827135e-15,9.290348045283873e-17,2.6386182519967064e-05
379.6,2.9949653916463202e-15,9.323074596275604e-17,2.7357876119973217e-05
379.7,3.0932505593674103e-15,9.58275611913549e-17,2.819342635116731e-05
379.8,3.1581925856404636e-15,9.34055959055674e-17,2.8864055989557307e-05
379.9,3.2230689131939486e-15,9.143013568959092e-17,2.911225403536802e-05
380.0,3.2878795914827723e-15,9.390935685598151e-17,2.9131178430372334e-05
380.1,3.2530417589408286e-15,9.298477480553265e-17,2.9044380188117823e-05
380.2,3.417304197920949e-15,8.935580896239854e-17,2.857951066859942e-05
380.3,3.3161125950619687e-15,9.046288866397655e-17,2.780899195053413e-05
380.4,3.281310403677341e-15,9.116248330879577e-17,2.697389389276264e-05
380.5,3.3127981399706568e-15,8.710907571221655e-17,2.5863009480469903e-05
380.6,3.3442535764807456e-15,8.604855922087698e-17,2.4409115724040335e-05
380.7,3.1440126477938735e-15,8.77013389401081e-17,2.2904822421898954e-05
380.8,3.010127727694231e-15,8.451630433880895e-17,2.1260139245138907e-05
380.9,3.0086230400336475e-15,8.130550171807839e-17,1.9289314808447727e-05
381.0,2.8418927801041766e-15,8.274575908206348e-17,1.7257576936015632e-05
381.1,2.7083572033616844e-15,8.123776963882713e-17,1.5223495785965935e-05
381.2,2.607966654836717e-15,7.666880841213068e-17,1.2937714184497267e-05
381.3,2.408688592581123e-15,7.671308108128876e-17,1.0567875217642511e-05
381.4,2.1436506261075015e-15,7.690431092706366e-17,8.307936330910764e-06
381.5,2.0107280490934373e-15,7.226836232215486e-17,5.918004729448409e-06
381.6,1.8779378257865025e-15,7.026681876704488e-17,3.425767306366165e-06
381.7,1.6135606225834954e-15,7.142963550255654e-17,1.1103037096767236e-06
381.8,1.3494472612506214e-15,6.800709279930519e-17,-1.1882826382490663e-06
381.9,1.2500820204479553e-15,6.412638807575744e-17,-3.585494412570984e-06
382.0,9.535330772233255e-16,6.50763371920682e-17,-5.7907952001199975e-06
382.1,6.244162816301113e-16,6.359038779891408e-17,-7.836011623640951e-06
382.2,4.598662169156075e-16,5.874910817793348e-17,-9.943504124128572e-06
382.3,2.6264933787477e-16,5.837541588580862e-17,-1.1888179113544694e-05
382.4,0.0,5.872388529423656e-17,-1.356177142052033e-05
382.5,-2.2958846734057513e-16,5.4241947008043766e-17,-1.5228106415312672e-05
382.6,-3.9338348880116705e-16,5.2027326843487033e-17,-1.6786608903283367e-05
382.7,-6.880769808876393e-16,5.3409352203829705e-17,-1.8016439381298176e-05
382.8,-8.18729795705339e-16,5.052429859835552e-17,-1.914689720580035e-05
382.9,-1.0801831037337863e-15,4.676015225752643e-17,-2.022704948962574e-05
383.0,-1.2759419012154529e-15,4.795334544820953e-17,-2.0982965081851873e-05
383.1,-1.471504718920389e-15,4.7240862582293474e-17,-2.1544089574252664e-05
383.2,-1.5361366682669605e-15,4.291931229807283e-17,-2.209355569568693e-05
383.3,-1.7640407396503664e-15,4.287664122265331e-17,-2.237928049425899e-05
383.4,-1.8611122141793815e-15,4.4101475051074433e-17,-2.2394341278057863e-05
383.5,-2.0233557407315456e-15,4.0514670070635753e-17,-2.2404132981618048e-05
383.6,-2.0875812291494187e-15,3.8767481364247844e-17,-2.2247985824152612e-05
383.7,-2.1517420025464814e-15,4.0957018025226313e-17,-2.1784927911669024e-05
383.8,-2.1832522550206833e-15,3.9189531033035086e-17,-2.1289018123600577e-05
383.9,-2.2147304674520506e-15,3.6095782814127634e-17,-2.0735838252552322e-05
384.0,-2.2136233790134987e-15,3.79910879029394e-17,-1.9890670291576002e-05
384.1,-2.3101278812152496e-15,3.847337281630759e-17,-1.8961217532858927e-05
384.2,-2.2764523580207804e-15,3.506818952426305e-17,-1.8066936018091553e-05
384.3,-2.242809924688739e-15,3.5649971386331037e-17,-1.6946217035281044e-05
384.4,-2.2741770435096248e-15,3.796735240313894e-17,-1.5684634018755402e-05
384.5,-2.2080962323779806e-15,3.5492785936129085e-17,-1.4513762657515205e-05
384.6,-2.07716937433207e-15,3.437682786965366e-17,-1.3219721180370762e-05
384.7,-2.04369150160331e-15,3.746168457649463e-17,-1.1744670619748316e-05
384.8,-1.880553251646662e-15,3.689905034175424e-17,-1.0369929673544174e-05
384.9,-1.7823918371171593e-15,3.453769383101312e-17,-8.99082844780404e-06
385.0,-1.6519371647633274e-15,3.709535157735553e-17,-7.424955764133521e-06
385.1,-1.4568630023282473e-15,3.8691166664823936e-17,-5.927602258315352e-06
385.2,-1.2943420025818767e-15,3.611648983441392e-17,-4.5344800599019725e-06
385.3,-1.131983119178077e-15,3.715796237405655e-17,-2.9920637270158454e-06
385.4,-8.728076075858729e-16,4.0347781590686053e-17,-1.461357436147542e-06
385.5,-6.462009724924812e-16,3.876890090895326e-17,-1.1060659643724408e-07
385.6,-4.521145669375269e-16,3.800710454822981e-17,1.3118263265105759e-06
385.7,-1.9366652835384054e-16,4.1612354151899173e-17,2.781188184845118e-06
385.8,9.678485964697271e-17,4.186528158025827e-17,4.041400582454193e-06
385.9,2.9020943793972176e-16,3.9825973940091525e-17,5.270096950515873e-06
386.0,4.834406158181439e-16,4.2550393654078e-17,6.582994624408177e-06
386.1,8.053315932170689e-16,4.473966858428726e-17,7.705329689406645e-06
386.2,1.0625063170525767e-15,4.2496646482358924e-17,8.689606602121436e-06
386.3,1.3194237292149546e-15,4.3435101423999306e-17,9.757524862094802e-06
386.4,1.576084022690015e-15,4.687673185050248e-17,1.069006399718413e-05
386.5,1.8003384887501046e-15,4.5600026041052877e-17,1.1398673900106896e-05
386.6,2.0886340248783035e-15,4.45800891293041e-17,1.2147607025540816e-05
386.7,2.3445241189202696e-15,4.8037298475408384e-17,1.2832712002788947e-05
386.8,2.6001578649325524e-15,4.8466474345869156e-17,1.3248048408071694e-05
386.9,2.759281451148722e-15,4.6138872154984844e-17,1.3625810412252136e-05
387.0,2.9823825632634202e-15,4.837835360822241e-17,1.4004252920546331e-05
387.1,3.2052599405564332e-15,5.0517297142876227e-17,1.4116685779526209e-05
387.2,3.4279137509592626e-15,4.8019079217367264e-17,1.409825274774156e-05
387.3,3.586303036637184e-15,4.824493464549853e-17,1.411808374380935e-05
387.4,3.808542229165293e-15,5.131118617405758e-17,1.3922604772668573e-05
387.5,3.9345926671161e-15,4.9783791953560026e-17,1.3512596575262432e-05
387.6,4.092488702464691e-15,4.799087256846232e-17,1.3140834628222898e-05
387.7,4.378052240888546e-15,5.076205919721809e-17,1.2637455895601519e-05
387.8,4.439744984735381e-15,5.0874621132775665e-17,1.186955536576534e-05
387.9,4.437525667118654e-15,4.7824198145257013e-17,1.1103871288750462e-05
388.0,4.562942205901592e-15,4.913147526040796e-17,1.0302025615677396e-05
388.1,4.78391045986507e-15,5.080696631112876e-17,9.235807979612783e-06
388.2,4.749642308507465e-15,4.772472561731048e-17,8.113187648662427e-06
388.3,4.68354636175205e-15,4.6936234632074255e-17,7.039031952610523e-06
388.4,4.744895040228702e-15,4.9340001818161084e-17,5.755125402523146e-06
388.5,4.806181215060174e-15,4.735520456497483e-17,4.355038057597329e-06
388.6,4.676526308565571e-15,4.462323305297342e-17,3.0594234936297206e-06
388.7,4.7059858314434685e-15,4.6548696112306887e-17,1.6540149503192247e-06
388.8,4.671852119740934e-15,4.627077256929184e-17,9.47494510675163e-08
388.9,4.5106896762875314e-15,4.25112481400595e-17,-1.3409796511773428e-06
389.0,4.413186270645333e-15,4.290292934061024e-17,-2.761547861316477e-06
389.1,4.2840455462155336e-15,4.416983444453511e-17,-4.333282137243846e-06
389.2,4.0915972117984855e-15,4.066089981167832e-17,-5.796365826207002e-06
389.3,3.962744112942835e-15,3.904144912924264e-17,-7.120675554839272e-06
389.4,3.802332706700958e-15,4.097627223969195e-17,-8.545403823759566e-06
389.5,3.6420806815783246e-15,3.8818214557688904e-17,-9.89744309552173e-06
389.6,3.355370175832224e-15,3.548807019591802e-17,-1.101407760314444e-05
389.7,3.227138460658113e-15,3.689543627531958e-17,-1.2137978935792667e-05
389.8,3.0041657157012e-15,3.660420034956792e-17,-1.3227779947654122e-05
389.9,2.686594112690803e-15,3.258408606712127e-17,-1.4031090919661983e-05
390.0,2.4641128212872364e-15,3.249764523595357e-17,-1.4724254974406453e-05
390.1,2.147127089142011e-15,3.3801776932358375e-17,-1.54064175469629e-05
390.2,1.7673384185417886e-15,3.037087882194741e-17,-1.5803688428708663e-05
390.3,1.5456480989363794e-15,2.8427785066670806e-17,-1.5975476684298132e-05
390.4,1.3557070434002296e-15,3.038361207951785e-17,-1.6131879916295875e-05
390.5,1.039906252496537e-15,2.8606445021212054e-17,-1.60521888770159e-05
390.6,7.244208446893602e-16,2.5266241597231016e-17,-1.5661682107818082e-05
390.7,5.351738400729142e-16,2.6701587653490092e-17,-1.5222042355271542e-05
390.8,2.202555435452481e-16,2.6964862195311157e-17,-1.462638545524114e-05
390.9,-6.289869808595153e-17,2.3303397798809075e-17,-1.3686909827002738e-05
391.0,-3.457699112886457e-16,2.3325293764354025e-17,-1.2644409753237985e-05
391.1,-5.655224774406071e-16,2.5240398033570556e-17,-1.1535766344398603e-05
391.2,-8.16457469938379e-16,2.2529077655695938e-17,-1.011352431443616e-05
391.3,-1.0985279620586736e-15,2.0886329809208518e-17,-8.532203037903917e-06
391.4,-1.317574602444908e-15,2.3419571536098447e-17,-6.963487606752334e-06
391.5,-1.5050468340720738e-15,2.2579182991408653e-17,-5.171134501907745e-06
391.6,-1.786349717271017e-15,1.9780274188947397e-17,-3.183149829323298e-06
391.7,-1.9107519772947725e-15,2.17228544803756e-17,-1.2606687449562125e-06
391.8,-2.1289538545492083e-15,2.2988232985561232e-17,7.528761369603101e-07
391.9,-2.2217671279775606e-15,2.0130309204338704e-17,2.9601609085908336e-06
392.0,-2.439594489054622e-15,2.0623975836516007e-17,5.079858304548151e-06
392.1,-2.5008974325216275e-15,2.344268920690155e-17,7.142016429030055e-06
392.2,-2.624629661183723e-15,2.1732738074658136e-17,9.347309981234278e-06
392.3,-2.6857776190051936e-15,2.0618518847386507e-17,1.1468392901363687e-05
392.4,-2.7780781495548055e-15,2.387487658783231e-17,1.3396824019529467e-05
392.5,-2.8702857315363744e-15,2.4114304897686858e-17,1.5371260709735974e-05
392.6,-2.9000341098682334e-15,2.1978004993694247e-17,1.7277198306624415e-05
392.7,-2.8985844552571535e-15,2.445384225257889e-17,1.88942046709881e-05
392.8,-2.8348315355009717e-15,2.670767980972959e-17,2.0428690650037203e-05
392.9,-2.926823742402665e-15,2.4641849508533673e-17,2.190665097729283e-05
393.0,-2.7386355454943056e-15,2.5527310997629233e-17,2.305355986055878e-05
393.1,-2.7061612680622045e-15,2.909983427566349e-17,2.3983045264680273e-05
393.2,-2.5804495129687676e-15,2.824484500802547e-17,2.4850860994253596e-05
393.3,-2.4859369741828617e-15,2.7467120398816815e-17,2.5401899900994244e-05
393.4,-2.422576958476456e-15,3.116254510713636e-17,2.5623282950065442e-05
393.5,-2.297193358780726e-15,3.218012620730015e-17,2.575480942248534e-05
393.6,-2.047823962802366e-15,3.0391951041592045e-17,2.5629782077969546e-05
393.7,-1.953763929176471e-15,3.300526124437289e-17,2.5111453832416465e-05
393.8,-1.7668075493543732e-15,3.581790545540298e-17,2.4456009091391486e-05
393.9,-1.4870942032790198e-15,3.4127294278667196e-17,2.3630706412910778e-05
394.0,-1.1766944166095995e-15,3.492091911642664e-17,2.2413254677688078e-05
394.1,-1.0832557256901442e-15,3.8687658155468954e-17,2.1005572665820312e-05
394.2,-8.043020018144058e-16,3.812811487341653e-17,1.9518484459275727e-05
394.3,-5.565461201546501e-16,3.710163082877884e-17,1.770745476156099e-05
394.4,-3.39941504620205e-16,4.0576647329914074e-17,1.5666088705522798e-05
394.5,-3.088832512304561e-17,4.1714566491160216e-17,1.361982760427359e-05
394.6,2.469830785670504e-16,3.9628153323551725e-17,1.137242243218299e-05
394.7,4.0114687908019863e-16,4.1660892201724704e-17,8.886510501588306e-06
394.8,6.476825747145314e-16,4.4288871071342857e-17,6.442593639970281e-06
394.9,9.864515266651495e-16,4.227266289079607e-17,3.950643121982865e-06
395.0,1.1092032272111726e-15,4.226427932400468e-17,1.2569827987214163e-06
395.1,1.3242193572685888e-15,4.5513492747527455e-17,-1.3766865478470273e-06
395.2,1.6621418676011313e-15,4.4620642856777246e-17,-3.9052127274001075e-06
395.3,1.845901116000489e-15,4.275160942062183e-17,-6.551169452518825e-06
395.4,1.9987265958201505e-15,4.539317192355178e-17,-9.139681348845901e-06
395.5,2.2128673650329686e-15,4.6083206029644436e-17,-1.1498785412630909e-05
395.6,2.4575124532364185e-15,4.3201443871369686e-17,-1.3853451348688648e-05
395.7,2.6098017544068945e-15,4.416197537914132e-17,-1.6159393392694155e-05
395.8,2.7619381902711666e-15,4.6142221678519964e-17,-1.8161537833369557e-05
395.9,2.944594737451491e-15,4.3421297717158085e-17,-2.0020600577390867e-05
396.0,3.065752925099759e-15,4.22438137896995e-17,-2.183074509055358e-05
396.1,3.1867892490641605e-15,4.459012001856502e-17,-2.3320998469828133e-05
396.2,3.36895757499432e-15,4.30391122323842e-17,-2.4539908340848088e-05
396.3,3.45910824954515e-15,4.0051918944561515e-17,-2.5690341397162472e-05
396.4,3.457379127736854e-15,4.1575741716690166e-17,-2.655777729784991e-05
396.5,3.5473938137319415e-15,4.1599089811589655e-17,-2.7062966603288705e-05
396.6,3.637317643628219e-15,3.779236558459721e-17,-2.745877346345292e-05
396.7,3.635499439395342e-15,3.756571157618277e-17,-2.7644779581619204e-05
396.8,3.603146999969804e-15,3.8829961638110495e-17,-2.7435038743194773e-05
396.9,3.601345876788138e-15,3.5441667052820377e-17,-2.706128294349502e-05
397.0,3.5385364055710445e-15,3.3178592382661284e-17,-2.6564315354317182e-05
397.1,3.506278203925293e-15,3.473134294901118e-17,-2.5703435676797632e-05
397.2,3.5349996378440685e-15,3.27282295235758e-17,-2.4625492361262156e-05
397.3,3.4418558751757793e-15,2.8908110431140224e-17,-2.3501656653508953e-05
397.4,3.2879169978675742e-15,2.9605018198400135e-17,-2.210470344223434e-05
397.5,3.1949880766706144e-15,2.930549522885381e-17,-2.0457791747540333e-05
397.6,3.1325644870451536e-15,2.4997646130337863e-17,-1.8816623201038854e-05
397.7,2.9182122839365647e-15,2.4007443212781242e-17,-1.703281400339766e-05
397.8,2.764839295504596e-15,2.4982514806360768e-17,-1.5002455557176222e-05
397.9,2.6723542360831464e-15,2.1435430633519014e-17,-1.2997537910883465e-05
398.0,2.5192559842631642e-15,1.8621966846428257e-17,-1.0992627947850138e-05
398.1,2.3359728153815368e-15,1.989388008670815e-17,-8.789337102845762e-06
398.2,2.1528722543564546e-15,1.8012108138451482e-17,-6.6039816932233204e-06
398.3,1.909340190133635e-15,1.397458378813285e-17,-4.544428041586144e-06
398.4,1.635759221713988e-15,1.4437067277054086e-17,-2.3768708207302856e-06
398.5,1.5441114606201288e-15,1.4439945398354858e-17,-2.0589432463392347e-07
398.6,1.2407239904457846e-15,1.0319999507502258e-17,1.753872246160164e-06
398.7,9.98132313561027e-16,9.232863763946384e-18,3.7029300314767787e-06
398.8,7.255515433818138e-16,1.0565814254135106e-17,5.6734255406785645e-06
398.9,5.136754412880077e-16,7.545831214478707e-18,7.400256961551707e-06
399.0,2.416087848311029e-16,4.853940148430892e-18,8.991663804537451e-06
399.1,-3.018600132934407e-17,6.469917249945947e-18,1.0603931492904068e-05
399.2,-2.111963847091054e-16,5.34855822723286e-18,1.1992117052446572e-05
399.3,-4.523374562397847e-16,1.7470225505841122e-18,1.313960247847022e-05
399.4,-7.535189067407072e-16,2.567306631485334e-18,1.4280481298172748e-05
399.5,-9.640220690707249e-16,3.439276673518021e-18,1.525552393049329e-05
399.6,-1.234535853727298e-15,9.590598666553441e-20,1.5926176983261545e-05
399.7,-1.4746833723047148e-15,-5.400506383103561e-19,1.6537389508681552e-05
399.8,-1.6544294249138689e-15,1.6522263250935547e-18,1.7058084012192465e-05
399.9,-1.7437989124417527e-15,-3.174476620353251e-19,1.7265397477371033e-05
400.0,-2.013381456412289e-15,-2.393458572863172e-18,1.7346268843381303e-05
